{"type":"FeatureCollection","pike":{"lakeId":"bolmen","purpose":"non-interactive outside-lake focus mask","source":"https://www.openstreetmap.org/relation/7130","osmObjectType":"relation","osmObjectId":7130,"retrievedAt":"2026-09-24","sourceRingCount":309,"sourceVertexCount":20443,"runtimeRingCount":309,"runtimeVertexCount":14721,"simplificationToleranceMeters":3},"features":[{"type":"Feature","properties":{"kind":"outside-lake-focus-mask"},"geometry":{"type":"Polygon","coordinates":[[[5.0,54.0],[30.0,54.0],[30.0,71.0],[5.0,71.0],[5.0,54.0]],[[13.6811382,56.8073599],[13.6807402,56.8075293],[13.6799414,56.8077032],[13.6797547,56.8078333],[13.6788476,56.807779],[13.6783385,56.8079111],[13.6779383,56.8081513],[13.6777457,56.8081801],[13.6774872,56.8081516],[13.6767893,56.8079472],[13.6765532,56.8077108],[13.6765007,56.8075358],[13.6760044,56.8073111],[13.6759363,56.8070803],[13.6761847,56.8068624],[13.6761434,56.8066997],[13.6754836,56.8065252],[13.6752137,56.806418],[13.6750453,56.8062721],[13.6750292,56.8061003],[13.6749123,56.8059543],[13.6749546,56.8058069],[13.6752625,56.8055713],[13.67549,56.8054879],[13.6756815,56.805265],[13.6759154,56.805206],[13.6762829,56.8052145],[13.6767083,56.8050356],[13.6770376,56.8050377],[13.6773085,56.804932],[13.6772919,56.8046624],[13.6773788,56.8045111],[13.677484,56.8044791],[13.6778562,56.8045745],[13.6780188,56.8045742],[13.6781588,56.8045132],[13.67836,56.8042758],[13.6783589,56.8040347],[13.6781685,56.8038984],[13.6778246,56.8038144],[13.6775676,56.8038388],[13.6771197,56.8041034],[13.6760012,56.8042877],[13.6750893,56.8045628],[13.6738024,56.8046976],[13.6736661,56.804779],[13.6732938,56.80488],[13.6727316,56.8048421],[13.6724639,56.8047543],[13.6723025,56.8046265],[13.6720509,56.8041155],[13.6719795,56.8037727],[13.6720632,56.803697],[13.6724323,56.8036711],[13.6739461,56.803734],[13.6743533,56.8036514],[13.6746194,56.8035284],[13.6758998,56.8034168],[13.6762126,56.8032634],[13.6763902,56.8030684],[13.6763987,56.8028687],[13.6762298,56.8027289],[13.6755855,56.8024463],[13.6749096,56.8022857],[13.6749321,56.8022536],[13.6754562,56.802276],[13.6759835,56.8021476],[13.6764754,56.8019373],[13.6765865,56.8018184],[13.6766686,56.801542],[13.6765404,56.8014835],[13.6762776,56.8014658],[13.6756768,56.8011839],[13.6753495,56.8011986],[13.6752423,56.8011545],[13.6752099,56.801032],[13.6751075,56.8013715],[13.6748758,56.8014004],[13.6750651,56.8016333],[13.6748087,56.8017141],[13.6744568,56.8017267],[13.6741725,56.8016921],[13.673974,56.8015816],[13.6738871,56.8013998],[13.6739424,56.8012706],[13.6741269,56.8011836],[13.6744702,56.8012033],[13.6745641,56.8011683],[13.6745791,56.8008103],[13.6746709,56.8007101],[13.6752363,56.8004555],[13.6755158,56.8002578],[13.6755431,56.8000848],[13.6753468,56.7999491],[13.6747712,56.7997552],[13.674629,56.799356],[13.6744189,56.7992949],[13.6741838,56.7992899],[13.6738083,56.7994159],[13.6734869,56.7997399],[13.6731608,56.7998601],[13.6727048,56.7998539],[13.6727992,56.7995349],[13.6734156,56.7992732],[13.6734853,56.7991336],[13.6733534,56.7987691],[13.6726039,56.7987074],[13.6720444,56.7984671],[13.6717585,56.7984284],[13.6716341,56.7984422],[13.6714345,56.7987421],[13.6713288,56.7987864],[13.6709388,56.7987785],[13.6709147,56.7985973],[13.6714168,56.7983805],[13.6722751,56.7982128],[13.6723513,56.7981235],[13.6723175,56.7980236],[13.6721458,56.7979451],[13.6717955,56.7978987],[13.6713809,56.7979131],[13.6710719,56.7978541],[13.6707489,56.7977477],[13.670426,56.7975409],[13.6701792,56.7973118],[13.6701127,56.797125],[13.6701444,56.796942],[13.6704045,56.7966838],[13.670507,56.7964238],[13.6700076,56.7959872],[13.6700204,56.7958741],[13.6695028,56.7955498],[13.6693483,56.7955542],[13.669248,56.7956191],[13.6694057,56.795878],[13.6693435,56.7960025],[13.6690527,56.796108],[13.6685624,56.7961394],[13.6681032,56.7962687],[13.6678441,56.7962769],[13.6675968,56.7962431],[13.6674611,56.7961512],[13.6674477,56.796031],[13.6675367,56.7959388],[13.6681102,56.7959023],[13.6685538,56.795675],[13.6686182,56.7952895],[13.6684846,56.7949908],[13.6683193,56.7948275],[13.6679367,56.7946741],[13.6675579,56.7948527],[13.6671461,56.7949545],[13.6668391,56.7949643],[13.6665494,56.7951112],[13.6665602,56.7953286],[13.6667042,56.7956315],[13.6664,56.7958398],[13.6660143,56.7957547],[13.665848,56.7956409],[13.6658535,56.7955499],[13.66573,56.795452],[13.6652992,56.7953744],[13.6651748,56.7952663],[13.665163,56.7951635],[13.6649972,56.7950416],[13.6647359,56.7949595],[13.6643572,56.7950102],[13.664199,56.7950901],[13.6640354,56.7953924],[13.6638208,56.7955395],[13.6635676,56.7955904],[13.6632666,56.7955454],[13.6630172,56.7954044],[13.6622554,56.7945413],[13.6622646,56.7943909],[13.6625473,56.7941993],[13.6627254,56.7938403],[13.6626465,56.7936864],[13.6623981,56.79358],[13.6618359,56.7935586],[13.661577,56.7934407],[13.6614792,56.7933268],[13.6612437,56.7932765],[13.6608553,56.793276],[13.6605662,56.7933453],[13.6600609,56.7936746],[13.6594735,56.7936996],[13.6591591,56.7935451],[13.6585046,56.7935142],[13.6581747,56.7936118],[13.6576794,56.7934637],[13.6573384,56.7934475],[13.657023,56.7933332],[13.6568926,56.793204],[13.6568175,56.7928341],[13.6571804,56.792653],[13.6574398,56.7926282],[13.6575407,56.7924569],[13.6576962,56.7923869],[13.6580996,56.7923344],[13.6584043,56.7921637],[13.6590368,56.7922013],[13.6594289,56.7920376],[13.6603747,56.7919527],[13.6606837,56.7918875],[13.6609932,56.7917549],[13.6611643,56.7917588],[13.6614559,56.7915588],[13.6619373,56.7915349],[13.6619899,56.7914706],[13.6619699,56.7913842],[13.6617936,56.7912496],[13.6607942,56.7909561],[13.6605973,56.7909838],[13.66007,56.7911738],[13.6597755,56.7911553],[13.6595475,56.7910672],[13.6595051,56.790749],[13.6592283,56.790474],[13.659261,56.7901858],[13.6589027,56.7900074],[13.6586044,56.7900148],[13.6577998,56.7901479],[13.6576453,56.7902466],[13.6575777,56.790345],[13.6578636,56.790566],[13.6577992,56.790779],[13.6576388,56.7907957],[13.657259,56.7907305],[13.6567151,56.7905466],[13.6564329,56.7905425],[13.6557296,56.7907323],[13.6553246,56.7907857],[13.6548622,56.7906708],[13.6546492,56.7902598],[13.6555612,56.7895441],[13.6552635,56.7891909],[13.6552227,56.7890546],[13.6553053,56.7889744],[13.6555424,56.7889262],[13.6556476,56.7888554],[13.6562178,56.7887937],[13.6566716,56.788875],[13.6569221,56.7888477],[13.6570831,56.7887643],[13.6571319,56.7886747],[13.6570423,56.7884913],[13.6567768,56.7883559],[13.6565171,56.7883412],[13.6562081,56.7884331],[13.656088,56.788387],[13.6562146,56.7882031],[13.6566834,56.788117],[13.6567505,56.7880118],[13.656743,56.7879272],[13.6564066,56.7877253],[13.6562462,56.7875176],[13.6559474,56.787398],[13.6556472,56.787385],[13.6554072,56.7875887],[13.6551433,56.7876369],[13.6547914,56.7876057],[13.6542666,56.7871836],[13.6537126,56.7868823],[13.6535458,56.7868752],[13.6532636,56.7869766],[13.6530077,56.7871741],[13.6529096,56.7873718],[13.6530415,56.787594],[13.6525845,56.7878276],[13.6523259,56.7881105],[13.6514494,56.7879709],[13.6512734,56.7877053],[13.6510224,56.7875002],[13.6504071,56.7875799],[13.650155,56.787459],[13.6497893,56.787117],[13.6497187,56.787199],[13.6493878,56.7872387],[13.6490016,56.7873845],[13.6476809,56.787435],[13.6468816,56.7875352],[13.6467724,56.7874676],[13.6467947,56.7874127],[13.6473692,56.7873163],[13.6476106,56.7872328],[13.6476911,56.7871288],[13.6481626,56.7870107],[13.6486556,56.7870051],[13.6494517,56.7870753],[13.6496222,56.787027],[13.6497577,56.7870434],[13.6500991,56.7866845],[13.6503164,56.7865752],[13.651135,56.7865693],[13.65143,56.7862801],[13.6521524,56.7861458],[13.6520082,56.7860872],[13.6516873,56.7860602],[13.6514474,56.7857847],[13.6509118,56.7857957],[13.6506147,56.7856141],[13.6503491,56.7855991],[13.6503191,56.7855409],[13.6504097,56.7854936],[13.6505158,56.7854616],[13.6507337,56.7855133],[13.6508711,56.7854795],[13.6510004,56.7853713],[13.6510626,56.7852194],[13.6508121,56.7848824],[13.6509059,56.7847739],[13.6512734,56.7847102],[13.6514081,56.7845967],[13.6513673,56.7841956],[13.651268,56.7841274],[13.6508389,56.7840164],[13.6506833,56.7839144],[13.6506796,56.7837542],[13.6508126,56.7836796],[13.6509778,56.7836869],[13.6510529,56.783627],[13.6511999,56.7836261],[13.651444,56.7837043],[13.6515829,56.7836899],[13.6517764,56.7834981],[13.6524867,56.7833521],[13.6526407,56.783268],[13.6526804,56.7831913],[13.6522904,56.7831634],[13.6523199,56.7830917],[13.6524744,56.7830594],[13.6526782,56.7830944],[13.6527388,56.7830047],[13.6533353,56.7829166],[13.653492,56.7827864],[13.6537565,56.7827161],[13.6540912,56.7827047],[13.6546051,56.7823917],[13.6551823,56.7822233],[13.6555712,56.7822333],[13.6557488,56.782174],[13.6559441,56.7821693],[13.6562933,56.7818595],[13.6566125,56.7816864],[13.6573318,56.7817361],[13.6576242,56.7816691],[13.6578377,56.7815404],[13.6578978,56.7813446],[13.6578345,56.7812579],[13.6573892,56.7811233],[13.6573281,56.7810408],[13.6573485,56.7809638],[13.6577712,56.7808594],[13.6577964,56.7808118],[13.6570808,56.7807613],[13.656944,56.7807918],[13.6568995,56.7810134],[13.6566205,56.781208],[13.6564387,56.7812303],[13.6563303,56.7811895],[13.6563008,56.7810986],[13.6566532,56.780547],[13.6572023,56.780258],[13.6572138,56.7800839],[13.6573088,56.7800406],[13.6575754,56.7800357],[13.6577449,56.7801088],[13.6579209,56.7802478],[13.6579579,56.780401],[13.6580809,56.7804531],[13.6586204,56.7805118],[13.6587518,56.7806184],[13.6587872,56.7808059],[13.6589294,56.7809047],[13.6591132,56.7809322],[13.6593805,56.7812136],[13.6596525,56.7813058],[13.660602,56.7814369],[13.6609399,56.7813246],[13.6611685,56.7809928],[13.6612994,56.7809638],[13.6615091,56.781009],[13.6617521,56.7811624],[13.6618766,56.7814522],[13.662435,56.7816291],[13.6627612,56.7815833],[13.6629403,56.7816576],[13.6630117,56.7817931],[13.6631973,56.7818536],[13.6633695,56.7818163],[13.6637488,56.7819782],[13.6639885,56.7819953],[13.664165,56.7820732],[13.6641404,56.7822351],[13.6646881,56.7824484],[13.6650459,56.7824473],[13.6651376,56.7823459],[13.665085,56.7822163],[13.6646022,56.7819053],[13.664569,56.7818101],[13.6647798,56.7816841],[13.6650722,56.7817208],[13.6666294,56.7824011],[13.6673043,56.7826148],[13.667638,56.7826373],[13.667881,56.782707],[13.6680832,56.7826697],[13.6681771,56.7825751],[13.6679818,56.7819926],[13.6676594,56.7815933],[13.6674416,56.7814351],[13.6671873,56.7813358],[13.6670634,56.7811742],[13.6673756,56.7811316],[13.667469,56.781054],[13.6677994,56.7809661],[13.6679008,56.7808477],[13.6678461,56.7807013],[13.6676165,56.7806126],[13.6673111,56.7805815],[13.6666842,56.7806922],[13.6664792,56.7806625],[13.6662893,56.7805473],[13.6661145,56.7805215],[13.6656542,56.7805908],[13.6654139,56.780577],[13.6652401,56.7804985],[13.6652434,56.7803709],[13.6653752,56.7802176],[13.6653216,56.7800359],[13.6649756,56.779718],[13.6648372,56.7794517],[13.6646779,56.7793538],[13.6647004,56.7790708],[13.6645727,56.7789523],[13.6640658,56.7787643],[13.6639628,56.7786814],[13.6635068,56.7785717],[13.6641892,56.7783613],[13.6644536,56.77812],[13.6650486,56.7778905],[13.6652674,56.7778867],[13.6655314,56.7779675],[13.6657996,56.7779143],[13.6660812,56.777325],[13.6656698,56.7768021],[13.6656499,56.7765079],[13.6655307,56.7763258],[13.6660222,56.7760732],[13.6660018,56.7760141],[13.6657658,56.7759271],[13.6658784,56.7758084],[13.6658833,56.7756811],[13.6653549,56.7755794],[13.665202,56.775428],[13.665239,56.7752787],[13.6653543,56.7752331],[13.6655619,56.7752396],[13.6656655,56.775329],[13.6658087,56.7753105],[13.6658795,56.7752214],[13.6658269,56.7750004],[13.6655689,56.7747182],[13.6650748,56.7744751],[13.6646317,56.7741535],[13.6641972,56.7741697],[13.6637519,56.7740298],[13.6636983,56.7739648],[13.6637772,56.773799],[13.6635723,56.7737361],[13.6630798,56.7737761],[13.6628964,56.7738746],[13.6627263,56.7738869],[13.6625503,56.7738131],[13.6625482,56.7736932],[13.6623293,56.7735942],[13.6618905,56.7735827],[13.661581,56.7736388],[13.6607779,56.7739575],[13.6605156,56.7739822],[13.6602568,56.7739058],[13.6602761,56.7735834],[13.6599409,56.7734159],[13.6598121,56.7732839],[13.6600004,56.7729179],[13.6598143,56.772708],[13.6598518,56.7724259],[13.6599757,56.7723253],[13.6599516,56.7722042],[13.6601522,56.7722113],[13.660406,56.7721537],[13.6605555,56.7720196],[13.6609252,56.77189],[13.6610867,56.7716481],[13.6608813,56.7714438],[13.6605149,56.7715663],[13.6604612,56.7715237],[13.6605052,56.7713894],[13.6606887,56.7712662],[13.6606956,56.7710369],[13.6603083,56.7709084],[13.6604553,56.7707138],[13.6606511,56.7706415],[13.6608185,56.7708029],[13.6610331,56.7708661],[13.6616741,56.7708194],[13.6619032,56.7709728],[13.6619772,56.7711069],[13.662511,56.7711277],[13.6626826,56.77124],[13.6627636,56.7713932],[13.663498,56.7715663],[13.6635259,56.771683],[13.6637936,56.7718024],[13.6640119,56.7718177],[13.664462,56.771676],[13.6647554,56.7718676],[13.664984,56.7718967],[13.6653326,56.7720305],[13.6654812,56.772007],[13.6655671,56.7720766],[13.6655617,56.7721719],[13.6657364,56.7722845],[13.6657457,56.7723791],[13.6664432,56.7726321],[13.6664967,56.772723],[13.6667843,56.7728821],[13.6673791,56.7730854],[13.6675401,56.7731963],[13.668444,56.7734708],[13.6688764,56.7737289],[13.6690936,56.7737777],[13.6696263,56.7737172],[13.6704761,56.7737551],[13.6711434,56.7736654],[13.6713601,56.7735949],[13.6714508,56.7734464],[13.6713526,56.773365],[13.671373,56.7732765],[13.6716401,56.773253],[13.6718536,56.7731819],[13.6719502,56.7730611],[13.672036,56.7728421],[13.6719813,56.772631],[13.6717517,56.7724511],[13.6714626,56.7724488],[13.6710136,56.7723338],[13.6701123,56.7722645],[13.6698178,56.7721301],[13.6696027,56.7719541],[13.6688485,56.7718547],[13.6688029,56.771487],[13.6683276,56.77132],[13.6677194,56.7707525],[13.6666695,56.7705301],[13.6663632,56.770357],[13.6661378,56.7698913],[13.6658557,56.7695585],[13.6650558,56.7690511],[13.6642431,56.7684056],[13.6637904,56.7681789],[13.6637432,56.7681166],[13.663836,56.7680207],[13.6637807,56.7679425],[13.6631257,56.767585],[13.6629133,56.7673769],[13.6623152,56.7671864],[13.6615228,56.7667683],[13.6614272,56.7667047],[13.6613844,56.7665067],[13.6610197,56.7662509],[13.6608501,56.7661909],[13.6606463,56.7661909],[13.6604612,56.7661092],[13.6599162,56.7657667],[13.6599334,56.7656811],[13.6598491,56.7656114],[13.6593663,56.7654612],[13.6593588,56.7653265],[13.659243,56.7652251],[13.6590225,56.765151],[13.6587419,56.764967],[13.6585889,56.7646871],[13.6585878,56.7644954],[13.6581726,56.7644466],[13.6578915,56.7643649],[13.6567317,56.7642367],[13.6563499,56.7650519],[13.6564014,56.7646224],[13.656314,56.7643939],[13.6561547,56.764306],[13.6559331,56.7643237],[13.6553438,56.7647236],[13.655313,56.7650222],[13.655586,56.7651863],[13.6552062,56.7654759],[13.6552089,56.7656044],[13.6546617,56.7656076],[13.6543474,56.7657137],[13.6541704,56.7661171],[13.6539778,56.766205],[13.6539381,56.766327],[13.6539638,56.766444],[13.6543216,56.7665872],[13.6541017,56.766746],[13.6539021,56.7667557],[13.653664,56.7666451],[13.653805,56.7665464],[13.6538281,56.7663644],[13.6536597,56.7663841],[13.6535728,56.7664679],[13.653444,56.766474],[13.6533303,56.7664076],[13.6534226,56.7662632],[13.65323,56.7661777],[13.6531248,56.7660092],[13.6529414,56.7659272],[13.6525637,56.765939],[13.6524698,56.7658684],[13.652509,56.7657332],[13.6523089,56.7656634],[13.6520525,56.7657169],[13.6518545,56.7656813],[13.6517719,56.765594],[13.6517955,56.7654799],[13.6516871,56.7653929],[13.6514645,56.7654743],[13.6512333,56.7654581],[13.6509908,56.7653335],[13.6509447,56.7651844],[13.6507425,56.7650151],[13.6507521,56.7649304],[13.6509324,56.7648257],[13.6510091,56.7646825],[13.6507543,56.7643018],[13.6505011,56.7641389],[13.6497399,56.7639678],[13.6493686,56.7640736],[13.6485368,56.7640744],[13.6470072,56.7641713],[13.6468431,56.7642145],[13.6468484,56.7643697],[13.6467315,56.7644514],[13.6464279,56.7644764],[13.646099,56.7644159],[13.646032,56.7643418],[13.6460874,56.764219],[13.645936,56.7639604],[13.6461698,56.7638349],[13.6461725,56.7637161],[13.6460746,56.7636357],[13.6458646,56.7636179],[13.6456484,56.763525],[13.645502,56.7632824],[13.6453357,56.7632107],[13.6451581,56.7631904],[13.6449543,56.763266],[13.6444629,56.7632701],[13.6439667,56.7632048],[13.6430317,56.7629187],[13.6429635,56.7627214],[13.642823,56.7626312],[13.6422012,56.7625565],[13.6421154,56.7623883],[13.6422474,56.762266],[13.6425033,56.7621878],[13.6428273,56.7621598],[13.6427854,56.762031],[13.6423032,56.7619931],[13.642139,56.7619161],[13.6419411,56.7617038],[13.6419126,56.7615512],[13.6417941,56.761438],[13.6414765,56.7613242],[13.6411219,56.7612877],[13.6408414,56.761438],[13.6406665,56.7616711],[13.6406182,56.7617861],[13.6407539,56.7618523],[13.6407598,56.7619393],[13.6404755,56.7620075],[13.6403221,56.7621781],[13.6403596,56.7623571],[13.6399621,56.7623433],[13.639629,56.7624106],[13.6390389,56.7623368],[13.6388115,56.7622874],[13.6386736,56.7621995],[13.6385663,56.7622098],[13.6384612,56.7623157],[13.6381275,56.7624762],[13.6373222,56.7625608],[13.637171,56.7626682],[13.6372853,56.7629561],[13.637193,56.7632163],[13.6369988,56.7634577],[13.6367424,56.7635703],[13.6366094,56.7635559],[13.6364887,56.7634535],[13.6362124,56.7634291],[13.6357344,56.7635153],[13.6353487,56.7636564],[13.6353391,56.7638087],[13.635632,56.7639622],[13.6356127,56.7641707],[13.6354759,56.7642465],[13.6352457,56.7645397],[13.6355365,56.7645446],[13.6356465,56.7646431],[13.6354088,56.7647566],[13.6351873,56.7646878],[13.6351218,56.7645923],[13.6349131,56.7645561],[13.6347549,56.7645832],[13.6347243,56.7649107],[13.6346154,56.7651171],[13.6343563,56.7651718],[13.6340827,56.7653564],[13.6340194,56.7655308],[13.6340683,56.7656722],[13.634617,56.7657783],[13.6348059,56.7659471],[13.6345602,56.7660832],[13.6341927,56.7660638],[13.6339685,56.7661705],[13.6339761,56.7662461],[13.6344051,56.7665945],[13.6342946,56.7670275],[13.6343579,56.7671578],[13.634491,56.7672459],[13.6347211,56.7672645],[13.6349904,56.7672066],[13.6350725,56.7670754],[13.6354319,56.7672627],[13.6356921,56.7672995],[13.6357843,56.7674071],[13.6356438,56.7676137],[13.6357672,56.7677213],[13.6360778,56.7677595],[13.6360853,56.7678745],[13.6362076,56.7679465],[13.6366518,56.7679283],[13.6368261,56.7679815],[13.6371608,56.7681794],[13.6372306,56.7683487],[13.63717,56.7685383],[13.6372139,56.7686818],[13.637354,56.7687764],[13.6376345,56.7688282],[13.6381801,56.7688235],[13.6387728,56.7689422],[13.6391532,56.769156],[13.6396945,56.7692589],[13.6399369,56.7694135],[13.63993,56.7695423],[13.6400303,56.7696302],[13.6403119,56.7697174],[13.6407518,56.7697424],[13.640895,56.7698503],[13.6414266,56.7699706],[13.6416058,56.7702407],[13.6413816,56.7705591],[13.6413918,56.7706649],[13.641601,56.7707581],[13.6417962,56.7707428],[13.641991,56.7708269],[13.6419781,56.770878],[13.6422962,56.7709224],[13.6417026,56.7709835],[13.6414406,56.7708783],[13.6409159,56.7709054],[13.6408263,56.7708187],[13.640519,56.7708063],[13.6402196,56.7708542],[13.6399809,56.7709739],[13.6398093,56.7711832],[13.6397974,56.771401],[13.6399595,56.7715189],[13.6398361,56.7715797],[13.639827,56.7718114],[13.6399407,56.7720277],[13.640306,56.7722785],[13.64024,56.7724454],[13.6403693,56.7726268],[13.6407475,56.7728561],[13.6414905,56.773051],[13.6418102,56.7730457],[13.6421535,56.7727517],[13.6428498,56.7724907],[13.6429641,56.7724778],[13.6431443,56.7726127],[13.6433594,56.7726447],[13.6435847,56.7725657],[13.6436974,56.7724907],[13.6435996,56.7722439],[13.6436432,56.7721556],[13.6435531,56.7720533],[13.643213,56.7720098],[13.6430542,56.7718887],[13.6430204,56.7717155],[13.643184,56.77157],[13.6435161,56.7715027],[13.6437741,56.7715289],[13.6440874,56.7716656],[13.6442199,56.7718314],[13.6449924,56.7719481],[13.6454247,56.7724695],[13.6457133,56.7725492],[13.6458528,56.772503],[13.6459714,56.7725377],[13.6460782,56.7726434],[13.6460781,56.772802],[13.6463088,56.7728713],[13.6465668,56.7728846],[13.6467546,56.7729957],[13.6467969,56.7731256],[13.6467492,56.7732697],[13.6465158,56.7734049],[13.6461114,56.7734904],[13.6454853,56.7735298],[13.6453813,56.7735986],[13.6454022,56.7736956],[13.6457638,56.7738969],[13.6458914,56.774078],[13.6457659,56.7742955],[13.645775,56.7744157],[13.6459397,56.7745174],[13.6461639,56.7745656],[13.6463361,56.7745148],[13.6467251,56.7746059],[13.6467674,56.7749754],[13.6468704,56.7751779],[13.6470217,56.7752711],[13.6473103,56.7753355],[13.6476375,56.775287],[13.6478484,56.7753234],[13.6495325,56.7761768],[13.6498064,56.7762228],[13.6505241,56.7765846],[13.6509286,56.7766843],[13.6521732,56.7772127],[13.6524553,56.7774332],[13.6527884,56.7778596],[13.6533056,56.7782382],[13.6538259,56.7787784],[13.6538104,56.7790038],[13.6536784,56.7792245],[13.6528807,56.7799616],[13.6527568,56.7804095],[13.6526152,56.7804509],[13.652494,56.7805908],[13.6525589,56.7806966],[13.6525047,56.7807907],[13.6522456,56.7809538],[13.6522059,56.7810728],[13.6524628,56.7812341],[13.6524725,56.7813449],[13.652362,56.7814152],[13.6521737,56.7813996],[13.6519591,56.7812982],[13.6515654,56.781342],[13.6510901,56.7812729],[13.6500773,56.7813264],[13.6498638,56.7814269],[13.6495355,56.7813987],[13.6492077,56.7814825],[13.6489331,56.7816594],[13.6484503,56.7818034],[13.6481799,56.7820021],[13.6480098,56.7826007],[13.6475496,56.7827541],[13.6469895,56.7828237],[13.6467835,56.7830421],[13.6468189,56.7834118],[13.6467556,56.7836692],[13.6468479,56.7838652],[13.6467388,56.7842313],[13.6463255,56.7844563],[13.6452008,56.7845155],[13.644435,56.7847623],[13.6441748,56.7847009],[13.6440337,56.7846007],[13.6432951,56.7847556],[13.6430317,56.7849187],[13.6430928,56.7855037],[13.6426678,56.785912],[13.6425482,56.7862112],[13.6425782,56.7864871],[13.6428169,56.7868144],[13.6430401,56.787523],[13.643259,56.7877629],[13.6434301,56.7878035],[13.6438356,56.7877917],[13.6459852,56.7875017],[13.6459731,56.7875706],[13.646079,56.7876554],[13.6458677,56.7877027],[13.6436656,56.7880038],[13.6435116,56.7880914],[13.6434644,56.7882515],[13.6435578,56.788382],[13.6442154,56.7887458],[13.6446108,56.7891777],[13.6449729,56.7891727],[13.6453103,56.7889861],[13.6455131,56.7889744],[13.6457057,56.7890167],[13.6460014,56.7891693],[13.6462294,56.7891922],[13.64643,56.7891582],[13.6467116,56.7892437],[13.6467975,56.7893292],[13.6468098,56.7894167],[13.6463329,56.7893935],[13.6461844,56.7895234],[13.6462433,56.7896832],[13.646423,56.7897619],[13.6464869,56.7898589],[13.6462428,56.7901098],[13.6453421,56.7907442],[13.645238,56.7908482],[13.645245,56.7909457],[13.6453534,56.7910239],[13.6457857,56.7911152],[13.6465255,56.7911975],[13.6467369,56.7912586],[13.6470963,56.7914928],[13.6477438,56.7917839],[13.6479508,56.7919432],[13.6480286,56.7920801],[13.647791,56.7923192],[13.6477255,56.7925002],[13.6477529,56.7926932],[13.647674,56.7929139],[13.6477776,56.7931586],[13.6475485,56.7935723],[13.6473082,56.793765],[13.6471843,56.7938017],[13.6471435,56.79398],[13.6473532,56.794173],[13.6477797,56.7944122],[13.6483687,56.7945579],[13.6487689,56.7945917],[13.6493332,56.7944157],[13.6497629,56.7943578],[13.651391,56.7944213],[13.6518164,56.7943619],[13.6527042,56.7941187],[13.653348,56.7938528],[13.6535813,56.7938472],[13.6539,56.793933],[13.6541671,56.7942474],[13.6543656,56.7943749],[13.654445,56.7945708],[13.6544015,56.7947594],[13.6540346,56.794983],[13.6535561,56.7950273],[13.6535245,56.7951096],[13.6536178,56.7952118],[13.6545185,56.7953749],[13.6547341,56.7953687],[13.6550217,56.7952859],[13.6554857,56.7952632],[13.6558666,56.795317],[13.65627,56.7954313],[13.6564599,56.7956134],[13.656454,56.7958819],[13.6562126,56.7960749],[13.6559036,56.7961595],[13.6554787,56.7961663],[13.6551241,56.7960705],[13.6547674,56.7960503],[13.6544359,56.7961181],[13.6541263,56.7962835],[13.6539166,56.7965693],[13.6537465,56.7966783],[13.6530368,56.7969342],[13.652473,56.7969706],[13.6523711,56.7970473],[13.6520712,56.7971019],[13.6516684,56.7970864],[13.6512092,56.7970053],[13.6507559,56.7970003],[13.6500236,56.7970805],[13.648976,56.7972741],[13.6483183,56.7974491],[13.6480313,56.7976442],[13.6476236,56.7980455],[13.647313,56.7981221],[13.6469573,56.7981151],[13.646621,56.798165],[13.6470453,56.7978413],[13.6471596,56.7976022],[13.6470394,56.7974371],[13.6462836,56.7973058],[13.6456586,56.7972943],[13.644899,56.7974624],[13.6440477,56.7977285],[13.6438159,56.7978528],[13.6436244,56.7980419],[13.6423321,56.7982811],[13.6421497,56.7983924],[13.6420682,56.7986277],[13.6419266,56.7987102],[13.6412517,56.7988036],[13.6411268,56.7987546],[13.6410002,56.7984776],[13.6407427,56.79843],[13.6403908,56.7984317],[13.6401703,56.7985017],[13.6400286,56.7986463],[13.6398424,56.7986539],[13.6392625,56.798272],[13.6390147,56.7981725],[13.6387304,56.7981272],[13.6384327,56.798151],[13.6381322,56.7982665],[13.637776,56.7985194],[13.6377192,56.7986328],[13.6378222,56.7987009],[13.6378104,56.798797],[13.6376532,56.7989327],[13.6375068,56.7989673],[13.6369344,56.798977],[13.6362831,56.7989221],[13.6357553,56.7988346],[13.6354817,56.7987083],[13.6351217,56.7986322],[13.6350938,56.7984703],[13.6352349,56.7983487],[13.6354452,56.7982841],[13.6355273,56.7981895],[13.6355155,56.7980218],[13.6353068,56.7977771],[13.6350177,56.7976393],[13.6342162,56.7974193],[13.6341438,56.7973547],[13.6338429,56.7973785],[13.6334346,56.7974977],[13.6330892,56.7974795],[13.6325173,56.7973423],[13.6320367,56.797157],[13.6317271,56.797127],[13.6316756,56.7968873],[13.6314133,56.796793],[13.6310652,56.7967422],[13.6309825,56.7968996],[13.6308441,56.7969123],[13.6304981,56.7967313],[13.6302803,56.7967075],[13.6300202,56.7967548],[13.6298356,56.7969878],[13.6299091,56.7973156],[13.6298174,56.7974495],[13.6294526,56.7977186],[13.6293781,56.797961],[13.6292026,56.7980362],[13.6289789,56.7983502],[13.6290707,56.7984421],[13.6290347,56.7985065],[13.6282762,56.7986613],[13.6280511,56.798808],[13.6279667,56.7989718],[13.6280627,56.7992238],[13.6283234,56.7993002],[13.6285385,56.7994902],[13.6290326,56.7996785],[13.6294473,56.7997461],[13.6297096,56.7997475],[13.6298147,56.7996468],[13.6304091,56.7995692],[13.6314793,56.7995272],[13.6315775,56.7996503],[13.6317239,56.7996946],[13.6318779,56.7998351],[13.6317416,56.7999637],[13.6320667,56.8000345],[13.6322275,56.8002822],[13.6325436,56.8003987],[13.6325629,56.8006405],[13.6326809,56.8007785],[13.6331256,56.8009398],[13.633588,56.8009709],[13.6344297,56.8009078],[13.6345992,56.8007976],[13.6351998,56.8007241],[13.6353956,56.8007709],[13.6355699,56.8007204],[13.6356617,56.8006532],[13.6357164,56.8003324],[13.6358541,56.8001739],[13.6361311,56.8001192],[13.6362453,56.8001492],[13.6364417,56.8001136],[13.6368527,56.8002831],[13.6370435,56.8002754],[13.6371245,56.80035],[13.6373246,56.8003474],[13.6377903,56.8006752],[13.6382613,56.8007345],[13.6385268,56.8006772],[13.6391609,56.8006623],[13.6393974,56.8005653],[13.6395423,56.8004334],[13.6395546,56.8003254],[13.6394023,56.8001136],[13.6394877,56.7998437],[13.6397134,56.7995425],[13.6395927,56.7992761],[13.6398454,56.7991845],[13.640664,56.799317],[13.6408088,56.7994136],[13.6408742,56.799559],[13.640811,56.7998545],[13.6410148,56.8000125],[13.6409858,56.8001427],[13.6411055,56.8002214],[13.6413442,56.8002607],[13.642162,56.8001418],[13.6426435,56.8001635],[13.6433253,56.8002531],[13.6439889,56.8004337],[13.6441884,56.8004246],[13.644381,56.8003597],[13.6445333,56.7999306],[13.6449756,56.7998743],[13.6452597,56.799905],[13.645629,56.8000189],[13.6467944,56.7999987],[13.6471742,56.800103],[13.6475288,56.8003033],[13.6480052,56.8004558],[13.6479226,56.800516],[13.6474779,56.8004305],[13.6469758,56.8004402],[13.6465455,56.8005163],[13.6464436,56.8006],[13.646494,56.8006828],[13.646979,56.800897],[13.6469919,56.8009727],[13.6468272,56.801045],[13.6464248,56.8011625],[13.6461875,56.8011585],[13.6455896,56.8013631],[13.644572,56.8012835],[13.644212,56.8012958],[13.643997,56.8013315],[13.6437646,56.8015813],[13.6433119,56.8016442],[13.6430619,56.8015637],[13.642968,56.8015919],[13.6429085,56.8017643],[13.6429685,56.8019426],[13.6433011,56.8020005],[13.6434723,56.8020953],[13.6435093,56.8023385],[13.6434374,56.8024449],[13.643137,56.8026284],[13.6432276,56.8027368],[13.643351,56.8027962],[13.6435919,56.802802],[13.6439583,56.802899],[13.6441723,56.803032],[13.6444432,56.8030267],[13.6447012,56.8029565],[13.6452275,56.8026284],[13.6454415,56.8025997],[13.64561,56.8026425],[13.6458514,56.8028132],[13.6461958,56.8028831],[13.6464114,56.8030182],[13.6466709,56.8030308],[13.6467558,56.8031225],[13.6474065,56.803294],[13.6476527,56.8034285],[13.6478668,56.8034746],[13.6481082,56.8034438],[13.6483528,56.8033354],[13.6484891,56.8032035],[13.6484816,56.8029086],[13.6486167,56.8028094],[13.6488957,56.8027177],[13.6489525,56.8026267],[13.6488699,56.8025715],[13.6486478,56.8026167],[13.6485958,56.8025186],[13.6486419,56.8024534],[13.6489627,56.8023632],[13.6491317,56.8023938],[13.6494144,56.8025468],[13.6493678,56.8026775],[13.6494391,56.8027351],[13.6497551,56.8027333],[13.6501241,56.8028385],[13.6507496,56.8028875],[13.6509734,56.8029484],[13.652168,56.8033989],[13.6523858,56.8035334],[13.652574,56.8037448],[13.6529093,56.8038277],[13.6531658,56.803961],[13.6535016,56.8045249],[13.6531722,56.804507],[13.6527404,56.8043569],[13.6525124,56.8043622],[13.6517774,56.8040756],[13.6512947,56.8041907],[13.6509401,56.8041901],[13.6500265,56.8040723],[13.6490411,56.8038244],[13.6487079,56.8038077],[13.648341,56.8039666],[13.6482321,56.8040894],[13.6481382,56.8043176],[13.6482359,56.8045437],[13.6484381,56.8047099],[13.6486318,56.8047537],[13.649291,56.8046615],[13.649401,56.8045866],[13.6494026,56.8044459],[13.6495335,56.8043913],[13.6496708,56.8044083],[13.6497518,56.804465],[13.649666,56.8045317],[13.6498538,56.8046089],[13.6498978,56.8046985],[13.6497079,56.8048022],[13.6496199,56.8049326],[13.6496263,56.8050759],[13.6497765,56.8051784],[13.6504503,56.8052785],[13.6513778,56.8052465],[13.6515827,56.8052812],[13.65219,56.8056321],[13.6526738,56.8056615],[13.6533278,56.8056172],[13.6535144,56.8055576],[13.6539388,56.8056903],[13.6542601,56.8056739],[13.6551232,56.8054653],[13.6553673,56.8054568],[13.6555036,56.805532],[13.6558394,56.805581],[13.6563254,56.8055596],[13.6566467,56.8054941],[13.6567125,56.8053971],[13.6568409,56.8054248],[13.6574782,56.8052806],[13.6579074,56.8051053],[13.6583966,56.8047041],[13.6585667,56.80466],[13.6587474,56.8046647],[13.6590071,56.8047564],[13.6591798,56.8048774],[13.6594585,56.8049765],[13.6597152,56.8049992],[13.660199,56.80485],[13.660618,56.8047995],[13.6607602,56.8047208],[13.6608031,56.8046245],[13.6609812,56.8046386],[13.6610531,56.8049528],[13.6604565,56.8053934],[13.6603122,56.8056971],[13.6596846,56.8061115],[13.6593365,56.8062195],[13.6587721,56.806305],[13.6575206,56.8062157],[13.6572036,56.8062994],[13.6570137,56.8064289],[13.6566387,56.8065552],[13.6565571,56.8066142],[13.6565695,56.8066968],[13.6567835,56.8070439],[13.6567916,56.8074424],[13.6565244,56.807638],[13.6558914,56.8077537],[13.6553314,56.8077631],[13.6546791,56.8078962],[13.654442,56.8078471],[13.6529093,56.8071414],[13.6524437,56.8068765],[13.6521165,56.8066113],[13.6519303,56.8063543],[13.6519191,56.8060921],[13.6517898,56.8060439],[13.6510216,56.8061761],[13.6507915,56.8062821],[13.6507679,56.8063928],[13.6509401,56.8066518],[13.6510114,56.8070075],[13.6509508,56.8072084],[13.6506043,56.8074959],[13.649924,56.8078172],[13.6494911,56.8079834],[13.6490582,56.8080497],[13.6486645,56.807996],[13.6481924,56.8078486],[13.6480755,56.8078915],[13.647907,56.8081387],[13.6476409,56.8083243],[13.6472746,56.8084817],[13.6465305,56.8084679],[13.6461888,56.808544],[13.6453573,56.8089948],[13.645205,56.80902],[13.6441873,56.808931],[13.6438548,56.8087752],[13.6440066,56.8085472],[13.644477,56.8082732],[13.645029,56.8080685],[13.6452919,56.8078935],[13.6453519,56.8076835],[13.6452672,56.8075114],[13.6451004,56.8074128],[13.6447045,56.8074013],[13.6440602,56.807596],[13.6438563,56.8076016],[13.6435726,56.8075208],[13.6431134,56.8071849],[13.642806,56.8070727],[13.6424482,56.8070304],[13.6418066,56.8070897],[13.6413549,56.8073787],[13.641047,56.8077484],[13.6410905,56.8080072],[13.6413571,56.8083117],[13.6424149,56.8092027],[13.6426654,56.8092632],[13.6433537,56.8091812],[13.6436602,56.8094449],[13.6437571,56.8096784],[13.6439808,56.8098737],[13.6453611,56.8107197],[13.6465289,56.8111608],[13.6477155,56.8113889],[13.6484655,56.8119225],[13.6485389,56.8120676],[13.6489713,56.8124164],[13.6490175,56.8125524],[13.6499042,56.8131012],[13.6501043,56.8133643],[13.6502486,56.8133936],[13.6503119,56.8134984],[13.6508328,56.8138188],[13.6512694,56.8145543],[13.6516841,56.8164326],[13.6514052,56.8166393],[13.6510887,56.816703],[13.6508237,56.8166801],[13.6498051,56.8164103],[13.6490126,56.8160973],[13.6486784,56.8158521],[13.6485738,56.8156847],[13.6477949,56.8151874],[13.6476345,56.8150006],[13.6470557,56.8146847],[13.6465113,56.8142046],[13.6449802,56.8133866],[13.6437325,56.8128739],[13.6426848,56.8123406],[13.6420426,56.8122109],[13.6414579,56.8119574],[13.6411597,56.8119234],[13.6408196,56.8117951],[13.6386083,56.8107555],[13.6377366,56.8105606],[13.6369668,56.8103121],[13.6357771,56.8100079],[13.6355592,56.8098954],[13.6351445,56.8097935],[13.6343522,56.8097095],[13.6341655,56.8095225],[13.6336972,56.8094018],[13.6331329,56.809286],[13.6326212,56.8093464],[13.6323594,56.8091174],[13.6319506,56.8089735],[13.6306524,56.8089042],[13.630675,56.8088466],[13.6309453,56.8087979],[13.6313938,56.8085988],[13.6313959,56.8084472],[13.6307393,56.8078399],[13.6303831,56.8076144],[13.6298703,56.8075339],[13.6296793,56.8072837],[13.6291289,56.8071827],[13.6284627,56.8071886],[13.6280496,56.8069554],[13.6273866,56.8067422],[13.6267922,56.8066858],[13.6261957,56.8067604],[13.6259647,56.8067204],[13.6255037,56.8067815],[13.6250488,56.8067604],[13.6246582,56.8065219],[13.6238643,56.806331],[13.6217432,56.806193],[13.621519,56.8060872],[13.6214868,56.8059322],[13.6211649,56.8057125],[13.6207969,56.8052097],[13.6205255,56.8049595],[13.6201886,56.8048802],[13.6188733,56.8042035],[13.6178304,56.8039115],[13.6171534,56.8037682],[13.6168788,56.8037858],[13.6162318,56.8036272],[13.6157694,56.8032965],[13.6157332,56.8031227],[13.6159368,56.802823],[13.6159808,56.8025287],[13.6155404,56.802196],[13.6149529,56.8021029],[13.6145828,56.8018914],[13.6142652,56.8015001],[13.6139562,56.8014531],[13.6139337,56.8011518],[13.613776,56.8009844],[13.6135035,56.8009303],[13.613246,56.8007864],[13.6132127,56.8005285],[13.6135517,56.8000902],[13.6140839,56.7997213],[13.6142137,56.7995169],[13.6144433,56.7994229],[13.6144558,56.7992463],[13.6143092,56.7990604],[13.6143296,56.7989298],[13.6146869,56.7986027],[13.614671,56.7983418],[13.6145066,56.7982256],[13.6146439,56.7980252],[13.6146547,56.797802],[13.6145098,56.7976163],[13.6140936,56.7974665],[13.6132438,56.7974853],[13.6129155,56.7976028],[13.6124156,56.7975922],[13.6120486,56.7973613],[13.6113663,56.7971569],[13.6108674,56.7971622],[13.6106399,56.7970981],[13.6104533,56.7968978],[13.6101153,56.7967734],[13.6096207,56.7968731],[13.6089201,56.7966628],[13.607947,56.7962221],[13.6071563,56.7957333],[13.606283,56.7954278],[13.6044047,56.7952448],[13.6036408,56.7952912],[13.6031055,56.7950327],[13.602929,56.7948853],[13.6018942,56.7945277],[13.6018668,56.7942621],[13.6014548,56.7940873],[13.6004785,56.7943459],[13.5996894,56.7949616],[13.5997452,56.7951003],[13.6001346,56.7952328],[13.6001931,56.7954822],[13.5998789,56.7955529],[13.5996953,56.7953036],[13.5993327,56.7951546],[13.5984867,56.7954017],[13.5971896,56.7960016],[13.5963688,56.7965136],[13.5952192,56.7977119],[13.595253,56.7984113],[13.5959543,56.7990868],[13.596298,56.7992799],[13.59795,56.7993066],[13.5982213,56.7990845],[13.5987603,56.7989518],[13.5998133,56.7989697],[13.6004238,56.7993862],[13.6009615,56.7999504],[13.601398,56.8001021],[13.6026023,56.800127],[13.6025331,56.8005256],[13.6025647,56.800884],[13.6023442,56.8009548],[13.6025003,56.8015534],[13.6016356,56.8021294],[13.6013926,56.8024337],[13.6012295,56.8029996],[13.6005257,56.8027341],[13.6001647,56.8030223],[13.5988692,56.8027999],[13.5977743,56.8031168],[13.5969573,56.8032628],[13.596718,56.8034393],[13.5971096,56.8037692],[13.5976772,56.8038097],[13.5991245,56.8046024],[13.5994373,56.8046796],[13.5996787,56.8046021],[13.5996953,56.8043742],[13.6003911,56.8044614],[13.6010139,56.8049378],[13.6007886,56.8050964],[13.6005793,56.8051601],[13.6007682,56.8054256],[13.6003283,56.8054961],[13.5982453,56.8045909],[13.5971188,56.8039683],[13.596541,56.8039806],[13.5960341,56.8036564],[13.5957578,56.8031582],[13.5950341,56.8027573],[13.5935906,56.8022242],[13.5905892,56.8009242],[13.5890941,56.8005791],[13.5889112,56.8005964],[13.5889107,56.8009072],[13.588445,56.8009718],[13.5874843,56.8008135],[13.5869907,56.8009192],[13.5871374,56.8014455],[13.5880343,56.8017962],[13.587856,56.8021059],[13.5872214,56.8023461],[13.5873958,56.8027274],[13.5867815,56.8029979],[13.5869484,56.8032869],[13.5879563,56.8038861],[13.5898999,56.8043213],[13.5907313,56.8046253],[13.5911653,56.8045854],[13.5916074,56.804425],[13.5922248,56.8042969],[13.5959972,56.8049407],[13.5968725,56.805161],[13.5975168,56.8051962],[13.5978054,56.8053543],[13.5976568,56.8056253],[13.5971788,56.8056832],[13.5969745,56.8062171],[13.5972137,56.8069114],[13.5971992,56.8073331],[13.5978029,56.8076285],[13.5984691,56.8077436],[13.5989498,56.8076373],[13.5991043,56.8073307],[13.5994412,56.8070793],[13.6004805,56.8070056],[13.6017439,56.8066228],[13.6021348,56.8065576],[13.6021833,56.8064003],[13.601958,56.806179],[13.6020596,56.8060075],[13.6022085,56.805972],[13.6044586,56.8066329],[13.6054945,56.8068611],[13.6072431,56.8071507],[13.6074418,56.8072811],[13.6090145,56.8075539],[13.6099576,56.8076584],[13.6110476,56.8075827],[13.6116892,56.807716],[13.6120615,56.8078857],[13.6120798,56.8080238],[13.6120057,56.8081436],[13.6115133,56.8082376],[13.6114618,56.8086922],[13.6120471,56.8089518],[13.6123483,56.8091633],[13.6124338,56.80931],[13.6133083,56.8093447],[13.6135238,56.8093188],[13.6135733,56.8092075],[13.6138093,56.8091811],[13.6143735,56.80933],[13.6145818,56.8095629],[13.6145914,56.8097358],[13.6149284,56.8099936],[13.6166116,56.8107032],[13.6171245,56.8107601],[13.6172543,56.8108546],[13.6172532,56.8109381],[13.6170171,56.8109751],[13.6168724,56.8109078],[13.6166503,56.8109017],[13.6161617,56.8111134],[13.6160998,56.8113063],[13.6162619,56.8114772],[13.6175155,56.811676],[13.6178932,56.8116974],[13.6183261,56.8116363],[13.6183454,56.8114878],[13.6181277,56.8113777],[13.6182136,56.8113248],[13.618648,56.8113351],[13.6185631,56.8112176],[13.6186877,56.8111897],[13.6190052,56.8112293],[13.6190588,56.8113281],[13.6195234,56.8113327],[13.6196318,56.8113967],[13.6194623,56.8115641],[13.6191576,56.8116288],[13.6190289,56.811733],[13.6188454,56.8116446],[13.61862,56.8117056],[13.618589,56.8118445],[13.6189645,56.8118357],[13.6191178,56.8118759],[13.619017,56.8119817],[13.6178541,56.812241],[13.617957,56.8123781],[13.6178143,56.8125461],[13.6173165,56.8126565],[13.6168745,56.8128708],[13.6167286,56.8130182],[13.6167489,56.813138],[13.6166052,56.8131627],[13.6163595,56.8130259],[13.6161546,56.8130347],[13.6159561,56.8131175],[13.6153586,56.812921],[13.6150967,56.8129554],[13.614527,56.8128491],[13.6139079,56.8126154],[13.6132041,56.8126529],[13.6128877,56.8127313],[13.612753,56.8126265],[13.6130808,56.8124762],[13.6121988,56.8116751],[13.6120341,56.8116589],[13.611421,56.8117776],[13.6111619,56.8119259],[13.6107083,56.8120809],[13.6106271,56.8123393],[13.6107547,56.8125789],[13.6111925,56.8126177],[13.6113738,56.8127798],[13.6118459,56.8129571],[13.6119532,56.8131251],[13.611936,56.8132854],[13.6121699,56.8134957],[13.6117654,56.8133494],[13.611332,56.813276],[13.6105466,56.8129777],[13.6102859,56.813027],[13.6101314,56.8131962],[13.6104146,56.8135344],[13.6106732,56.813996],[13.611348,56.8144224],[13.6113792,56.8146126],[13.6117783,56.8147735],[13.6119532,56.8149896],[13.6120948,56.8153549],[13.6125722,56.8159715],[13.6129198,56.8162234],[13.6133844,56.8170032],[13.6135818,56.8175558],[13.6135539,56.8177677],[13.6134659,56.8178775],[13.6129595,56.8179551],[13.61211,56.8188866],[13.6120304,56.819187],[13.6117139,56.8196338],[13.6111378,56.8201393],[13.6112161,56.8205374],[13.6111335,56.820693],[13.6107397,56.8207476],[13.6089622,56.8205313],[13.6086562,56.8206061],[13.6081187,56.8204875],[13.6077737,56.8204585],[13.6073591,56.8205051],[13.6071552,56.8207147],[13.607182,56.8209038],[13.6073145,56.821097],[13.6077002,56.8211616],[13.6077764,56.8212819],[13.6077346,56.8214363],[13.608021,56.8216471],[13.6094678,56.8218517],[13.6104093,56.8223035],[13.6115197,56.8222695],[13.6117203,56.8224556],[13.6119099,56.8225283],[13.612319,56.8225513],[13.6148178,56.8235776],[13.616249,56.8243854],[13.6187005,56.8260686],[13.6195535,56.8264666],[13.6202712,56.8270789],[13.621431,56.8284068],[13.6217121,56.8286292],[13.62174,56.829248],[13.6216349,56.8294082],[13.621328,56.8295626],[13.6210061,56.8296189],[13.6204858,56.8295732],[13.6197841,56.8293536],[13.6193732,56.8289591],[13.6190669,56.8287718],[13.6186544,56.8286204],[13.617825,56.8280774],[13.6174764,56.8276524],[13.6165708,56.8271992],[13.6153081,56.826402],[13.6145624,56.826078],[13.6140324,56.8256253],[13.6099501,56.8231384],[13.6097743,56.8230771],[13.609346,56.823031],[13.6085768,56.8228026],[13.6068269,56.8221386],[13.6056188,56.8212173],[13.605005,56.8209817],[13.604331,56.8209007],[13.6037401,56.8210351],[13.6035732,56.8217094],[13.6040399,56.8219977],[13.6044804,56.8229902],[13.605297,56.8232617],[13.6066789,56.8239815],[13.6071724,56.8243819],[13.6081723,56.8248932],[13.608771,56.8253388],[13.6090039,56.8256543],[13.6093353,56.8257668],[13.609492,56.8259441],[13.6098398,56.826695],[13.6113738,56.8273765],[13.6121463,56.8279547],[13.6130346,56.8289451],[13.6130979,56.8292585],[13.612452,56.8299166],[13.611966,56.8300469],[13.6107204,56.8300886],[13.6104951,56.8301484],[13.6098964,56.8300921],[13.6089705,56.8298273],[13.6085274,56.8295673],[13.6081101,56.8295356],[13.6075093,56.8291623],[13.6070984,56.8291171],[13.6068473,56.8292403],[13.6065748,56.829525],[13.6065351,56.8299042],[13.606416,56.8300122],[13.6062036,56.8301038],[13.6057433,56.8301032],[13.6052087,56.8300092],[13.6049826,56.8302112],[13.60482,56.8309307],[13.6050663,56.8311669],[13.6056028,56.8313271],[13.6064879,56.8313742],[13.6069557,56.8314815],[13.6070501,56.831573],[13.6072539,56.8316224],[13.6083933,56.8315772],[13.6099587,56.8323748],[13.6106614,56.832872],[13.6110047,56.8329917],[13.6117901,56.8334824],[13.6123587,56.8340541],[13.612775,56.834303],[13.6132932,56.8345084],[13.6139659,56.834607],[13.61407,56.8347074],[13.6140634,56.8348784],[13.614174,56.8350519],[13.6145871,56.8352162],[13.6146418,56.8352873],[13.6145582,56.8353897],[13.6141976,56.8354627],[13.6139015,56.8356371],[13.6138929,56.8358466],[13.6140303,56.835954],[13.6142953,56.8359534],[13.6144691,56.8360426],[13.6143993,56.8361676],[13.6139369,56.8363261],[13.6133618,56.8366905],[13.6128072,56.8369282],[13.6126527,56.8370849],[13.6127846,56.8374547],[13.6126419,56.8375638],[13.6126323,56.8376724],[13.6132159,56.8380721],[13.6134606,56.8381495],[13.6134176,56.8382164],[13.6131977,56.8382118],[13.6127095,56.838041],[13.6124048,56.838024],[13.6121085,56.8380659],[13.611539,56.8379741],[13.6111399,56.8380099],[13.6107748,56.8381364],[13.6105799,56.8382605],[13.6107032,56.8384242],[13.6111302,56.8387452],[13.6113277,56.8390281],[13.6119059,56.8393843],[13.6120218,56.8395551],[13.6119532,56.8396472],[13.6115111,56.8396425],[13.6110938,56.8399348],[13.6108534,56.8400181],[13.6105573,56.8400111],[13.610214,56.840156],[13.6102784,56.8399365],[13.609963,56.8397599],[13.6094737,56.8397],[13.6090274,56.8397933],[13.608668,56.8400744],[13.6083279,56.8405463],[13.608242,56.8408731],[13.6083204,56.8414699],[13.6082163,56.8415826],[13.6079041,56.8416266],[13.6074621,56.8419124],[13.6072346,56.8418132],[13.6070597,56.8419359],[13.6068119,56.8419505],[13.6062261,56.8417563],[13.605697,56.8417138],[13.6045284,56.8419133],[13.604019,56.8421839],[13.6037508,56.8428704],[13.6025808,56.843199],[13.601303,56.8434103],[13.6004463,56.8431638],[13.6000166,56.8433399],[13.5999217,56.8436063],[13.6004243,56.8436916],[13.600295,56.8440023],[13.6000113,56.8439313],[13.5993831,56.8441907],[13.5996089,56.8445659],[13.599603,56.844864],[13.5989534,56.844671],[13.5988563,56.8449292],[13.5992388,56.8452108],[13.5997543,56.8457389],[13.6011893,56.8461132],[13.6012445,56.8473049],[13.6011678,56.8478271],[13.6039702,56.8487427],[13.6044369,56.8485441],[13.6051897,56.8489388],[13.6057068,56.8490233],[13.6067422,56.8487511],[13.6073011,56.8484906],[13.6077796,56.8481532],[13.6076412,56.8479238],[13.6070254,56.8477249],[13.6064493,56.8472837],[13.6064804,56.84714],[13.6067411,56.8470701],[13.6069363,56.8471564],[13.6070093,56.8472555],[13.6072099,56.8473148],[13.6074728,56.8472409],[13.6075286,56.8471159],[13.6079041,56.8468771],[13.6083182,56.8468701],[13.6086369,56.8467445],[13.6088053,56.8467457],[13.609287,56.8463402],[13.6093536,56.8460826],[13.6092527,56.8458972],[13.6094179,56.8456262],[13.6094608,56.8451796],[13.6096046,56.8450834],[13.6098374,56.8450564],[13.6103631,56.8451438],[13.6107494,56.8450992],[13.6110101,56.8449338],[13.6110391,56.8447642],[13.6114038,56.844719],[13.6119017,56.8445365],[13.612452,56.8442514],[13.61276,56.8438905],[13.6128597,56.8435396],[13.6132192,56.8430449],[13.6132106,56.8428196],[13.6135464,56.842917],[13.6140356,56.8429757],[13.6144036,56.8430925],[13.6151064,56.8435384],[13.6158295,56.8435989],[13.6159668,56.8437373],[13.6156042,56.8439339],[13.615131,56.8439967],[13.6142953,56.8439967],[13.6138453,56.8440737],[13.6135346,56.8442044],[13.6135196,56.8444022],[13.6137438,56.8446046],[13.614159,56.8447589],[13.6145055,56.8447507],[13.6147802,56.8446551],[13.6150688,56.8444497],[13.6153199,56.8444204],[13.6155591,56.8445078],[13.6161964,56.8444045],[13.6163734,56.8444292],[13.6164324,56.8445383],[13.6169238,56.8445805],[13.6173068,56.844827],[13.6176115,56.8449367],[13.6180214,56.8449314],[13.6182821,56.8450382],[13.6184505,56.8451949],[13.6182542,56.8453997],[13.618134,56.8459319],[13.6181673,56.8461777],[13.6184505,56.8464112],[13.6204729,56.8467081],[13.6209085,56.8467087],[13.6216123,56.8465773],[13.622001,56.8465571],[13.6224245,56.846643],[13.6227174,56.8468085],[13.622711,56.8470426],[13.6225039,56.8473254],[13.6224792,56.8475137],[13.6227228,56.8476434],[13.6233826,56.8477601],[13.6235124,56.8480283],[13.623771,56.8482641],[13.6241787,56.8482647],[13.6243643,56.8481726],[13.6245273,56.8479502],[13.6244254,56.8477871],[13.6239287,56.8475413],[13.6239727,56.8474351],[13.6237656,56.8472045],[13.6238375,56.846704],[13.623698,56.8465661],[13.6235424,56.8465462],[13.6233729,56.8466694],[13.623197,56.8465867],[13.6232098,56.8463449],[13.6236014,56.8460111],[13.6238203,56.8459189],[13.6241293,56.8459577],[13.6242237,56.8461049],[13.6244518,56.8461231],[13.6249383,56.8460216],[13.6254565,56.8460627],[13.6257279,56.8462358],[13.6259537,56.8462517],[13.6266431,56.8461754],[13.6269821,56.846278],[13.6275679,56.8463402],[13.6276291,56.8466377],[13.6286215,56.8473283],[13.6297566,56.8477132],[13.6301257,56.8480189],[13.6305677,56.848243],[13.6308859,56.8483279],[13.6311545,56.8483169],[13.6318004,56.8486062],[13.6330632,56.8487822],[13.6334655,56.8487335],[13.6337531,56.848429],[13.6340277,56.8482917],[13.6351167,56.8482776],[13.6354203,56.8481051],[13.6353377,56.8479361],[13.6354118,56.8478129],[13.6356853,56.8477631],[13.6361617,56.8479238],[13.637123,56.8481315],[13.6373011,56.8482324],[13.6372571,56.8484114],[13.6370307,56.848551],[13.6358785,56.8488127],[13.6354418,56.8490796],[13.6351178,56.8495789],[13.6351124,56.8500923],[13.6352594,56.850415],[13.6359836,56.8507728],[13.6365361,56.8509852],[13.6370736,56.8511172],[13.6377206,56.8511061],[13.6382581,56.8509641],[13.63858,56.8507095],[13.6387967,56.8503563],[13.6387958,56.8500882],[13.6389147,56.8498535],[13.639246,56.8497723],[13.6397709,56.8497321],[13.6403771,56.8497438],[13.6406474,56.8496534],[13.6408534,56.8494129],[13.6407257,56.8492416],[13.6402022,56.849177],[13.6392462,56.8491542],[13.638816,56.8490808],[13.6385585,56.8489676],[13.6385033,56.8487702],[13.6387366,56.8485733],[13.6391153,56.848517],[13.6395434,56.8485264],[13.6397344,56.8483897],[13.6397945,56.8482629],[13.6399608,56.8482313],[13.6406399,56.8485105],[13.6409983,56.8487435],[13.6413695,56.8487622],[13.6418169,56.848713],[13.6420229,56.8485393],[13.6420915,56.8483556],[13.6418716,56.8480928],[13.6412568,56.8478329],[13.6408051,56.8477783],[13.6400842,56.8473981],[13.6400096,56.8472246],[13.6400885,56.847059],[13.6400071,56.8469115],[13.6394007,56.846322],[13.6388729,56.8462833],[13.6382474,56.8461636],[13.6378322,56.8459624],[13.637918,56.8458122],[13.6381798,56.8457341],[13.6384374,56.8457542],[13.6389458,56.8459465],[13.6393192,56.8459342],[13.6399611,56.8456394],[13.6406195,56.8455446],[13.6413309,56.8453105],[13.6422986,56.8447237],[13.642378,56.8442877],[13.6426902,56.8443042],[13.6432974,56.8446779],[13.6439594,56.844966],[13.6441547,56.8451702],[13.644416,56.8452679],[13.6448381,56.8453803],[13.6455108,56.8453891],[13.6460816,56.8455516],[13.6468026,56.8458972],[13.6469088,56.8461132],[13.6472274,56.846366],[13.6479763,56.8465961],[13.6490578,56.84711],[13.6496757,56.8471992],[13.6499998,56.8473231],[13.6501457,56.8474556],[13.6510716,56.8478816],[13.6515574,56.8480397],[13.6520704,56.8480922],[13.6524502,56.8481867],[13.6530725,56.8485399],[13.6537924,56.8488045],[13.6542001,56.8488731],[13.6547891,56.8487071],[13.6552397,56.8486954],[13.6558877,56.848561],[13.6562997,56.8487212],[13.6565272,56.8486912],[13.6571647,56.848474],[13.657395,56.8485019],[13.6574379,56.8486063],[13.6575849,56.848672],[13.6577963,56.8486163],[13.6577459,56.8484843],[13.6578381,56.8484233],[13.6588434,56.8487958],[13.6591943,56.8488052],[13.6594045,56.8488968],[13.6594196,56.8489983],[13.6591717,56.8490581],[13.6584475,56.8490311],[13.6580988,56.8491039],[13.6577684,56.8492353],[13.6576075,56.849399],[13.6576139,56.8495169],[13.6577984,56.8495621],[13.6583359,56.8495492],[13.6586042,56.8497293],[13.6595043,56.8498924],[13.660781,56.8497868],[13.6611265,56.8498255],[13.6611834,56.8499951],[13.6610471,56.8502573],[13.660589,56.8503864],[13.6601778,56.8504454],[13.6597371,56.8506011],[13.6592769,56.8509068],[13.6591063,56.851193],[13.6593112,56.8514154],[13.6593981,56.8516395],[13.6593316,56.8518513],[13.659028,56.8520437],[13.6587275,56.8523382],[13.6584711,56.8527518],[13.658558,56.8530316],[13.6584368,56.8533079],[13.6582598,56.8534358],[13.6580141,56.8534704],[13.657615,56.8533748],[13.6574658,56.8532059],[13.6565249,56.8531132],[13.6557417,56.8531231],[13.6554349,56.8530398],[13.6550293,56.8530504],[13.6542826,56.8531994],[13.6530423,56.8533531],[13.6518332,56.8534159],[13.6512689,56.8533554],[13.6509341,56.8532287],[13.6504256,56.8529031],[13.650049,56.8527412],[13.6497538,56.8527033],[13.6493634,56.8528369],[13.6493158,56.8530233],[13.6494278,56.8532088],[13.6497443,56.8533889],[13.6492937,56.8538793],[13.6491263,56.8543926],[13.6494171,56.8544331],[13.6496477,56.8546965],[13.6500844,56.854788],[13.6500887,56.8549546],[13.6499331,56.8550737],[13.6497052,56.8551144],[13.6495276,56.8548942],[13.6491445,56.8548132],[13.6489289,56.8549499],[13.6489622,56.8550877],[13.6491789,56.8552238],[13.6492636,56.8554356],[13.6491252,56.8560093],[13.6489461,56.856163],[13.6486746,56.8560445],[13.6485942,56.8557752],[13.6483281,56.8556843],[13.6478889,56.8557499],[13.6470546,56.8561847],[13.6462724,56.8563349],[13.64553,56.8563706],[13.6444131,56.85659],[13.6437136,56.8563859],[13.6432383,56.8563219],[13.6430742,56.8564803],[13.6432176,56.8566268],[13.6436771,56.8568352],[13.644058,56.8568886],[13.6442586,56.8571226],[13.6448766,56.8571989],[13.6452478,56.8573925],[13.6454603,56.8574482],[13.6455236,56.8576564],[13.6452564,56.8579538],[13.645118,56.8582277],[13.6451609,56.8583603],[13.6456255,56.8584811],[13.6458583,56.8586272],[13.6457575,56.858731],[13.6453412,56.8588759],[13.6452747,56.8593111],[13.6450504,56.8596736],[13.6449871,56.8602249],[13.6450794,56.860622],[13.645294,56.8607991],[13.6451652,56.8609751],[13.6454914,56.8612431],[13.6455386,56.8614607],[13.6453884,56.8614671],[13.6453562,56.8612853],[13.6450526,56.8610613],[13.6448423,56.8611],[13.6445794,56.8614155],[13.6443218,56.8614524],[13.6440999,56.8616484],[13.6435462,56.8618384],[13.6432973,56.8619927],[13.6423865,56.8619088],[13.6420635,56.8620085],[13.6417835,56.8623258],[13.6415357,56.8622988],[13.6413521,56.8620994],[13.6413189,56.8619364],[13.6406688,56.8615932],[13.6405615,56.8613481],[13.6402257,56.8611205],[13.6397954,56.8604654],[13.6395498,56.8603534],[13.6392892,56.8598014],[13.6390176,56.859819],[13.6388202,56.8595891],[13.6386775,56.8592049],[13.638434,56.8589269],[13.6381657,56.858853],[13.6376872,56.8589322],[13.6370317,56.8589122],[13.6364716,56.8588155],[13.6348398,56.8581216],[13.6333388,56.8569373],[13.6330062,56.8568071],[13.6314312,56.8568997],[13.6308669,56.8568663],[13.6306813,56.8567642],[13.6306895,56.8566595],[13.6309474,56.8565032],[13.6308905,56.8561659],[13.6311673,56.8556239],[13.63113,56.8554841],[13.6309763,56.8553658],[13.6302693,56.8552913],[13.629441,56.8553318],[13.6290355,56.8552203],[13.6285924,56.8551986],[13.628234,56.8551212],[13.6277555,56.8547827],[13.6276311,56.8546003],[13.6273967,56.8545022],[13.6270271,56.8544935],[13.6264616,56.8546143],[13.626099,56.8548725],[13.6256645,56.8549194],[13.6242236,56.8548754],[13.6235324,56.8547107],[13.6223064,56.8546906],[13.6215983,56.8544677],[13.6207142,56.854368],[13.6202121,56.8544507],[13.6195651,56.8547369],[13.6192765,56.8550432],[13.6190004,56.8550928],[13.6187798,56.8552379],[13.6188045,56.8554063],[13.6186242,56.855472],[13.6183174,56.8554737],[13.6178153,56.8556081],[13.6169859,56.8559236],[13.6164227,56.8555676],[13.6163755,56.8553353],[13.6161126,56.8551634],[13.6160182,56.8550197],[13.6160085,56.854727],[13.6167649,56.8541662],[13.6168862,56.8537596],[13.6166823,56.8533701],[13.6161834,56.8532076],[13.6156438,56.85318],[13.6140205,56.853356],[13.6136933,56.8532956],[13.6134483,56.8533531],[13.6133617,56.8535426],[13.6129068,56.8535625],[13.611364,56.8541832],[13.610657,56.8546009],[13.6103555,56.8553582],[13.6103802,56.8561372],[13.6108104,56.8569079],[13.6112224,56.8570194],[13.6126247,56.8583204],[13.61285,56.8587451],[13.6138531,56.8596337],[13.6151653,56.8605176],[13.6156116,56.8607053],[13.6157543,56.8608906],[13.6164849,56.8612155],[13.6165343,56.8612941],[13.6163551,56.8613633],[13.6155729,56.8614666],[13.6149699,56.8614224],[13.6146578,56.8615927],[13.6146531,56.8617741],[13.6148005,56.8620777],[13.615265,56.8622965],[13.6155633,56.8623088],[13.615397,56.8625252],[13.6153294,56.8629586],[13.6155161,56.863365],[13.6157768,56.8636336],[13.6168229,56.8637762],[13.6170621,56.8640975],[13.6172338,56.8640583],[13.6172466,56.8638166],[13.6175245,56.8636823],[13.6178174,56.8633879],[13.6181468,56.863392],[13.6185416,56.8635316],[13.6187948,56.8638125],[13.6185609,56.8645996],[13.618695,56.8647397],[13.6186419,56.8649532],[13.6189643,56.8655297],[13.6195244,56.8659466],[13.620255,56.8663325],[13.6205705,56.8664186],[13.6213536,56.8664867],[13.6218364,56.8666134],[13.6221635,56.8667691],[13.6223289,56.8669606],[13.6230113,56.8673353],[13.623582,56.8675458],[13.6240155,56.8675177],[13.6243427,56.8676308],[13.6246292,56.8680015],[13.6247826,56.8680337],[13.6248212,56.8682483],[13.6246131,56.8683515],[13.6246013,56.8688336],[13.6248276,56.8694897],[13.6248341,56.8702831],[13.6246807,56.8705241],[13.6247536,56.870761],[13.6244114,56.8713016],[13.6244736,56.8714699],[13.6247407,56.8715496],[13.6250744,56.8715731],[13.6254435,56.8717185],[13.6259831,56.8719747],[13.6260539,56.8721876],[13.6263737,56.8723031],[13.6264016,56.8724573],[13.6259917,56.8723934],[13.6255025,56.8722286],[13.6251989,56.8722908],[13.6250326,56.8724239],[13.6250605,56.8726736],[13.6253458,56.8727],[13.6258587,56.8728542],[13.626173,56.8730202],[13.6265217,56.8735051],[13.6267408,56.8736586],[13.6270131,56.8736528],[13.6275882,56.874011],[13.6285012,56.8744772],[13.6290924,56.8750635],[13.6292039,56.8753156],[13.6291975,56.8755002],[13.6290634,56.8756738],[13.6288233,56.8757435],[13.6284926,56.8757635],[13.628263,56.8756785],[13.6280624,56.8756931],[13.6280978,56.8760232],[13.6282941,56.8764037],[13.6288747,56.8768292],[13.6292726,56.877269],[13.6303369,56.877874],[13.6308079,56.8780306],[13.6312435,56.8781291],[13.6315643,56.8782633],[13.6325792,56.878414],[13.6328464,56.8783712],[13.6330728,56.8782322],[13.6331983,56.8780423],[13.6333453,56.8780306],[13.633577,56.8787417],[13.6336317,56.8795507],[13.6341489,56.8799845],[13.6346671,56.8803374],[13.6356799,56.8807413],[13.6365071,56.8808462],[13.6369351,56.8809459],[13.6375145,56.8812607],[13.6377548,56.8816141],[13.6378954,56.8820251],[13.6377816,56.8824219],[13.6378117,56.8826095],[13.6382162,56.8837021],[13.6384485,56.883936],[13.6388116,56.8841769],[13.6391206,56.8846487],[13.6396892,56.8851962],[13.6403201,56.8855045],[13.6407643,56.8867072],[13.6407825,56.8873953],[13.6405808,56.8876637],[13.6397397,56.8880986],[13.6392483,56.8882387],[13.6392386,56.8884913],[13.6388062,56.8884849],[13.6387268,56.888772],[13.6383578,56.8890768],[13.6378417,56.8892907],[13.6376722,56.8894929],[13.6376829,56.8898709],[13.6379549,56.8899392],[13.6381041,56.8901979],[13.63797,56.8902677],[13.6379932,56.8903571],[13.6381754,56.8904148],[13.6382151,56.8905211],[13.6381089,56.890801],[13.6380823,56.8912355],[13.6382988,56.8915787],[13.6390337,56.892262],[13.6390884,56.8925802],[13.6383031,56.8930279],[13.6380842,56.8934041],[13.638037,56.8937188],[13.6382451,56.8939456],[13.6386614,56.8941073],[13.6397697,56.8941114],[13.641025,56.8942726],[13.6420517,56.8947736],[13.642201,56.8948844],[13.6421837,56.8950133],[13.6423291,56.8950961],[13.6427244,56.8951902],[13.6434046,56.8951609],[13.6435119,56.8955752],[13.6432345,56.8959719],[13.6430508,56.8964363],[13.6433391,56.8966194],[13.6440097,56.8968106],[13.6446024,56.8964407],[13.6451094,56.8963586],[13.6454125,56.8964202],[13.6457813,56.8965645],[13.647227,56.8977158],[13.6475944,56.8981407],[13.6477768,56.898728],[13.6478841,56.8998208],[13.6478251,56.899957],[13.6475352,56.900166],[13.647404,56.9001987],[13.6472216,56.9000156],[13.6470868,56.8997465],[13.6473691,56.8994927],[13.6473289,56.89898],[13.6469805,56.8988682],[13.6467603,56.8988555],[13.6456391,56.8994568],[13.6456498,56.8996055],[13.6458175,56.8997732],[13.6460388,56.8998208],[13.6464612,56.8998303],[13.6461673,56.9003289],[13.6458389,56.9003386],[13.645336,56.9001335],[13.6451,56.8996831],[13.6449337,56.8996098],[13.644982,56.8993872],[13.6448961,56.8993535],[13.6443061,56.8993403],[13.6435094,56.8991777],[13.6428389,56.8992363],[13.6424017,56.8993652],[13.6422864,56.8995073],[13.6423507,56.8998589],[13.6421415,56.8999995],[13.6415541,56.9000786],[13.6404276,56.8999526],[13.6396953,56.8998164],[13.6395639,56.8998633],[13.6394929,56.8999727],[13.6396206,56.9001537],[13.6416751,56.9011304],[13.6416987,56.9012962],[13.6415239,56.9013396],[13.64092,56.9011698],[13.6407482,56.901257],[13.6405089,56.9012411],[13.6399811,56.900974],[13.6373439,56.9000325],[13.6369375,56.8999556],[13.6364738,56.8999897],[13.6360758,56.9001315],[13.636094,56.9007765],[13.6364405,56.9008943],[13.6365736,56.9010308],[13.6366133,56.9012018],[13.6372162,56.9014796],[13.6375563,56.9017456],[13.6374812,56.9018757],[13.637287,56.9019676],[13.6369963,56.9019091],[13.6363708,56.9014913],[13.6359281,56.9013353],[13.635476,56.9014163],[13.6351091,56.9013665],[13.6346284,56.9010871],[13.6342476,56.9007654],[13.6344085,56.9005199],[13.6341965,56.9004277],[13.6334397,56.9003787],[13.6332144,56.9003055],[13.6322252,56.8997319],[13.6311555,56.8992755],[13.6308375,56.8989661],[13.6285184,56.8981786],[13.6274187,56.897595],[13.6266719,56.8973431],[13.6259799,56.8968766],[13.6254446,56.8967401],[13.6248888,56.8966786],[13.6245433,56.8965936],[13.6235681,56.8966393],[13.6229243,56.8968186],[13.6227516,56.8969763],[13.6227817,56.8971931],[13.6230284,56.8973765],[13.6231121,56.8975903],[13.6231067,56.8978013],[13.6229007,56.898004],[13.6228299,56.8981997],[13.623802,56.899078],[13.6239693,56.8995104],[13.6241528,56.8996551],[13.6246098,56.8996985],[13.6257557,56.9003611],[13.6260239,56.9003928],[13.6262964,56.9003102],[13.6265024,56.9003412],[13.6265614,56.9005644],[13.6262835,56.9008838],[13.626364,56.901179],[13.6275023,56.9021282],[13.6277416,56.9021522],[13.6281461,56.9023256],[13.6281557,56.9024152],[13.6278779,56.9024481],[13.627969,56.9027451],[13.6275002,56.9028986],[13.6269487,56.9027088],[13.6263554,56.9026578],[13.6261003,56.9025806],[13.6258469,56.9023397],[13.6253609,56.9022067],[13.6241356,56.9021856],[13.6239039,56.9021012],[13.6229297,56.9017069],[13.6227076,56.9014462],[13.6225864,56.9010818],[13.6222688,56.9009775],[13.6218128,56.9010045],[13.6215682,56.9011691],[13.6214996,56.9012927],[13.6212903,56.9013103],[13.6211144,56.9012201],[13.6210511,56.901083],[13.6201692,56.9005328],[13.619666,56.9005363],[13.6185599,56.9001549],[13.6182348,56.9000869],[13.6177767,56.9003184],[13.6175417,56.9001625],[13.6173228,56.9001619],[13.6171029,56.900261],[13.616722,56.9002123],[13.6166018,56.9001227],[13.6165319,56.8999571],[13.6166673,56.8996422],[13.616486,56.8993376],[13.6155086,56.8992983],[13.6151781,56.8994864],[13.6148734,56.899511],[13.6146889,56.8993727],[13.6147039,56.8990997],[13.6150405,56.8987849],[13.6151395,56.8984991],[13.6148659,56.8983286],[13.6148627,56.8981663],[13.6146116,56.8979589],[13.6144164,56.8980356],[13.6140945,56.8980198],[13.6136171,56.8978229],[13.6132544,56.8978194],[13.6129229,56.8980813],[13.6122223,56.8983474],[13.6120378,56.898304],[13.6118039,56.897813],[13.61073,56.8972364],[13.6102332,56.8966768],[13.6098008,56.8966294],[13.6089962,56.8962936],[13.6087955,56.8960915],[13.6083353,56.8960147],[13.6086775,56.8957328],[13.6086014,56.8954123],[13.6083683,56.8952452],[13.6073954,56.8949136],[13.6071133,56.8948955],[13.6068922,56.8950109],[13.606594,56.8953602],[13.6064556,56.8953877],[13.6063504,56.8952705],[13.6065318,56.8950742],[13.6063494,56.8944841],[13.6061069,56.8942995],[13.6059996,56.8940106],[13.6058762,56.8939098],[13.605019,56.8936163],[13.6044847,56.8935278],[13.6042277,56.8937042],[13.6040351,56.8941144],[13.6037658,56.8941261],[13.6035609,56.8938794],[13.6038415,56.8937156],[13.603724,56.8934112],[13.6034011,56.8930244],[13.6026398,56.892819],[13.6025218,56.8931413],[13.6025208,56.8935454],[13.6018776,56.8936453],[13.6018674,56.8933757],[13.6016195,56.8928243],[13.6008798,56.8925905],[13.6007414,56.8928017],[13.5999044,56.8925677],[13.5999147,56.892233],[13.5995795,56.8921807],[13.5993354,56.8923268],[13.599484,56.8926895],[13.5989497,56.8926435],[13.5990569,56.8922163],[13.598263,56.8918705],[13.598005,56.8919579],[13.5970501,56.8917935],[13.5967374,56.8919634],[13.5957954,56.8919286],[13.5956023,56.8916883],[13.5946694,56.8914243],[13.5936555,56.8907609],[13.5929442,56.8906624],[13.5913767,56.8898003],[13.5907217,56.8897423],[13.5903253,56.8896137],[13.5898793,56.8897422],[13.588768,56.8898833],[13.5880277,56.8898364],[13.5872558,56.8895433],[13.5864404,56.8897719],[13.5856582,56.8888694],[13.5852387,56.8888105],[13.5849823,56.888365],[13.5844673,56.8880128],[13.5839829,56.8879551],[13.5838655,56.8883357],[13.5834792,56.8883475],[13.583137,56.8885584],[13.5828784,56.8884998],[13.5831246,56.8880899],[13.5837179,56.8879527],[13.5835114,56.8876676],[13.5819128,56.8870179],[13.5816778,56.8871923],[13.581805,56.8876444],[13.5797177,56.8880412],[13.5791802,56.8877959],[13.5788782,56.88724],[13.5757555,56.8867351],[13.5749705,56.8867649],[13.5743484,56.8866539],[13.5739542,56.8868418],[13.5742353,56.8871624],[13.5735043,56.8876588],[13.5729864,56.8875454],[13.5726758,56.8880315],[13.5727718,56.8883475],[13.5724178,56.8885409],[13.5715825,56.8883656],[13.5707972,56.8889162],[13.5695956,56.8888928],[13.5685994,56.8890449],[13.567504,56.8886288],[13.5666881,56.8888928],[13.5659268,56.8886531],[13.5648438,56.8891158],[13.5657225,56.8891917],[13.5662707,56.8893904],[13.5655309,56.889519],[13.5672272,56.8898188],[13.5677089,56.8902753],[13.5663565,56.8904514],[13.566337,56.8906303],[13.5661945,56.8907213],[13.5651758,56.8911087],[13.5656476,56.8912875],[13.5664684,56.8912494],[13.5673538,56.8913666],[13.5687911,56.8911117],[13.5714731,56.8914019],[13.571936,56.891551],[13.5724489,56.8915718],[13.5727573,56.8914669],[13.5731318,56.891462],[13.5741226,56.8918007],[13.5746038,56.8915897],[13.5749482,56.8917934],[13.5763166,56.8918194],[13.5767377,56.8916483],[13.5773718,56.891912],[13.5780316,56.8914918],[13.5799135,56.8915499],[13.5809756,56.8917898],[13.5812556,56.8922405],[13.5829047,56.8927445],[13.5831836,56.8935833],[13.5841631,56.8939924],[13.5850542,56.8940803],[13.5857408,56.894649],[13.5863942,56.8947606],[13.5865659,56.8952701],[13.5868818,56.8953519],[13.5868979,56.8950952],[13.5872418,56.894719],[13.5878962,56.894479],[13.5883898,56.8948072],[13.5880127,56.8951538],[13.5884627,56.8952974],[13.5901432,56.8950879],[13.5904084,56.895288],[13.593751,56.8963729],[13.5940107,56.8960649],[13.5946023,56.8962777],[13.5946586,56.8967271],[13.5950197,56.8969876],[13.5961558,56.8970101],[13.5962229,56.897766],[13.5984974,56.8993653],[13.5991712,56.8992607],[13.5994373,56.8996366],[13.6015294,56.9006379],[13.6020111,56.9012361],[13.6028099,56.9018091],[13.6036129,56.9029934],[13.6035292,56.9040702],[13.604578,56.9052369],[13.6062985,56.9055534],[13.6065528,56.9057596],[13.6066558,56.9059365],[13.6069928,56.9061036],[13.6073779,56.9061644],[13.6075989,56.906087],[13.6075184,56.9063419],[13.6078423,56.9065076],[13.6083327,56.9066353],[13.6086836,56.9069183],[13.6091417,56.907005],[13.6093723,56.9071585],[13.6091792,56.9074607],[13.6093112,56.9076048],[13.6095193,56.9076306],[13.6098433,56.9078157],[13.6101502,56.907787],[13.6104366,56.9076786],[13.6109227,56.9078005],[13.6110128,56.9079299],[13.610898,56.9080453],[13.6106598,56.9080483],[13.6104881,56.908132],[13.6106008,56.9082345],[13.6108433,56.9083224],[13.6112188,56.9082445],[13.6114012,56.9082638],[13.6116512,56.9084899],[13.6116908,56.9086745],[13.6118507,56.908801],[13.6121586,56.908873],[13.6125159,56.9088162],[13.6128421,56.908535],[13.6129766,56.9085498],[13.6133055,56.9087869],[13.6137025,56.908815],[13.6138924,56.9089017],[13.6141732,56.9088939],[13.6145351,56.9087817],[13.6147566,56.9087945],[13.6154991,56.9090711],[13.6163373,56.9098406],[13.6162542,56.910154],[13.616678,56.9104205],[13.6172372,56.910389],[13.6174035,56.9101481],[13.6176087,56.9101233],[13.6176865,56.9101569],[13.6178685,56.9104364],[13.6173056,56.910646],[13.617252,56.9108686],[13.6174934,56.911067],[13.6178622,56.9112398],[13.6183517,56.9117084],[13.6187379,56.9117728],[13.6190638,56.9119324],[13.6191738,56.9119434],[13.6194125,56.911868],[13.6194742,56.9120452],[13.6191523,56.9120466],[13.6190517,56.9121169],[13.6190423,56.9121945],[13.6192931,56.9124061],[13.6195748,56.9124801],[13.6199369,56.9124376],[13.6200616,56.9124991],[13.6201675,56.9127283],[13.6206745,56.912994],[13.6208783,56.913229],[13.6210078,56.9132783],[13.6213584,56.9135834],[13.6216642,56.9136529],[13.6218439,56.9137825],[13.6221859,56.913885],[13.621974,56.9139692],[13.621978,56.9140073],[13.622147,56.9140146],[13.6222918,56.9139648],[13.6223334,56.9140051],[13.6222342,56.9140614],[13.6223334,56.914161],[13.6224541,56.9141398],[13.6225265,56.9141984],[13.6224152,56.914284],[13.622501,56.9143931],[13.6226687,56.9144319],[13.6226244,56.9145315],[13.6230683,56.9146325],[13.6232655,56.9147262],[13.6239561,56.9152972],[13.6241801,56.9153968],[13.6242726,56.9153851],[13.6249137,56.915787],[13.6251846,56.9157438],[13.6252087,56.9159349],[13.6255024,56.9161142],[13.6257532,56.9160168],[13.6255239,56.9162072],[13.6255628,56.9162533],[13.6258297,56.9164195],[13.6261529,56.9163595],[13.6259557,56.9164927],[13.6260429,56.9167313],[13.6261435,56.9168368],[13.6265364,56.9168529],[13.6262736,56.9170329],[13.626456,56.9170476],[13.6267738,56.916981],[13.6268449,56.91703],[13.6265887,56.9171552],[13.6267228,56.9172738],[13.6269253,56.9171654],[13.627238,56.9172854],[13.6275604,56.91753],[13.6278795,56.9175831],[13.628068,56.917758],[13.6282671,56.9178111],[13.6284475,56.9179634],[13.6285937,56.9179915],[13.6288921,56.9181636],[13.6292642,56.9180973],[13.629389,56.9181874],[13.629228,56.9184158],[13.6293568,56.9187422],[13.6296545,56.9188542],[13.6298932,56.9187686],[13.6299214,56.918796],[13.6297041,56.9189051],[13.6298972,56.919065],[13.6302432,56.918979],[13.6300736,56.9188418],[13.6301272,56.9188063],[13.6303814,56.9189538],[13.6301266,56.9190936],[13.630197,56.9192224],[13.6303056,56.9192876],[13.6303063,56.9193571],[13.6304578,56.919341],[13.6303767,56.919464],[13.6305691,56.9196506],[13.630661,56.9196188],[13.6306141,56.9196807],[13.630952,56.9199314],[13.6309929,56.9202783],[13.6314724,56.9208859],[13.6318861,56.9215875],[13.6319934,56.9216109],[13.6320403,56.9218173],[13.6321758,56.9218136],[13.632153,56.922023],[13.6323421,56.9220171],[13.6322898,56.9221174],[13.6321677,56.9221554],[13.632322,56.9224446],[13.6324587,56.9224814],[13.6326505,56.9224091],[13.6324467,56.9220943],[13.6324903,56.9220738],[13.6327169,56.9224361],[13.6324829,56.9225276],[13.6325553,56.9227168],[13.6331508,56.9232087],[13.6337257,56.9238457],[13.6342021,56.9241133],[13.634288,56.9243842],[13.6342424,56.9250853],[13.6343202,56.9252507],[13.6345294,56.9253298],[13.6344865,56.9254615],[13.6342557,56.9256819],[13.6335884,56.9258798],[13.6328556,56.9259857],[13.6316164,56.9260337],[13.6311648,56.9259717],[13.6298666,56.9255659],[13.6288999,56.9254254],[13.6284868,56.9249547],[13.6280727,56.9247562],[13.6271329,56.9246748],[13.626605,56.924546],[13.626369,56.9243633],[13.6262939,56.9240319],[13.6261329,56.923776],[13.6257145,56.9236208],[13.625147,56.9235857],[13.6244173,56.9233369],[13.6238717,56.9230076],[13.6234228,56.9226319],[13.6229872,56.9223935],[13.6225527,56.9223684],[13.6218714,56.9226307],[13.6216976,56.9229592],[13.6218543,56.9231407],[13.621791,56.9237292],[13.6216172,56.9241279],[13.6213382,56.9242643],[13.6209938,56.924245],[13.6207192,56.9241121],[13.6198888,56.9240213],[13.6196881,56.9239013],[13.6199145,56.9235746],[13.620157,56.9234914],[13.6204874,56.9234803],[13.6208307,56.9233743],[13.6209981,56.9231167],[13.6209501,56.9227941],[13.6210614,56.9223783],[13.6208471,56.9222526],[13.6205024,56.9222267],[13.6202986,56.9220844],[13.6203608,56.9219561],[13.6206344,56.9218431],[13.6209638,56.9218736],[13.6210378,56.9221096],[13.6212556,56.9220276],[13.6211762,56.9216311],[13.6209753,56.921329],[13.620962,56.9211836],[13.6212395,56.9208248],[13.6213414,56.9204348],[13.6211742,56.9201996],[13.6210973,56.9196384],[13.6209289,56.9193994],[13.6199237,56.9188843],[13.61881,56.9181106],[13.6181329,56.9173896],[13.6168359,56.9164016],[13.6155923,56.9157205],[13.6149475,56.9156327],[13.6145345,56.915683],[13.6142115,56.9156532],[13.6140828,56.9153328],[13.6138403,56.9151425],[13.6131655,56.9148619],[13.6125947,56.9148057],[13.6120271,56.9150359],[13.6114993,56.9151694],[13.6107815,56.9151413],[13.6102429,56.9149475],[13.610244,56.914801],[13.6101303,56.9147185],[13.6101775,56.9145469],[13.6105273,56.9144877],[13.6106056,56.9143934],[13.6104543,56.9143243],[13.6102311,56.9143097],[13.6087709,56.9145773],[13.6085317,56.9145146],[13.6084448,56.9146095],[13.608021,56.914678],[13.6072453,56.9145931],[13.6070769,56.9144561],[13.6068891,56.9144613],[13.6065994,56.9151653],[13.6066262,56.9157867],[13.6067132,56.9160772],[13.6066853,56.9164204],[13.6064342,56.9167097],[13.6059299,56.916818],[13.6056885,56.9170031],[13.6055823,56.9172865],[13.6057416,56.9177159],[13.6054901,56.9183014],[13.6044129,56.9194633],[13.6042874,56.9202257],[13.6047637,56.9207656],[13.6051553,56.9207668],[13.6054761,56.9206397],[13.6055233,56.9209899],[13.6058184,56.9212306],[13.6058677,56.9213852],[13.6065866,56.9217008],[13.6076798,56.9219573],[13.6078504,56.9221821],[13.6080888,56.9222795],[13.6085424,56.9223074],[13.6088727,56.9225223],[13.6091046,56.9225774],[13.6098835,56.9226072],[13.6099425,56.922729],[13.6095928,56.9229755],[13.609861,56.9230809],[13.6099061,56.9231612],[13.6098095,56.9232654],[13.6099688,56.9234022],[13.6103663,56.9235816],[13.6105777,56.9237719],[13.6106828,56.9240476],[13.611127,56.924358],[13.6111538,56.9244751],[13.6109596,56.9246677],[13.6109135,56.924882],[13.6111442,56.9250471],[13.611416,56.9250909],[13.6117289,56.9249786],[13.6120153,56.9249663],[13.6121098,56.9251467],[13.6119864,56.925248],[13.6117675,56.9253094],[13.6117278,56.9254699],[13.6119102,56.9256221],[13.6117203,56.9258177],[13.611451,56.9259014],[13.6109897,56.9259137],[13.6104833,56.9260636],[13.6096923,56.926454],[13.6096222,56.9266175],[13.6102537,56.9269476],[13.6103159,56.9270847],[13.60995,56.9275273],[13.6096752,56.9276238],[13.6093718,56.92758],[13.6091175,56.9276444],[13.6089759,56.9280565],[13.6087527,56.9281988],[13.6082412,56.9282666],[13.6078568,56.9284517],[13.6078,56.928649],[13.6079073,56.9287725],[13.6081508,56.9288165],[13.6082667,56.9288943],[13.6080822,56.9289775],[13.608007,56.9291168],[13.6077603,56.929166],[13.607558,56.9291096],[13.6076476,56.9289248],[13.6075092,56.9288498],[13.6070565,56.9288867],[13.6065403,56.9288424],[13.6065306,56.9287238],[13.6066316,56.928608],[13.606476,56.9284248],[13.6059557,56.9283141],[13.604782,56.9282895],[13.6042475,56.9285678],[13.6043441,56.9292352],[13.6032497,56.9301134],[13.6033645,56.9316012],[13.6029477,56.9322914],[13.6036231,56.9327135],[13.603099,56.934059],[13.6045694,56.9349605],[13.6050302,56.9349722],[13.6055457,56.9348434],[13.6055727,56.9346073],[13.605107,56.9341507],[13.6050223,56.9338147],[13.6051242,56.9335835],[13.6055383,56.933388],[13.605798,56.9331942],[13.606137,56.9331708],[13.6062475,56.9332639],[13.6069106,56.9333382],[13.6070168,56.9334418],[13.6068161,56.9335179],[13.6067314,56.9336075],[13.6067722,56.9337333],[13.6070361,56.9337901],[13.6071005,56.9339154],[13.6069213,56.9340213],[13.6069556,56.9342479],[13.6075511,56.9348543],[13.6077528,56.9354256],[13.6082055,56.9355614],[13.6083847,56.935689],[13.6084566,56.9359103],[13.6083729,56.9360449],[13.6085478,56.9361848],[13.6089694,56.936385],[13.6093975,56.9363651],[13.6097044,56.9362691],[13.6103019,56.9365799],[13.6107855,56.9367502],[13.6111195,56.9367491],[13.6119638,56.9369926],[13.6121457,56.9370666],[13.6121795,56.9372249],[13.6125979,56.9374684],[13.6131665,56.937647],[13.6134434,56.9379062],[13.6137094,56.9379777],[13.6139798,56.9379513],[13.6139852,56.9377494],[13.6136547,56.9373525],[13.6134991,56.9368814],[13.6132899,56.9367438],[13.6133747,56.9366396],[13.6136912,56.936663],[13.613895,56.9369323],[13.613954,56.9370815],[13.6139111,56.9372788],[13.6140495,56.9374954],[13.6142694,56.9376583],[13.6147265,56.9377377],[13.6153037,56.9380485],[13.6154614,56.9382715],[13.6152726,56.9384307],[13.6152715,56.9386039],[13.6155205,56.938697],[13.6160429,56.9386344],[13.6163509,56.9387344],[13.6166502,56.9389885],[13.6169903,56.9394169],[13.617265,56.939565],[13.6177156,56.9396604],[13.6182306,56.9396487],[13.618406,56.9397166],[13.6186345,56.9397005],[13.6188362,56.9398169],[13.6195717,56.939795],[13.6197685,56.9398872],[13.6198511,56.9401497],[13.6201467,56.9405778],[13.6200593,56.9406369],[13.6200534,56.9407604],[13.6201473,56.9408183],[13.6208141,56.9409003],[13.621026,56.9409951],[13.6211424,56.9413208],[13.6214406,56.9415771],[13.6217164,56.9416734],[13.6227849,56.9417515],[13.6230145,56.9416968],[13.6232264,56.9415666],[13.6236111,56.9415721],[13.6240316,56.941362],[13.6239882,56.9412863],[13.6241743,56.9410726],[13.6242891,56.9410317],[13.6249355,56.9410823],[13.6253631,56.9411929],[13.6257257,56.9411244],[13.6261425,56.9409307],[13.6263174,56.9409307],[13.6271553,56.9410413],[13.6276762,56.9410624],[13.6282127,56.9411993],[13.6283575,56.9411762],[13.6284621,56.9410978],[13.6285828,56.9409032],[13.6287588,56.9407759],[13.6290629,56.9406656],[13.6293944,56.9406243],[13.6294921,56.940538],[13.6296214,56.9405196],[13.6299073,56.9407815],[13.6306739,56.9410873],[13.6310531,56.9411212],[13.6313262,56.9410519],[13.6313728,56.9411414],[13.6315773,56.9412464],[13.6315236,56.9414627],[13.6316121,56.9415721],[13.6318438,56.9416553],[13.6323964,56.9416828],[13.6324135,56.9417553],[13.6322612,56.9418779],[13.6322049,56.9420652],[13.6322607,56.9422177],[13.6324736,56.942352],[13.6328051,56.9424389],[13.6332214,56.9424614],[13.6335808,56.9424216],[13.633907,56.9422888],[13.6341983,56.9419754],[13.6344048,56.9419236],[13.635143,56.9421302],[13.6356499,56.9422121],[13.636225,56.942225],[13.6364696,56.9423116],[13.6366675,56.9424102],[13.6369867,56.942704],[13.6370296,56.9429047],[13.6369105,56.943013],[13.6369116,56.9431432],[13.6370039,56.9432873],[13.6374314,56.9435169],[13.6377157,56.9442235],[13.6379759,56.9442654],[13.6380515,56.9443359],[13.6383707,56.9444313],[13.6385483,56.944716],[13.6390584,56.944807],[13.6392988,56.9447505],[13.6394023,56.944618],[13.6395026,56.9446341],[13.6396045,56.9448008],[13.6397714,56.944836],[13.6398771,56.9449577],[13.6402595,56.9449738],[13.6403802,56.9450472],[13.6405342,56.945068],[13.6409065,56.9450165],[13.641334,56.9448784],[13.6414907,56.9447695],[13.6415593,56.9445852],[13.6419831,56.944582],[13.6426955,56.9442268],[13.6437378,56.9434622],[13.6438918,56.9432474],[13.6438821,56.9431189],[13.6437947,56.9430519],[13.6432733,56.9430639],[13.6432663,56.9429837],[13.6435747,56.942965],[13.6435796,56.9428901],[13.6433334,56.9427382],[13.6432357,56.9425741],[13.6431939,56.9422115],[13.6430453,56.9421299],[13.6429906,56.9419596],[13.6430775,56.9417612],[13.643321,56.9416374],[13.6438183,56.9415388],[13.6440747,56.9415385],[13.6447211,56.9416523],[13.6451776,56.9416055],[13.6456937,56.9415206],[13.6458884,56.9414317],[13.6459356,56.9413263],[13.6457903,56.9411926],[13.6445806,56.940749],[13.644028,56.9404189],[13.6432153,56.9401625],[13.6427454,56.9398418],[13.6423619,56.9397458],[13.642077,56.9397692],[13.6416242,56.939903],[13.6413228,56.9400674],[13.6409853,56.9401751],[13.640465,56.9402612],[13.64017,56.9402629],[13.6399232,56.9402044],[13.6398518,56.9400674],[13.6399393,56.9399097],[13.6406951,56.9394906],[13.6408131,56.9393317],[13.6408673,56.9390631],[13.6409494,56.9389881],[13.6412847,56.9388989],[13.6414499,56.9385992],[13.6420341,56.9384845],[13.6424396,56.9385583],[13.6425062,56.9386294],[13.6427223,56.9386996],[13.6437373,56.93868],[13.644211,56.9383771],[13.6445414,56.9382369],[13.6446637,56.9379914],[13.6446165,56.9379355],[13.6442989,56.9378512],[13.6440652,56.9375399],[13.6440833,56.9374172],[13.64444,56.9370204],[13.6443547,56.9369443],[13.6432277,56.9369209],[13.642783,56.9370066],[13.6422492,56.9371828],[13.6417584,56.9371957],[13.6416425,56.9371304],[13.641746,56.9368735],[13.6417283,56.9367078],[13.6414445,56.936469],[13.641209,56.9364467],[13.64087,56.9365173],[13.64038,56.9362863],[13.6400764,56.9360762],[13.6400292,56.9359966],[13.640174,56.935845],[13.6403693,56.9357817],[13.6406783,56.9358543],[13.6408832,56.9358549],[13.6409969,56.9357981],[13.640984,56.9357175],[13.640689,56.9355148],[13.6405334,56.935259],[13.6402394,56.9351203],[13.6399031,56.9350887],[13.6398779,56.935012],[13.6400356,56.9349207],[13.6401084,56.9347901],[13.6399798,56.9346187],[13.6400546,56.9345278],[13.6406482,56.9342338],[13.6407265,56.9341173],[13.6406965,56.9338948],[13.6405511,56.9338281],[13.6399465,56.9337386],[13.6394895,56.9335141],[13.6393318,56.9335231],[13.639195,56.9335875],[13.6390856,56.9337441],[13.6389858,56.934242],[13.6387025,56.9343453],[13.6385062,56.9343412],[13.6385244,56.9342139],[13.6380867,56.9338076],[13.6381763,56.9336267],[13.6384756,56.9335152],[13.6387696,56.9335234],[13.6391049,56.9331968],[13.6396767,56.9331985],[13.6400168,56.933063],[13.6403457,56.9327961],[13.6400088,56.9325859],[13.6396397,56.9324972],[13.6395625,56.9322192],[13.6392846,56.9321955],[13.6392009,56.9319031],[13.6393286,56.9318202],[13.6395952,56.9318322],[13.6397504,56.9318806],[13.6401466,56.9322458],[13.6403618,56.9323199],[13.6409009,56.9323635],[13.6409679,56.9324838],[13.6413982,56.9327577],[13.6414133,56.9328195],[13.6412936,56.9328763],[13.641307,56.9329647],[13.6414379,56.9330938],[13.6413853,56.9332799],[13.6414754,56.9335366],[13.6415983,56.9336499],[13.6416487,56.9340643],[13.6419711,56.9342285],[13.642323,56.9342508],[13.642706,56.9341053],[13.6433803,56.9339607],[13.6435289,56.9334974],[13.6438245,56.9330501],[13.6437172,56.9328037],[13.6435557,56.9327572],[13.643618,56.932499],[13.643758,56.932324],[13.6440557,56.9322976],[13.6442252,56.932187],[13.6443025,56.9320401],[13.6448732,56.931656],[13.644804,56.9316145],[13.6448335,56.93156],[13.6449403,56.9315234],[13.6450411,56.9315594],[13.6452557,56.9315474],[13.6452541,56.9315946],[13.645002,56.9316748],[13.6447166,56.9318451],[13.6446533,56.9319458],[13.6447048,56.9320485],[13.644819,56.9320951],[13.6450808,56.9320521],[13.6450465,56.9322177],[13.6446297,56.9322856],[13.6444392,56.9322622],[13.6441995,56.9323518],[13.6442697,56.9327715],[13.6442215,56.9328423],[13.6443996,56.9330665],[13.6449231,56.933193],[13.6453437,56.9330882],[13.6456843,56.9331063],[13.6458619,56.9331728],[13.6462417,56.9331625],[13.6467379,56.9332577],[13.646904,56.9333437],[13.6469557,56.933459],[13.6470823,56.9334866],[13.6472357,56.9334011],[13.6474304,56.9333914],[13.6476896,56.9334965],[13.6478993,56.9338714],[13.6478907,56.9340631],[13.647785,56.9341919],[13.6474074,56.9342809],[13.6471048,56.9345203],[13.6468801,56.9345786],[13.6467148,56.934693],[13.6467738,56.9347711],[13.6466848,56.9349078],[13.6464123,56.9349883],[13.646165,56.9351408],[13.6460191,56.9356067],[13.6460319,56.9358362],[13.6461736,56.9359603],[13.6464734,56.9361054],[13.6467508,56.9361815],[13.6470238,56.9361953],[13.6474986,56.9359966],[13.6477668,56.9356577],[13.6482142,56.9353937],[13.6482893,56.9351063],[13.6482265,56.9349427],[13.647932,56.9347079],[13.6479926,56.9346184],[13.6483167,56.9345071],[13.648594,56.9345162],[13.6488374,56.9346054],[13.6489765,56.9348209],[13.6491208,56.9348525],[13.6496599,56.9347908],[13.6496476,56.9348525],[13.6503262,56.9350287],[13.650729,56.9352716],[13.6508411,56.9354607],[13.6510616,56.9356404],[13.6513175,56.9357282],[13.6514763,56.9359082],[13.651641,56.9359506],[13.6516823,56.9361511],[13.6515932,56.9363071],[13.6511045,56.9367402],[13.6511598,56.9370759],[13.6512934,56.9371385],[13.6513186,56.9374798],[13.6511523,56.9375872],[13.6511834,56.9376703],[13.651509,56.9377739],[13.6518153,56.9378043],[13.6518598,56.9378523],[13.6515707,56.9382205],[13.6515412,56.9384136],[13.651156,56.9388061],[13.6510327,56.9388488],[13.6509205,56.939236],[13.6507135,56.9394095],[13.6507033,56.939543],[13.6509044,56.9398423],[13.6513669,56.939986],[13.6515466,56.9399682],[13.6516013,56.9398883],[13.6515342,56.9398031],[13.6515208,56.9394095],[13.6516415,56.9394095],[13.6520052,56.9395523],[13.6520127,56.9397466],[13.6517129,56.9401698],[13.651362,56.9403463],[13.6512226,56.9405807],[13.6508122,56.9407141],[13.6503433,56.9410688],[13.6498439,56.9413038],[13.6497425,56.9414226],[13.6497371,56.9420757],[13.6495494,56.942365],[13.6495987,56.9432046],[13.6507022,56.9437714],[13.6512483,56.9439364],[13.6512537,56.9439964],[13.6508594,56.9441357],[13.6509581,56.9443458],[13.651399,56.9446214],[13.6516544,56.9446817],[13.6521645,56.9446644],[13.6524612,56.9447107],[13.6527573,56.9449023],[13.6532133,56.9450495],[13.6533016,56.9451434],[13.653298,56.9454059],[13.6534332,56.945556],[13.6537208,56.9457248],[13.6541848,56.9458778],[13.6542081,56.9459411],[13.654041,56.9460607],[13.6540947,56.9461517],[13.6542529,56.946236],[13.6544101,56.9462427],[13.654519,56.9460727],[13.6546123,56.9460522],[13.6552008,56.9462717],[13.6554309,56.9464472],[13.6563826,56.9467483],[13.6571502,56.947078],[13.6575354,56.9473241],[13.6578176,56.9476143],[13.6579544,56.9478689],[13.6581802,56.9480523],[13.6582778,56.9483156],[13.6578144,56.9488861],[13.6576808,56.9492176],[13.6574233,56.9492539],[13.6574083,56.9493352],[13.6575987,56.9494037],[13.6575622,56.9495906],[13.6577977,56.9498463],[13.6581089,56.9500211],[13.6582081,56.9501384],[13.6581234,56.9503037],[13.6579984,56.9503257],[13.6579726,56.9502089],[13.6578219,56.9501849],[13.6579807,56.950546],[13.6578439,56.9506261],[13.6575392,56.9514839],[13.657551,56.9518463],[13.6577811,56.9522328],[13.6577548,56.9523817],[13.657492,56.9522913],[13.6573665,56.9521684],[13.656947,56.9520546],[13.6568729,56.9519654],[13.6567646,56.9519563],[13.6566433,56.9520146],[13.6566782,56.9523495],[13.6565398,56.9524782],[13.6565956,56.9528369],[13.6567603,56.9529527],[13.6564035,56.9530115],[13.6562598,56.9531256],[13.6557834,56.9531982],[13.6555211,56.9531929],[13.6553736,56.9531446],[13.6553135,56.9530341],[13.6545796,56.9532646],[13.6542808,56.9532845],[13.6539177,56.9532192],[13.6536296,56.9530756],[13.65341,56.9530312],[13.6531441,56.9530861],[13.652774,56.9530882],[13.6522037,56.9530025],[13.6518471,56.9527149],[13.6518164,56.9525496],[13.6518508,56.9524089],[13.6522649,56.9521994],[13.6524527,56.9518583],[13.6523641,56.9517249],[13.6519108,56.9516126],[13.6518792,56.9515424],[13.6523008,56.9513973],[13.6524097,56.9512329],[13.652391,56.9511267],[13.6520015,56.9508435],[13.6520911,56.9503429],[13.6519071,56.9502148],[13.651913,56.9500811],[13.6522531,56.9497953],[13.6523234,56.9495884],[13.6522633,56.9494325],[13.6520407,56.9493608],[13.6515123,56.9493391],[13.6513991,56.9491949],[13.6506819,56.9490425],[13.6504292,56.9488801],[13.6503493,56.9487283],[13.6503804,56.9484298],[13.6502107,56.9482161],[13.6499614,56.9479509],[13.6496932,56.947878],[13.649374,56.9478968],[13.6487673,56.9481949],[13.6482952,56.9482043],[13.6477797,56.9482996],[13.6476719,56.9485712],[13.6476848,56.9487634],[13.6484218,56.9494971],[13.6483001,56.9499175],[13.6479573,56.9501402],[13.6478618,56.9503113],[13.6479975,56.9506595],[13.6479385,56.9507551],[13.6480769,56.951041],[13.6484873,56.9513405],[13.6482233,56.9514321],[13.6480769,56.9515535],[13.6477749,56.9521044],[13.6474595,56.9521834],[13.6473849,56.9522904],[13.6476064,56.9524428],[13.6477894,56.9527111],[13.6478575,56.9530516],[13.6480463,56.9533763],[13.6482191,56.953608],[13.6484025,56.9537078],[13.6482877,56.9538388],[13.6484261,56.9540641],[13.6484245,56.9541989],[13.6482384,56.9544973],[13.6477572,56.9548866],[13.6476853,56.9550232],[13.6478618,56.9553269],[13.6467471,56.9554325],[13.6456597,56.9557823],[13.6449498,56.9562668],[13.6448425,56.956571],[13.6442578,56.9568167],[13.6439842,56.9570653],[13.6439735,56.9572525],[13.6450517,56.9576416],[13.6453682,56.9576884],[13.6458778,56.957662],[13.6471653,56.9570653],[13.6474657,56.9569981],[13.6480007,56.9570638],[13.6484787,56.9570454],[13.6495846,56.9568884],[13.6498529,56.9566982],[13.6500674,56.9566982],[13.6505156,56.9569468],[13.6506143,56.9570682],[13.6504812,56.9573157],[13.6506438,56.9574309],[13.6504512,56.9575772],[13.6506196,56.9577354],[13.6506271,56.958056],[13.6510411,56.9583611],[13.6510813,56.9588686],[13.6512476,56.9589373],[13.6520791,56.9590748],[13.652291,56.9589944],[13.6524036,56.9587648],[13.6526531,56.9587238],[13.6540358,56.9593139],[13.6547787,56.9594214],[13.6554131,56.9592905],[13.6561359,56.9589015],[13.6567555,56.9587765],[13.6567435,56.9586481],[13.6569406,56.9586459],[13.6569165,56.9583882],[13.6571297,56.9581374],[13.6574011,56.9578854],[13.6575518,56.9578558],[13.6577659,56.9579316],[13.6579102,56.9581059],[13.65798,56.9582317],[13.6579035,56.9586448],[13.6582755,56.9588424],[13.6582835,56.9589343],[13.6581194,56.9592854],[13.6579847,56.9593344],[13.6578131,56.9593174],[13.6576553,56.9592306],[13.6574118,56.9592329],[13.6572853,56.9595398],[13.6574258,56.9599492],[13.6579622,56.9602115],[13.6586424,56.9606643],[13.658872,56.960903],[13.6590555,56.9609433],[13.6593323,56.9611811],[13.6595324,56.9615683],[13.6597904,56.9617114],[13.6598751,56.9618634],[13.6597121,56.962475],[13.6592867,56.9629338],[13.6592126,56.9631415],[13.6592963,56.9634433],[13.659483,56.9636205],[13.6594827,56.9637671],[13.6595551,56.9638709],[13.6597945,56.9640047],[13.6596791,56.9643696],[13.6598615,56.9646806],[13.6600587,56.9648444],[13.6600842,56.9653211],[13.6601928,56.9655517],[13.6600104,56.9656614],[13.6597294,56.9657279],[13.6590267,56.9656771],[13.6576159,56.9658957],[13.6567897,56.9657418],[13.656138,56.9657689],[13.6561413,56.9658117],[13.6558262,56.9658219],[13.6553668,56.9659173],[13.6550979,56.9660646],[13.6546151,56.9661607],[13.6541632,56.9664883],[13.6541719,56.9666948],[13.6540385,56.9667569],[13.6543677,56.9669024],[13.6544669,56.9669035],[13.6543885,56.9670972],[13.6548237,56.9673422],[13.6547881,56.9675315],[13.6543871,56.9676587],[13.654253,56.9678883],[13.6542651,56.9679712],[13.6544676,56.9681145],[13.6543838,56.9681514],[13.65419,56.9680604],[13.6539419,56.9681357],[13.6540445,56.9683382],[13.6539479,56.9683302],[13.6538453,56.9682329],[13.6536348,56.9682271],[13.6528938,56.9685001],[13.6528777,56.9686021],[13.6530018,56.9686299],[13.6530065,56.9687059],[13.6527443,56.9688708],[13.65281,56.9689413],[13.6530273,56.968889],[13.6529716,56.9688276],[13.6530387,56.9688031],[13.6531788,56.9689855],[13.6536925,56.9691175],[13.6539017,56.9691094],[13.6540358,56.9690268],[13.6539942,56.969138],[13.6541337,56.9691555],[13.6543201,56.9690546],[13.6543013,56.9691219],[13.6544086,56.9691701],[13.655051,56.9692491],[13.6565584,56.9692345],[13.656612,56.9692885],[13.656844,56.9693112],[13.6568709,56.969279],[13.6573081,56.9694962],[13.6574811,56.9693829],[13.6575548,56.9694201],[13.6574033,56.9695656],[13.6575441,56.9696855],[13.6576058,56.9696972],[13.6577868,56.969589],[13.6578767,56.9696299],[13.6576983,56.9697381],[13.6577158,56.9697959],[13.6580993,56.9696848],[13.658157,56.9697469],[13.6578324,56.9698909],[13.658106,56.9701826],[13.6584011,56.9702316],[13.6586814,56.9701402],[13.658963,56.9702623],[13.6592098,56.9705225],[13.659073,56.9707301],[13.6593787,56.9709516],[13.6591145,56.9711058],[13.6591923,56.9712447],[13.6594686,56.971293],[13.6594284,56.9714713],[13.6596,56.9715839],[13.6596027,56.9717622],[13.6598414,56.9717505],[13.6598521,56.9718032],[13.6597422,56.9718251],[13.6597555,56.9719852],[13.6600319,56.9722184],[13.6602008,56.9727008],[13.6606482,56.9732153],[13.66069,56.9734451],[13.6606176,56.9736412],[13.6607442,56.974188],[13.6608995,56.9742533],[13.6607601,56.9742738],[13.6607078,56.9745398],[13.6609693,56.974637],[13.6610645,56.9749024],[13.6612402,56.9750917],[13.6611651,56.9755945],[13.6614239,56.975835],[13.6615558,56.9761103],[13.6615674,56.9765586],[13.6616868,56.9769613],[13.6616202,56.9771352],[13.6616707,56.977383],[13.6612429,56.9775182],[13.6613072,56.9776534],[13.6615433,56.9776673],[13.6616693,56.9777784],[13.6613971,56.9777236],[13.6613676,56.9779209],[13.6619512,56.9782853],[13.661986,56.9785759],[13.6618847,56.9786186],[13.6618863,56.978713],[13.6623721,56.9793007],[13.6623184,56.9794089],[13.6620811,56.9795214],[13.6619121,56.9798167],[13.6620261,56.9799183],[13.6621749,56.9799183],[13.662297,56.9800206],[13.6622635,56.980139],[13.6621119,56.9801806],[13.6619402,56.9804444],[13.6621615,56.9806725],[13.6621803,56.9807755],[13.6620274,56.9809129],[13.6621763,56.9811],[13.6618142,56.9814836],[13.661499,56.9821136],[13.6607506,56.982099],[13.6604202,56.9821668],[13.6602093,56.9824012],[13.6601914,56.9825403],[13.6603899,56.9826646],[13.6603497,56.9827252],[13.6602062,56.9827544],[13.6602035,56.9829079],[13.660292,56.9829963],[13.6607721,56.9832777],[13.6612147,56.9834808],[13.6612858,56.9834662],[13.6614802,56.9837512],[13.6618106,56.983882],[13.6616009,56.9840055],[13.6613703,56.9840654],[13.6611482,56.9843458],[13.6610467,56.9846691],[13.6611723,56.9849144],[13.661492,56.9851005],[13.6619431,56.9856769],[13.6617409,56.9867966],[13.6618637,56.9870211],[13.6621123,56.9871937],[13.6623299,56.9874937],[13.6626437,56.9876299],[13.6625524,56.9877224],[13.6622956,56.9877544],[13.6620901,56.9878435],[13.6618439,56.9879008],[13.661514,56.9879116],[13.6614442,56.9881972],[13.6617302,56.9882042],[13.6617259,56.9882775],[13.6616079,56.988305],[13.6617114,56.9885569],[13.6616331,56.9890105],[13.6616899,56.9892557],[13.6617779,56.9893826],[13.6623433,56.9897192],[13.6624157,56.9898607],[13.6627585,56.989889],[13.6630257,56.9900138],[13.6630353,56.990155],[13.6632483,56.9902964],[13.663531,56.9903376],[13.6637263,56.9903072],[13.6639167,56.9902067],[13.6642225,56.9901661],[13.6645685,56.9902],[13.6649499,56.9903207],[13.6651269,56.9905492],[13.6653501,56.9910746],[13.6656108,56.9912196],[13.6656145,56.9913467],[13.6655496,56.9914119],[13.6654107,56.9914166],[13.6651709,56.9913225],[13.6647219,56.9912824],[13.6640197,56.9909826],[13.6637461,56.9909466],[13.6634929,56.9909808],[13.6632719,56.9911366],[13.6631791,56.9913005],[13.6634516,56.9920098],[13.6633486,56.9923643],[13.6626968,56.9927588],[13.662294,56.992831],[13.6619463,56.9927746],[13.6616127,56.9926121],[13.6614743,56.9923613],[13.6612967,56.9922822],[13.6608198,56.9922635],[13.6604357,56.9923573],[13.6602726,56.9924683],[13.6602136,56.9926279],[13.6605419,56.9929724],[13.6607077,56.993428],[13.6606246,56.9935153],[13.660381,56.99352],[13.6602694,56.9935825],[13.6604003,56.9937257],[13.6607801,56.9938599],[13.6607495,56.993918],[13.6604743,56.9938803],[13.6603118,56.9938143],[13.6601933,56.9936267],[13.6601026,56.9936457],[13.6600656,56.9938663],[13.6599309,56.9936708],[13.6595865,56.9937605],[13.6595872,56.99389],[13.6597126,56.9939595],[13.6596829,56.9940888],[13.6595088,56.9942511],[13.6594787,56.9944677],[13.6595286,56.9946339],[13.659652,56.9946935],[13.6598499,56.9947096],[13.6599186,56.9947662],[13.659822,56.9948519],[13.6598328,56.9950904],[13.660506,56.9956806],[13.660558,56.9958808],[13.6608332,56.9961215],[13.6608279,56.9962451],[13.6606809,56.9963649],[13.6602646,56.9964056],[13.6601123,56.9964958],[13.6600404,56.9967214],[13.6601793,56.9970992],[13.6604003,56.9973403],[13.6608702,56.9976249],[13.6611503,56.9975638],[13.6611953,56.9976146],[13.6606133,56.9977645],[13.6606675,56.9978063],[13.6613514,56.9976865],[13.6615043,56.9977707],[13.6615698,56.9979077],[13.661882,56.9980357],[13.6625568,56.9981385],[13.6629017,56.998109],[13.6629355,56.9982612],[13.6627263,56.9983518],[13.6626872,56.9984626],[13.6631383,56.9986834],[13.6632971,56.9988547],[13.663494,56.9989373],[13.6633888,56.9990755],[13.6635187,56.9991191],[13.6635297,56.9991847],[13.6633261,56.9993049],[13.6632896,56.9994711],[13.6634162,56.999536],[13.6635428,56.9995316],[13.6637955,56.9991419],[13.6640288,56.9989689],[13.6642514,56.9988921],[13.6644617,56.9988763],[13.6646307,56.9989347],[13.6648769,56.9992058],[13.6648603,56.9995395],[13.6651097,57.0001171],[13.66501,57.000156],[13.6646919,57.0001808],[13.6641629,57.0000672],[13.663929,56.9999763],[13.6636506,56.9997394],[13.6633448,56.9997104],[13.6631035,57.0002092],[13.6631051,57.0003748],[13.6629908,57.0004701],[13.6626078,57.0004858],[13.6615242,57.0002983],[13.6612452,57.0003307],[13.6610773,57.0004733],[13.661036,57.0007356],[13.6612783,57.0009425],[13.6613985,57.0011798],[13.6616248,57.0013083],[13.6616361,57.0014144],[13.6614446,57.0015213],[13.6613797,57.0016723],[13.6614864,57.0018339],[13.6617761,57.0020031],[13.6618008,57.0021062],[13.6619687,57.0021968],[13.6622332,57.0022157],[13.6623233,57.0022841],[13.6623903,57.0027886],[13.6622729,57.0029815],[13.6623222,57.0031118],[13.663165,57.0035196],[13.6634353,57.0037527],[13.6638806,57.0040153],[13.6644213,57.0041719],[13.6647437,57.0043314],[13.6652152,57.0047001],[13.6663117,57.0054012],[13.6668337,57.0058759],[13.6673081,57.0067315],[13.667476,57.0068553],[13.6673006,57.0071585],[13.6675318,57.007706],[13.6676675,57.0082954],[13.66742,57.0086611],[13.6675022,57.0088081],[13.6676858,57.0087919],[13.6678664,57.0088663],[13.6671314,57.0091379],[13.6670259,57.0090961],[13.6668293,57.0091834],[13.6669325,57.0092904],[13.6677576,57.0090315],[13.6679577,57.0090449],[13.6685038,57.0093154],[13.668528,57.0094276],[13.668699,57.0095098],[13.6689035,57.0094317],[13.6690842,57.0094504],[13.6693696,57.0096896],[13.6689807,57.0099504],[13.668993,57.0100147],[13.6690869,57.0100991],[13.66928,57.0101263],[13.669611,57.010409],[13.6696362,57.010579],[13.6695633,57.0107087],[13.669331,57.0107192],[13.6686165,57.0105863],[13.6682174,57.0104265],[13.6679459,57.0102384],[13.667049,57.0102454],[13.6668671,57.0104184],[13.6668376,57.0107078],[13.6666311,57.0108825],[13.6658152,57.0111857],[13.6655689,57.01149],[13.6654831,57.0118352],[13.6655248,57.0123362],[13.6652555,57.01263],[13.6651664,57.0131347],[13.6650414,57.0134043],[13.6654132,57.0137521],[13.6658509,57.0139238],[13.6666781,57.0139586],[13.6669817,57.0138313],[13.6669721,57.0136727],[13.6672146,57.0138073],[13.6674372,57.0137217],[13.6675534,57.0136496],[13.6676239,57.0133724],[13.667979,57.0132565],[13.6684655,57.0132527],[13.6689854,57.0133654],[13.6693732,57.0131797],[13.6694531,57.013222],[13.6693866,57.0133716],[13.6698742,57.0136844],[13.6701199,57.0140106],[13.6705344,57.0141352],[13.6708817,57.0144203],[13.6711268,57.0145167],[13.6726997,57.0149101],[13.6732705,57.0149805],[13.6737361,57.0150906],[13.6743031,57.0153362],[13.6753106,57.0160096],[13.6763287,57.0164883],[13.6767069,57.0167255],[13.6768314,57.016941],[13.6767198,57.0171574],[13.6768233,57.0173925],[13.6770717,57.0176124],[13.6773667,57.0177508],[13.6776816,57.0180405],[13.6781961,57.0190006],[13.6789508,57.0199564],[13.6791724,57.0204116],[13.679123,57.0208964],[13.6792529,57.021271],[13.6800128,57.0218045],[13.6808965,57.0225351],[13.6818868,57.0230574],[13.6822864,57.0232031],[13.6826373,57.0234268],[13.682742,57.0236959],[13.6827265,57.0241278],[13.6830028,57.0243897],[13.6832608,57.024477],[13.6838123,57.0245511],[13.6848186,57.0250731],[13.6856834,57.025418],[13.686149,57.0254676],[13.6865588,57.0253952],[13.687643,57.0250618],[13.6879074,57.0248043],[13.6877331,57.0242542],[13.6868051,57.0236229],[13.686093,57.0232741],[13.6855755,57.0231085],[13.6855632,57.0227312],[13.6852837,57.0223309],[13.685332,57.0221061],[13.6855224,57.021843],[13.6859076,57.0217078],[13.6864689,57.0217057],[13.6874558,57.0214835],[13.687761,57.0214794],[13.6879493,57.0215834],[13.6884214,57.0216859],[13.6888478,57.0216152],[13.6891161,57.0213866],[13.6890554,57.0208321],[13.6887593,57.0204347],[13.6881408,57.0201435],[13.6876205,57.0200253],[13.6865186,57.0199911],[13.6859076,57.0198979],[13.6850707,57.0196194],[13.6845997,57.0196159],[13.6843648,57.0196865],[13.6842355,57.0198728],[13.6839823,57.0199464],[13.6837763,57.0199438],[13.6832495,57.019808],[13.6827006,57.0195029],[13.6826394,57.019198],[13.6828352,57.0188932],[13.6827462,57.0187434],[13.6824822,57.0186061],[13.6825256,57.0183948],[13.6829334,57.0181155],[13.6830611,57.0178763],[13.6825804,57.0174415],[13.6824248,57.0174161],[13.6820037,57.017466],[13.681979,57.0174317],[13.6821384,57.0173859],[13.6824165,57.0173685],[13.6824187,57.0172713],[13.6821606,57.017207],[13.6820311,57.0171232],[13.681824,57.0165645],[13.6812707,57.0162597],[13.6808992,57.0161972],[13.680127,57.0163017],[13.6797981,57.0162696],[13.6793607,57.0161414],[13.6790452,57.0159454],[13.6789911,57.0156915],[13.679086,57.0155548],[13.6793663,57.0154056],[13.6795852,57.015353],[13.679645,57.0151895],[13.6793821,57.0150259],[13.6791678,57.014794],[13.6789651,57.0143288],[13.6785855,57.0139612],[13.6768818,57.0130265],[13.6762769,57.0123129],[13.6762841,57.0121082],[13.6763796,57.0120197],[13.6762693,57.0117735],[13.6765829,57.0115237],[13.6766081,57.0113751],[13.6764115,57.0112118],[13.67625,57.0109314],[13.675799,57.0106039],[13.6758,57.0102],[13.6755726,57.0097745],[13.6751011,57.0091957],[13.6751121,57.0088598],[13.6752938,57.0086],[13.6751746,57.0082181],[13.6753408,57.0076554],[13.6757206,57.0074182],[13.6758005,57.0072064],[13.6757018,57.0070753],[13.6757785,57.0069923],[13.6762436,57.0067508],[13.6762153,57.0065938],[13.6760226,57.0065019],[13.6763198,57.0059556],[13.6764614,57.0058948],[13.6767623,57.0058931],[13.6770155,57.0058206],[13.6774978,57.0055011],[13.6776748,57.0051993],[13.6777102,57.0049136],[13.6775445,57.0047824],[13.6769357,57.0044975],[13.6767262,57.0043089],[13.6766567,57.0041249],[13.6766876,57.0039162],[13.6771594,57.0037876],[13.6772318,57.0036661],[13.6769185,57.0034858],[13.676962,57.0033509],[13.6772323,57.0032054],[13.677591,57.0028509],[13.677864,57.0026789],[13.6782991,57.0026524],[13.6786361,57.0027305],[13.6788791,57.002677],[13.6791913,57.0023326],[13.679575,57.0022],[13.6811043,57.0020933],[13.681218,57.0019934],[13.6812298,57.0018233],[13.680577,57.0016778],[13.6802556,57.0017149],[13.6797863,57.0016936],[13.6795626,57.0015998],[13.6796441,57.0014687],[13.6801897,57.001362],[13.6805469,57.0010366],[13.6808924,57.0009685],[13.6811145,57.0008426],[13.6813645,57.0005688],[13.6818022,57.0004633],[13.682204,57.0004338],[13.6824985,57.0005384],[13.6827785,57.0005749],[13.6829078,57.0005212],[13.6829947,57.0004172],[13.6828338,56.9999322],[13.6828338,56.9996517],[13.6827034,56.9993844],[13.6823499,56.9990025],[13.6823783,56.9988056],[13.6824888,56.9987103],[13.6827635,56.9986583],[13.6832098,56.9986515],[13.6834394,56.9985873],[13.683441,56.9983296],[13.6835194,56.9981905],[13.6837404,56.9980222],[13.6840022,56.9979904],[13.6857166,56.9986288],[13.6867482,56.998838],[13.6874863,56.9991839],[13.6882218,56.9997762],[13.6886477,57.000215],[13.688792,57.0004625],[13.6896144,57.0009857],[13.6900307,57.0014193],[13.6905129,57.0017369],[13.6911771,57.0020132],[13.6914716,57.0022598],[13.6919018,57.0024605],[13.6925385,57.0026206],[13.693105,57.0028932],[13.6938727,57.0036352],[13.694402,57.0040077],[13.6946444,57.0043539],[13.6948596,57.0044819],[13.6951664,57.0045275],[13.695328,57.0044333],[13.6954664,57.0041955],[13.6958602,57.0040717],[13.695953,57.0039405],[13.6958902,57.0038117],[13.6959541,57.0036916],[13.696156,57.003607],[13.6962674,57.0034564],[13.6961976,57.0032309],[13.6962641,57.0029312],[13.6967813,57.002703],[13.6972351,57.0025908],[13.6976406,57.0026265],[13.698353,57.0030568],[13.699143,57.0033598],[13.6997353,57.0034354],[13.700121,57.0034033],[13.7006875,57.0034416],[13.701365,57.0035292],[13.7027168,57.0042593],[13.703212,57.0048567],[13.7035547,57.0050071],[13.7037328,57.0049619],[13.7039721,57.0050077],[13.7044586,57.0053755],[13.7044661,57.0055814],[13.7040268,57.0057438],[13.7039635,57.0059661],[13.7041325,57.00699],[13.7038487,57.007659],[13.7035531,57.0079172],[13.7028869,57.0080457],[13.7020832,57.007928],[13.7012169,57.007519],[13.7002186,57.0068457],[13.6997277,57.0062223],[13.6985009,57.0057205],[13.6983045,57.0057248],[13.6981554,57.0057856],[13.698127,57.0059638],[13.698356,57.0063809],[13.6986774,57.006522],[13.6987986,57.006643],[13.6989408,57.0072041],[13.6991904,57.0077168],[13.6993835,57.007748],[13.6993846,57.0078768],[13.6990188,57.0078941],[13.699029,57.0079484],[13.6992607,57.0080013],[13.6993133,57.0083749],[13.6992854,57.0084885],[13.6991438,57.0085498],[13.6991904,57.008627],[13.6995359,57.00859],[13.7000477,57.0091743],[13.7004594,57.0093546],[13.7004017,57.0094717],[13.7011128,57.0093902],[13.7006262,57.0095028],[13.7011589,57.0094626],[13.7005224,57.0095735],[13.7005221,57.0096459],[13.7010082,57.0099741],[13.7011892,57.0100186],[13.7011337,57.0101238],[13.7012209,57.0102203],[13.7016505,57.0105041],[13.7017316,57.0106736],[13.7018761,57.0107291],[13.7021744,57.0110005],[13.7022608,57.0113688],[13.7025087,57.0116393],[13.7027049,57.0116721],[13.702927,57.0118119],[13.7032352,57.0122452],[13.7036295,57.0126194],[13.7037003,57.0127563],[13.7035182,57.0127922],[13.7035501,57.0129137],[13.7037657,57.0130019],[13.703971,57.0132331],[13.7047236,57.0151677],[13.7049076,57.0154809],[13.7048952,57.0156856],[13.7050159,57.0157596],[13.7047628,57.0160132],[13.7047962,57.0162706],[13.7049156,57.0163387],[13.7047536,57.0164624],[13.7051565,57.0164856],[13.7051487,57.0165277],[13.7048131,57.0165324],[13.7044167,57.017188],[13.7047515,57.0172654],[13.704724,57.0173197],[13.7043915,57.0172626],[13.7043457,57.0173287],[13.7044994,57.0173662],[13.7044553,57.0174457],[13.7043704,57.0174902],[13.7042162,57.0174615],[13.7039036,57.0179225],[13.7038303,57.0187654],[13.7039126,57.0189655],[13.7041318,57.0192395],[13.7043799,57.019386],[13.7046397,57.0193351],[13.7046815,57.0193826],[13.7043837,57.0194571],[13.70439,57.019508],[13.704562,57.0195815],[13.7047711,57.0195335],[13.7048289,57.0196345],[13.70477,57.0196512],[13.7047041,57.0196079],[13.7046048,57.0197028],[13.7046359,57.0197468],[13.7048797,57.0197818],[13.7046677,57.0198735],[13.7047087,57.0199286],[13.7049465,57.0198952],[13.7050223,57.0199622],[13.7046585,57.0199872],[13.7046598,57.0200784],[13.7047311,57.0201613],[13.7049448,57.020042],[13.7050761,57.0200221],[13.705141,57.0200719],[13.7050914,57.0201318],[13.7048743,57.0201958],[13.7049707,57.0202647],[13.7049203,57.0203362],[13.7051504,57.0204296],[13.7052156,57.0205873],[13.7055208,57.0208368],[13.7062288,57.0216705],[13.7066499,57.022027],[13.7068642,57.0219992],[13.7069256,57.0220461],[13.7067491,57.022129],[13.7067892,57.0221561],[13.7070403,57.0220622],[13.7071135,57.0221205],[13.706921,57.0222032],[13.7076427,57.022662],[13.7076212,57.0227772],[13.7078218,57.0229062],[13.707851,57.0230492],[13.7081799,57.0232305],[13.7082609,57.0232084],[13.7083648,57.0233156],[13.7089784,57.0235976],[13.7091985,57.0238181],[13.7092833,57.0238463],[13.7094807,57.0238155],[13.7093413,57.0239625],[13.7096994,57.0240753],[13.7095822,57.0242985],[13.7098927,57.0246767],[13.7101192,57.025188],[13.7103049,57.0253413],[13.7104882,57.0252896],[13.7105223,57.0253224],[13.710381,57.0253889],[13.7105014,57.025687],[13.7108108,57.0261169],[13.7108263,57.02697],[13.7112248,57.0276636],[13.7114129,57.0277475],[13.713152,57.0295432],[13.7133027,57.0299125],[13.7140178,57.0307603],[13.7141512,57.0312519],[13.7143421,57.0312944],[13.7142132,57.0313193],[13.7141293,57.0314172],[13.7142212,57.0315576],[13.7145504,57.0316227],[13.7146187,57.0315925],[13.7145357,57.0314741],[13.7145975,57.0314757],[13.7147382,57.0315877],[13.7145101,57.0316763],[13.7148348,57.0316532],[13.7148362,57.0317133],[13.7151447,57.0319006],[13.7155823,57.0324626],[13.7161252,57.0327553],[13.7163623,57.0329527],[13.7164824,57.0332139],[13.716653,57.0333319],[13.7170395,57.0337974],[13.7171963,57.0340634],[13.7171924,57.0342643],[13.7177725,57.0348163],[13.7180216,57.0347369],[13.7181042,57.0347902],[13.7180226,57.0347617],[13.7178489,57.0348172],[13.7180411,57.0349305],[13.7182707,57.0349731],[13.7183201,57.0348975],[13.7182318,57.0348548],[13.7183718,57.0348831],[13.7183684,57.034985],[13.718509,57.0350178],[13.7188346,57.0350006],[13.7190387,57.0350733],[13.7198553,57.035756],[13.7199479,57.0357608],[13.7201167,57.035904],[13.7203208,57.0359426],[13.7202543,57.0359858],[13.7203071,57.0360249],[13.720207,57.0360652],[13.7205207,57.0363822],[13.7205333,57.0364679],[13.7202588,57.0366332],[13.720448,57.036713],[13.7201566,57.0367513],[13.7201837,57.0366804],[13.7201104,57.036661],[13.7198995,57.0367368],[13.7197335,57.0367027],[13.7196276,57.0369833],[13.7197593,57.0370942],[13.719743,57.0373026],[13.7199814,57.0373486],[13.7197118,57.0373612],[13.7196914,57.0374723],[13.7199532,57.0374767],[13.7198919,57.0375369],[13.7200488,57.0375484],[13.7202569,57.0376399],[13.7203557,57.0376075],[13.720531,57.0376721],[13.7206028,57.0376174],[13.7206938,57.0376211],[13.720773,57.0376767],[13.721029,57.0376731],[13.7211633,57.0377287],[13.7211746,57.0377726],[13.7210092,57.0378761],[13.720784,57.0378941],[13.7207257,57.0379443],[13.7201587,57.0379494],[13.7201364,57.038104],[13.7200762,57.0381004],[13.720096,57.0379348],[13.7199931,57.0379117],[13.7192616,57.0381204],[13.7191832,57.0382175],[13.7193539,57.0383547],[13.7193051,57.0383767],[13.7191104,57.0382745],[13.718982,57.0384405],[13.7192258,57.0385076],[13.7192767,57.0384568],[13.719332,57.0384794],[13.7192437,57.038534],[13.7190224,57.038494],[13.7184183,57.0393126],[13.7180337,57.039567],[13.717258,57.0399008],[13.7156119,57.0403196],[13.7155393,57.0403608],[13.7156649,57.0404744],[13.715605,57.0404891],[13.7154798,57.0403806],[13.7153862,57.0403766],[13.7152532,57.0404291],[13.7152792,57.0405115],[13.7148902,57.0405184],[13.7146257,57.040649],[13.7141468,57.0406262],[13.713661,57.0406874],[13.7123973,57.0406321],[13.7119074,57.0405616],[13.7113458,57.0404092],[13.709126,57.0396842],[13.7064438,57.0397134],[13.7057035,57.0399061],[13.7059186,57.0407583],[13.7056718,57.0412777],[13.7033228,57.0419201],[13.7024784,57.0419668],[13.70237,57.0419149],[13.7020563,57.0418806],[13.7016711,57.0419096],[13.7015283,57.0420382],[13.7015656,57.0421189],[13.7017997,57.0421656],[13.701823,57.0423079],[13.7015026,57.0422867],[13.7010622,57.0421074],[13.7004051,57.0420117],[13.6996422,57.0420015],[13.6966572,57.0421742],[13.6962361,57.0425558],[13.69612,57.0429321],[13.6963496,57.0435807],[13.6962299,57.044011],[13.6967975,57.0445357],[13.6995371,57.0458136],[13.7001009,57.0463741],[13.7008562,57.0467611],[13.7005268,57.0469589],[13.7000923,57.0469916],[13.6995323,57.0465066],[13.6982705,57.0466187],[13.6979047,57.0468696],[13.6984116,57.0472317],[13.6984422,57.0476966],[13.6987645,57.0479448],[13.6990921,57.0480416],[13.6993844,57.0483015],[13.6993673,57.0484965],[13.6994912,57.0486342],[13.6998715,57.048624],[13.7002143,57.0485595],[13.7005501,57.0486893],[13.7000092,57.0490359],[13.7006196,57.0495538],[13.7005027,57.0497994],[13.6999743,57.0501779],[13.6996851,57.0508212],[13.7002779,57.0512528],[13.6995693,57.0523903],[13.6975517,57.0529794],[13.697689,57.0537502],[13.698718,57.0539309],[13.6996975,57.0536968],[13.7001803,57.0537791],[13.7006502,57.0534573],[13.701648,57.0535565],[13.7030427,57.0535098],[13.7024159,57.0541973],[13.7029035,57.0542255],[13.7035599,57.0539944],[13.704327,57.0540702],[13.7046864,57.0540069],[13.7050421,57.0536629],[13.7055645,57.0533525],[13.7052539,57.0530141],[13.7056643,57.0525018],[13.7062083,57.0524907],[13.7070666,57.0527282],[13.7065087,57.0538949],[13.7060867,57.0542337],[13.7077883,57.054765],[13.7086364,57.0548468],[13.7094867,57.0546789],[13.7099955,57.0547219],[13.7103775,57.0548219],[13.7105953,57.0547924],[13.7108458,57.0545956],[13.7107074,57.0543193],[13.7107774,57.054112],[13.7109445,57.0539809],[13.7114292,57.0539757],[13.7119784,57.0540347],[13.7121153,57.053946],[13.7123277,57.0539278],[13.71266,57.0540089],[13.7132257,57.0540632],[13.7135465,57.0540307],[13.7137133,57.0539376],[13.7137686,57.0537628],[13.713926,57.0536925],[13.7141006,57.0536811],[13.714312,57.0537427],[13.7143938,57.0539924],[13.7145108,57.0540954],[13.7147294,57.0541738],[13.7151888,57.0541511],[13.7156079,57.0541928],[13.7159133,57.054291],[13.7160174,57.0544184],[13.715976,57.0545672],[13.7157363,57.0548712],[13.7156032,57.0554028],[13.7157518,57.055536],[13.7159825,57.0555995],[13.7159578,57.0558794],[13.7160402,57.0560442],[13.7163577,57.0562596],[13.7165385,57.0563117],[13.7165793,57.0563887],[13.7163271,57.0567286],[13.7162298,57.0570155],[13.716424,57.0571936],[13.7166914,57.0573042],[13.7165382,57.057601],[13.7162942,57.0577222],[13.7158824,57.0584189],[13.7158277,57.05857],[13.7159503,57.0587842],[13.7162907,57.0590743],[13.7165581,57.0591634],[13.7171745,57.0591218],[13.7173657,57.059168],[13.7173692,57.0595331],[13.7175194,57.059798],[13.7177417,57.0599231],[13.7188114,57.0601266],[13.7192784,57.0602631],[13.7197859,57.0605421],[13.7205228,57.0607324],[13.7212452,57.0605629],[13.7215725,57.0606212],[13.7215081,57.0607116],[13.7221947,57.0608793],[13.7224214,57.0610025],[13.7224654,57.0611193],[13.7228039,57.0612623],[13.7231059,57.061364],[13.7240825,57.0614784],[13.7242244,57.0615296],[13.7242938,57.0617087],[13.7245293,57.061901],[13.725864,57.0627236],[13.7267816,57.0630247],[13.727262,57.0633206],[13.7276681,57.0637568],[13.7279663,57.0644098],[13.7280337,57.0649265],[13.7279092,57.0653112],[13.7279779,57.0656934],[13.7284577,57.0664357],[13.7288732,57.0667662],[13.7293235,57.0679408],[13.7298989,57.0684472],[13.7306137,57.0688239],[13.7314631,57.0689337],[13.7322919,57.0689872],[13.7327482,57.0688357],[13.7332122,57.0683318],[13.7336365,57.0675312],[13.7340657,57.0674079],[13.7349154,57.0674987],[13.7360277,57.0674692],[13.7361291,57.0673708],[13.7360674,57.0669424],[13.7363657,57.0668107],[13.7369944,57.0663754],[13.7373978,57.065722],[13.7378642,57.0651368],[13.7378814,57.0648342],[13.7382472,57.064601],[13.7384267,57.06434],[13.7384463,57.0641752],[13.7382789,57.0641522],[13.7373731,57.0643953],[13.7370834,57.0644055],[13.7369383,57.0643034],[13.7365816,57.0642763],[13.7359177,57.0643553],[13.7354607,57.064334],[13.7352882,57.0644112],[13.7351455,57.0646169],[13.7344463,57.0647314],[13.7337765,57.0650659],[13.7331585,57.0655074],[13.7328085,57.0656158],[13.732517,57.0656395],[13.7322141,57.0655706],[13.7312075,57.0655005],[13.7302905,57.0653255],[13.7297277,57.0651216],[13.7294748,57.064875],[13.7294472,57.0645199],[13.7296953,57.0641447],[13.7298323,57.0635225],[13.7296767,57.0626604],[13.7293946,57.0622894],[13.7287329,57.0617898],[13.7282842,57.0612337],[13.7279894,57.0607934],[13.7278309,57.0602876],[13.7279183,57.0600495],[13.7284228,57.0597371],[13.7291371,57.0594923],[13.7297607,57.0586431],[13.730155,57.0583892],[13.7303843,57.0580997],[13.730939,57.0580625],[13.7317217,57.0583305],[13.7323732,57.0584294],[13.7324614,57.0584038],[13.7326167,57.0581326],[13.7328412,57.0580794],[13.7330749,57.0581449],[13.7332149,57.058241],[13.7334901,57.0582976],[13.7337966,57.0585712],[13.7339986,57.0590493],[13.7341078,57.0591114],[13.7345324,57.0591705],[13.734752,57.0591443],[13.73509,57.0590425],[13.7352104,57.0589382],[13.7351525,57.058846],[13.7353043,57.0588444],[13.7355245,57.0590248],[13.7355173,57.0590957],[13.7353974,57.0591059],[13.735348,57.0593467],[13.7350972,57.0594874],[13.734921,57.0594955],[13.7348336,57.059593],[13.7349843,57.0604117],[13.7352182,57.0611408],[13.7355256,57.0617435],[13.7355876,57.0620208],[13.7356989,57.062089],[13.7359883,57.0621003],[13.7361629,57.0621726],[13.7362605,57.0623062],[13.736047,57.0626754],[13.7360496,57.0628527],[13.7366958,57.063262],[13.7368721,57.0634596],[13.7368715,57.0636346],[13.7369608,57.0636756],[13.737283,57.0635516],[13.738008,57.06346],[13.7384058,57.0633391],[13.738637,57.0633305],[13.7389151,57.063397],[13.7391463,57.063526],[13.7395111,57.0635388],[13.7398979,57.0636549],[13.7400111,57.0638151],[13.7399223,57.0641291],[13.7399968,57.0642264],[13.7406022,57.0643092],[13.7412457,57.064207],[13.742097,57.0638856],[13.743561,57.0631411],[13.7439164,57.0630683],[13.7444785,57.0631322],[13.7447937,57.0633066],[13.7451928,57.0634019],[13.7459229,57.063495],[13.7463451,57.0636575],[13.7468021,57.0639436],[13.7470068,57.0642993],[13.7470229,57.0646378],[13.7468397,57.0649439],[13.7465849,57.0651001],[13.7461834,57.0652125],[13.7457775,57.06558],[13.7455997,57.0659966],[13.7456147,57.0663781],[13.745725,57.066576],[13.7458572,57.0666557],[13.7459967,57.0666726],[13.7463193,57.0665067],[13.7464765,57.0665974],[13.7463148,57.0670038],[13.7461109,57.0672021],[13.7459205,57.0672409],[13.7457781,57.0673571],[13.7458146,57.0676295],[13.7460718,57.0678456],[13.7462016,57.0680643],[13.7462078,57.0683475],[13.746057,57.0687819],[13.7458247,57.0689064],[13.7454567,57.0690066],[13.7452406,57.0692015],[13.7450973,57.0696871],[13.7453143,57.0698752],[13.7457153,57.0700166],[13.746245,57.0700547],[13.747665,57.0697176],[13.748577,57.0693683],[13.7493492,57.0689949],[13.7498274,57.0686212],[13.7498553,57.0685369],[13.749682,57.068338],[13.7491877,57.0682536],[13.7491029,57.0681402],[13.7492486,57.067965],[13.7493697,57.0679299],[13.7502584,57.0679112],[13.7508694,57.0681065],[13.7510379,57.0681089],[13.7519324,57.0678373],[13.7520107,57.0677812],[13.7519075,57.0676003],[13.7519437,57.0675066],[13.7521619,57.0674398],[13.7523892,57.0674493],[13.7530085,57.0676499],[13.7531965,57.0676324],[13.7533524,57.0675102],[13.7533153,57.0673995],[13.753431,57.0673753],[13.753634,57.0674425],[13.7536766,57.0675502],[13.7537596,57.0675731],[13.7539229,57.0675782],[13.753973,57.0674627],[13.75408,57.0674306],[13.7542152,57.0674431],[13.7544129,57.0675944],[13.7543421,57.0677225],[13.7539454,57.0678409],[13.7538848,57.0680201],[13.7537096,57.0681075],[13.7536048,57.0682667],[13.7535881,57.0684144],[13.7539505,57.0686642],[13.7539266,57.0688313],[13.7536875,57.0689406],[13.7533532,57.0692457],[13.7528351,57.0695339],[13.7522628,57.0696684],[13.7512167,57.0698305],[13.7503353,57.0701233],[13.7490672,57.0708185],[13.7485887,57.0712314],[13.7483762,57.0715682],[13.7476258,57.0721307],[13.7474884,57.0726125],[13.7471279,57.0729519],[13.7463909,57.0734345],[13.7461103,57.073715],[13.746099,57.073873],[13.7462632,57.0741109],[13.74785,57.0749067],[13.7485559,57.0750358],[13.7490033,57.0749807],[13.7494105,57.0750041],[13.750507,57.0754709],[13.7508315,57.0757759],[13.7511679,57.0766234],[13.7513669,57.0768567],[13.7518138,57.0770722],[13.7520433,57.0768905],[13.7521233,57.0769103],[13.7520015,57.0772448],[13.7520568,57.0772952],[13.7528089,57.0775795],[13.7542631,57.0780352],[13.756336,57.0788816],[13.757073,57.0789244],[13.7577323,57.0788186],[13.7584334,57.078592],[13.7584646,57.0784725],[13.7586341,57.0783833],[13.7591587,57.0782874],[13.7594484,57.0783165],[13.759545,57.0784807],[13.7597933,57.0784961],[13.7600015,57.0784098],[13.7609494,57.0774967],[13.7608785,57.0772952],[13.7609016,57.0770328],[13.7611146,57.0767981],[13.7612203,57.0765328],[13.7610733,57.07631],[13.761043,57.0761066],[13.7614343,57.0755585],[13.7620123,57.0753596],[13.7622387,57.075376],[13.7632477,57.0752273],[13.7633588,57.0751673],[13.763336,57.0750911],[13.7634454,57.0750567],[13.7635836,57.0750762],[13.7637244,57.0752522],[13.7639923,57.0753863],[13.7641964,57.075831],[13.7650601,57.0763138],[13.7663068,57.0766555],[13.7679408,57.0768007],[13.7700812,57.0766637],[13.7718772,57.0762555],[13.7737054,57.0749143],[13.7747386,57.0735036],[13.7749521,57.0726626],[13.7746603,57.0718724],[13.7742939,57.0715112],[13.776305,57.0713335],[13.7762707,57.0709597],[13.7731529,57.0710565],[13.7731808,57.0707503],[13.7740241,57.0704248],[13.7741743,57.0700288],[13.7740562,57.0694701],[13.7732805,57.0685351],[13.7731411,57.0676468],[13.7725617,57.066983],[13.7717485,57.0666541],[13.7707442,57.0665835],[13.7698103,57.0665675],[13.7690947,57.0667544],[13.7686156,57.0668046],[13.7668829,57.0667439],[13.7666716,57.0666809],[13.7666552,57.0665939],[13.7668475,57.0660221],[13.7672,57.0656502],[13.7676291,57.0653985],[13.7680223,57.065288],[13.7701118,57.063949],[13.7703258,57.0639297],[13.7713933,57.0640447],[13.7717377,57.0642896],[13.7722179,57.0644334],[13.7738213,57.0645705],[13.7748947,57.0645195],[13.7758978,57.0643057],[13.7767374,57.0638694],[13.7775973,57.0631819],[13.778086,57.0622465],[13.7782523,57.0614263],[13.7785076,57.0613152],[13.7788075,57.0613318],[13.7790382,57.0611687],[13.779338,57.0607236],[13.7795794,57.0605326],[13.7806888,57.0600303],[13.7809608,57.0600236],[13.7823024,57.0605594],[13.7825739,57.060574],[13.7826693,57.0604803],[13.7825894,57.0602692],[13.7826141,57.0599544],[13.7828432,57.0595854],[13.7836248,57.0587978],[13.7837117,57.0585881],[13.7835727,57.0581829],[13.7833404,57.0579259],[13.7824011,57.0576467],[13.782156,57.0575184],[13.7818309,57.0570758],[13.7815487,57.0569349],[13.7807821,57.0566018],[13.7802436,57.0564991],[13.7796889,57.056526],[13.7790215,57.0563894],[13.7787481,57.0562662],[13.7786417,57.0564113],[13.7784894,57.0564303],[13.7782072,57.056306],[13.7781429,57.0561686],[13.7783767,57.0560315],[13.7782276,57.0559107],[13.7780463,57.0558115],[13.7778585,57.0557902],[13.7776263,57.0558617],[13.7774197,57.0558194],[13.7771714,57.0556589],[13.7768119,57.0547934],[13.7769262,57.0543397],[13.7766923,57.0528673],[13.7762803,57.0524346],[13.7755889,57.0520457],[13.7747515,57.0518957],[13.7735917,57.0518114],[13.772477,57.0516547],[13.7718756,57.0516833],[13.7714395,57.0518695],[13.7710672,57.0523202],[13.7710382,57.0525939],[13.7711664,57.0528092],[13.7710833,57.0528967],[13.7709443,57.0528696],[13.7707362,57.0526295],[13.77056,57.0525752],[13.7703709,57.0525679],[13.7702325,57.0526692],[13.7700399,57.0527013],[13.7695748,57.052701],[13.7693211,57.0528337],[13.7691961,57.0530149],[13.7692122,57.0532565],[13.7690936,57.0535047],[13.7687728,57.0538254],[13.7682047,57.0541997],[13.7677874,57.0543561],[13.7675446,57.0543756],[13.7669629,57.0539066],[13.766858,57.0537425],[13.7668046,57.053515],[13.7668776,57.0534162],[13.7667091,57.0530727],[13.7666694,57.0527977],[13.7667609,57.0525698],[13.7666861,57.0523685],[13.7667767,57.0516743],[13.7669875,57.0513389],[13.7668636,57.0512191],[13.7668714,57.0510006],[13.7670592,57.0507871],[13.7678662,57.0503348],[13.7679231,57.0501613],[13.768084,57.050013],[13.7689643,57.0496732],[13.7697036,57.0492666],[13.7705246,57.0486058],[13.7710406,57.0482898],[13.7713249,57.0484273],[13.7717123,57.0484105],[13.7717887,57.048346],[13.771723,57.0480535],[13.7718246,57.0479804],[13.7720757,57.0479808],[13.7722361,57.0482004],[13.7721774,57.048296],[13.7722508,57.0483842],[13.772592,57.0482985],[13.7727961,57.0481553],[13.7727307,57.0480825],[13.772871,57.0479805],[13.7732996,57.0478841],[13.7736515,57.0480482],[13.7746849,57.0478751],[13.7748778,57.0477261],[13.7749693,57.0475278],[13.7745744,57.0466329],[13.7745213,57.0461224],[13.7747638,57.0456079],[13.7750905,57.0453138],[13.7754832,57.0451851],[13.7757235,57.0452054],[13.7764217,57.045118],[13.7770987,57.0448578],[13.7773524,57.0446406],[13.7775654,57.0445498],[13.7778647,57.0445187],[13.7785961,57.044544],[13.7789266,57.0445167],[13.779216,57.0444321],[13.7798198,57.0441376],[13.7799407,57.0439682],[13.7798343,57.0438214],[13.7794668,57.0437178],[13.7794054,57.0436266],[13.7794899,57.043481],[13.7800325,57.0432649],[13.7803581,57.0432302],[13.7805721,57.0432477],[13.7808913,57.0433697],[13.7811147,57.0433961],[13.7813572,57.043338],[13.7815761,57.0432066],[13.7817759,57.0429905],[13.7817976,57.0428327],[13.781685,57.0427074],[13.7813368,57.0425612],[13.7806781,57.0420135],[13.780968,57.0418392],[13.7810724,57.0414588],[13.78103,57.0410583],[13.7808253,57.040952],[13.7797431,57.0407811],[13.7788569,57.0405424],[13.7785146,57.040355],[13.7784041,57.0401802],[13.7785051,57.0397622],[13.7784642,57.0395641],[13.7779377,57.0390959],[13.7778749,57.0381719],[13.777633,57.0376991],[13.7775217,57.0371944],[13.7775097,57.0364933],[13.7776815,57.0358338],[13.7779334,57.0352422],[13.7781211,57.0351191],[13.7783134,57.0350666],[13.7783845,57.0348944],[13.7783368,57.0344859],[13.7784872,57.0343398],[13.778476,57.0341414],[13.7783038,57.0339133],[13.777784,57.0336481],[13.7770649,57.0330773],[13.7768076,57.0329421],[13.7759105,57.0329306],[13.7753963,57.0328481],[13.7747643,57.0325729],[13.7741574,57.0324368],[13.7735654,57.0324287],[13.7733092,57.0325355],[13.7730579,57.0327487],[13.7729811,57.0335418],[13.772834,57.0339542],[13.7724753,57.0345682],[13.7723799,57.0350092],[13.7724538,57.0353088],[13.7727009,57.0356683],[13.7726379,57.0358551],[13.7724812,57.0359437],[13.7723005,57.0359393],[13.7720553,57.0360618],[13.7718292,57.0364371],[13.7716245,57.0365237],[13.7713636,57.0365231],[13.77109,57.0364382],[13.7705278,57.0358167],[13.7703567,57.0357758],[13.7700531,57.0353558],[13.7698927,57.0348312],[13.7697453,57.0346228],[13.7697924,57.034312],[13.7691873,57.0330842],[13.769014,57.0329844],[13.7689984,57.032912],[13.7691122,57.0328682],[13.7696196,57.0329876],[13.7699431,57.0330168],[13.7701926,57.0329742],[13.770339,57.0328507],[13.7703712,57.0324741],[13.7705295,57.0323614],[13.7708449,57.0323673],[13.770905,57.0323247],[13.7707263,57.0320523],[13.770824,57.0319087],[13.7712118,57.0317178],[13.7715154,57.0316451],[13.7719301,57.0316194],[13.7720036,57.0315632],[13.7719092,57.0313914],[13.7719414,57.0312843],[13.7721264,57.0312101],[13.7726715,57.0313657],[13.7728662,57.0313765],[13.7730373,57.0313216],[13.7727251,57.0310116],[13.7728962,57.0309018],[13.7728556,57.0307952],[13.7726141,57.03072],[13.7725835,57.0306607],[13.7730867,57.0304955],[13.7731934,57.0301662],[13.7732921,57.0300509],[13.773438,57.0300018],[13.7740174,57.0300863],[13.7745962,57.0303174],[13.7748736,57.0303752],[13.7754282,57.0303822],[13.7755441,57.0304975],[13.775483,57.0306771],[13.7755237,57.0309129],[13.7758177,57.0311398],[13.7763348,57.0312697],[13.7769389,57.0313467],[13.7772446,57.0313359],[13.7775542,57.0311871],[13.7777483,57.030889],[13.7777001,57.0304631],[13.7779581,57.0301008],[13.7778154,57.0297093],[13.7779399,57.0296244],[13.7787408,57.0296097],[13.7788486,57.0297058],[13.7790991,57.0297832],[13.7793035,57.0297318],[13.7800524,57.030078],[13.780555,57.030231],[13.7808189,57.0302628],[13.7808949,57.0303333],[13.7808463,57.0305474],[13.7810357,57.0307171],[13.7819133,57.030875],[13.7823124,57.0310671],[13.7824202,57.0314258],[13.7828075,57.0317721],[13.7833622,57.0320523],[13.7839503,57.0321832],[13.7844812,57.032191],[13.7848862,57.032299],[13.7851068,57.0324405],[13.7853213,57.0328154],[13.7852784,57.0329491],[13.7851051,57.0330235],[13.7847961,57.0330089],[13.7844925,57.0329391],[13.7843718,57.0328577],[13.7841835,57.0328924],[13.783889,57.0331084],[13.7836052,57.0337203],[13.7835446,57.0342434],[13.7836691,57.0344719],[13.7839453,57.0346459],[13.7840607,57.0348339],[13.7839614,57.0352907],[13.7840569,57.0357288],[13.7843235,57.03626],[13.7847495,57.0365633],[13.7854495,57.0367804],[13.7863202,57.0374097],[13.7869065,57.0375901],[13.7876918,57.0376739],[13.7887379,57.0376569],[13.7903376,57.0385682],[13.7923047,57.0399883],[13.7928749,57.0402157],[13.7936769,57.0403607],[13.7945245,57.0403715],[13.7950448,57.0402659],[13.7951124,57.040099],[13.7942016,57.0389811],[13.7937509,57.0386137],[13.7934462,57.0385165],[13.7931308,57.0382424],[13.7929259,57.0379512],[13.7929044,57.0377603],[13.7930716,57.0357245],[13.7942069,57.0338554],[13.7944515,57.0331362],[13.7942563,57.0327278],[13.7942037,57.0320021],[13.7942895,57.0316658],[13.79473,57.0309357],[13.794952,57.0308762],[13.7951763,57.0309118],[13.7957084,57.0312031],[13.7959574,57.0312312],[13.7961564,57.0311351],[13.7963693,57.0311482],[13.798359,57.0315429],[13.7985017,57.0316422],[13.7985264,57.0317508],[13.7983949,57.0318935],[13.7981047,57.0319055],[13.7979781,57.0320292],[13.7980022,57.0322134],[13.798367,57.0326414],[13.7989367,57.033025],[13.799323,57.0331464],[13.8000547,57.033236],[13.8003594,57.0333601],[13.8004919,57.0335314],[13.8008148,57.0336686],[13.8015095,57.033699],[13.8022686,57.0336146],[13.8026945,57.0336382],[13.8029788,57.0337503],[13.8035303,57.0349328],[13.8037411,57.0352014],[13.8041638,57.0354678],[13.8044701,57.0355379],[13.8046332,57.0356529],[13.8046622,57.0357702],[13.804328,57.0360277],[13.8044159,57.0361964],[13.8045892,57.036267],[13.8045758,57.0365256],[13.8044637,57.036558],[13.8038994,57.0362559],[13.8036649,57.036253],[13.8031263,57.0363838],[13.8026151,57.036622],[13.8020357,57.0372528],[13.8017867,57.037634],[13.8011355,57.0381617],[13.8012138,57.0382953],[13.8017052,57.0383811],[13.8026858,57.0382445],[13.803327,57.038068],[13.8036836,57.0378167],[13.8039432,57.0377069],[13.8041771,57.0378745],[13.8040774,57.0390647],[13.8049775,57.0416195],[13.8049716,57.042655],[13.8052055,57.0428237],[13.8060332,57.0431164],[13.8060308,57.0431498],[13.8052919,57.0429585],[13.8048549,57.0428962],[13.803273,57.0429542],[13.8030849,57.0430733],[13.803035,57.0431743],[13.8032142,57.0433126],[13.803219,57.0434143],[13.8030407,57.043598],[13.8028164,57.0437092],[13.8022891,57.0437893],[13.8018495,57.0441267],[13.8014263,57.0441283],[13.8012211,57.0440585],[13.8009386,57.0440505],[13.8003016,57.0441501],[13.8001133,57.0443134],[13.7997051,57.0443864],[13.7995012,57.0443737],[13.7992341,57.0445076],[13.7990233,57.0445073],[13.7986545,57.0443692],[13.797602,57.0442645],[13.7972758,57.0441284],[13.7967702,57.0437617],[13.7960624,57.0433851],[13.7954146,57.0432397],[13.7951083,57.0432631],[13.7947245,57.0433961],[13.7945147,57.0435862],[13.7945225,57.0439516],[13.7948599,57.0448453],[13.795703,57.0462214],[13.7959114,57.0467109],[13.7959073,57.0469219],[13.7956775,57.0475059],[13.7956981,57.0478235],[13.7959352,57.0482246],[13.7959615,57.04853],[13.7957314,57.0490496],[13.795232,57.0497177],[13.7950965,57.0500528],[13.7951585,57.0503421],[13.7950469,57.0507184],[13.7947054,57.0511733],[13.7945174,57.0515967],[13.7945504,57.0519207],[13.7947234,57.0521288],[13.7953071,57.052399],[13.7956842,57.0527382],[13.795678,57.0528203],[13.7954921,57.0528944],[13.79549,57.0529651],[13.7955946,57.0530213],[13.795751,57.0530115],[13.7960034,57.0530902],[13.7963722,57.0534691],[13.7963526,57.0536712],[13.7957416,57.0539937],[13.7954919,57.054029],[13.7952998,57.0541146],[13.794924,57.0546195],[13.7949021,57.0552114],[13.7946523,57.0554037],[13.7946936,57.0555082],[13.7948825,57.0555466],[13.7945995,57.05562],[13.7944753,57.0558096],[13.7944413,57.0560599],[13.7945915,57.0562449],[13.7950013,57.05619],[13.7950504,57.0562373],[13.7940247,57.0564626],[13.7936283,57.0564831],[13.7936149,57.0566228],[13.7937549,57.0566757],[13.7938901,57.0566546],[13.7939432,57.0565847],[13.7950622,57.0563311],[13.7952025,57.0563487],[13.7955187,57.0566725],[13.7959401,57.0573441],[13.7962933,57.0577552],[13.7969754,57.0581229],[13.7974365,57.0582567],[13.7976612,57.0583996],[13.7978337,57.058779],[13.7986378,57.0592747],[13.7989637,57.0593357],[13.7994058,57.0597593],[13.8000653,57.0600889],[13.8009604,57.0603513],[13.8022423,57.0605568],[13.8032081,57.06052],[13.8049131,57.060348],[13.8065544,57.0603864],[13.807189,57.0604478],[13.8073279,57.0612205],[13.8073026,57.0604591],[13.8080149,57.0605297],[13.8089866,57.0607045],[13.809618,57.0609284],[13.8091309,57.0618244],[13.8089053,57.0619207],[13.8088147,57.062043],[13.8091255,57.0620462],[13.8097799,57.0609707],[13.8104189,57.061105],[13.8109449,57.0610545],[13.8111592,57.060912],[13.8112507,57.0606841],[13.8114537,57.0604506],[13.8118123,57.0602287],[13.812371,57.060117],[13.8127923,57.0598261],[13.8130743,57.0594734],[13.8129603,57.0593009],[13.8129992,57.05903],[13.813225,57.0587807],[13.8137502,57.0585662],[13.8137593,57.0581518],[13.8139651,57.0579736],[13.8144481,57.0577778],[13.8145954,57.0576353],[13.8146777,57.0572183],[13.8146335,57.0569848],[13.8147735,57.0567399],[13.8149993,57.0565882],[13.8154228,57.0565],[13.8157112,57.0563265],[13.8158568,57.0560102],[13.816132,57.0558299],[13.8165888,57.0556805],[13.8167229,57.0557186],[13.8168323,57.0556862],[13.8169579,57.0555847],[13.8169549,57.0552636],[13.8174771,57.0551414],[13.8176692,57.0550235],[13.8177515,57.0548552],[13.8175778,57.0545083],[13.8178057,57.0541954],[13.8181954,57.0541899],[13.8186943,57.0543997],[13.8190647,57.0544991],[13.819418,57.0545032],[13.8198265,57.0543964],[13.82014,57.0541773],[13.8204386,57.0534254],[13.8204083,57.0532092],[13.8202028,57.052988],[13.8195364,57.0526192],[13.8194767,57.0524686],[13.8195856,57.0523137],[13.8197688,57.0522063],[13.8197728,57.0520015],[13.8196178,57.0518172],[13.8194062,57.0516966],[13.8191237,57.0516894],[13.8190886,57.0516406],[13.8191436,57.0515902],[13.8193107,57.0515695],[13.8192088,57.0514811],[13.8191951,57.0513457],[13.8192807,57.0511504],[13.819812,57.0505923],[13.8202669,57.0499506],[13.8205096,57.0496879],[13.8207843,57.0495104],[13.8208299,57.0493376],[13.8216238,57.049306],[13.8223671,57.049204],[13.822812,57.0489792],[13.8230437,57.048757],[13.8231768,57.0484385],[13.8232012,57.0480568],[13.8231001,57.0477128],[13.8231599,57.047427],[13.8228947,57.0472312],[13.8228753,57.0471267],[13.8231272,57.0468904],[13.8232184,57.0463936],[13.8233992,57.046263],[13.8235617,57.0459712],[13.8237833,57.0458104],[13.8235623,57.0450141],[13.8235432,57.0446541],[13.8236543,57.044573],[13.824155,57.0445332],[13.8243168,57.044442],[13.8245324,57.0438086],[13.8247312,57.0434642],[13.8251536,57.0433008],[13.8252405,57.0431782],[13.8256788,57.0429461],[13.8256592,57.0428488],[13.8252295,57.0425889],[13.8252236,57.0424847],[13.8254283,57.0423348],[13.8254269,57.0419465],[13.8257491,57.0413219],[13.8257131,57.0410423],[13.8254819,57.0405081],[13.8255814,57.0402274],[13.8254707,57.0396431],[13.8256241,57.0389608],[13.8255956,57.0388677],[13.8253481,57.0387773],[13.8252977,57.0386777],[13.8253473,57.0385202],[13.8259387,57.0379887],[13.8260927,57.0377497],[13.826054,57.0374137],[13.8262128,57.0370677],[13.8266093,57.0372039],[13.8271071,57.0372002],[13.8274244,57.0368453],[13.8276537,57.036416],[13.8281955,57.0362113],[13.8284476,57.0359914],[13.8285764,57.0356451],[13.8284635,57.035566],[13.8286472,57.0354939],[13.828836,57.0351374],[13.828862,57.0348955],[13.8287867,57.0346589],[13.8288714,57.0340697],[13.8289742,57.0339645],[13.8296487,57.0337109],[13.8299446,57.033515],[13.8306857,57.0333454],[13.8308243,57.0331971],[13.8307112,57.0328995],[13.830496,57.0328148],[13.8303378,57.0328302],[13.8302101,57.0327769],[13.8303686,57.0326717],[13.8306422,57.032686],[13.8307495,57.0326334],[13.8307846,57.0325378],[13.8308981,57.0325026],[13.8310663,57.0324847],[13.8312122,57.0325542],[13.8313069,57.0326482],[13.8312682,57.0327778],[13.8314354,57.0330163],[13.8320456,57.0333222],[13.8321408,57.033509],[13.832885,57.0336181],[13.8337246,57.033624],[13.834069,57.0337514],[13.8354616,57.0343961],[13.8359704,57.0348393],[13.8364377,57.0350237],[13.8371772,57.0354939],[13.8376321,57.0357125],[13.8387425,57.035987],[13.8390802,57.0362817],[13.839155,57.0366139],[13.8394455,57.0369178],[13.8403305,57.0374189],[13.8422338,57.0382216],[13.8436425,57.0392501],[13.8445491,57.0399949],[13.8448388,57.0404893],[13.8453466,57.0411211],[13.8459235,57.0412919],[13.8463982,57.0416205],[13.8463156,57.0418519],[13.8463917,57.0420609],[13.8476052,57.0445324],[13.8484755,57.0458231],[13.8487977,57.0467749],[13.8490928,57.047343],[13.8495144,57.0476672],[13.8501426,57.0478332],[13.8509751,57.0478662],[13.8519767,57.0476281],[13.852533,57.0472896],[13.8529315,57.0465715],[13.8526376,57.0462552],[13.8526521,57.0459649],[13.8529852,57.0456903],[13.8530383,57.045247],[13.8525362,57.0442262],[13.8518152,57.043356],[13.851857,57.0431881],[13.8516435,57.0429831],[13.8516108,57.0426918],[13.8517369,57.0425292],[13.85204,57.0423299],[13.8520727,57.0422082],[13.8519279,57.0418236],[13.8520411,57.0416648],[13.8525662,57.0413607],[13.8535238,57.0410397],[13.8538054,57.0408424],[13.8537577,57.0406667],[13.8535628,57.0405692],[13.8533001,57.0406428],[13.853145,57.040637],[13.8526526,57.0402993],[13.852335,57.0399485],[13.8521659,57.0398642],[13.8516768,57.0399082],[13.8499886,57.0394299],[13.8496464,57.0392597],[13.8492623,57.0385768],[13.8485198,57.0381521],[13.8477023,57.0377893],[13.8471283,57.0376431],[13.8468197,57.0374724],[13.8468043,57.0372342],[13.8461815,57.0367788],[13.8455329,57.0366408],[13.8447251,57.0365897],[13.8438013,57.0362532],[13.8428899,57.0357806],[13.8423958,57.0356291],[13.8420761,57.0354636],[13.8419651,57.035172],[13.8414093,57.0346775],[13.8412441,57.0343252],[13.8410241,57.0342274],[13.8408841,57.0340835],[13.8409702,57.033896],[13.8413235,57.0337487],[13.8413494,57.0336605],[13.8412178,57.0334942],[13.8412049,57.033329],[13.841515,57.0329725],[13.8417258,57.0323724],[13.8417081,57.032208],[13.8415423,57.0320676],[13.8415719,57.031933],[13.8420225,57.0315203],[13.8421716,57.0312088],[13.8421823,57.0309817],[13.8420112,57.0308255],[13.8420069,57.0306743],[13.842199,57.030521],[13.8419404,57.0302994],[13.8419962,57.0301129],[13.8421753,57.0299395],[13.8426297,57.0297211],[13.842707,57.0295635],[13.8426281,57.0294677],[13.8423315,57.0293828],[13.8422129,57.0292771],[13.8422006,57.029195],[13.8423229,57.0291037],[13.8424994,57.0290611],[13.8425879,57.0289163],[13.8425439,57.0286812],[13.8423781,57.0286167],[13.8421394,57.0286232],[13.8419661,57.0285248],[13.8419587,57.0283948],[13.8420825,57.0282731],[13.842332,57.0282203],[13.8423894,57.0281222],[13.8422944,57.0280109],[13.8420219,57.0278866],[13.8416845,57.0275794],[13.8414394,57.0274615],[13.8408562,57.0273275],[13.8408278,57.0271631],[13.8409474,57.027006],[13.8411679,57.0268364],[13.8415145,57.0267906],[13.8418122,57.0266145],[13.8418825,57.0263687],[13.841581,57.0262402],[13.8411368,57.0261897],[13.8408358,57.0263663],[13.8405253,57.0264236],[13.8398515,57.0264449],[13.8389052,57.026143],[13.8387298,57.0259988],[13.8387464,57.0257226],[13.8383323,57.0253331],[13.8383918,57.0250324],[13.8377336,57.0244505],[13.8369767,57.0234907],[13.8370496,57.0230417],[13.8366842,57.0221359],[13.8368989,57.021966],[13.8369407,57.0218162],[13.836783,57.0214944],[13.8367433,57.0209849],[13.8369563,57.0201442],[13.8369263,57.0198224],[13.8367112,57.0195713],[13.8363169,57.0194352],[13.835752,57.0193563],[13.8355535,57.0192836],[13.8354736,57.019175],[13.8352161,57.0190874],[13.8348846,57.0190751],[13.8346727,57.0189408],[13.8345981,57.0187594],[13.8344173,57.0186149],[13.8339968,57.0185492],[13.8337575,57.0184514],[13.8338106,57.0181468],[13.8337071,57.0177961],[13.8332983,57.0172065],[13.8332377,57.016512],[13.8329947,57.0160158],[13.8330617,57.0158047],[13.8330054,57.0154542],[13.8326723,57.0151692],[13.8328048,57.0150865],[13.8329845,57.0150611],[13.8336293,57.015232],[13.8338208,57.0153427],[13.8339399,57.0154948],[13.833941,57.0156995],[13.8341234,57.0158683],[13.8345858,57.0159735],[13.8350434,57.0159568],[13.835252,57.0158388],[13.8353475,57.0156297],[13.8351083,57.0153856],[13.8344082,57.0150743],[13.8337264,57.0146601],[13.8335429,57.0142749],[13.8332543,57.0139119],[13.8325768,57.0135331],[13.8320827,57.0131826],[13.8316615,57.0127015],[13.8314192,57.0125804],[13.8310324,57.0120114],[13.8308403,57.0118905],[13.8309921,57.0116457],[13.8309533,57.011548],[13.8307668,57.0114115],[13.8304664,57.0113595],[13.8304605,57.0113177],[13.8306676,57.011231],[13.8309122,57.0109506],[13.830982,57.0106226],[13.8307439,57.0101776],[13.8304139,57.0099067],[13.8299528,57.0098671],[13.8298396,57.0097731],[13.8298975,57.0096974],[13.8300365,57.0097852],[13.8301507,57.0097904],[13.830092,57.0096385],[13.8298216,57.0093878],[13.8297632,57.0092125],[13.8298238,57.0090602],[13.8302789,57.0086225],[13.8302575,57.0084935],[13.8300917,57.0083679],[13.8297677,57.0082864],[13.8296371,57.0081969],[13.8295872,57.0080176],[13.8296406,57.007886],[13.8297573,57.0077846],[13.829908,57.0077608],[13.8305901,57.0078798],[13.8308897,57.0078889],[13.8311196,57.0078042],[13.8312175,57.0076499],[13.8311893,57.0075008],[13.8315168,57.0070922],[13.8316155,57.0068198],[13.8314948,57.0064204],[13.831085,57.0064504],[13.8310718,57.006408],[13.8317306,57.0063235],[13.8319481,57.0061742],[13.8318832,57.0060166],[13.8313548,57.0057909],[13.8313365,57.0056215],[13.831204,57.0054413],[13.830969,57.0053616],[13.8305753,57.0053536],[13.8299686,57.0054833],[13.8296875,57.0054337],[13.8286291,57.0053951],[13.8278443,57.0050667],[13.8274382,57.0048053],[13.8270402,57.0044188],[13.8267537,57.0042786],[13.8265134,57.0042678],[13.8255827,57.0044305],[13.8253713,57.0043107],[13.8252812,57.0040697],[13.8249763,57.0037903],[13.82455,57.0035918],[13.8244623,57.0034859],[13.8245377,57.0033697],[13.8244913,57.0031912],[13.8243228,57.0030253],[13.8240699,57.0029412],[13.8233916,57.0029618],[13.8229318,57.0030577],[13.8224818,57.0034118],[13.8218544,57.0034921],[13.8215964,57.0037153],[13.8211833,57.0036293],[13.8199908,57.0039336],[13.8191234,57.0040596],[13.8188501,57.004045],[13.8183439,57.0038956],[13.8178507,57.0039425],[13.817476,57.0041559],[13.8171694,57.0044157],[13.8167813,57.0048842],[13.8152991,57.005678],[13.815044,57.0057233],[13.8141446,57.005637],[13.8136466,57.0056544],[13.8130924,57.0057331],[13.8126263,57.0058559],[13.812195,57.0056871],[13.8118549,57.0057306],[13.8107986,57.0052778],[13.8097415,57.0047201],[13.8093596,57.0042142],[13.8093105,57.0039596],[13.8091464,57.0037555],[13.808302,57.00329],[13.8069609,57.0019646],[13.8066506,57.0020105],[13.8064526,57.0018564],[13.8065181,57.0018249],[13.8066449,57.0019398],[13.8067785,57.0019086],[13.806822,57.0018361],[13.8066873,57.0016199],[13.8065009,57.0015443],[13.8060602,57.0015365],[13.805917,57.0014952],[13.805858,57.0009924],[13.8056777,57.000781],[13.8054004,57.000723],[13.805477,57.0006263],[13.8052206,57.0004692],[13.8048355,57.0003824],[13.8046005,57.0002483],[13.804483,57.0000038],[13.8035024,56.9993829],[13.8034428,56.9992409],[13.8034917,56.9990457],[13.8033736,56.9990183],[13.8029874,56.9991904],[13.8029,56.9991346],[13.8032052,56.9989879],[13.8030824,56.9989087],[13.8027557,56.998852],[13.801936,56.998078],[13.801495,56.9977824],[13.8011345,56.9976325],[13.8004441,56.9975588],[13.8000214,56.9976041],[13.7998363,56.9977058],[13.7997827,56.9979282],[13.7996003,56.9979416],[13.7992232,56.9978192],[13.7987967,56.9975661],[13.7983633,56.9974452],[13.7981031,56.9974887],[13.7978268,56.9974358],[13.797344,56.9972591],[13.7967894,56.9966753],[13.7964804,56.9965601],[13.7959471,56.9964523],[13.79518,56.9964038],[13.7949408,56.9963497],[13.7946972,56.9962074],[13.7934205,56.9959491],[13.7931416,56.9958384],[13.7931169,56.9957104],[13.7933454,56.9956163],[13.793943,56.9955269],[13.7945224,56.9955652],[13.7949086,56.9954784],[13.7951446,56.995342],[13.7952122,56.9951327],[13.7950931,56.9948569],[13.7952321,56.9941442],[13.7951049,56.9928117],[13.7949944,56.9924245],[13.7946221,56.9921989],[13.7940101,56.9919503],[13.7934543,56.9918818],[13.7930123,56.9917415],[13.7923015,56.9913251],[13.7915076,56.9909715],[13.7912629,56.9909396],[13.7908123,56.9909806],[13.7902625,56.9908955],[13.7899191,56.990714],[13.7896938,56.9902494],[13.7893398,56.9899712],[13.7878426,56.9893928],[13.7868437,56.9892516],[13.7863534,56.9890494],[13.7856019,56.9886835],[13.7853369,56.9884935],[13.785258,56.988305],[13.7845478,56.9879263],[13.7830205,56.9872792],[13.7820442,56.9867677],[13.7813742,56.9861954],[13.7809622,56.9857509],[13.7809509,56.9854688],[13.7806961,56.9845967],[13.7803533,56.9840719],[13.780385,56.9838355],[13.7801222,56.983452],[13.779429,56.9828946],[13.7792345,56.9827977],[13.7787834,56.9827339],[13.7783725,56.9824539],[13.7786841,56.9820765],[13.7785375,56.9817172],[13.7781901,56.9815176],[13.7781166,56.9813914],[13.7781794,56.9812648],[13.7780302,56.9811262],[13.7773275,56.9809967],[13.7771365,56.9808582],[13.7769552,56.9802768],[13.7770995,56.9798669],[13.7769675,56.9796567],[13.7760529,56.9792276],[13.7757766,56.978973],[13.7755894,56.9787198],[13.7756254,56.9786166],[13.7754317,56.9781699],[13.7747284,56.9775247],[13.7747064,56.976941],[13.7741367,56.9759212],[13.7743341,56.9749754],[13.7742059,56.97465],[13.77406,56.9745],[13.7738025,56.9743723],[13.7733025,56.9742888],[13.7732259,56.9742188],[13.7732157,56.9741255],[13.7735327,56.9738548],[13.7735944,56.9736261],[13.7735402,56.9734609],[13.7727479,56.9732188],[13.7726261,56.9730382],[13.7723869,56.9729735],[13.7720956,56.9727543],[13.7718831,56.9727113],[13.7715992,56.9727357],[13.7712925,56.9726598],[13.7711396,56.9724759],[13.7711182,56.9721774],[13.771358,56.9714607],[13.7714631,56.9707754],[13.7718569,56.9698876],[13.7717817,56.9697371],[13.7715951,56.9696207],[13.7713263,56.9695853],[13.7711223,56.9696303],[13.770954,56.9695815],[13.7708942,56.9693434],[13.7709814,56.9691484],[13.7712625,56.9688347],[13.7717056,56.9684668],[13.7717968,56.9682651],[13.7717474,56.9680759],[13.7713403,56.9678659],[13.7710087,56.9676013],[13.7708746,56.9673969],[13.7709406,56.9671619],[13.7706316,56.9664061],[13.7707443,56.9660087],[13.7707019,56.9659505],[13.7701719,56.9658634],[13.7699841,56.965697],[13.7698785,56.9654812],[13.7698345,56.9650486],[13.7699294,56.96492],[13.7704905,56.964755],[13.7706316,56.9646486],[13.7706938,56.9643775],[13.7706477,56.9641967],[13.7703736,56.963775],[13.7703489,56.9635928],[13.7699788,56.9633624],[13.7692283,56.9632899],[13.7688968,56.9631945],[13.7684859,56.9631995],[13.7682294,56.96332],[13.767627,56.9639046],[13.767457,56.9639166],[13.767303,56.9638715],[13.7670798,56.9636352],[13.7668245,56.9635484],[13.7664914,56.9635069],[13.766191,56.9635601],[13.7657935,56.963721],[13.7655386,56.9637086],[13.7655113,56.9635662],[13.7658573,56.9630316],[13.7664747,56.9624996],[13.7665611,56.9621665],[13.7664844,56.9618518],[13.7662918,56.9616158],[13.7662349,56.9611774],[13.7657049,56.9606021],[13.7652162,56.9597867],[13.765029,56.9593889],[13.7649813,56.9589186],[13.7647721,56.9588285],[13.7637904,56.9578589],[13.7638569,56.9577495],[13.7641396,56.9577038],[13.7644507,56.9577386],[13.7649303,56.9580139],[13.7653096,56.9583099],[13.765757,56.9584207],[13.7660847,56.9584333],[13.7663068,56.9583821],[13.7663964,56.9581645],[13.7661003,56.9579636],[13.7658943,56.9576743],[13.7659099,56.9574707],[13.7662242,56.9570445],[13.766191,56.9566812],[13.7662666,56.9561837],[13.7663674,56.9561632],[13.7669854,56.9565584],[13.767295,56.9566956],[13.7675685,56.9567497],[13.7678378,56.9566921],[13.7679269,56.9566058],[13.767906,56.9564592],[13.7679934,56.9563095],[13.7683262,56.9561873],[13.7684891,56.955947],[13.7683421,56.9558417],[13.7684424,56.955637],[13.7688276,56.955529],[13.7688265,56.9554541],[13.7685974,56.955314],[13.7685492,56.9550742],[13.7682856,56.9547569],[13.7683067,56.9546287],[13.7690652,56.9541018],[13.7691339,56.9539324],[13.7690491,56.9538102],[13.7690395,56.9534779],[13.768782,56.9532883],[13.7684167,56.9531722],[13.7679703,56.9531359],[13.7674028,56.9533521],[13.7669602,56.953565],[13.7668105,56.9538725],[13.7668749,56.9543622],[13.766832,56.954459],[13.7666931,56.9544947],[13.766434,56.954447],[13.7657462,56.9545807],[13.7653117,56.9546158],[13.7647463,56.9545988],[13.7643885,56.9544347],[13.7641509,56.9544119],[13.7639379,56.9545207],[13.7637255,56.9545239],[13.7635973,56.9544493],[13.7634964,56.9539716],[13.7633011,56.9539731],[13.7630034,56.9538856],[13.7627266,56.9536853],[13.7624402,56.9533366],[13.7624123,56.9530113],[13.762173,56.952315],[13.7619359,56.9521307],[13.7615116,56.9520263],[13.7607825,56.9519543],[13.7602499,56.9520149],[13.7594731,56.9522694],[13.7591131,56.9522884],[13.7587848,56.9520845],[13.7584742,56.9521883],[13.7582929,56.9520476],[13.7591024,56.9517917],[13.7596694,56.9516893],[13.759962,56.9510922],[13.7603341,56.95106],[13.7604044,56.9509775],[13.7602998,56.9508458],[13.7603952,56.9507762],[13.7607075,56.9507783],[13.7608416,56.9507218],[13.7618989,56.9507695],[13.7621258,56.9507356],[13.7621955,56.950524],[13.7625405,56.950486],[13.7624278,56.9507762],[13.7628725,56.9508833],[13.7631622,56.9510123],[13.7647608,56.9509558],[13.7653149,56.9512031],[13.7658256,56.9510161],[13.7660375,56.9510594],[13.7658643,56.9514363],[13.7659662,56.951502],[13.7662269,56.9515304],[13.766641,56.9513926],[13.767023,56.9514994],[13.7671962,56.9514652],[13.7673813,56.951371],[13.7674607,56.9511334],[13.7677375,56.9510322],[13.7678598,56.951622],[13.7684681,56.9519373],[13.7690765,56.9524563],[13.7710667,56.9531567],[13.7716328,56.9532604],[13.7717529,56.9534511],[13.7717444,56.9537159],[13.7719686,56.9539926],[13.77221,56.9541263],[13.7725656,56.9541664],[13.7730817,56.9544782],[13.7735543,56.9544463],[13.7740339,56.9546464],[13.7749829,56.9548427],[13.7752452,56.9547058],[13.7753053,56.9545546],[13.7756304,56.9544873],[13.7761695,56.9541845],[13.7766056,56.9541],[13.7769205,56.9540889],[13.7773513,56.9542483],[13.7778041,56.9547458],[13.7780781,56.9549477],[13.7782632,56.955455],[13.7786569,56.9557752],[13.7789997,56.9561634],[13.7794305,56.9562386],[13.7804728,56.9567142],[13.7808081,56.9567943],[13.7812002,56.956799],[13.7816261,56.956668],[13.7819582,56.9564816],[13.78211,56.9563132],[13.7820135,56.956099],[13.7817195,56.955791],[13.7816535,56.9556009],[13.7811114,56.9553313],[13.7809819,56.9552057],[13.7809277,56.9550039],[13.7810505,56.954733],[13.780881,56.9545917],[13.780594,56.9545072],[13.7799283,56.954566],[13.779607,56.9545221],[13.7794278,56.9543562],[13.7793924,56.9541702],[13.7796467,56.9539625],[13.7801772,56.9538086],[13.7808644,56.953794],[13.7811611,56.9537434],[13.7821363,56.9534646],[13.782389,56.9535424],[13.782537,56.953536],[13.7829876,56.9537176],[13.7831175,56.9536647],[13.782941,56.9534008],[13.7831614,56.9532648],[13.7835933,56.9531788],[13.7834683,56.9530144],[13.7835772,56.9529822],[13.7838706,56.9531794],[13.7840439,56.9532136],[13.7843953,56.9531179],[13.7846495,56.952864],[13.7848309,56.952515],[13.7847858,56.9522005],[13.7849199,56.9520291],[13.7851763,56.9519238],[13.7853469,56.9517597],[13.785385,56.9515917],[13.7852144,56.9514253],[13.7852584,56.9512632],[13.7854032,56.951126],[13.785334,56.9507322],[13.7851457,56.9505848],[13.7848958,56.950552],[13.7848196,56.9504941],[13.7849231,56.9504221],[13.7848866,56.9503408],[13.7827843,56.9502402],[13.7821089,56.9501167],[13.7819807,56.9500313],[13.7817501,56.9500321],[13.7814856,56.9499552],[13.7808606,56.9494622],[13.7806765,56.9492008],[13.7797261,56.9485453],[13.7793763,56.9481618],[13.7792665,56.9475635],[13.7788876,56.9470289],[13.7785346,56.9462963],[13.7783496,56.9453597],[13.7782058,56.9452778],[13.7772869,56.945077],[13.7769178,56.9449386],[13.7761834,56.9449143],[13.775648,56.9447569],[13.776295,56.9447007],[13.7765814,56.9447236],[13.7773453,56.9448787],[13.7783817,56.9449413],[13.7789751,56.9451083],[13.7793028,56.9451341],[13.7794766,56.945104],[13.7796692,56.9449843],[13.7800056,56.9446244],[13.7802024,56.9442692],[13.7801992,56.9441305],[13.7800125,56.9439926],[13.7797046,56.9439754],[13.7794568,56.9440181],[13.7782047,56.9438463],[13.77812,56.9437989],[13.7781693,56.9437521],[13.7785142,56.9436439],[13.7789498,56.9436046],[13.779041,56.9435315],[13.779165,56.9431479],[13.7790721,56.9430779],[13.7782364,56.9427309],[13.7774398,56.9425073],[13.7773598,56.9424269],[13.7771683,56.9423751],[13.776508,56.9423675],[13.7762896,56.942273],[13.7761861,56.9420672],[13.7759785,56.9420453],[13.7757248,56.9419426],[13.775515,56.9417907],[13.7754887,56.9416564],[13.7756094,56.9414887],[13.7755488,56.9413922],[13.7754109,56.9413363],[13.7752613,56.9413494],[13.7751229,56.9414428],[13.7749491,56.9414764],[13.7747119,56.9414712],[13.7743466,56.9412356],[13.7743761,56.9411332],[13.7740838,56.9409316],[13.7736954,56.9409667],[13.7735817,56.9408751],[13.7736047,56.9407042],[13.7734304,56.9405702],[13.7732126,56.9405216],[13.7731547,56.9403814],[13.7732829,56.9402418],[13.7731944,56.9401529],[13.7732534,56.9400961],[13.773498,56.9400891],[13.7736444,56.9400191],[13.7736133,56.9398661],[13.7734749,56.9397701],[13.7731802,56.9397033],[13.7727437,56.9394976],[13.7723162,56.9394248],[13.7715968,56.9394148],[13.7709386,56.9395369],[13.770643,56.9396744],[13.7705577,56.9398035],[13.7702706,56.9399336],[13.7699264,56.9400007],[13.769156,56.940027],[13.7689876,56.9401169],[13.7689452,56.9402617],[13.7690117,56.9403615],[13.7691254,56.9404057],[13.769281,56.9403785],[13.7695272,56.9404268],[13.7698164,56.9408306],[13.7702166,56.9411303],[13.7700916,56.941537],[13.7701189,56.9418393],[13.7700449,56.9419002],[13.7699317,56.9418557],[13.769826,56.9415177],[13.7696619,56.941381],[13.7693212,56.9411698],[13.7688234,56.9409916],[13.7685895,56.9409752],[13.7679034,56.9411136],[13.7676325,56.941101],[13.767477,56.9410153],[13.7672125,56.9406369],[13.7667699,56.9402916],[13.7667453,56.9401043],[13.7668128,56.9399492],[13.7669437,56.9398547],[13.7669432,56.9396059],[13.7672688,56.939409],[13.7687011,56.9389568],[13.7688025,56.9387886],[13.7691625,56.9386575],[13.7693862,56.9385881],[13.769782,56.938622],[13.7699548,56.9385782],[13.7700208,56.938469],[13.7701302,56.9384356],[13.7701839,56.938215],[13.770392,56.9382153],[13.7704811,56.9383401],[13.7707605,56.938337],[13.7711457,56.9386042],[13.7714853,56.9387353],[13.7715882,56.9387259],[13.771599,56.9385228],[13.7717363,56.938287],[13.7723527,56.9376777],[13.7723715,56.9375237],[13.7718776,56.9372912],[13.7712868,56.936821],[13.7711934,56.9365863],[13.771239,56.936488],[13.7714085,56.9364359],[13.7715255,56.9363127],[13.7715453,56.9361271],[13.7713957,56.9359559],[13.7711752,56.9358283],[13.7711881,56.9357165],[13.7714647,56.9354843],[13.7714987,56.9352137],[13.7716027,56.9350747],[13.7721306,56.9349626],[13.7724122,56.9348016],[13.7724943,56.9346026],[13.7724492,56.9343778],[13.7725329,56.93429],[13.7724938,56.9341858],[13.7719005,56.9338513],[13.7714627,56.9337155],[13.7712476,56.9337125],[13.771033,56.9337673],[13.7709027,56.9338899],[13.7708533,56.9343029],[13.7707096,56.9344308],[13.7705406,56.9344647],[13.7700417,56.9344012],[13.7698132,56.9344554],[13.7694151,56.9346588],[13.7691732,56.934708],[13.7684426,56.9345587],[13.7686072,56.9344077],[13.7690745,56.9342695],[13.7692499,56.9340989],[13.7692129,56.9339148],[13.7689699,56.9337283],[13.7685064,56.9335401],[13.7683358,56.9335299],[13.7680102,56.9336142],[13.7679517,56.9335805],[13.7679619,56.9334617],[13.7682231,56.9333388],[13.7683433,56.9331813],[13.7678181,56.9330148],[13.768015,56.9326451],[13.76775,56.9321507],[13.7674619,56.9319011],[13.7672082,56.9315507],[13.7671454,56.9312065],[13.7669791,56.9308675],[13.7669963,56.9306377],[13.7672377,56.9302221],[13.7672704,56.9300052],[13.7674373,56.9299379],[13.7676542,56.9299426],[13.7679034,56.9299879],[13.7681078,56.9301091],[13.7688926,56.930148],[13.7691946,56.930403],[13.7697869,56.9305496],[13.7698588,56.9307712],[13.7706184,56.9314699],[13.7707407,56.9317494],[13.7707396,56.9319824],[13.7711532,56.9323875],[13.7714611,56.9325611],[13.7716296,56.9325977],[13.7723033,56.9324993],[13.7724857,56.9323972],[13.7726064,56.9320942],[13.7726123,56.9318293],[13.7728188,56.9315817],[13.7730431,56.931385],[13.7739523,56.9308382],[13.774278,56.9303968],[13.7744609,56.93028],[13.774543,56.9301433],[13.7745108,56.9300008],[13.7746106,56.9299993],[13.7746417,56.9302566],[13.774764,56.9303111],[13.7750327,56.9303251],[13.7752184,56.9302593],[13.7753095,56.9301477],[13.7752548,56.9296507],[13.7753525,56.9294944],[13.7759265,56.9290453],[13.7762649,56.9286203],[13.7762827,56.9284394],[13.7763937,56.9284075],[13.7767692,56.9284271],[13.777201,56.9286537],[13.777709,56.9286701],[13.7784236,56.9288448],[13.779158,56.9291182],[13.7797475,56.9292781],[13.7812975,56.929966],[13.7817626,56.9300383],[13.7822685,56.9300407],[13.782902,56.9299019],[13.7830962,56.9297895],[13.783167,56.9295138],[13.7834417,56.9292731],[13.7834685,56.9290366],[13.7836772,56.9288185],[13.7838451,56.9287685],[13.7839529,56.9287764],[13.7840666,56.928885],[13.7843327,56.9289714],[13.7849024,56.9290167],[13.7851701,56.929118],[13.7853616,56.9293973],[13.7867622,56.9296806],[13.786715,56.9298893],[13.78723,56.9300977],[13.7875031,56.9301337],[13.788069,56.9300811],[13.7882348,56.9301329],[13.7883576,56.9301203],[13.7885867,56.9299938],[13.7885261,56.9298662],[13.7885792,56.9297998],[13.7887294,56.9297485],[13.7889718,56.9297447],[13.7895684,56.9299461],[13.7898393,56.9300928],[13.7900528,56.9303767],[13.7902877,56.9304982],[13.7903167,56.9306641],[13.7906198,56.9309978],[13.7908746,56.9311448],[13.7917232,56.9313031],[13.792044,56.9315048],[13.7921197,56.9314872],[13.7920585,56.931261],[13.7922919,56.9311661],[13.7923305,56.9309946],[13.7925923,56.930855],[13.7925301,56.9307742],[13.7920215,56.9306966],[13.7919233,56.9305883],[13.7919469,56.9304519],[13.7921229,56.9303211],[13.7925279,56.9302646],[13.7927886,56.9304291],[13.7929565,56.9304794],[13.7931893,56.9304803],[13.7936835,56.9303134],[13.7938395,56.9303187],[13.7939656,56.9304106],[13.7939039,56.9306109],[13.7939919,56.9306451],[13.794089,56.93061],[13.7942456,56.9306925],[13.7945294,56.9307326],[13.7947638,56.9307288],[13.7948657,56.93067],[13.7951093,56.9306773],[13.795341,56.9305752],[13.7952943,56.9304853],[13.7948834,56.9303793],[13.7946141,56.9303606],[13.7945481,56.9303263],[13.7946806,56.9301976],[13.7949226,56.9301475],[13.7953319,56.9303187],[13.7959102,56.930389],[13.7960834,56.9304496],[13.796357,56.9303861],[13.7966322,56.9302833],[13.7967658,56.9301408],[13.7967486,56.9300778],[13.7965534,56.9299997],[13.7964083,56.9298508],[13.7964852,56.9297948],[13.7967776,56.929887],[13.7969391,56.9297957],[13.7969208,56.9295685],[13.7970056,56.9294804],[13.7973655,56.9294201],[13.7975715,56.9292333],[13.7974165,56.9287621],[13.7974541,56.9286546],[13.797623,56.9285484],[13.7977142,56.9282477],[13.797453,56.9278066],[13.7966328,56.9269682],[13.7958302,56.9264371],[13.7948083,56.9259963],[13.7940257,56.9259322],[13.79356,56.9259781],[13.7930606,56.9261617],[13.7920794,56.9267665],[13.7921036,56.9268318],[13.7930788,56.9271107],[13.7931829,56.9272097],[13.7931416,56.9272674],[13.7922532,56.927417],[13.7921503,56.9273244],[13.7915736,56.9270952],[13.7909577,56.9269775],[13.7906606,56.9269849],[13.7904503,56.9270794],[13.7903634,56.9270545],[13.7901971,56.9266526],[13.7899777,56.9265537],[13.7895887,56.9265964],[13.7893908,56.926537],[13.7888324,56.9266787],[13.7887176,56.9266333],[13.7887428,56.9265411],[13.7890668,56.9264398],[13.7890577,56.9263862],[13.7884885,56.9263722],[13.7884569,56.9263086],[13.7889472,56.9261377],[13.788989,56.9259699],[13.7888965,56.9258823],[13.7890148,56.9257884],[13.7889225,56.9256681],[13.788099,56.9254087],[13.7877219,56.9251637],[13.7874457,56.9248499],[13.7862424,56.9244748],[13.7858873,56.9242635],[13.7856336,56.9242965],[13.785331,56.9244335],[13.7848976,56.9245495],[13.7844904,56.9246077],[13.7841648,56.9245834],[13.7839186,56.9244985],[13.7836804,56.924495],[13.7834615,56.9245474],[13.7831997,56.9244792],[13.7828215,56.9242816],[13.7823983,56.9239239],[13.7819332,56.9237959],[13.7813415,56.9235198],[13.7810781,56.9233313],[13.7803625,56.923175],[13.7799618,56.9229776],[13.7795621,56.9228722],[13.779252,56.9226685],[13.7789726,56.9221573],[13.7787521,56.9220202],[13.7783803,56.9219096],[13.7780273,56.9221213],[13.7779549,56.9220937],[13.7782307,56.921863],[13.7778557,56.921854],[13.7775741,56.9222852],[13.7773155,56.9225294],[13.7768853,56.9226357],[13.7763027,56.9225803],[13.7759266,56.9224758],[13.7756557,56.9222451],[13.7754267,56.9219263],[13.7753854,56.9216171],[13.7752164,56.9215257],[13.7749863,56.9214792],[13.7748446,56.9212804],[13.7748548,56.9211199],[13.7752566,56.9209498],[13.7757566,56.9209182],[13.775873,56.9208468],[13.7759631,56.9208965],[13.7757872,56.9210227],[13.7760334,56.9211788],[13.7762158,56.9212215],[13.7763054,56.9213527],[13.7765591,56.9214277],[13.7766685,56.9214075],[13.7767533,56.9213038],[13.7771582,56.9213693],[13.776962,56.921006],[13.7770092,56.9208919],[13.7771165,56.9208626],[13.7770709,56.9207856],[13.7769298,56.9207452],[13.7769287,56.9206295],[13.777095,56.92058],[13.7780933,56.9209545],[13.7784275,56.9208462],[13.7786845,56.9208474],[13.7786931,56.9207771],[13.7785177,56.9206327],[13.7781674,56.9205467],[13.7783058,56.9203906],[13.7779297,56.9200486],[13.7776878,56.9200759],[13.777448,56.9201716],[13.7772334,56.9201485],[13.7767619,56.9199567],[13.7764368,56.9196662],[13.7764416,56.919485],[13.7766069,56.9193263],[13.7764764,56.9192586],[13.7764722,56.919201],[13.776661,56.9191465],[13.7765334,56.9189199],[13.7766798,56.9188651],[13.7768257,56.9189134],[13.7770902,56.9190736],[13.777286,56.9192689],[13.7773214,56.9194004],[13.7777189,56.9195225],[13.777905,56.9196744],[13.7782371,56.9196993],[13.7783283,56.9196299],[13.778331,56.9194566],[13.7782172,56.9193286],[13.7782119,56.9192115],[13.7783347,56.9190862],[13.7788658,56.9189363],[13.7790026,56.9187834],[13.778972,56.9187079],[13.7791029,56.9186458],[13.7792681,56.918683],[13.7793996,56.9186075],[13.7796892,56.9182909],[13.7797279,56.9181021],[13.7796732,56.9179738],[13.7793103,56.9178484],[13.7791174,56.9176713],[13.7785965,56.917826],[13.7785702,56.9179451],[13.7784565,56.9179223],[13.7784077,56.9178634],[13.7784688,56.917775],[13.7789243,56.9176055],[13.7788653,56.9174175],[13.7782446,56.9173422],[13.7779174,56.9172512],[13.7776524,56.9167537],[13.7773091,56.9166872],[13.7772404,56.9166049],[13.7772763,56.9163472],[13.7771594,56.9161835],[13.777043,56.9161399],[13.7768118,56.9161712],[13.7765296,56.9160983],[13.7762769,56.915896],[13.7762775,56.9154386],[13.7762115,56.915392],[13.7753945,56.9152509],[13.7749256,56.9150857],[13.7748382,56.9149923],[13.7757475,56.9149583],[13.7759411,56.9148412],[13.7758376,56.9148473],[13.7758462,56.9147364],[13.7762367,56.914734],[13.7766905,56.914799],[13.7772865,56.9147159],[13.777905,56.9147982],[13.7783283,56.9147504],[13.7786099,56.9146239],[13.7788583,56.9143533],[13.7787711,56.9141642],[13.7781436,56.9135421],[13.7783925,56.9133051],[13.7782221,56.9130916],[13.7783794,56.9127782],[13.7783605,56.9126403],[13.7785032,56.9125484],[13.7785046,56.9124766],[13.7779175,56.912449],[13.7777862,56.9120766],[13.7778727,56.9120606],[13.7779343,56.9121247],[13.7780033,56.9123636],[13.778073,56.9123997],[13.7792885,56.9123816],[13.7794259,56.9122489],[13.7792392,56.9121453],[13.7781996,56.9121486],[13.7781127,56.9120528],[13.7792402,56.9120495],[13.7795793,56.9121751],[13.7798437,56.9121555],[13.7803314,56.9122999],[13.7806296,56.9121939],[13.7809724,56.9119845],[13.7810953,56.911814],[13.7809837,56.9115838],[13.7808109,56.9115549],[13.7809005,56.9114562],[13.780782,56.9113563],[13.7810743,56.9112693],[13.7811838,56.9109975],[13.7811999,56.9106827],[13.7811494,56.9104692],[13.7810341,56.9104124],[13.7803852,56.9104236],[13.7807455,56.9098755],[13.7809579,56.9097235],[13.7809815,56.9093747],[13.7809027,56.9090845],[13.7806092,56.9088218],[13.7802788,56.908702],[13.7801356,56.9084879],[13.7800224,56.9084401],[13.779642,56.9084826],[13.7792252,56.9084111],[13.7789119,56.9082852],[13.778729,56.9079463],[13.7786625,56.90734],[13.7784876,56.9070703],[13.7782221,56.9070114],[13.7780413,56.9068972],[13.7779206,56.9066184],[13.7776158,56.9064686],[13.7772935,56.9066266],[13.77699,56.9065594],[13.776974,56.9062963],[13.7766366,56.9061528],[13.7765969,56.9060816],[13.7766763,56.9059999],[13.7769241,56.9059076],[13.7770545,56.905668],[13.7772385,56.905509],[13.7771296,56.9051463],[13.7768946,56.9048622],[13.7766773,56.9047866],[13.7763211,56.9048373],[13.7760932,56.9047348],[13.7760535,56.9046337],[13.7761973,56.9043221],[13.7760491,56.9043157],[13.776087,56.9040961],[13.7761658,56.9040381],[13.7757518,56.9036739],[13.7756042,56.903398],[13.7757605,56.9033345],[13.7758512,56.9031199],[13.7757534,56.9030716],[13.775695,56.9025098],[13.7755573,56.9023161],[13.7757331,56.9018251],[13.7755422,56.9016195],[13.7756171,56.9015989],[13.7762734,56.90201],[13.7766543,56.9020791],[13.7776891,56.9020153],[13.7784236,56.9018796],[13.7788773,56.9016373],[13.7794068,56.9012744],[13.7802074,56.9005981],[13.7802195,56.9004164],[13.7799069,56.9002109],[13.7799775,56.8999966],[13.7795173,56.8998164],[13.7793134,56.8995554],[13.7797603,56.8995085],[13.7799174,56.8996143],[13.7800896,56.8996099],[13.7802592,56.899486],[13.7805287,56.8994443],[13.780558,56.8993295],[13.7803558,56.8992538],[13.7803549,56.8991664],[13.7805356,56.8989925],[13.7807715,56.8989745],[13.7808018,56.8988141],[13.7812909,56.8982305],[13.7813105,56.8981135],[13.7812506,56.8980101],[13.7811207,56.8979561],[13.7804991,56.8979046],[13.7801428,56.8976963],[13.7798246,56.8976834],[13.7798704,56.897638],[13.7800137,56.8976398],[13.7802021,56.8975665],[13.7802051,56.8974934],[13.7801223,56.8974733],[13.779995,56.8975106],[13.7799716,56.8975853],[13.7799113,56.8975543],[13.7799337,56.8974732],[13.7801165,56.8974223],[13.7801263,56.8972262],[13.7799961,56.8971625],[13.779867,56.8969231],[13.7794481,56.8965469],[13.779249,56.8962352],[13.7790935,56.8961368],[13.7788065,56.8960723],[13.7784573,56.896067],[13.7783179,56.8960767],[13.778416,56.8961928],[13.7783459,56.8962279],[13.7782087,56.8961949],[13.7782854,56.8961323],[13.7782252,56.8960573],[13.778015,56.8959692],[13.7778762,56.8959506],[13.7777057,56.8960062],[13.7774174,56.8958477],[13.7772623,56.89584],[13.7772895,56.8957946],[13.7771969,56.8957623],[13.7771658,56.8956778],[13.7775073,56.8955665],[13.7774272,56.8955301],[13.7771186,56.8956175],[13.7770055,56.8955485],[13.7771291,56.8953931],[13.7768588,56.8951749],[13.7769426,56.8950157],[13.7768501,56.8948892],[13.7769485,56.8948147],[13.7768307,56.8947067],[13.7766256,56.8947162],[13.7766116,56.8946856],[13.7767824,56.8946624],[13.7767583,56.8946221],[13.77656,56.8946398],[13.7767399,56.8945248],[13.7763184,56.8938712],[13.7762356,56.8938655],[13.776451,56.8937621],[13.7762831,56.8935839],[13.77617,56.8936173],[13.7762107,56.8934997],[13.7761463,56.8934056],[13.7759575,56.8933658],[13.7762353,56.8932661],[13.7762446,56.8931173],[13.7758882,56.8924671],[13.7761095,56.8923692],[13.7761887,56.8922737],[13.7761747,56.8921083],[13.7760769,56.8919429],[13.7755846,56.8916927],[13.7756345,56.8916437],[13.7751889,56.8915047],[13.7751531,56.8914247],[13.7748916,56.8913244],[13.7743177,56.8912893],[13.7742824,56.8913378],[13.773989,56.8914066],[13.7736303,56.8916732],[13.7732067,56.8917233],[13.7732613,56.8918525],[13.7712188,56.8918949],[13.7731879,56.8918342],[13.7731438,56.8915583],[13.7715322,56.8915492],[13.7731437,56.8915481],[13.7731349,56.8912629],[13.7715223,56.891278],[13.7731345,56.891252],[13.7731258,56.8909696],[13.7716975,56.8909859],[13.7731267,56.8909577],[13.7731299,56.8908885],[13.7730672,56.8908398],[13.7723339,56.8907968],[13.7719646,56.890657],[13.7718729,56.8906689],[13.7719793,56.8906275],[13.7724562,56.8907642],[13.7727729,56.8907189],[13.7726922,56.8904709],[13.7724877,56.8906079],[13.7722066,56.8904758],[13.7722326,56.8904296],[13.7725117,56.8904339],[13.7726122,56.890318],[13.7721778,56.8899555],[13.7716239,56.8901062],[13.7717962,56.8902866],[13.7720703,56.8902252],[13.7721286,56.8902923],[13.7719738,56.8903531],[13.7717398,56.8903216],[13.7715392,56.8901002],[13.7715853,56.890028],[13.772175,56.8897214],[13.7719859,56.8893111],[13.7715264,56.8889269],[13.7710801,56.8887587],[13.7705211,56.8886685],[13.7697023,56.8887365],[13.7697715,56.8886824],[13.7702574,56.8885966],[13.7705303,56.8883954],[13.7696357,56.8885886],[13.7695539,56.888568],[13.7702748,56.8883515],[13.7702494,56.8883069],[13.7700201,56.8881458],[13.7698232,56.8880953],[13.7697593,56.8878934],[13.7693564,56.8875692],[13.769231,56.8873209],[13.7683017,56.886798],[13.7679426,56.8868106],[13.7684403,56.8863426],[13.7685524,56.8860861],[13.7684628,56.8857682],[13.7685524,56.8850012],[13.7684518,56.884673],[13.768584,56.8843983],[13.768525,56.8843356],[13.7683598,56.8843224],[13.7683088,56.884153],[13.7690161,56.8836392],[13.7691073,56.883435],[13.7690735,56.8833403],[13.7689711,56.8833127],[13.7686304,56.8833233],[13.7682292,56.8832585],[13.7681793,56.8829572],[13.7695107,56.8826527],[13.7697736,56.8825279],[13.7701834,56.8826033],[13.7705413,56.8824729],[13.7707231,56.8823491],[13.7707231,56.8822521],[13.7702011,56.8816231],[13.7696942,56.8814393],[13.7695048,56.8812966],[13.7693965,56.8810753],[13.7693471,56.880567],[13.7694227,56.8803504],[13.7693401,56.8802983],[13.7689458,56.8804735],[13.7687189,56.8804135],[13.7684518,56.8802766],[13.7683783,56.8801042],[13.7679073,56.8797469],[13.7667529,56.8795886],[13.766211,56.8794346],[13.7655292,56.879047],[13.7654783,56.8787961],[13.7653115,56.8787436],[13.7651999,56.8786067],[13.7652063,56.8784994],[13.7650701,56.8784209],[13.7645781,56.8783467],[13.7639655,56.8785425],[13.7637547,56.8786888],[13.7634892,56.8787278],[13.7631737,56.8787023],[13.7628497,56.8786135],[13.7627124,56.8785255],[13.7627183,56.8784355],[13.763001,56.8782772],[13.7631566,56.877995],[13.7630498,56.8778546],[13.7622124,56.8775134],[13.7619587,56.87721],[13.7617253,56.8765686],[13.7614292,56.8762016],[13.7611969,56.876206],[13.7611353,56.8763045],[13.7610087,56.8763033],[13.7610001,56.8761984],[13.7612849,56.8760758],[13.7613278,56.8759905],[13.76097,56.8751776],[13.760933,56.8748473],[13.7609834,56.8747728],[13.7611449,56.8747482],[13.7612747,56.8745312],[13.7612651,56.8744283],[13.760904,56.8742692],[13.76097,56.8742164],[13.7612157,56.8742401],[13.761352,56.8741241],[13.761308,56.8740478],[13.7611884,56.8740376],[13.7611015,56.8741358],[13.7608032,56.874154],[13.7608472,56.8739751],[13.7604965,56.873757],[13.7603333,56.87348],[13.7603553,56.873383],[13.7605682,56.8733639],[13.7605897,56.8732803],[13.7600046,56.8731488],[13.7599079,56.8729919],[13.7598741,56.8727612],[13.7601868,56.8726398],[13.760189,56.8725867],[13.7599798,56.8726137],[13.7599084,56.8725826],[13.7598939,56.8721786],[13.7600425,56.8720485],[13.760138,56.8721115],[13.7604556,56.8721646],[13.7606428,56.8719846],[13.760683,56.8717714],[13.7603043,56.8714228],[13.7603413,56.8713498],[13.760417,56.8713267],[13.760837,56.8715448],[13.7610376,56.8715891],[13.7612812,56.8715436],[13.7614056,56.8714269],[13.7615022,56.8712628],[13.7614813,56.8711387],[13.7613713,56.8710238],[13.7611401,56.8709731],[13.7609185,56.8710156],[13.7607372,56.8709819],[13.7602775,56.8705978],[13.7601284,56.8705735],[13.759844,56.8706691],[13.7597102,56.8706195],[13.7598526,56.8701322],[13.75963,56.8698546],[13.7593929,56.869163],[13.759152,56.8687771],[13.7580191,56.8679333],[13.757996,56.8678037],[13.7581151,56.8676465],[13.7580448,56.8675243],[13.7574893,56.8675044],[13.7570186,56.8671152],[13.7570384,56.8670387],[13.7574515,56.8667124],[13.7573469,56.8666458],[13.7573346,56.8665564],[13.7574413,56.8663969],[13.7574483,56.8661585],[13.7572203,56.8660526],[13.7566324,56.8660969],[13.7561179,56.8659755],[13.7557279,56.8656879],[13.7557285,56.8656527],[13.7559082,56.8656418],[13.7559584,56.865563],[13.7558717,56.8654817],[13.755663,56.8654184],[13.7554388,56.8654046],[13.7552145,56.8655052],[13.7550944,56.8656357],[13.754905,56.865677],[13.7547146,56.8656515],[13.7545268,56.8655545],[13.7544356,56.8654222],[13.7544678,56.8652052],[13.7549436,56.8647237],[13.7549286,56.864568],[13.7545121,56.8642478],[13.7543745,56.8640693],[13.7541878,56.8639742],[13.7542039,56.8638558],[13.7543487,56.8637789],[13.7545145,56.8637848],[13.7545714,56.863869],[13.7548149,56.8638112],[13.7550214,56.8635881],[13.7549807,56.8634842],[13.7547178,56.8633142],[13.7542618,56.8628611],[13.7537742,56.8622166],[13.7534325,56.8616303],[13.7531659,56.8614303],[13.7531696,56.8612383],[13.7533424,56.861094],[13.7535843,56.8610702],[13.7537377,56.8610057],[13.7537452,56.860843],[13.7536133,56.8607251],[13.7532968,56.8606218],[13.7531777,56.8604561],[13.7529492,56.8603259],[13.7522995,56.8602758],[13.7521348,56.860223],[13.7517731,56.8598277],[13.7513999,56.8596998],[13.7508152,56.8593303],[13.7507412,56.8591787],[13.7508763,56.8589297],[13.7511027,56.8587784],[13.7515705,56.8587226],[13.7517019,56.8586587],[13.751644,56.8585197],[13.7518092,56.8583883],[13.7518151,56.8582554],[13.7517379,56.8581801],[13.7514401,56.8581088],[13.7512685,56.857939],[13.7512964,56.8577519],[13.7511918,56.8577035],[13.7512846,56.85757],[13.7509128,56.8571999],[13.7506703,56.8570547],[13.750275,56.856999],[13.7500808,56.8568943],[13.7499714,56.8567342],[13.7498764,56.8563045],[13.7492273,56.8558382],[13.7492644,56.8556444],[13.7491291,56.8555334],[13.7490981,56.8552854],[13.748994,56.855153],[13.7488084,56.8550547],[13.7488234,56.8549993],[13.7489446,56.8549885],[13.7491603,56.8550574],[13.749341,56.8550046],[13.7494033,56.8549242],[13.7491774,56.854596],[13.7489398,56.8544678],[13.7487418,56.8544494],[13.7484924,56.854533],[13.7484345,56.8545004],[13.7485729,56.8543933],[13.7484865,56.8542135],[13.7483395,56.8542121],[13.7481668,56.8544426],[13.7482639,56.854594],[13.748207,56.8546315],[13.7480681,56.8545594],[13.7480756,56.8542344],[13.7477231,56.8539789],[13.7475316,56.8537501],[13.7469421,56.8533591],[13.7465682,56.8530016],[13.7459105,56.85281],[13.745808,56.8527015],[13.7458027,56.8525607],[13.7459234,56.8524792],[13.7458257,56.8523496],[13.7456965,56.8522556],[13.7454658,56.8522116],[13.7452287,56.8519394],[13.7449916,56.8518919],[13.7447963,56.8517552],[13.744358,56.8511263],[13.7441558,56.8509814],[13.7439519,56.8505311],[13.7434869,56.850244],[13.7431446,56.8501422],[13.74279,56.8500964],[13.7426741,56.8500081],[13.7425669,56.8497362],[13.7423727,56.8496493],[13.7415412,56.8487165],[13.7409872,56.8487333],[13.7408025,56.8486344],[13.7407494,56.848028],[13.7404903,56.8477358],[13.7401357,56.8474685],[13.7398079,56.8470055],[13.7394179,56.8466653],[13.7390601,56.846518],[13.7387914,56.8464995],[13.7386481,56.846562],[13.738411,56.8465389],[13.7384781,56.8469029],[13.7383885,56.8469707],[13.7382796,56.8469607],[13.7378451,56.8465755],[13.7378687,56.8464863],[13.7380613,56.8463951],[13.738248,56.8463837],[13.7382292,56.8462775],[13.7379315,56.8459641],[13.7377383,56.8459193],[13.7376638,56.8458395],[13.7375838,56.8458453],[13.7375769,56.8460759],[13.7374218,56.8462326],[13.7372791,56.8462472],[13.7370946,56.8460891],[13.7371177,56.845931],[13.7367754,56.8457312],[13.7366456,56.8455766],[13.7358383,56.8453395],[13.7352857,56.8450734],[13.7350685,56.8450567],[13.7349859,56.8451136],[13.7351141,56.8452735],[13.7357219,56.8456605],[13.7361494,56.845848],[13.7362197,56.8460959],[13.7364954,56.8463907],[13.7364208,56.8465688],[13.7362288,56.8465981],[13.7359788,56.846562],[13.735797,56.8464588],[13.735835,56.8463124],[13.7352632,56.8459832],[13.7344387,56.8452416],[13.7332403,56.8444544],[13.7326309,56.8441446],[13.7322393,56.8441017],[13.7320703,56.8441499],[13.7320612,56.8442446],[13.7318021,56.8443054],[13.7316449,56.8442261],[13.7317012,56.8441549],[13.7318557,56.8441208],[13.7319067,56.8439832],[13.73161,56.8437864],[13.7318949,56.843691],[13.7319061,56.8435901],[13.731712,56.8435302],[13.7314394,56.8437532],[13.7311578,56.8437412],[13.7309234,56.843664],[13.7307903,56.8434724],[13.7307962,56.8433416],[13.7309491,56.8432785],[13.7310264,56.8431558],[13.7309953,56.8430895],[13.7308472,56.8430417],[13.7308102,56.8428666],[13.7309169,56.8428149],[13.7310607,56.8428152],[13.7311246,56.8427424],[13.7310371,56.84242],[13.7310639,56.8422152],[13.7307072,56.8419714],[13.7309438,56.8415949],[13.7308215,56.84095],[13.73063,56.8406581],[13.7298736,56.8401293],[13.7298875,56.8399817],[13.7298087,56.8398855],[13.7295372,56.8397816],[13.7291912,56.8397212],[13.7291419,56.8395677],[13.7288613,56.8395143],[13.7284604,56.8396364],[13.7283002,56.8395172],[13.7280607,56.8395894],[13.727989,56.8397288],[13.7279038,56.8397523],[13.7263123,56.8396589],[13.7258291,56.8398344],[13.7256534,56.8398048],[13.7257916,56.8396188],[13.7256171,56.8395232],[13.7246417,56.8394677],[13.724581,56.8393529],[13.7247688,56.8392866],[13.7248262,56.8391939],[13.7247479,56.8391126],[13.7235868,56.8387326],[13.7229297,56.8384216],[13.7222242,56.8382719],[13.7212122,56.8383594],[13.7206398,56.8382508],[13.7197423,56.8377255],[13.719274,56.8376695],[13.7186206,56.8377649],[13.718376,56.8376924],[13.7182789,56.8375577],[13.7180729,56.8375521],[13.7175972,56.8376317],[13.7171079,56.8375624],[13.7167206,56.837445],[13.7154363,56.8373725],[13.7150426,56.8372704],[13.7145732,56.8367208],[13.7137707,56.836454],[13.7132203,56.8363918],[13.7124601,56.8364994],[13.712252,56.836452],[13.7117153,56.8361503],[13.7105834,56.8358715],[13.709286,56.8357958],[13.7085634,56.8358126],[13.7080624,56.8359323],[13.7076847,56.8362222],[13.7071306,56.8363889],[13.7065174,56.8364188],[13.7055969,56.8362566],[13.7047354,56.8361829],[13.7038626,56.8360379],[13.703736,56.8359455],[13.7035614,56.8354284],[13.7042708,56.8353102],[13.704487,56.8351992],[13.704597,56.8350146],[13.7045417,56.8348747],[13.7043507,56.8348685],[13.7041292,56.8343837],[13.7030499,56.8338786],[13.7015333,56.8335588],[13.7008649,56.833255],[13.6998339,56.8326023],[13.6978834,56.8319317],[13.6967923,56.8314768],[13.6969232,56.8312496],[13.6967059,56.8310859],[13.6966051,56.830574],[13.6970777,56.8291978],[13.6970133,56.8289539],[13.6966174,56.8286715],[13.6963379,56.828533],[13.6960418,56.828496],[13.6959774,56.8284388],[13.6960219,56.8282829],[13.6961078,56.8282858],[13.6961426,56.8284394],[13.6963063,56.8284408],[13.6964876,56.8282351],[13.6964441,56.8281793],[13.6961459,56.8282145],[13.6961335,56.8281579],[13.6966775,56.8281018],[13.6966657,56.8280114],[13.6964661,56.8279724],[13.6966721,56.8277346],[13.696045,56.8269864],[13.6957478,56.82684],[13.6955241,56.8268476],[13.6952479,56.8270058],[13.6947447,56.8270537],[13.694198,56.8269935],[13.6938381,56.8268649],[13.6934846,56.8266025],[13.6926745,56.8264833],[13.6925297,56.8263859],[13.6924428,56.8261781],[13.692181,56.8260483],[13.6917851,56.8260536],[13.6915883,56.8260146],[13.6915185,56.8259151],[13.6917477,56.8253691],[13.6915963,56.8252021],[13.6913297,56.825158],[13.6904698,56.8252898],[13.6897375,56.8252514],[13.6896163,56.825168],[13.689804,56.8249901],[13.6895011,56.8247934],[13.6893288,56.824539],[13.6888583,56.8242566],[13.6887762,56.8240845],[13.6888846,56.8239586],[13.6892703,56.8239005],[13.6895015,56.8236891],[13.6894752,56.8233897],[13.6897123,56.8229485],[13.6895315,56.822834],[13.6892869,56.8227956],[13.687963,56.8229083],[13.6875488,56.8228358],[13.6871181,56.8226731],[13.6866927,56.8227633],[13.6861857,56.8226555],[13.6856456,56.8223799],[13.6852796,56.8219443],[13.6847422,56.8215429],[13.6841644,56.8213594],[13.683599,56.8208783],[13.683312,56.8202682],[13.6828035,56.820053],[13.6825383,56.819637],[13.6822727,56.8196312],[13.6822005,56.8195692],[13.6823684,56.8193734],[13.6826324,56.8192222],[13.6831329,56.8190634],[13.6834311,56.8187836],[13.6835363,56.8187953],[13.683488,56.8189797],[13.6836269,56.8191312],[13.6839037,56.819298],[13.6842792,56.819263],[13.6845013,56.8190487],[13.6844681,56.8188168],[13.684558,56.8187132],[13.6849203,56.8185437],[13.68538,56.8181653],[13.6856605,56.8181486],[13.6859309,56.818015],[13.6860613,56.8178582],[13.6862834,56.8177639],[13.6864432,56.8175869],[13.6867801,56.8174107],[13.6872431,56.817362],[13.6884769,56.8177595],[13.6892252,56.8181738],[13.6901442,56.8184668],[13.69093,56.8185091],[13.6916124,56.8182763],[13.6924326,56.8181861],[13.6930549,56.8182449],[13.6934207,56.8184791],[13.6942141,56.8187087],[13.694816,56.8186814],[13.6955515,56.8184468],[13.6960418,56.8184477],[13.6966898,56.8186154],[13.696832,56.8187067],[13.6973888,56.8186562],[13.6979832,56.8187149],[13.698207,56.8186239],[13.6981664,56.8184592],[13.6983778,56.8183791],[13.6992454,56.8186544],[13.6994911,56.8186095],[13.6992036,56.8184753],[13.6986376,56.8183224],[13.6986878,56.8181412],[13.6986208,56.8180927],[13.6988381,56.8178197],[13.6989713,56.8177537],[13.6989096,56.8176233],[13.6975416,56.8166623],[13.6974966,56.8163366],[13.6968623,56.8163067],[13.6969047,56.8161034],[13.6975652,56.8161353],[13.6975802,56.8161076],[13.6972883,56.8160734],[13.6973122,56.8160238],[13.6976123,56.8160584],[13.6977385,56.8156085],[13.6975651,56.8153944],[13.6969954,56.815064],[13.6965389,56.8148614],[13.6947408,56.8145003],[13.6935992,56.8147082],[13.6932886,56.8146518],[13.6930064,56.8144877],[13.6926341,56.8143778],[13.6920306,56.8143068],[13.6919207,56.8143447],[13.691704,56.8142442],[13.691668,56.8141068],[13.6915039,56.8139891],[13.6910747,56.8138766],[13.6905699,56.8138934],[13.6901501,56.813802],[13.6897771,56.8134702],[13.6891646,56.8132082],[13.6884429,56.8130131],[13.6883185,56.8128891],[13.6884027,56.8125535],[13.6883614,56.8124314],[13.6881479,56.8123494],[13.6878888,56.8121066],[13.6878856,56.8119753],[13.6881028,56.8118156],[13.6880803,56.8116876],[13.6878357,56.8115217],[13.6877831,56.8114057],[13.6880803,56.8112028],[13.6881568,56.8109916],[13.6883571,56.8109241],[13.6886822,56.8109373],[13.6888495,56.8108701],[13.6888013,56.8105103],[13.6875111,56.8093178],[13.6866931,56.8092385],[13.6866802,56.809193],[13.6869978,56.8091066],[13.6870251,56.8089674],[13.6869049,56.8088203],[13.6867188,56.8087954],[13.686382,56.8088334],[13.6862097,56.8089857],[13.6858578,56.8089557],[13.685795,56.8088915],[13.6858691,56.8088127],[13.6861335,56.80882],[13.6863771,56.8087231],[13.6864994,56.8085863],[13.6864441,56.8084556],[13.6861657,56.8082204],[13.6858047,56.8080697],[13.6855526,56.8081408],[13.6852109,56.8083507],[13.6850317,56.8083754],[13.6847275,56.8083328],[13.6845484,56.8083689],[13.68447,56.808354],[13.6844459,56.8082847],[13.6847436,56.80805],[13.6846256,56.8079704],[13.6844475,56.8079584],[13.6841364,56.8080782],[13.683756,56.8080356],[13.6837196,56.8079484],[13.6837968,56.8078612],[13.6843418,56.8077044],[13.6846379,56.8075384],[13.6847307,56.8073411],[13.6847023,56.8071158],[13.6842614,56.8068462],[13.6839255,56.8068172],[13.6836348,56.8067217],[13.6835098,56.806544],[13.6837818,56.806394],[13.683476,56.8060965],[13.6830731,56.8058242],[13.6827652,56.8057896],[13.6818731,56.8059596],[13.6812213,56.8059875],[13.6811269,56.8060398],[13.6812069,56.806342],[13.6813968,56.8064947],[13.6814595,56.8069537],[13.6813919,56.8071408],[13.6811382,56.8073599]]]}},{"type":"Feature","properties":{"kind":"lake-islands-focus-mask"},"geometry":{"type":"MultiPolygon","coordinates":[[[[13.605288,56.8061343],[13.6054449,56.8063317],[13.6053912,56.8064213],[13.6052262,56.8063442],[13.6050385,56.8064176],[13.604946,56.8063963],[13.6045799,56.8062333],[13.6047006,56.806193],[13.6048508,56.8062693],[13.605288,56.8061343]]],[[[13.6450621,56.7883692],[13.6450943,56.7881812],[13.6451801,56.7881342],[13.6452981,56.7881048],[13.6455234,56.7881283],[13.6458989,56.7884926],[13.6458437,56.7886428],[13.6456522,56.7887336],[13.6454483,56.7887277],[13.6451801,56.7885338],[13.6450621,56.7883692]]],[[[13.649992,56.7862256],[13.649856,56.7861406],[13.6499152,56.7860049],[13.6500673,56.7859906],[13.6501966,56.7860567],[13.6501851,56.7862609],[13.6500671,56.7862726],[13.649992,56.7862256]]],[[[13.7121713,56.9979584],[13.7119782,56.997821],[13.7119085,56.9976311],[13.7119836,56.9974967],[13.7121499,56.9974061],[13.7122786,56.9974529],[13.7123805,56.9975961],[13.7123752,56.9978678],[13.712284,56.9979671],[13.7121713,56.9979584]]],[[[13.7127131,56.9548364],[13.7119782,56.9545936],[13.7116241,56.9541226],[13.7121552,56.9542192],[13.7124771,56.9544415],[13.7129384,56.9546638],[13.7131262,56.9546755],[13.7132335,56.9547633],[13.7131047,56.9548101],[13.7131798,56.9548978],[13.7131369,56.9549593],[13.7127131,56.9548364]]],[[[13.7191102,56.965275],[13.71896,56.9652312],[13.7189761,56.9650952],[13.7191477,56.9650191],[13.7199363,56.9649928],[13.7199524,56.9650937],[13.7191102,56.965275]]],[[[13.6900578,56.9333521],[13.6899361,56.93325],[13.6899548,56.9331528],[13.6901592,56.933096],[13.6904752,56.9330934],[13.6914038,56.9334645],[13.6916167,56.9336463],[13.6917616,56.9336811],[13.6923248,56.93404],[13.6925587,56.9342539],[13.6923522,56.9343932],[13.6919772,56.9344322],[13.6916006,56.9343511],[13.6909848,56.934023],[13.6908958,56.9338307],[13.6903169,56.9335924],[13.6900578,56.9333521]]],[[[13.6550832,56.7811169],[13.654933,56.7810346],[13.6548954,56.7809171],[13.6544394,56.7807907],[13.6543214,56.7806643],[13.6543751,56.7805144],[13.6546326,56.780391],[13.6551797,56.7802793],[13.6554962,56.7800148],[13.6558342,56.7799149],[13.6560488,56.7799707],[13.6560702,56.7800648],[13.6563277,56.7800795],[13.656376,56.7801941],[13.656097,56.7803499],[13.6559415,56.7808171],[13.655507,56.7810875],[13.6550832,56.7811169]]],[[[13.6475841,56.8027172],[13.6477987,56.8026055],[13.6479328,56.8027016],[13.6477772,56.8027818],[13.6475841,56.8027172]]],[[[13.6694334,56.7978912],[13.6693153,56.7978265],[13.6692939,56.7976973],[13.6696372,56.7975563],[13.6697552,56.7975857],[13.669723,56.7977325],[13.6694334,56.7978912]]],[[[13.6848239,56.809983],[13.6850867,56.809985],[13.6852316,56.809936],[13.6853496,56.8100358],[13.6853174,56.8101826],[13.6849741,56.8102296],[13.6848561,56.8103118],[13.6845235,56.8102296],[13.6845342,56.810118],[13.6848239,56.809983]]],[[[13.6506418,56.8045381],[13.6508135,56.8045558],[13.6508457,56.8046556],[13.6506418,56.8045381]]],[[[13.6514894,56.8048025],[13.6516718,56.8047496],[13.6517683,56.8048436],[13.6516718,56.8049435],[13.6514894,56.8048025]]],[[[13.6535922,56.8038744],[13.653442,56.8037569],[13.653501,56.8036356],[13.6539677,56.8036805],[13.6540643,56.8037804],[13.6538712,56.8038685],[13.6535922,56.8038744]]],[[[13.6647288,56.8065294],[13.6644284,56.8066116],[13.6642674,56.8065764],[13.6643962,56.806453],[13.6643533,56.8063238],[13.6644927,56.8061711],[13.664761,56.80613],[13.664938,56.8058912],[13.6653618,56.8058128],[13.6656407,56.8055837],[13.6659572,56.8054977],[13.6665419,56.8054604],[13.6667458,56.8056013],[13.6657319,56.8062495],[13.6654637,56.8059793],[13.6653189,56.8059303],[13.6651096,56.8059793],[13.6649702,56.8060733],[13.664879,56.8063943],[13.6647288,56.8065294]]],[[[13.6751464,56.8124146],[13.6751894,56.8122971],[13.6753396,56.8121914],[13.6756459,56.8121125],[13.6757537,56.8122699],[13.6756459,56.8123521],[13.6753557,56.8124216],[13.6751464,56.8124146]]],[[[13.671209,56.810253],[13.6708335,56.8101767],[13.6708549,56.8101121],[13.671166,56.8100064],[13.6713806,56.8101767],[13.671209,56.810253]]],[[[13.6619071,56.8140117],[13.6612204,56.8136241],[13.6598484,56.8119305],[13.6595747,56.8114974],[13.6606947,56.8124144],[13.6610971,56.8126102],[13.6614672,56.8128666],[13.6618213,56.8137298],[13.6619285,56.8138943],[13.6620573,56.8139589],[13.6619071,56.8140117]]],[[[13.6819915,56.8094779],[13.6822221,56.809474],[13.6822919,56.8096071],[13.6820237,56.8096482],[13.6817554,56.8096306],[13.681734,56.8095601],[13.6819915,56.8094779]]],[[[13.6681513,56.8056483],[13.6684302,56.8055367],[13.6684624,56.8056013],[13.6681513,56.8056483]]],[[[13.6651526,56.8078824],[13.6658017,56.8077393],[13.6661772,56.8078979],[13.6663274,56.80808],[13.6662254,56.8081878],[13.6663703,56.8082151],[13.6665849,56.8084677],[13.6665849,56.8086439],[13.6667941,56.8087105],[13.6667887,56.8091431],[13.666617,56.8095895],[13.6662523,56.8098714],[13.6658017,56.8099301],[13.6654852,56.8098382],[13.6651794,56.8096129],[13.6648522,56.8088808],[13.6649004,56.8086967],[13.6647985,56.8085813],[13.6648522,56.8084403],[13.6645571,56.8080271],[13.6645732,56.8078824],[13.6648575,56.8078157],[13.6651526,56.8078824]]],[[[13.6680011,56.801601],[13.6677328,56.801742],[13.6667351,56.801601],[13.6655549,56.8015129],[13.6651901,56.8015364],[13.6649326,56.8016304],[13.6648039,56.8017773],[13.6636237,56.8020416],[13.6635057,56.8021239],[13.6632053,56.8020181],[13.6621968,56.8014248],[13.6619071,56.8011957],[13.6626474,56.8007845],[13.663495,56.8007551],[13.6638597,56.800808],[13.6647341,56.800763],[13.6649648,56.8006964],[13.6651257,56.8007375],[13.665115,56.8008315],[13.6658982,56.8010195],[13.6663864,56.8010333],[13.6666814,56.8012192],[13.6670838,56.8011096],[13.6675987,56.8011919],[13.6678079,56.8012779],[13.6680333,56.8014894],[13.6680011,56.801601]]],[[[13.6594287,56.801601],[13.6596004,56.8016245],[13.6596218,56.8019359],[13.6594287,56.8020181],[13.658785,56.8021591],[13.6586241,56.8020945],[13.6587099,56.8019535],[13.6589728,56.8018263],[13.6591176,56.8016715],[13.6594287,56.801601]]],[[[13.6611561,56.7987636],[13.6618749,56.7989692],[13.6624167,56.7989595],[13.6625723,56.7991513],[13.6624864,56.7993452],[13.6624006,56.799492],[13.6619929,56.7997799],[13.6612848,56.79968],[13.6600939,56.7998621],[13.6596969,56.7997682],[13.6594716,56.7996095],[13.6592678,56.7992394],[13.6593858,56.7990338],[13.659874,56.7988126],[13.6602012,56.7989281],[13.6605606,56.7989184],[13.6608288,56.7988361],[13.66092,56.7987342],[13.6611561,56.7987636]]],[[[13.6564461,56.7981702],[13.656371,56.7980703],[13.65665,56.7979587],[13.6569986,56.7976376],[13.6576638,56.7975084],[13.6578677,56.7974085],[13.6579052,56.797142],[13.6581091,56.7972302],[13.6582486,56.7974006],[13.6580125,56.7979411],[13.6578194,56.7980997],[13.6575083,56.7982348],[13.657283,56.7982818],[13.6568967,56.7981937],[13.6566821,56.7982701],[13.6564568,56.7982289],[13.6564461,56.7981702]]],[[[13.6535601,56.7998974],[13.653442,56.7997388],[13.6535815,56.7996213],[13.6536244,56.7993158],[13.6538926,56.7990162],[13.6544184,56.7987342],[13.6546919,56.798701],[13.6551855,56.7985365],[13.6551265,56.7989398],[13.6552445,56.7991513],[13.6552338,56.7994274],[13.6547831,56.7996742],[13.6545042,56.7997682],[13.6535601,56.7998974]]],[[[13.6559633,56.7983053],[13.6558453,56.7983582],[13.6558882,56.7984581],[13.6557165,56.7984052],[13.6555771,56.7984287],[13.6557702,56.7982701],[13.6559633,56.7983053]]],[[[13.6603085,56.7964076],[13.6605445,56.796343],[13.6609147,56.7964214],[13.6610381,56.796343],[13.6612955,56.7964664],[13.6612312,56.7965839],[13.6609951,56.7965721],[13.6603085,56.7964076]]],[[[13.6593053,56.7949761],[13.6595146,56.7949858],[13.6595789,56.7950387],[13.6594824,56.7951033],[13.6590639,56.7951151],[13.6588225,56.7950642],[13.6588011,56.7949232],[13.6588762,56.7946765],[13.6591927,56.7945628],[13.6593751,56.7944159],[13.6593644,56.7945804],[13.6591981,56.7947],[13.6593053,56.7949761]]],[[[13.6790206,56.8159064],[13.6786859,56.816022],[13.6783211,56.815904],[13.6776323,56.8153421],[13.6775991,56.8150484],[13.6778276,56.8149556],[13.677804,56.8148253],[13.6775068,56.8147137],[13.6770723,56.8147096],[13.6766721,56.8147795],[13.6762676,56.8146785],[13.6753632,56.8139702],[13.6754254,56.8139004],[13.6756249,56.8138692],[13.6764318,56.8139802],[13.6766785,56.8138886],[13.6766635,56.8137447],[13.6762832,56.8136227],[13.6768073,56.8131375],[13.6770841,56.8129977],[13.6771313,56.8128621],[13.6768577,56.8126283],[13.6768845,56.8124533],[13.6770916,56.8122642],[13.677437,56.8122584],[13.6775122,56.8125684],[13.6773813,56.8128773],[13.6774333,56.8130773],[13.677628,56.8133325],[13.6780658,56.8133742],[13.6784788,56.813289],[13.6786805,56.8130841],[13.6792996,56.8131692],[13.6795909,56.8133002],[13.6802169,56.8134041],[13.6806074,56.8136743],[13.6807984,56.8139444],[13.6807093,56.8141079],[13.6805677,56.8141461],[13.6802512,56.8140249],[13.6800109,56.814019],[13.6797754,56.81412],[13.6795163,56.8143246],[13.6792465,56.8143919],[13.6789445,56.814679],[13.6789906,56.8152134],[13.6791622,56.8156715],[13.6790206,56.8159064]]],[[[13.6778818,56.8090352],[13.6780293,56.8093292],[13.6780169,56.8095985],[13.6779284,56.8098387],[13.6774692,56.8102548],[13.6764838,56.8107499],[13.6760761,56.8108659],[13.6753122,56.8108853],[13.6738306,56.810606],[13.6731648,56.8103934],[13.6731281,56.8101859],[13.6729245,56.8100924],[13.6728167,56.8099582],[13.6729653,56.8092757],[13.6729883,56.8087524],[13.6728869,56.8085847],[13.6725093,56.8083275],[13.6724889,56.8081595],[13.6727056,56.8080042],[13.6728687,56.8080133],[13.6731831,56.8079037],[13.6733172,56.8077645],[13.6732035,56.807549],[13.6733478,56.8074485],[13.6735532,56.8074095],[13.6739234,56.8074846],[13.6741535,56.8076068],[13.6742731,56.8078623],[13.6744475,56.8079356],[13.6748031,56.8079801],[13.6752296,56.8081307],[13.6758057,56.8084124],[13.6759834,56.8085811],[13.6761968,56.8086723],[13.6766217,56.8086681],[13.677002,56.8085759],[13.6773888,56.8086],[13.6778388,56.8088526],[13.6778818,56.8090352]]],[[[13.6707583,56.806776],[13.6711017,56.8067642],[13.6715952,56.8068171],[13.6718098,56.8068876],[13.6719385,56.8069992],[13.67196,56.8071637],[13.6717883,56.8072929],[13.6715416,56.8073692],[13.6711553,56.8073575],[13.6708871,56.8072929],[13.6706865,56.8071898],[13.6703828,56.806823],[13.6701253,56.8067231],[13.6701608,56.8066553],[13.670297,56.8066468],[13.6706543,56.8066788],[13.6707583,56.806776]]],[[[13.636866,56.8136594],[13.6373273,56.8137768],[13.6371074,56.8138905],[13.6369035,56.8139316],[13.6366729,56.8138943],[13.6366568,56.8137143],[13.636866,56.8136594]]],[[[13.6181205,56.8137709],[13.6184805,56.8139019],[13.6191076,56.8139503],[13.6190175,56.8140249],[13.6188683,56.8140543],[13.6188201,56.8141882],[13.618965,56.8143242],[13.6193704,56.8144389],[13.6194219,56.8145326],[13.6192058,56.8146718],[13.6193189,56.8148488],[13.6198747,56.8150279],[13.6204165,56.8150209],[13.6207287,56.8152123],[13.6203044,56.8153169],[13.6199198,56.8152349],[13.6197792,56.8151269],[13.6195877,56.8150687],[13.6193163,56.8150347],[13.618922,56.8147185],[13.6187197,56.8146932],[13.6185105,56.8147625],[13.6184542,56.8147214],[13.61854,56.8145969],[13.6186543,56.8145517],[13.6186639,56.8144636],[13.6184295,56.8142457],[13.6184043,56.8140983],[13.6181286,56.8140293],[13.6179784,56.813933],[13.617922,56.8137651],[13.6181205,56.8137709]]],[[[13.7941067,56.9297792],[13.7943599,56.929723],[13.794729,56.9298143],[13.7946432,56.9299548],[13.7941067,56.9297792]]],[[[13.6679099,56.9258238],[13.6685107,56.9263976],[13.6691759,56.9268425],[13.67012,56.9272524],[13.6705063,56.9276388],[13.6697767,56.9274046],[13.6684249,56.926784],[13.6679099,56.9258238]]],[[[13.6671374,56.9251563],[13.6676524,56.9254373],[13.6675022,56.9255779],[13.6669228,56.9252968],[13.6671374,56.9251563]]],[[[13.6690471,56.9241024],[13.6694548,56.9239501],[13.6696265,56.9240321],[13.6692188,56.9241843],[13.6690471,56.9241024]]],[[[13.665512,56.9207038],[13.6658576,56.9205603],[13.6664561,56.920616],[13.6666921,56.9209146],[13.6668638,56.9210259],[13.666719,56.9212273],[13.6655388,56.9211805],[13.6654154,56.9209439],[13.665512,56.9207038]]],[[[13.6541042,56.9082217],[13.6543751,56.9080445],[13.654528,56.9080152],[13.6547774,56.9080855],[13.6548525,56.9083023],[13.6546218,56.9084019],[13.6544207,56.9083887],[13.6542517,56.9083594],[13.6541042,56.9082217]]],[[[13.6953596,56.9207507],[13.6958478,56.9206242],[13.6961267,56.9206476],[13.6960892,56.9208678],[13.6963467,56.9209732],[13.695896,56.9211957],[13.6954401,56.9210341],[13.6953596,56.9207507]]],[[[13.6524335,56.9583259],[13.6525086,56.9581913],[13.6526535,56.9582054],[13.6526588,56.9583025],[13.6524335,56.9583259]]],[[[13.6951343,56.9465365],[13.6954293,56.9463457],[13.695601,56.9464979],[13.6957566,56.9464721],[13.6959819,56.9466067],[13.6960999,56.946794],[13.6957512,56.9469075],[13.6953489,56.9467354],[13.6951343,56.9465365]]],[[[13.694158,56.9473733],[13.693879,56.9470105],[13.693938,56.9469367],[13.6942223,56.9469285],[13.6944155,56.94687],[13.6951343,56.9473499],[13.6947212,56.947282],[13.694158,56.9473733]]],[[[13.6932031,56.9460683],[13.6938468,56.9458518],[13.6941151,56.9459045],[13.694335,56.9458659],[13.6946837,56.9461444],[13.6949948,56.9462205],[13.6949519,56.9463609],[13.6947481,56.946279],[13.6944047,56.9463726],[13.6940614,56.9462732],[13.6937771,56.9460882],[13.6932031,56.9460683]]],[[[13.6935786,56.9468291],[13.6934552,56.9466676],[13.693069,56.9464686],[13.6933318,56.9463024],[13.6935679,56.9463843],[13.6936966,56.9465482],[13.6935786,56.9468291]]],[[[13.6941794,56.9466184],[13.6944155,56.946595],[13.6945013,56.946794],[13.6941794,56.9466184]]],[[[13.6928169,56.9475137],[13.6931602,56.947543],[13.6935196,56.9475043],[13.6939434,56.9477712],[13.6940721,56.9480169],[13.694512,56.9483622],[13.6935196,56.9480251],[13.6932085,56.9477911],[13.6929027,56.9477185],[13.6928169,56.9475137]]],[[[13.6992858,56.9500766],[13.7000583,56.9501293],[13.700466,56.9503341],[13.7006591,56.9507202],[13.7006591,56.9511181],[13.7012063,56.9514048],[13.7013243,56.9516213],[13.7010775,56.9515511],[13.7007986,56.9516388],[13.7009595,56.9518378],[13.7009381,56.9520601],[13.7005411,56.9517325],[13.7000154,56.9515569],[13.6992429,56.9511649],[13.6992322,56.9510069],[13.6989961,56.9508314],[13.698964,56.9505564],[13.6993132,56.9505002],[13.6991678,56.9503282],[13.6992858,56.9500766]]],[[[13.6950592,56.9487367],[13.6954347,56.9489122],[13.6957673,56.9491872],[13.695306,56.9490117],[13.6950163,56.9488186],[13.6950592,56.9487367]]],[[[13.6851051,56.9414533],[13.68525,56.9414562],[13.6854579,56.9415477],[13.6854672,56.9416486],[13.6853496,56.9415914],[13.6850341,56.9415711],[13.6849616,56.9414775],[13.6851051,56.9414533]]],[[[13.6844376,56.94141],[13.6844212,56.9413458],[13.6845449,56.9413105],[13.6848879,56.9413458],[13.6848664,56.9414504],[13.6847685,56.941465],[13.6846371,56.9414314],[13.684511,56.941465],[13.6844376,56.94141]]],[[[13.7504591,56.9263768],[13.750707,56.9261839],[13.750906,56.926274],[13.7507,56.9264066],[13.7504591,56.9263768]]],[[[13.7756961,56.9188299],[13.7759278,56.9187386],[13.7761853,56.9187971],[13.7763999,56.9189728],[13.7758463,56.9189939],[13.7756961,56.9188299]]],[[[13.7952869,56.9281634],[13.7955401,56.9281072],[13.7959049,56.9281072],[13.7955873,56.928257],[13.7952869,56.9281634]]],[[[13.7874978,56.9289479],[13.7879226,56.92888],[13.7884591,56.9289502],[13.7880986,56.9290767],[13.7883132,56.9293577],[13.7877982,56.9293577],[13.7878368,56.9291727],[13.7874978,56.9289479]]],[[[13.7959092,56.9282805],[13.7965958,56.9284561],[13.7964628,56.9286458],[13.7966344,56.9287746],[13.7960379,56.9287605],[13.795583,56.9286224],[13.7959092,56.9282805]]],[[[13.6421982,56.832746],[13.6422626,56.8324818],[13.6421875,56.8322001],[13.6425791,56.8321613],[13.6436466,56.8328751],[13.6436895,56.8330277],[13.643314,56.8330277],[13.6431531,56.8328927],[13.6421982,56.832746]]],[[[13.6249355,56.8260658],[13.6253647,56.8259249],[13.6261747,56.8264673],[13.6268345,56.8267468],[13.6272637,56.8269933],[13.6273978,56.827254],[13.6279503,56.8276038],[13.6284331,56.8277154],[13.6287925,56.8280758],[13.6289159,56.8283259],[13.6291198,56.8284257],[13.6291305,56.8287016],[13.6292592,56.8290597],[13.6278591,56.8284456],[13.626679,56.8277412],[13.6265448,56.8275451],[13.6262015,56.8273338],[13.6259333,56.8270696],[13.6257616,56.826782],[13.6253754,56.8264532],[13.6251286,56.8263182],[13.6249355,56.8260658]]],[[[13.6229952,56.8124452],[13.6233852,56.8125339],[13.6235783,56.8127101],[13.6236051,56.8129315],[13.6241888,56.8132621],[13.6245369,56.8133634],[13.6248373,56.8133387],[13.6251849,56.8134341],[13.6257455,56.8137084],[13.6265448,56.814012],[13.6280683,56.8145053],[13.6280222,56.8146612],[13.6279197,56.8147217],[13.6277282,56.8147003],[13.6264842,56.8143867],[13.6256795,56.8140951],[13.6256066,56.8140038],[13.6254344,56.8139389],[13.6246705,56.8138109],[13.6240284,56.8135484],[13.6231164,56.8130815],[13.6228327,56.8128845],[13.6227527,56.8127535],[13.6228503,56.8124789],[13.6229952,56.8124452]]],[[[13.6264644,56.8167579],[13.627004,56.8167699],[13.62729,56.8168965],[13.62707,56.8170274],[13.6264799,56.8169573],[13.6264644,56.8167579]]],[[[13.6270711,56.8175952],[13.6270206,56.8175254],[13.6270775,56.8174514],[13.6272433,56.8175122],[13.6272481,56.8176099],[13.6270711,56.8175952]]],[[[13.6279621,56.8179731],[13.6285565,56.8183709],[13.6290629,56.8185286],[13.6293987,56.8189792],[13.6289325,56.818602],[13.6284374,56.8184147],[13.6279621,56.8179731]]],[[[13.6375955,56.8138414],[13.637955,56.8138728],[13.6386792,56.8140235],[13.6389796,56.8141468],[13.6393551,56.8144698],[13.6396233,56.814458],[13.6398379,56.8145931],[13.6399344,56.8147928],[13.6397467,56.8149357],[13.6394141,56.8150062],[13.639001,56.8149983],[13.638529,56.8148985],[13.6381964,56.8146518],[13.6380247,56.8143876],[13.6377672,56.8143053],[13.637617,56.8141174],[13.6375955,56.8138414]]],[[[13.6407176,56.8132307],[13.6410234,56.8131975],[13.6412863,56.8133364],[13.6414579,56.81363],[13.6410556,56.8135322],[13.6410288,56.8134245],[13.6407176,56.8132307]]],[[[13.6328797,56.8583383],[13.6331146,56.858379],[13.6335588,56.8587236],[13.633511,56.8588072],[13.6332782,56.8588606],[13.6329489,56.8588169],[13.6326184,56.8586864],[13.6326731,56.8584086],[13.6328797,56.8583383]]],[[[13.6347695,56.859709],[13.6348302,56.8596548],[13.6351746,56.8595814],[13.6353382,56.8596169],[13.635313,56.8597782],[13.6354396,56.85989],[13.6359132,56.8599923],[13.6367571,56.8600196],[13.636925,56.8600612],[13.6369335,56.8602205],[13.6368187,56.8603997],[13.6354497,56.861024],[13.6351349,56.8611202],[13.6347889,56.8611199],[13.6346172,56.8610014],[13.634754,56.8608765],[13.6345794,56.8606799],[13.6345802,56.8605879],[13.6350619,56.8603806],[13.6349766,56.8599897],[13.6347695,56.859709]]],[[[13.6289111,56.8640494],[13.6287179,56.8638735],[13.6283553,56.8637365],[13.6278671,56.8636304],[13.6278215,56.8635524],[13.6278967,56.8633316],[13.6277636,56.8632281],[13.6274149,56.8631559],[13.6273076,56.8630897],[13.6273489,56.8629768],[13.6274702,56.8629339],[13.6277432,56.86306],[13.6280072,56.8630609],[13.6281928,56.8631155],[13.6283489,56.8632137],[13.6289958,56.863277],[13.6292522,56.863365],[13.6293075,56.8634864],[13.6294802,56.8635471],[13.6295843,56.8638755],[13.6295387,56.8640436],[13.6289111,56.8640494]]],[[[13.624722,56.8613126],[13.6244479,56.8612709],[13.6244205,56.8611821],[13.6246812,56.8610569],[13.624788,56.8611026],[13.624722,56.8613126]]],[[[13.6124257,56.8557418],[13.6130265,56.855906],[13.6129353,56.8560609],[13.6124257,56.8557418]]],[[[13.6112241,56.8556479],[13.6110685,56.8555212],[13.6114977,56.855486],[13.6112241,56.8556479]]],[[[13.6293375,56.8602812],[13.6298584,56.8605686],[13.6302967,56.8606237],[13.6304211,56.8606876],[13.6304287,56.8607938],[13.6305719,56.8609481],[13.6313336,56.8610815],[13.6313578,56.8612287],[13.631059,56.8615325],[13.6310096,56.8616747],[13.6310831,56.8621351],[13.6309147,56.8622319],[13.6305182,56.8623088],[13.6294963,56.8623011],[13.6281026,56.8624853],[13.6279573,56.8625363],[13.6278881,56.8627137],[13.6277389,56.8627782],[13.6275265,56.862797],[13.6269879,56.8626727],[13.6268501,56.8627301],[13.6269026,56.8628375],[13.6268527,56.8630131],[13.6269788,56.8632064],[13.6269139,56.8634172],[13.6267803,56.8635498],[13.6259789,56.8638697],[13.6255497,56.8639107],[13.6251184,56.8638069],[13.6248438,56.8636709],[13.6246077,56.8632498],[13.6242628,56.8629545],[13.6241786,56.8628029],[13.6243486,56.8626604],[13.6251222,56.8622615],[13.625443,56.8619158],[13.6253888,56.8618234],[13.6250991,56.8617941],[13.6248577,56.8616475],[13.6249924,56.8613876],[13.6253952,56.8612513],[13.6256243,56.8612533],[13.6259429,56.8613331],[13.626033,56.8614234],[13.6259789,56.8615349],[13.6260572,56.8616093],[13.6261811,56.8616293],[13.6263447,56.8615903],[13.6264096,56.8614642],[13.6265158,56.8614463],[13.6268463,56.8616199],[13.6270206,56.8616093],[13.6271692,56.8615466],[13.6272143,56.8613522],[13.6270357,56.8612041],[13.6271703,56.8611258],[13.6271928,56.8609381],[13.6270319,56.8608815],[13.627041,56.8608325],[13.627232,56.8607425],[13.6283306,56.8605803],[13.6285967,56.8604545],[13.6287142,56.8604909],[13.6290672,56.8604387],[13.6293375,56.8602812]]],[[[13.7525922,56.8782527],[13.7531597,56.8785206],[13.7542412,56.8788806],[13.7545137,56.8790553],[13.7547718,56.8793294],[13.7554246,56.8797362],[13.7562132,56.8800487],[13.7568016,56.8804358],[13.7573574,56.8806598],[13.7581723,56.8808532],[13.7583638,56.8808324],[13.7584796,56.8807603],[13.7584689,56.880687],[13.7585773,56.8806551],[13.75878,56.8806519],[13.7589635,56.8807269],[13.7595246,56.8812595],[13.7605642,56.8818758],[13.7614977,56.8826728],[13.7617766,56.8829773],[13.7620352,56.8834494],[13.7630099,56.8843498],[13.7634079,56.8848471],[13.763895,56.8851956],[13.7639111,56.88568],[13.7637722,56.8859789],[13.7634117,56.8860812],[13.7625641,56.8861196],[13.7621725,56.8862427],[13.7619451,56.8865012],[13.7619601,56.8868693],[13.7620722,56.8870814],[13.7623141,56.8872599],[13.7630957,56.8875055],[13.7632528,56.8876679],[13.7632229,56.8878727],[13.7634133,56.8882334],[13.7637373,56.8885722],[13.764093,56.8888394],[13.7649416,56.8891755],[13.7650789,56.8893077],[13.765117,56.8894812],[13.764925,56.8896883],[13.7646627,56.8897742],[13.7644057,56.8899512],[13.7643054,56.8903348],[13.7640828,56.8905326],[13.7638784,56.8905768],[13.7638902,56.8906709],[13.7641922,56.8910231],[13.7652361,56.8914151],[13.7653681,56.8916293],[13.7652393,56.8917996],[13.7651744,56.8922092],[13.7652173,56.8925904],[13.7645082,56.8927264],[13.7638451,56.8927349],[13.7634911,56.8928014],[13.7631499,56.8929236],[13.7629627,56.8931357],[13.7629868,56.8932526],[13.7627406,56.8933347],[13.7623967,56.8933522],[13.7619805,56.893146],[13.7619799,56.8929535],[13.7617305,56.8928711],[13.7616972,56.8927721],[13.7618056,56.8926675],[13.7620234,56.8926364],[13.762202,56.892661],[13.7622793,56.8925667],[13.7622691,56.892385],[13.7620346,56.892179],[13.7617106,56.8920516],[13.7612745,56.8920604],[13.7610696,56.8919912],[13.7608196,56.8917114],[13.7606388,56.8917222],[13.7598191,56.8915744],[13.7596758,56.8916593],[13.7596168,56.8918956],[13.7596384,56.8920604],[13.7597939,56.8922285],[13.7596528,56.8926162],[13.7596587,56.892807],[13.7601131,56.8932359],[13.760782,56.8937343],[13.7616259,56.8941014],[13.7622031,56.8944355],[13.7626542,56.8948281],[13.7632052,56.8959297],[13.7635388,56.8962411],[13.7634364,56.8963665],[13.7635324,56.8964899],[13.7634959,56.8965479],[13.7633028,56.8965523],[13.7624718,56.8962388],[13.7621441,56.8962353],[13.7618726,56.8962725],[13.7616157,56.8964105],[13.7614574,56.8965748],[13.7611538,56.8966258],[13.760222,56.8966774],[13.7596738,56.8965535],[13.7595037,56.8966408],[13.7594291,56.8967685],[13.7594243,56.8970468],[13.759228,56.8970858],[13.7591003,56.897017],[13.7590719,56.8967372],[13.7588927,56.8966129],[13.7584072,56.8964618],[13.7580124,56.8962118],[13.7575586,56.8956824],[13.7573,56.8956555],[13.7568515,56.8957176],[13.7565665,56.8956557],[13.7563736,56.8956801],[13.7559825,56.8955075],[13.7557422,56.8954794],[13.7554782,56.8955307],[13.7553393,56.8957299],[13.7554241,56.8959168],[13.7558645,56.8962335],[13.7561472,56.8967454],[13.7565125,56.897941],[13.756778,56.8983318],[13.7571857,56.8985369],[13.757388,56.8988234],[13.757837,56.8991336],[13.7578702,56.8992453],[13.7577839,56.8994553],[13.7579604,56.8998338],[13.7584652,56.900326],[13.7588669,56.9005873],[13.7595987,56.9008975],[13.7600573,56.9009256],[13.7602268,56.9009781],[13.7603872,56.9011292],[13.7604977,56.9016067],[13.760745,56.9020449],[13.7611769,56.9023159],[13.7613147,56.9026021],[13.7612643,56.9028737],[13.7610825,56.9030143],[13.7608856,56.9030359],[13.7606206,56.9029908],[13.7604081,56.9027949],[13.760133,56.9027076],[13.7597689,56.902762],[13.7594506,56.9029053],[13.7591191,56.9031431],[13.7589292,56.903427],[13.7590225,56.9037876],[13.7592886,56.9041028],[13.7596282,56.9043301],[13.7599388,56.9044349],[13.7601378,56.9046318],[13.7606914,56.9046701],[13.7609086,56.9047246],[13.7610122,56.9048102],[13.7607928,56.9051122],[13.7605846,56.9051921],[13.7606699,56.9053204],[13.7606844,56.9055222],[13.7606249,56.9055732],[13.7605026,56.9056025],[13.7599736,56.905379],[13.7580671,56.9049765],[13.7578177,56.9048512],[13.7577292,56.9047047],[13.7578906,56.9042249],[13.7576691,56.9037469],[13.75741,56.9035752],[13.7570929,56.9034504],[13.7556976,56.9032843],[13.7550866,56.903154],[13.7541296,56.9028332],[13.7525986,56.9021317],[13.7524431,56.9018645],[13.7520633,56.901716],[13.7508305,56.9007625],[13.7504164,56.9002264],[13.7501487,56.8995488],[13.7492534,56.8991339],[13.7492137,56.8989939],[13.7493156,56.8989341],[13.7495259,56.899],[13.7496884,56.8988943],[13.7496605,56.8988258],[13.7494191,56.8987176],[13.7492915,56.8985925],[13.7493101,56.8984431],[13.7494266,56.8982958],[13.7497904,56.8982129],[13.7499304,56.8981144],[13.7499674,56.897955],[13.7499094,56.8978505],[13.7492781,56.8976167],[13.7492459,56.8974174],[13.7493623,56.8973884],[13.7494996,56.8974517],[13.7497694,56.8974752],[13.7499835,56.8974277],[13.7502329,56.8972006],[13.7505108,56.896591],[13.7504588,56.8963454],[13.7502651,56.8961096],[13.7503193,56.8960003],[13.7502308,56.8958992],[13.7499749,56.8957357],[13.7496965,56.8957123],[13.7492223,56.8957776],[13.749145,56.8957114],[13.7492759,56.8954615],[13.7491611,56.8952494],[13.7489202,56.8951448],[13.7485276,56.8950894],[13.7484739,56.8950077],[13.7485807,56.8945289],[13.7487314,56.8942301],[13.7486842,56.8939505],[13.7485356,56.8937835],[13.7482449,56.8936564],[13.7480716,56.893247],[13.7477465,56.8931433],[13.7476596,56.8930326],[13.7477755,56.8929297],[13.7480094,56.8928919],[13.7485565,56.8929593],[13.7491579,56.8929186],[13.7494588,56.8927129],[13.749586,56.8923548],[13.7495554,56.8919569],[13.749307,56.8915939],[13.7490388,56.8916118],[13.7488489,56.8915842],[13.7487987,56.8915335],[13.7487974,56.8914427],[13.7490544,56.891368],[13.7490436,56.8912528],[13.7485179,56.890975],[13.7482454,56.890944],[13.7479139,56.8908229],[13.7476322,56.8906164],[13.747614,56.8904209],[13.7474863,56.8902978],[13.7472707,56.8902574],[13.747025,56.8903037],[13.7468206,56.8904054],[13.7467316,56.8905806],[13.7464338,56.8905507],[13.7459457,56.8906635],[13.7456222,56.8908982],[13.7452735,56.8912774],[13.7452451,56.8917782],[13.7453604,56.8920902],[13.7455584,56.8923147],[13.7458529,56.8924325],[13.7459961,56.8926561],[13.7459773,56.8929725],[13.7458255,56.8932843],[13.7454473,56.8935157],[13.7448975,56.8936575],[13.7438085,56.8936417],[13.7433386,56.8937012],[13.7430011,56.8938591],[13.7427769,56.8938928],[13.7425006,56.8938521],[13.7422641,56.8936997],[13.7420994,56.8934454],[13.7418435,56.8933185],[13.7409085,56.8931732],[13.7402996,56.8928984],[13.7402927,56.8927815],[13.7404702,56.8927284],[13.7409224,56.8928682],[13.7411134,56.8928357],[13.7412078,56.8927539],[13.7411654,56.8926013],[13.7407449,56.8923712],[13.7400303,56.8916516],[13.7396951,56.8915912],[13.7394397,56.8914002],[13.7392713,56.8909041],[13.7390674,56.8907517],[13.7382622,56.890389],[13.7379028,56.8900684],[13.7377183,56.8900224],[13.7373363,56.89004],[13.7369002,56.8901188],[13.7365435,56.8902328],[13.7355768,56.8908004],[13.7354373,56.8908118],[13.7351578,56.8906205],[13.7348907,56.8905938],[13.734336,56.8907148],[13.7341649,56.8906846],[13.73402,56.8904737],[13.7338618,56.8903708],[13.7336236,56.8903154],[13.7332299,56.8903307],[13.7328442,56.8904473],[13.7326103,56.8904499],[13.7322857,56.890665],[13.7318528,56.8903978],[13.7316103,56.8903942],[13.7307815,56.8902152],[13.7305745,56.8902351],[13.730398,56.8903708],[13.7304227,56.8908561],[13.7306013,56.8911804],[13.7305702,56.891256],[13.7304666,56.8912642],[13.7303025,56.8912015],[13.7299726,56.8908024],[13.7298664,56.8902583],[13.7292001,56.8896602],[13.7291599,56.8894196],[13.7292774,56.8889654],[13.7294555,56.8887705],[13.729729,56.888663],[13.7303953,56.8885631],[13.7310106,56.8886712],[13.7316077,56.8886015],[13.732099,56.888673],[13.7326537,56.8889332],[13.7333307,56.8891591],[13.7343558,56.8894231],[13.7345865,56.8896417],[13.7349969,56.8897253],[13.7353762,56.8896661],[13.7359164,56.8894568],[13.7364635,56.8894006],[13.7379371,56.8888854],[13.7383057,56.8886308],[13.7386232,56.8885528],[13.738818,56.8885924],[13.7390733,56.8884992],[13.7391522,56.8884171],[13.7391055,56.8882592],[13.7391946,56.8880737],[13.7394231,56.887885],[13.7397675,56.8878258],[13.7399123,56.887756],[13.7400229,56.8876262],[13.7399424,56.8874832],[13.7402202,56.88738],[13.7408978,56.8868168],[13.7409434,56.8864789],[13.7408881,56.8861193],[13.7407154,56.8858878],[13.7405298,56.885809],[13.7398973,56.8856742],[13.7399359,56.8855991],[13.7401087,56.8855335],[13.7401339,56.8854224],[13.7399606,56.8853017],[13.739459,56.8851405],[13.7389414,56.8851009],[13.7385465,56.8849087],[13.7385487,56.8847932],[13.7387166,56.8847311],[13.7386967,56.8845139],[13.7385251,56.8843404],[13.7382375,56.8842463],[13.7382982,56.8839456],[13.7385868,56.88379],[13.7386141,56.8836748],[13.7384065,56.8833211],[13.7385803,56.8832352],[13.7387021,56.8830743],[13.7388689,56.8830204],[13.7392986,56.8830485],[13.739407,56.8829776],[13.739643,56.8829773],[13.7398442,56.8828504],[13.7399209,56.8826792],[13.7397948,56.8824122],[13.7403554,56.8817207],[13.7403173,56.8815895],[13.7403989,56.8814295],[13.7403248,56.8812762],[13.7403914,56.8812261],[13.7408409,56.8813427],[13.7414122,56.8812644],[13.7418628,56.8810848],[13.7426675,56.8809529],[13.7428933,56.8809605],[13.743154,56.8810927],[13.743375,56.8811328],[13.7436095,56.8811091],[13.7441025,56.8808822],[13.744618,56.8807562],[13.744876,56.8806437],[13.7449892,56.8805203],[13.7451898,56.8800522],[13.745141,56.8798297],[13.744913,56.8797327],[13.7448621,56.8795445],[13.7452998,56.8792804],[13.7453964,56.8791051],[13.7453738,56.878977],[13.745457,56.878931],[13.7456539,56.8789949],[13.7459248,56.8789996],[13.7464589,56.8788588],[13.7466688,56.8787337],[13.7468448,56.8785022],[13.7469504,56.8784922],[13.7470695,56.8785725],[13.7476741,56.8787121],[13.7478372,56.8786678],[13.747989,56.8784567],[13.7482105,56.8783659],[13.7489342,56.8783234],[13.7493414,56.8783606],[13.7494899,56.8784178],[13.7496589,56.8786678],[13.7498156,56.8786915],[13.750426,56.8785338],[13.7515923,56.8785807],[13.7521253,56.8784625],[13.752222,56.8783671],[13.7518197,56.8779535],[13.7518616,56.8779077],[13.752001,56.8779019],[13.7523894,56.8780534],[13.7525922,56.8782527]]],[[[13.6422325,56.8644922],[13.6431542,56.8645394],[13.6437571,56.8648676],[13.6443075,56.8652921],[13.6438151,56.8654558],[13.6449995,56.8664275],[13.6448595,56.8665627],[13.6452291,56.8667178],[13.6455504,56.8666669],[13.6463503,56.8670145],[13.6477397,56.8670145],[13.6480057,56.8672145],[13.6483339,56.8671765],[13.6484499,56.8673508],[13.6487181,56.8672813],[13.6490711,56.8675147],[13.6496945,56.8672502],[13.6497738,56.8674889],[13.6501005,56.8674564],[13.6502583,56.8678701],[13.6506171,56.867896],[13.6505785,56.8682688],[13.6503655,56.8684908],[13.6507673,56.869139],[13.6514325,56.8693015],[13.6518681,56.8689491],[13.6521503,56.8689279],[13.6523767,56.8690564],[13.6524292,56.8695577],[13.6532371,56.8695501],[13.6533245,56.8693609],[13.6537264,56.8691983],[13.6539012,56.8693604],[13.6550567,56.8696205],[13.6558721,56.869984],[13.65657,56.8701596],[13.6567154,56.8707551],[13.6571156,56.8708387],[13.6575887,56.8710395],[13.6573967,56.87125],[13.657026,56.8711189],[13.6570802,56.8709723],[13.6567894,56.870914],[13.6560502,56.8712007],[13.6550213,56.8710137],[13.6544398,56.8710137],[13.6545042,56.8721043],[13.6542724,56.8723371],[13.6544602,56.8728788],[13.6529431,56.8735431],[13.6524174,56.873379],[13.6521406,56.8735244],[13.6524389,56.8738422],[13.6517898,56.8744085],[13.6519743,56.8745897],[13.6519851,56.8748723],[13.6517608,56.8751408],[13.6518198,56.8754246],[13.6514148,56.8755633],[13.6502931,56.8752669],[13.649666,56.8749421],[13.6490657,56.8744496],[13.6487391,56.8738589],[13.6475858,56.8731819],[13.6468669,56.8729662],[13.6471394,56.872851],[13.6463524,56.8724549],[13.6459748,56.8725792],[13.6458836,56.8724819],[13.6463294,56.8723034],[13.6436015,56.8708044],[13.6430469,56.8708372],[13.6424407,56.8703707],[13.6425582,56.8701306],[13.6414284,56.8696586],[13.6408056,56.8695337],[13.6407375,56.8692502],[13.6399323,56.8687978],[13.6400128,56.8682952],[13.6404677,56.8679434],[13.6407251,56.8680847],[13.6413024,56.8678496],[13.6413131,56.8675622],[13.6416639,56.867313],[13.6418738,56.8674491],[13.6420282,56.8674012],[13.6418463,56.867225],[13.6429632,56.8665911],[13.6431477,56.8660844],[13.642961,56.8659173],[13.6430243,56.8657361],[13.6428371,56.8655857],[13.6429053,56.8654172],[13.6421934,56.8650582],[13.6420861,56.864747],[13.6422325,56.8644922]]],[[[13.7615767,57.0519184],[13.7610092,57.0519354],[13.7604754,57.0518545],[13.7599894,57.0518341],[13.7597094,57.0517338],[13.7594127,57.0517329],[13.7591386,57.0517979],[13.7589841,57.0519925],[13.7587035,57.0520188],[13.7583715,57.0519867],[13.7576505,57.0517072],[13.7572991,57.0516807],[13.7569601,57.0517443],[13.7564623,57.0519333],[13.756038,57.0519727],[13.7555294,57.0519511],[13.7552993,57.0518064],[13.7553406,57.051564],[13.7554495,57.0514656],[13.7553191,57.0512611],[13.75514,57.0511896],[13.754935,57.0512089],[13.7546443,57.0513428],[13.7544871,57.0513168],[13.7542446,57.0511727],[13.754213,57.0510682],[13.7545268,57.0506145],[13.7545172,57.050497],[13.7543589,57.0504246],[13.7535623,57.0505098],[13.7526959,57.0504558],[13.7524712,57.0503514],[13.7523118,57.0497509],[13.7520318,57.0495157],[13.7519192,57.0492765],[13.7519959,57.0490384],[13.7521579,57.0488866],[13.7524175,57.0483468],[13.7527408,57.0481187],[13.7530532,57.0480618],[13.7533488,57.0479147],[13.7535714,57.0476658],[13.7536739,57.0473906],[13.7535376,57.0472547],[13.7535693,57.0471403],[13.7537688,57.0470279],[13.7541132,57.0466556],[13.7543471,57.0462608],[13.7543691,57.0458429],[13.7543433,57.0452914],[13.7541953,57.04514],[13.7538284,57.0449698],[13.7534003,57.044554],[13.7531331,57.0441241],[13.7528553,57.0425728],[13.7529298,57.042344],[13.7533665,57.0420635],[13.7534561,57.0418832],[13.7534604,57.0416129],[13.7531052,57.0407147],[13.7531144,57.0404327],[13.7529239,57.0400533],[13.7525758,57.0396225],[13.7526385,57.0387604],[13.7529228,57.0384685],[13.7529599,57.0383103],[13.7528837,57.0381425],[13.7529438,57.0381069],[13.7530556,57.0381265],[13.7532093,57.0382514],[13.7535333,57.0383906],[13.7538954,57.0383886],[13.7541433,57.0382683],[13.7542699,57.0381413],[13.7544351,57.0381183],[13.7547462,57.0382038],[13.754898,57.0384434],[13.7551083,57.038545],[13.7554699,57.0386308],[13.7559731,57.0385783],[13.7560798,57.0386124],[13.7567557,57.0391077],[13.7573265,57.0393202],[13.757768,57.0394349],[13.7582948,57.0394576],[13.7586821,57.0395397],[13.7600656,57.0400627],[13.7621089,57.0402935],[13.7625252,57.0404386],[13.762884,57.0407041],[13.7630809,57.0407479],[13.7633373,57.0407403],[13.7635138,57.0407952],[13.763877,57.041226],[13.7648801,57.0416713],[13.7652712,57.0420384],[13.7654327,57.0423936],[13.765438,57.0427823],[13.765327,57.0431363],[13.7653796,57.0432557],[13.7655083,57.0433295],[13.7657079,57.0433353],[13.7664047,57.0431731],[13.7666633,57.0430193],[13.7669084,57.0429857],[13.7672201,57.0430508],[13.7678048,57.0433351],[13.7689126,57.043537],[13.7694356,57.04391],[13.7698256,57.0440264],[13.7699876,57.0442234],[13.7704629,57.0443702],[13.770531,57.0445216],[13.7704945,57.0446862],[13.7703245,57.0448747],[13.7703384,57.0450399],[13.7706227,57.0454052],[13.7706152,57.0455996],[13.7701264,57.0460065],[13.7696657,57.0462197],[13.7689619,57.0463974],[13.7686272,57.046395],[13.7682688,57.0465033],[13.7680328,57.0465223],[13.7673488,57.0464537],[13.7668333,57.0464826],[13.7659863,57.0462369],[13.7657679,57.0462412],[13.7654793,57.046187],[13.7653544,57.0461108],[13.7646972,57.0460241],[13.7644717,57.045907],[13.7639564,57.0458047],[13.7633191,57.0458966],[13.7627687,57.0461581],[13.7624688,57.0467186],[13.7624812,57.0472795],[13.7627403,57.0479979],[13.7632912,57.0484353],[13.763355,57.0485943],[13.7631673,57.0489885],[13.7630927,57.0494562],[13.7628991,57.0497308],[13.7627462,57.0501693],[13.762707,57.0511619],[13.7625831,57.0514423],[13.7623932,57.0516941],[13.7620043,57.0518537],[13.7615767,57.0519184]]],[[[13.8186545,57.0319389],[13.8181514,57.0319001],[13.817931,57.0317795],[13.8176637,57.031548],[13.8172115,57.0309365],[13.8165887,57.0308924],[13.8162652,57.0309154],[13.8159954,57.0308536],[13.8148233,57.0299532],[13.8146994,57.0297895],[13.8147077,57.0296306],[13.8149332,57.0294683],[13.8149155,57.0292339],[13.8148083,57.0289245],[13.8144816,57.0285298],[13.8144306,57.0282413],[13.8145213,57.0280895],[13.8145513,57.0276808],[13.8148539,57.0274849],[13.8149408,57.0272618],[13.8147906,57.0269582],[13.8142294,57.0264251],[13.8139518,57.0263436],[13.8134977,57.0263606],[13.8133802,57.0262595],[13.8132418,57.0258058],[13.813369,57.0257419],[13.8134441,57.0254911],[13.8136039,57.0253048],[13.8139934,57.0250531],[13.8139403,57.0248248],[13.8140685,57.0247352],[13.8146983,57.0248143],[13.8148158,57.0248657],[13.8147605,57.0251585],[13.8148184,57.0252812],[13.8150786,57.0254412],[13.8154869,57.025546],[13.8159235,57.0255801],[13.8165866,57.025421],[13.8168784,57.0254447],[13.817277,57.0255594],[13.8175919,57.0257381],[13.8178456,57.0257746],[13.8180789,57.025748],[13.8181986,57.0256315],[13.8181996,57.0254558],[13.8184464,57.0252222],[13.8188375,57.0250707],[13.8190976,57.0247556],[13.8193809,57.0245819],[13.819503,57.02413],[13.8196459,57.0238849],[13.8199195,57.0236242],[13.8200659,57.0231932],[13.8202719,57.0233153],[13.8209038,57.0232379],[13.8212681,57.0232581],[13.8216286,57.0233661],[13.8221269,57.0235985],[13.8224654,57.0238163],[13.8225888,57.0240093],[13.822938,57.0241568],[13.8236129,57.0246286],[13.8238124,57.0246718],[13.8239557,57.0247857],[13.8240281,57.024972],[13.8238816,57.0251874],[13.8240651,57.0263217],[13.8235512,57.0268195],[13.8231542,57.0270942],[13.8230046,57.0273299],[13.8230952,57.0275801],[13.823733,57.0279675],[13.8240356,57.0282118],[13.8241193,57.0283876],[13.8240554,57.0285622],[13.8239562,57.0286284],[13.823865,57.0286287],[13.8237894,57.028422],[13.823541,57.0283876],[13.8229289,57.0285552],[13.8225695,57.0288089],[13.8224021,57.0288439],[13.8222192,57.0287855],[13.8221988,57.028662],[13.8219354,57.0286171],[13.8218528,57.0286792],[13.8218571,57.0290147],[13.8217251,57.0290891],[13.8216247,57.0291033],[13.8214473,57.0289548],[13.8213303,57.0289253],[13.821053,57.0290237],[13.8210036,57.0292882],[13.8207161,57.0296762],[13.8207526,57.0300464],[13.8203422,57.030456],[13.8200638,57.030507],[13.8198516,57.0306753],[13.8197444,57.030877],[13.8198299,57.0310556],[13.8196132,57.0315197],[13.8192087,57.0319188],[13.8186545,57.0319389]]],[[[13.6809326,56.9458846],[13.6817765,56.9461547],[13.6825532,56.9463288],[13.6831004,56.9463574],[13.683742,56.9463065],[13.6845381,56.9463864],[13.6852467,56.9465862],[13.6854945,56.9467024],[13.6859527,56.9472127],[13.6860197,56.947557],[13.6858529,56.9479087],[13.6859929,56.9481033],[13.6859323,56.9482475],[13.685751,56.9483473],[13.6854328,56.9483724],[13.6850051,56.9482512],[13.6847145,56.9480594],[13.6842779,56.9479857],[13.6840038,56.9478637],[13.683757,56.9473519],[13.68344,56.9471237],[13.6826846,56.9469625],[13.6822389,56.9469637],[13.681564,56.9468856],[13.6807502,56.9465977],[13.6799434,56.9465002],[13.6794204,56.9463498],[13.6787332,56.9460119],[13.6781426,56.9459247],[13.6771956,56.9459722],[13.6764845,56.9461512],[13.6763616,56.946085],[13.6762876,56.9458899],[13.6759086,56.9456629],[13.6756138,56.9452921],[13.6756798,56.9450574],[13.6756342,56.9449065],[13.6753445,56.9447116],[13.6748129,56.9446001],[13.6737969,56.9445442],[13.673659,56.9438537],[13.6738387,56.9435204],[13.6742475,56.9431453],[13.6743891,56.942817],[13.6743457,56.9425887],[13.6744165,56.9421986],[13.6747416,56.9417588],[13.6754287,56.9413483],[13.6756975,56.9410849],[13.6757721,56.9407633],[13.6756557,56.9406343],[13.6756433,56.9400897],[13.6758166,56.9402708],[13.6759213,56.9405184],[13.675955,56.9410612],[13.6757265,56.9417861],[13.6758482,56.9419452],[13.6762119,56.9419979],[13.6768128,56.9419572],[13.6772403,56.9417176],[13.6773192,56.9414823],[13.6771759,56.9410489],[13.6778234,56.9409886],[13.6779436,56.9408704],[13.6779924,56.9403893],[13.6778073,56.9403141],[13.677721,56.9397262],[13.6775123,56.9395571],[13.6770633,56.9394061],[13.6771743,56.9392638],[13.6775091,56.9391951],[13.6777059,56.9392817],[13.6778497,56.9394371],[13.6784366,56.9398354],[13.6785192,56.9400142],[13.6785,56.9401834],[13.6783041,56.9403015],[13.6782515,56.9406226],[13.6784017,56.9411083],[13.6787332,56.9414012],[13.6793131,56.9417313],[13.680069,56.9419051],[13.6802138,56.9420567],[13.6801205,56.942261],[13.6802685,56.9423371],[13.6803651,56.9428114],[13.6801521,56.9434452],[13.6801934,56.9436597],[13.6800357,56.9438946],[13.6801247,56.9445311],[13.6800722,56.9446964],[13.6798404,56.9449585],[13.6799091,56.9452122],[13.6801505,56.9454858],[13.6809326,56.9458846]]],[[[13.7563692,56.9539257],[13.7563789,56.9533933],[13.7566772,56.9530168],[13.7567321,56.9526624],[13.7568188,56.9526067],[13.7568225,56.952475],[13.7567147,56.9523238],[13.7565452,56.9523434],[13.7565103,56.9523001],[13.756682,56.9522413],[13.7565742,56.9520356],[13.7566353,56.9517209],[13.756483,56.9514456],[13.7565028,56.9512519],[13.7565757,56.9511445],[13.7568783,56.9510457],[13.7570564,56.9511437],[13.7570698,56.9513748],[13.7572655,56.951692],[13.7575242,56.9519345],[13.7578182,56.9520364],[13.7581434,56.9522792],[13.7573665,56.952606],[13.7573402,56.9530771],[13.7574856,56.953202],[13.7575499,56.953388],[13.7574239,56.953967],[13.7574765,56.9543238],[13.7584828,56.9557355],[13.7590112,56.9562258],[13.7590005,56.9562752],[13.7589055,56.9562992],[13.7586169,56.9562489],[13.7580864,56.9558198],[13.7575392,56.9553164],[13.7572306,56.954829],[13.7566283,56.9542923],[13.7563692,56.9539257]]],[[[13.7617611,56.9628637],[13.7618877,56.9628353],[13.7622401,56.9628649],[13.7623217,56.9635843],[13.762562,56.9640209],[13.7635072,56.965036],[13.7637792,56.9652293],[13.7641896,56.9653118],[13.7645549,56.9652969],[13.7649937,56.9653594],[13.7652796,56.9654899],[13.7664019,56.9657545],[13.7665639,56.9658358],[13.7666551,56.965968],[13.7665499,56.9662218],[13.7665859,56.9665616],[13.766846,56.9668696],[13.7667747,56.966964],[13.7664539,56.9670351],[13.7661546,56.9671746],[13.7655849,56.9675196],[13.7654357,56.9675658],[13.765322,56.9675138],[13.7653188,56.9671178],[13.765212,56.9668582],[13.7648403,56.9663417],[13.7646091,56.9663555],[13.7643746,56.9664607],[13.764042,56.9667775],[13.7636349,56.966847],[13.7632492,56.966814],[13.7629348,56.966719],[13.7627959,56.9666184],[13.7628168,56.9663663],[13.7626907,56.9663233],[13.7623775,56.9664084],[13.7621023,56.9665678],[13.7618619,56.9668105],[13.7615894,56.9675989],[13.7616055,56.967846],[13.7617901,56.9679951],[13.7620154,56.9680273],[13.7622002,56.9680173],[13.7626237,56.9676653],[13.7628426,56.967603],[13.7631129,56.9676284],[13.7634713,56.9679901],[13.7637636,56.9680638],[13.7640962,56.9680469],[13.7648016,56.9678056],[13.7651595,56.9677892],[13.7655087,56.9678413],[13.7656208,56.9679191],[13.7655757,56.9682334],[13.7649535,56.9687182],[13.7647142,56.9691466],[13.7645324,56.9691762],[13.7640302,56.9689411],[13.763695,56.9689033],[13.762702,56.9691691],[13.7623464,56.9691993],[13.7621972,56.9692627],[13.7621307,56.9694297],[13.7622476,56.9696098],[13.7627701,56.9699817],[13.7641365,56.9703569],[13.7643296,56.9705554],[13.7643977,56.9708426],[13.764719,56.971106],[13.7651385,56.9712709],[13.7653359,56.9714753],[13.7654802,56.9717773],[13.766146,56.972211],[13.7664104,56.9724723],[13.7663305,56.9725545],[13.7661213,56.9726089],[13.7657801,56.9725375],[13.7649647,56.9720235],[13.7644261,56.9715428],[13.7640839,56.9714388],[13.7638693,56.9714496],[13.763747,56.9715499],[13.7639197,56.9719121],[13.764203,56.9719063],[13.7643425,56.9719592],[13.7643859,56.9720534],[13.7643065,56.9721282],[13.7638688,56.9723039],[13.7638892,56.9725492],[13.7636875,56.9727896],[13.763408,56.9728995],[13.7630652,56.9729127],[13.7627557,56.9728665],[13.7625438,56.9724297],[13.7618807,56.9720458],[13.7617348,56.9717885],[13.7617611,56.9715326],[13.761583,56.9713209],[13.7613496,56.971135],[13.7599324,56.970649],[13.7598583,56.9705563],[13.7598959,56.9704581],[13.7603207,56.9702341],[13.7606675,56.969755],[13.7606405,56.9692399],[13.7601909,56.9687364],[13.7598363,56.9684671],[13.759986,56.9682162],[13.760545,56.9676898],[13.7607102,56.9673038],[13.760759,56.9669588],[13.7608304,56.9668631],[13.7614698,56.966492],[13.7617552,56.9661046],[13.7618711,56.9660478],[13.7623313,56.9659899],[13.7627578,56.9658303],[13.7629359,56.965665],[13.7629595,56.9655086],[13.7627884,56.9650998],[13.7626055,56.9649152],[13.762349,56.9648243],[13.761914,56.9645596],[13.7616238,56.9642856],[13.7615787,56.9639659],[13.7617819,56.9630454],[13.7617611,56.9628637]]],[[[13.7618287,56.962735],[13.7616275,56.9626274],[13.7611721,56.9616845],[13.7611474,56.9613259],[13.7609902,56.9609545],[13.7609843,56.9604684],[13.7607317,56.9603245],[13.7599941,56.9601124],[13.7596663,56.9598825],[13.7595563,56.9596962],[13.7596502,56.9594415],[13.7602725,56.9588658],[13.7602848,56.9586538],[13.7602199,56.9584686],[13.7598959,56.9582437],[13.7596856,56.9580001],[13.7595976,56.9577479],[13.759654,56.9576435],[13.7598047,56.9576283],[13.7602242,56.9577766],[13.7605986,56.9578506],[13.7613673,56.9579211],[13.7615116,56.9579644],[13.7615599,56.9580428],[13.7609082,56.9584195],[13.7608996,56.9586605],[13.7611458,56.9592227],[13.761112,56.9596442],[13.7611801,56.9599641],[13.7616688,56.9606787],[13.7617117,56.9614979],[13.7618791,56.9620734],[13.7620932,56.962339],[13.7621876,56.9626669],[13.7618287,56.962735]]],[[[13.7597816,56.9573039],[13.7596003,56.9572083],[13.7594619,56.9570178],[13.7591191,56.9568172],[13.7590832,56.9565443],[13.7592323,56.9564627],[13.7594104,56.9564849],[13.759699,56.9566297],[13.7600547,56.9569532],[13.7602119,56.9572752],[13.7601352,56.9573694],[13.7599769,56.9573925],[13.7597816,56.9573039]]],[[[13.6141004,56.9272532],[13.6140864,56.9266463],[13.6138177,56.9263831],[13.613646,56.9260257],[13.6133322,56.9258544],[13.6132539,56.9257484],[13.6134094,56.9254572],[13.6135124,56.9254156],[13.6134963,56.9252762],[13.6135918,56.925208],[13.613734,56.9251957],[13.6139394,56.9253351],[13.6142404,56.9254255],[13.6142601,56.9255447],[13.6143777,56.9256398],[13.6152478,56.9258948],[13.6154179,56.9258603],[13.6156807,56.9259136],[13.615891,56.9261767],[13.6161399,56.9263219],[13.6164505,56.9263808],[13.6168695,56.9263749],[13.6171162,56.926319],[13.6176596,56.9260804],[13.6176157,56.9261782],[13.6176763,56.9263755],[13.6174848,56.926651],[13.6175127,56.9268006],[13.6176414,56.927002],[13.6178581,56.9271255],[13.6180601,56.9273446],[13.6184601,56.9279446],[13.6185013,56.9282139],[13.6183704,56.9284238],[13.6181097,56.9286132],[13.6176918,56.9287891],[13.6173904,56.9288588],[13.6165428,56.9289466],[13.6162805,56.9289372],[13.6160342,56.9288231],[13.6149404,56.9285825],[13.6145971,56.9282028],[13.6142763,56.9279627],[13.6141004,56.9272532]]],[[[13.6145735,56.921527],[13.614014,56.9215101],[13.6140473,56.9212922],[13.6147752,56.9208938],[13.6152666,56.92075],[13.6154833,56.9207409],[13.6155659,56.9207892],[13.6156147,56.9210126],[13.615472,56.9212784],[13.6153213,56.921383],[13.6145735,56.921527]]],[[[13.6184402,56.9023082],[13.6183822,56.9021295],[13.6189809,56.9017774],[13.6194272,56.9016263],[13.6206042,56.9017042],[13.6208552,56.9018905],[13.6210848,56.9019804],[13.6213182,56.9019959],[13.6214979,56.9018732],[13.6216545,56.9018465],[13.6217291,56.9018943],[13.6217135,56.9019977],[13.6215515,56.9020739],[13.6210848,56.9020733],[13.62091,56.9021658],[13.6209089,56.9023035],[13.621205,56.9025443],[13.6212071,56.9027177],[13.621544,56.9028115],[13.6220805,56.9028413],[13.622441,56.9029433],[13.6225118,56.9030523],[13.6223047,56.9032555],[13.6219979,56.903412],[13.6214861,56.9034776],[13.6214496,56.9035672],[13.6212672,56.9036387],[13.6209518,56.9036662],[13.6207265,56.9038367],[13.6204154,56.9039111],[13.6201257,56.9038947],[13.619792,56.903784],[13.6195721,56.9036375],[13.6192609,56.9036246],[13.6187459,56.9036756],[13.6185593,56.9036205],[13.6185303,56.9034969],[13.618938,56.9030681],[13.6191644,56.9029609],[13.6194744,56.9029122],[13.6196064,56.902771],[13.6195624,56.902539],[13.6193425,56.902402],[13.6186837,56.9023832],[13.6184402,56.9023082]]],[[[13.6263484,56.9071996],[13.6256886,56.9071507],[13.6255185,56.9070382],[13.6253023,56.9069916],[13.6249123,56.9070464],[13.6242831,56.9070388],[13.6236775,56.9069404],[13.6232499,56.9068059],[13.622589,56.9067102],[13.6224748,56.906728],[13.6221604,56.9069682],[13.6222741,56.907054],[13.6220939,56.9073551],[13.6219179,56.9073906],[13.621124,56.907257],[13.6206262,56.9073077],[13.620336,56.907472],[13.6201858,56.9074837],[13.6200629,56.9074301],[13.6199674,56.9072508],[13.6203349,56.9071729],[13.6206111,56.9068818],[13.6208713,56.906318],[13.6216105,56.9058549],[13.6216644,56.9054491],[13.6215113,56.9054176],[13.6214947,56.9052928],[13.6216186,56.9052421],[13.6220651,56.9052135],[13.6222178,56.9051481],[13.6221717,56.9049117],[13.6213016,56.9045057],[13.6212297,56.9044111],[13.6212758,56.9043531],[13.6217522,56.9043953],[13.6219329,56.9043385],[13.6220424,56.9042204],[13.6219678,56.9041091],[13.6217302,56.9040148],[13.6215767,56.9038765],[13.6215167,56.9037166],[13.6215902,56.9036346],[13.62175,56.9035868],[13.6223594,56.9036832],[13.6231818,56.9036328],[13.6232097,56.9036659],[13.623111,56.903704],[13.6232413,56.9038727],[13.6236979,56.9039729],[13.6239972,56.9039794],[13.6243909,56.9037403],[13.6246951,56.9037559],[13.6250792,56.903842],[13.625217,56.9037875],[13.6253898,56.9038103],[13.6255432,56.9039354],[13.6254863,56.9040801],[13.6253678,56.9041296],[13.6246876,56.9039284],[13.6246162,56.9039688],[13.6252165,56.9045022],[13.6252761,56.9046692],[13.6255201,56.9048288],[13.6257836,56.9049272],[13.626225,56.9049395],[13.6268119,56.9048364],[13.6270297,56.9050719],[13.6279867,56.9054029],[13.6286937,56.9055974],[13.6289399,56.9055798],[13.6294533,56.9056314],[13.6296384,56.9060661],[13.6295504,56.9061662],[13.6290773,56.9061832],[13.6289748,56.9062503],[13.6289657,56.9063517],[13.6290816,56.9064773],[13.6297339,56.9067866],[13.6298465,56.906912],[13.6297451,56.907156],[13.629971,56.9073897],[13.6295349,56.9075804],[13.6294185,56.9077253],[13.629574,56.9079172],[13.629471,56.9080127],[13.6293954,56.9080115],[13.6292833,56.9078943],[13.6290032,56.9078469],[13.6286651,56.9078135],[13.6285596,56.9078899],[13.6283525,56.9078961],[13.628242,56.9078097],[13.6282973,56.9076829],[13.628013,56.9074207],[13.6274336,56.9072743],[13.6267523,56.9071674],[13.6263484,56.9071996]]],[[[13.6309993,56.9153257],[13.631355,56.9150378],[13.6313743,56.9148861],[13.6312901,56.9147224],[13.6311141,56.9146246],[13.6308599,56.9143535],[13.630729,56.9140003],[13.630545,56.9138483],[13.6299774,56.9136363],[13.6298975,56.9134922],[13.6300016,56.9133639],[13.6303374,56.9132743],[13.631105,56.9135268],[13.6315025,56.9135276],[13.6319928,56.913202],[13.6322162,56.9131201],[13.6324933,56.9131147],[13.6327149,56.9131994],[13.6329257,56.913441],[13.6329187,56.9138492],[13.6326854,56.914053],[13.6327304,56.9141813],[13.6328699,56.9142726],[13.6332889,56.9143833],[13.6340919,56.914851],[13.6345377,56.9150378],[13.6347748,56.9152381],[13.6349696,56.915516],[13.6352855,56.9156782],[13.6357538,56.9157825],[13.635882,56.9164387],[13.6358279,56.9165854],[13.6359566,56.9168891],[13.6359309,56.9171667],[13.6358606,56.9173213],[13.6357168,56.9173831],[13.6354588,56.9173918],[13.6351884,56.9173426],[13.6347067,56.9171444],[13.6343387,56.9170554],[13.634127,56.9171027],[13.6337325,56.9170938],[13.6338259,56.9174788],[13.6337626,56.9178275],[13.633629,56.9179453],[13.633423,56.9180193],[13.6332304,56.9180551],[13.6330657,56.9179968],[13.6326409,56.9175807],[13.6322573,56.9173172],[13.6316356,56.9169992],[13.6315213,56.9170021],[13.6314446,56.9170897],[13.6312574,56.9170727],[13.6310782,56.9169424],[13.6310707,56.9168088],[13.6313008,56.9167611],[13.631278,56.916503],[13.631392,56.916299],[13.6311984,56.9161353],[13.6311603,56.9159693],[13.6309291,56.9157362],[13.6309993,56.9153257]]],[[[13.6732036,56.932749],[13.6734536,56.932411],[13.6735517,56.9319245],[13.6734654,56.9317483],[13.6732342,56.9315331],[13.672606,56.9312876],[13.6724724,56.9309606],[13.6728163,56.9299098],[13.672592,56.9294786],[13.6726913,56.9293141],[13.6727948,56.9293158],[13.6728962,56.9294364],[13.6729434,56.9295799],[13.6728828,56.9298433],[13.6730641,56.9302385],[13.672886,56.9309003],[13.6729788,56.9311927],[13.6738623,56.9319801],[13.6739905,56.9319889],[13.6741295,56.9321944],[13.6741397,56.9325052],[13.6744503,56.9328078],[13.6736365,56.9330666],[13.6734342,56.9334471],[13.6734798,56.9336078],[13.6733141,56.9337474],[13.6732926,56.9338911],[13.6734385,56.9341091],[13.6733157,56.9342894],[13.6731526,56.9343582],[13.6725083,56.9342438],[13.671996,56.9342432],[13.6700774,56.9343722],[13.6696856,56.9343439],[13.6693712,56.9342116],[13.6694088,56.9340992],[13.6696603,56.9339613],[13.6710273,56.9338717],[13.6716887,56.9336959],[13.6721709,56.9334799],[13.6729042,56.9330303],[13.6732036,56.932749]]],[[[13.6755339,56.9392135],[13.675771,56.9395445],[13.6758456,56.939886],[13.675734,56.9399946],[13.6756009,56.9399963],[13.6755232,56.9399246],[13.6752319,56.9391898],[13.6755339,56.9392135]]],[[[13.6790526,56.9154688],[13.6787728,56.9150936],[13.6784526,56.9148688],[13.6782997,56.9141922],[13.6780604,56.9137131],[13.6776526,56.9134688],[13.6772526,56.9126688],[13.6768526,56.9126688],[13.6760526,56.9110688],[13.6755819,56.9104265],[13.6752759,56.9098335],[13.6755971,56.9096707],[13.6754911,56.909367],[13.675732,56.9092978],[13.6757681,56.9090712],[13.6774226,56.9098052],[13.6785371,56.9106265],[13.6790526,56.9108688],[13.6796064,56.9113697],[13.6804991,56.9118541],[13.6817101,56.9127507],[13.682047,56.9129266],[13.6827725,56.9136838],[13.6830697,56.9141085],[13.6834109,56.9142607],[13.683751,56.9147205],[13.6841437,56.9149858],[13.6854032,56.9167],[13.6853657,56.9170485],[13.6854526,56.9174688],[13.6856618,56.9179374],[13.6856006,56.9187702],[13.6858528,56.9190771],[13.6856811,56.9194343],[13.6853614,56.9195807],[13.6852284,56.9197446],[13.684846,56.9199489],[13.6842244,56.919948],[13.683906,56.919586],[13.6832526,56.9192687],[13.6826526,56.9190687],[13.6820715,56.9191908],[13.6819469,56.9196894],[13.6815971,56.9197509],[13.6812924,56.9196383],[13.6814605,56.9192166],[13.6810526,56.9188687],[13.6808526,56.9184687],[13.6800526,56.9176688],[13.6794715,56.9176829],[13.6790526,56.9172688],[13.6795067,56.9171996],[13.6795485,56.9166151],[13.679777,56.9164658],[13.679306,56.9154701],[13.6790526,56.9154688]]],[[[13.6819733,56.9362972],[13.6818376,56.9361564],[13.6816472,56.9357391],[13.6814385,56.9356703],[13.6808463,56.9357288],[13.6806515,56.9356349],[13.6803458,56.9348341],[13.6800958,56.9346881],[13.6798662,56.9346371],[13.6795728,56.9346421],[13.6792707,56.9347402],[13.6792064,56.9349509],[13.6793037,56.9354011],[13.6792369,56.93566],[13.6792922,56.935874],[13.6796521,56.9361321],[13.6796259,56.9362673],[13.679496,56.9363109],[13.6793056,56.9362615],[13.6791018,56.9360868],[13.67898,56.9358474],[13.6789591,56.9352316],[13.6788196,56.9347463],[13.6786152,56.934201],[13.6782713,56.9338323],[13.6784033,56.933721],[13.6782483,56.9334884],[13.6778867,56.9333353],[13.6775648,56.9333122],[13.6765247,56.9334468],[13.676242,56.9333994],[13.6760312,56.9333004],[13.6760033,56.9332068],[13.6778797,56.9329706],[13.6781778,56.9329669],[13.6786232,56.9328629],[13.6791077,56.9329981],[13.6792493,56.9331477],[13.679562,56.9333007],[13.6804734,56.933479],[13.6810657,56.9339546],[13.6810624,56.9341372],[13.6805319,56.9343805],[13.6804445,56.9345051],[13.680475,56.9346749],[13.6812556,56.9349509],[13.6827254,56.9351686],[13.6830773,56.9352884],[13.6832479,56.9354552],[13.6832522,56.9356176],[13.6829464,56.9360048],[13.6829271,56.9361576],[13.68308,56.936332],[13.6833788,56.9364207],[13.6834239,56.9365659],[13.6831632,56.9367128],[13.6833493,56.9368761],[13.6833826,56.9370464],[13.6833278,56.9372636],[13.6828842,56.9375553],[13.6826492,56.9375852],[13.6823993,56.937522],[13.682189,56.9373856],[13.6819733,56.9362972]]],[[[13.6736907,56.9364728],[13.6739283,56.9360552],[13.6740077,56.935708],[13.6741402,56.9357089],[13.6743344,56.9358119],[13.6743918,56.9359641],[13.6741424,56.9367941],[13.674204,56.9369975],[13.6745388,56.9372516],[13.6746863,56.9376563],[13.6746634,56.9379236],[13.6745055,56.9381003],[13.6742754,56.9382106],[13.6738639,56.9382548],[13.6731768,56.938445],[13.6727798,56.938457],[13.6725582,56.9383628],[13.6724504,56.9381945],[13.6729852,56.9376663],[13.6736907,56.9364728]]],[[[13.6805227,56.9606542],[13.6805106,56.9603648],[13.6807893,56.9601097],[13.680297,56.9599744],[13.6802161,56.9597117],[13.6807304,56.9596816],[13.6809,56.9599333],[13.6818924,56.9600772],[13.6821059,56.9602073],[13.6825581,56.9605292],[13.6826232,56.960861],[13.6822692,56.9610497],[13.6819227,56.9610542],[13.6810052,56.9609658],[13.6805227,56.9606542]]],[[[13.6713507,56.998192],[13.6710621,56.997927],[13.6706474,56.997726],[13.6707252,56.9976161],[13.6708384,56.9975889],[13.6708223,56.9974677],[13.6708958,56.9974314],[13.671333,56.9975016],[13.6715132,56.9974361],[13.6714946,56.9973379],[13.6716146,56.9972582],[13.6719896,56.9971965],[13.6722785,56.9970528],[13.6724166,56.9969037],[13.6722203,56.9967372],[13.6720218,56.996696],[13.6720025,56.9966197],[13.6722498,56.9962814],[13.6724504,56.9962072],[13.6726477,56.9962517],[13.6728613,56.9964029],[13.6731006,56.9964541],[13.6734251,56.996438],[13.6736188,56.9963316],[13.6738409,56.9962825],[13.6741606,56.9963033],[13.6746665,56.9964394],[13.6750688,56.9964511],[13.675153,56.9966291],[13.6754266,56.9968523],[13.6756857,56.9969458],[13.6761846,56.9973049],[13.6767269,56.9975609],[13.6771829,56.9978525],[13.6773444,56.9981011],[13.6779548,56.9983407],[13.6784972,56.998315],[13.6788185,56.9984032],[13.6792069,56.9986814],[13.6791334,56.9987761],[13.6789119,56.9988129],[13.6789843,56.999018],[13.6788641,56.9990875],[13.6785669,56.999167],[13.677516,56.9992292],[13.6772612,56.9993578],[13.6771293,56.9995795],[13.6771706,57.000052],[13.676779,57.0003272],[13.6765928,57.0003398],[13.6760864,57.0001633],[13.6755173,57.0001905],[13.6753075,57.0000339],[13.674513,56.9998951],[13.6735646,56.9998007],[13.6731907,56.9996283],[13.6728758,56.9993221],[13.6721151,56.9988801],[13.6713507,56.998192]]],[[[13.674998,56.9933219],[13.6748923,56.9931954],[13.6745329,56.9931331],[13.674387,56.993006],[13.6744116,56.9928108],[13.6748301,56.9924838],[13.6751568,56.9923446],[13.6753876,56.9923381],[13.6756224,56.9924049],[13.6765118,56.9921431],[13.6775938,56.9922281],[13.6780535,56.992345],[13.6783384,56.9926507],[13.6787112,56.9928724],[13.6794166,56.99311],[13.680659,56.993835],[13.6806344,56.994188],[13.6807814,56.9944203],[13.6812164,56.9946088],[13.6815361,56.9948426],[13.6815426,56.9949855],[13.6813913,56.9950956],[13.6810528,56.9951678],[13.6783239,56.9950042],[13.677803,56.9950527],[13.6772666,56.9950258],[13.6766744,56.9949253],[13.6760757,56.9946754],[13.6752147,56.9941962],[13.674998,56.9933219]]],[[[13.6673687,56.9997323],[13.665997,56.9992254],[13.6656634,56.9989034],[13.6654166,56.9988874],[13.6653865,56.9988193],[13.6655818,56.99867],[13.665445,56.9985487],[13.6656666,56.9984059],[13.6660182,56.9984538],[13.6661,56.9983556],[13.6659428,56.9982013],[13.6660936,56.998166],[13.6664846,56.9981201],[13.6670173,56.9982247],[13.6674197,56.9984865],[13.6674132,56.9986095],[13.667748,56.9988213],[13.6679625,56.9991331],[13.6681909,56.9993274],[13.6681272,56.9996608],[13.6676713,56.9997937],[13.6673687,56.9997323]]],[[[13.6697634,56.9837648],[13.6696877,56.9835017],[13.6693545,56.9834513],[13.6687978,56.9831255],[13.6686642,56.9829399],[13.668793,56.9826488],[13.6686191,56.9825307],[13.6686599,56.9824035],[13.6689437,56.9822708],[13.6697006,56.9821758],[13.6701453,56.9821972],[13.6704999,56.9822969],[13.671017,56.9822705],[13.6714435,56.9821209],[13.6717439,56.9821381],[13.6719408,56.9820811],[13.6721543,56.9821045],[13.6722635,56.9822088],[13.672246,56.9823106],[13.6720937,56.9823866],[13.672069,56.9825348],[13.6723329,56.9827458],[13.6726687,56.9828929],[13.6731886,56.9828891],[13.673533,56.9830273],[13.673695,56.9832921],[13.6735163,56.9833109],[13.6732471,56.9831787],[13.6729756,56.9831995],[13.672765,56.9832826],[13.6724965,56.9835003],[13.6715991,56.9835266],[13.6711994,56.9836306],[13.6707756,56.9835818],[13.6707236,56.9836525],[13.6708143,56.9837467],[13.6714221,56.9838981],[13.6720711,56.9839668],[13.6721151,56.984093],[13.6720395,56.9842304],[13.6717133,56.9843844],[13.6713217,56.9844926],[13.6713346,56.984623],[13.6715283,56.9847559],[13.6718126,56.9847755],[13.6720695,56.9849404],[13.6722332,56.9852625],[13.6721559,56.9854376],[13.6722042,56.9855308],[13.6728345,56.9857944],[13.672893,56.985933],[13.6730636,56.985997],[13.6734069,56.9859999],[13.6735603,56.9861259],[13.6735051,56.9862387],[13.6732524,56.9862261],[13.6730475,56.9861624],[13.672879,56.9862767],[13.6727862,56.9864649],[13.6726175,56.9865231],[13.6718619,56.9864],[13.671547,56.9864275],[13.6710272,56.9863378],[13.670928,56.9861963],[13.6702574,56.9861501],[13.6694265,56.9858625],[13.6688107,56.9859581],[13.6683847,56.9859558],[13.6680312,56.9857485],[13.6679742,56.9854187],[13.6677388,56.9852955],[13.6673912,56.9852017],[13.6670997,56.9849346],[13.6671294,56.9847282],[13.6673891,56.9845943],[13.6682748,56.9843915],[13.6684786,56.9844087],[13.6690714,56.9845861],[13.6694319,56.9845768],[13.6697452,56.9845032],[13.6700171,56.9845133],[13.6702725,56.9844067],[13.6703561,56.9842865],[13.6703256,56.984067],[13.6698406,56.9839057],[13.6697634,56.9837648]]],[[[13.669242,56.9920966],[13.6692688,56.9919592],[13.6690188,56.991859],[13.6690944,56.9917588],[13.669691,56.9915373],[13.6700305,56.9915191],[13.670258,56.9916162],[13.6709575,56.9917056],[13.6711978,56.9918292],[13.6713162,56.9919684],[13.6712531,56.992155],[13.6714306,56.9923689],[13.6719429,56.9925785],[13.6720057,56.9926843],[13.6718947,56.9928],[13.6716339,56.9928707],[13.6708287,56.992769],[13.6704484,56.9928011],[13.66975,56.9927529],[13.669242,56.9926723],[13.6691186,56.9924867],[13.6691143,56.9922275],[13.669242,56.9920966]]],[[[13.7999085,57.018339],[13.7987927,57.0180239],[13.7985306,57.0178281],[13.7984923,57.0175856],[13.7987192,57.0172582],[13.7990126,57.0170077],[13.7990228,57.0168184],[13.7992219,57.0165404],[13.7994686,57.0163591],[13.7999621,57.0161669],[13.8002599,57.0159829],[13.8004444,57.0159473],[13.8006273,57.0159747],[13.8007775,57.0161143],[13.8016251,57.016272],[13.8017539,57.016334],[13.8016552,57.0166905],[13.8018719,57.0171076],[13.8021401,57.0173462],[13.8023123,57.0177211],[13.8030199,57.0185659],[13.803095,57.018846],[13.80361,57.0191041],[13.80361,57.0192735],[13.8034276,57.0193547],[13.8027946,57.0201206],[13.8024657,57.0203318],[13.8015822,57.020587],[13.8012909,57.0205335],[13.8005195,57.0200561],[13.8003886,57.0199159],[13.8005519,57.0197032],[13.7998259,57.0190694],[13.7997964,57.0188635],[13.8001016,57.0185493],[13.7999085,57.018339]]],[[[13.7514938,57.0471196],[13.7516821,57.0472751],[13.7515989,57.047505],[13.7512964,57.0477711],[13.7508214,57.0478423],[13.7506961,57.0479535],[13.7505743,57.0479815],[13.7504016,57.0479427],[13.7502551,57.0477172],[13.7500615,57.0476819],[13.7498388,57.0477493],[13.7491844,57.047772],[13.749031,57.0476959],[13.7490208,57.0475832],[13.74923,57.0475077],[13.7502718,57.0473483],[13.7507712,57.0471706],[13.7512127,57.0470738],[13.7514938,57.0471196]]],[[[13.7671438,57.0571058],[13.7669845,57.0569369],[13.7669051,57.0566945],[13.7668938,57.0563762],[13.766997,57.0563182],[13.7670032,57.0561297],[13.7671062,57.0560903],[13.7675252,57.0562056],[13.7677596,57.0563733],[13.768288,57.0564358],[13.7686206,57.0565799],[13.7693266,57.0565142],[13.7694741,57.0564518],[13.769531,57.0563684],[13.769303,57.0560478],[13.7689849,57.0558838],[13.7686834,57.0558896],[13.7686474,57.055819],[13.7688744,57.0552248],[13.7691699,57.0550754],[13.7694081,57.0552225],[13.7693217,57.0553143],[13.7693899,57.0554016],[13.770025,57.055756],[13.7701393,57.0559025],[13.7701227,57.0562558],[13.7703686,57.0565964],[13.7698877,57.0570096],[13.7696699,57.0575554],[13.7693598,57.0579751],[13.7687075,57.0581942],[13.7679125,57.0586758],[13.7675772,57.0587269],[13.7672758,57.0586755],[13.7672044,57.0585519],[13.7671502,57.0583173],[13.767368,57.0574381],[13.767309,57.0572146],[13.7671438,57.0571058]]],[[[13.8033983,57.0499073],[13.8034229,57.0497267],[13.8033248,57.0495589],[13.8028125,57.0492712],[13.8025426,57.0485546],[13.8020604,57.0481219],[13.8019188,57.0479065],[13.8019697,57.0476352],[13.8020808,57.0474799],[13.8020384,57.0471703],[13.8024305,57.046824],[13.8024724,57.0466839],[13.8026596,57.0466673],[13.8028683,57.0467411],[13.8030523,57.0469328],[13.8031027,57.047152],[13.8033253,57.0472401],[13.8040731,57.0473256],[13.8044331,57.0473092],[13.8047088,57.0472126],[13.8050779,57.0469071],[13.8059866,57.0458],[13.806118,57.0457478],[13.8062334,57.0457767],[13.8059582,57.0464753],[13.8059646,57.0475327],[13.8061229,57.047854],[13.8063305,57.0480157],[13.8068462,57.0482403],[13.8072123,57.0485149],[13.8074334,57.0489342],[13.8074715,57.0493337],[13.8073942,57.0498195],[13.8070278,57.0503744],[13.8062446,57.0511278],[13.8061947,57.0513127],[13.8062773,57.0515479],[13.806096,57.0517924],[13.8057978,57.051994],[13.8053547,57.0521714],[13.8051562,57.0523062],[13.8049448,57.0526195],[13.8047646,57.0527205],[13.8046568,57.0527146],[13.804506,57.0525227],[13.804469,57.0522919],[13.8046584,57.0521244],[13.8050108,57.0519797],[13.8054362,57.051685],[13.8054845,57.051559],[13.8054271,57.0513971],[13.8052114,57.0513443],[13.8049389,57.0513597],[13.8047716,57.0512672],[13.8048225,57.0509559],[13.8045511,57.0508876],[13.8040683,57.0508873],[13.8037405,57.0507397],[13.8033836,57.0504785],[13.8032094,57.0503012],[13.8031885,57.0501057],[13.8033983,57.0499073]]],[[[13.7738242,57.0420729],[13.7740383,57.0418668],[13.7747131,57.0414641],[13.7749819,57.0414072],[13.77563,57.041374],[13.7764523,57.0418861],[13.7766411,57.0421543],[13.7769377,57.0423087],[13.7771003,57.0425775],[13.7769072,57.0426247],[13.7761776,57.0426198],[13.7754797,57.0426901],[13.7747319,57.0428926],[13.7744336,57.0429262],[13.7740426,57.042834],[13.7738001,57.0426533],[13.7736982,57.0422798],[13.7738242,57.0420729]]],[[[13.7867764,57.0319177],[13.7865431,57.0318955],[13.7862169,57.0317638],[13.7861327,57.0315484],[13.785932,57.031342],[13.7856177,57.0312036],[13.7854171,57.0310387],[13.7852239,57.0307701],[13.7850416,57.0302858],[13.7849048,57.0302499],[13.7843866,57.030254],[13.7843136,57.0301988],[13.7843302,57.0301063],[13.784695,57.0300756],[13.7848484,57.0300213],[13.7848881,57.0299539],[13.7847701,57.0298257],[13.7844794,57.0297393],[13.7843764,57.0296602],[13.7844021,57.029598],[13.7847701,57.0294687],[13.7848506,57.0293692],[13.7848078,57.0292547],[13.7848914,57.0290477],[13.7850276,57.0289675],[13.7850276,57.0288264],[13.7851134,57.0287281],[13.7853098,57.0287161],[13.7852636,57.0291079],[13.7853066,57.0292477],[13.7855388,57.0294883],[13.7859685,57.0296275],[13.7864443,57.0296331],[13.7867517,57.0298106],[13.7869803,57.0300418],[13.7870232,57.0303457],[13.7872485,57.0307369],[13.7871251,57.0309821],[13.7871841,57.0313785],[13.7869504,57.0317941],[13.7871626,57.0320126],[13.7869856,57.0320231],[13.7867764,57.0319177]]],[[[13.8289907,57.0134426],[13.829473,57.0135065],[13.8295363,57.0136707],[13.8293684,57.0138334],[13.8290529,57.0140115],[13.828656,57.0140933],[13.8284368,57.0140741],[13.8283019,57.0139922],[13.8283459,57.0138868],[13.8285723,57.0138106],[13.8286474,57.0137195],[13.8287002,57.0134999],[13.8289907,57.0134426]]],[[[13.7949837,57.0011219],[13.7949547,57.0014021],[13.7948566,57.0014161],[13.7947477,57.0013273],[13.7944419,57.001336],[13.7941179,57.0012072],[13.7938362,57.001256],[13.7937075,57.0012309],[13.7937821,57.0010109],[13.7937543,57.0009359],[13.7935836,57.0008686],[13.793548,57.0006971],[13.7938604,57.0006024],[13.7940288,57.0004628],[13.7942005,57.000111],[13.7943823,57.0000464],[13.7950159,57.0001466],[13.7952626,57.0003631],[13.7952626,57.0005904],[13.7949102,57.000965],[13.7949837,57.0011219]]],[[[13.7703321,56.9831554],[13.7701856,56.9829984],[13.7698528,56.9829374],[13.7695682,56.9828023],[13.7694169,56.9825471],[13.7695,56.982232],[13.7696186,56.9820744],[13.7697725,56.9820855],[13.7701679,56.9822869],[13.7704173,56.9824334],[13.7704313,56.9825696],[13.771023,56.9828517],[13.7710069,56.9830153],[13.7707821,56.9831402],[13.7705295,56.9831846],[13.7703321,56.9831554]]],[[[13.6571181,56.7721335],[13.6569475,56.7723161],[13.656785,56.7723434],[13.6566321,56.7723093],[13.656314,56.7719786],[13.6555168,56.7717188],[13.6548682,56.7717408],[13.6546252,56.7716956],[13.6545005,56.7715736],[13.6548977,56.7713084],[13.6549079,56.771167],[13.6547658,56.7709192],[13.6545571,56.7707896],[13.6544096,56.7706041],[13.6546821,56.7704733],[13.6548865,56.7704844],[13.6551129,56.7705444],[13.6553231,56.7707049],[13.6560339,56.7709321],[13.6563107,56.7710941],[13.6566235,56.7717664],[13.6571181,56.7721335]]],[[[13.6245712,56.9111201],[13.6246123,56.9109868],[13.6245486,56.9108061],[13.6242793,56.9106307],[13.6240444,56.9106099],[13.6237112,56.9106828],[13.6232993,56.9107066],[13.6230343,56.9106471],[13.6227376,56.9104427],[13.6227558,56.9102239],[13.6228658,56.9101],[13.6231764,56.9100599],[13.623501,56.9098783],[13.6234994,56.9096677],[13.6232451,56.9095772],[13.6229543,56.9093699],[13.6220746,56.9090243],[13.6217886,56.9090559],[13.6215864,56.9091836],[13.6216347,56.9094929],[13.6213981,56.9095869],[13.6211846,56.9097556],[13.6209588,56.909801],[13.6207817,56.9097866],[13.620602,56.9096625],[13.6206036,56.9095447],[13.6209695,56.9094575],[13.621021,56.9093769],[13.6209454,56.9092934],[13.6207324,56.9092293],[13.62041,56.9092237],[13.6203478,56.9091593],[13.6205495,56.909065],[13.6209572,56.9091409],[13.6215564,56.9090603],[13.621926,56.9088078],[13.6219335,56.9087261],[13.6217704,56.9086079],[13.621897,56.9083694],[13.6221443,56.9082291],[13.6224828,56.908138],[13.6233352,56.9082004],[13.6241828,56.9080712],[13.6244998,56.9081081],[13.6249453,56.9083021],[13.6251189,56.908334],[13.6253882,56.908273],[13.6254842,56.9083337],[13.6254654,56.9083835],[13.6252272,56.9084388],[13.6251146,56.9085454],[13.6251103,56.9087255],[13.6252836,56.9089651],[13.6252669,56.9092952],[13.6254166,56.9100013],[13.6257481,56.9104936],[13.6256103,56.9108878],[13.6262695,56.9109684],[13.6264568,56.9112243],[13.6262685,56.9113664],[13.6263001,56.9114765],[13.6264144,56.9115802],[13.6267191,56.9116885],[13.626843,56.9118481],[13.6273687,56.9121726],[13.627535,56.91252],[13.6276589,56.9126157],[13.6280091,56.9126027],[13.6280403,56.9126834],[13.6279314,56.9127955],[13.6275779,56.912831],[13.6273505,56.9132925],[13.6271096,56.9134697],[13.6268704,56.9135294],[13.6266295,56.9135156],[13.6262105,56.913301],[13.6260523,56.9131633],[13.6263602,56.9126801],[13.6263527,56.9124669],[13.6262159,56.9122496],[13.6256022,56.9117301],[13.6250432,56.9113968],[13.6248093,56.9112902],[13.6245527,56.9113189],[13.6244424,56.9112727],[13.6244564,56.9111825],[13.6245712,56.9111201]]],[[[13.6651863,57.0018988],[13.6652533,57.001992],[13.6652104,57.0020445],[13.6648885,57.0019335],[13.6649207,57.0018634],[13.665028,57.00184],[13.6651863,57.0018988]]],[[[13.6743514,57.0138047],[13.6734931,57.0136879],[13.6733214,57.0136295],[13.6732785,57.0135126],[13.673536,57.0133257],[13.6739437,57.0131505],[13.674287,57.013057],[13.6746089,57.0130336],[13.6750166,57.0130687],[13.6752097,57.0131972],[13.6752311,57.013571],[13.6753384,57.0136762],[13.675553,57.0137229],[13.6755745,57.0138514],[13.6753599,57.0139449],[13.6750595,57.0139916],[13.6747591,57.0139566],[13.6743514,57.0138047]]],[[[13.6733321,57.0075483],[13.6736433,57.007595],[13.67389,57.0077469],[13.6741797,57.0081091],[13.6742405,57.0082896],[13.6736874,57.0083264],[13.6732116,57.0081669],[13.6729225,57.0079686],[13.6729252,57.0078356],[13.6731247,57.0076215],[13.6733321,57.0075483]]],[[[13.7429534,57.0613659],[13.7431144,57.0610976],[13.7433719,57.0610684],[13.7434362,57.0611326],[13.7429856,57.0615409],[13.7429105,57.0615059],[13.7429534,57.0613659]]],[[[13.7432109,57.0615351],[13.7433611,57.0614417],[13.7433397,57.0615759],[13.7432324,57.0615876],[13.7432109,57.0615351]]],[[[13.802462,57.016395],[13.802301,57.0162665],[13.8025585,57.0161497],[13.8028267,57.0164184],[13.8028697,57.0165644],[13.8027624,57.0166169],[13.8026336,57.0165877],[13.802462,57.016395]]],[[[13.7681802,57.0551023],[13.7683111,57.054985],[13.7686651,57.0548858],[13.768751,57.0548858],[13.7687939,57.0549383],[13.7684506,57.0550433],[13.7683647,57.055125],[13.7682789,57.0551425],[13.7681802,57.0551023]]],[[[13.7693732,57.0604634],[13.7692445,57.0604167],[13.7691587,57.0601367],[13.7693518,57.0598683],[13.7696629,57.0598508],[13.7698346,57.0597341],[13.7702208,57.0597691],[13.7711542,57.0591741],[13.7713581,57.0588299],[13.7719374,57.0586782],[13.7722271,57.0583806],[13.7724846,57.058369],[13.772549,57.0584273],[13.7725597,57.0585732],[13.7724632,57.0586723],[13.7720876,57.0588007],[13.7718301,57.0589757],[13.7717443,57.0594074],[13.7716478,57.0595474],[13.7712079,57.05981],[13.771165,57.0599325],[13.7712615,57.0603],[13.7711435,57.060475],[13.7707895,57.0606967],[13.7704139,57.0611693],[13.7702637,57.0612393],[13.769899,57.0612451],[13.7697595,57.0611809],[13.7696307,57.0608776],[13.7695449,57.0608251],[13.7696522,57.0606209],[13.7693732,57.0604634]]],[[[13.7649637,57.0622951],[13.7647384,57.0622018],[13.7645775,57.0619218],[13.7646847,57.0616768],[13.7649422,57.0614434],[13.765307,57.0612568],[13.7655431,57.0611751],[13.7659293,57.0611226],[13.7665301,57.0612976],[13.7669378,57.0615543],[13.7668842,57.0617118],[13.7665408,57.061811],[13.7663048,57.0619393],[13.7661439,57.0620326],[13.7661117,57.0621493],[13.7656933,57.0622251],[13.7655431,57.0624468],[13.7652426,57.0624352],[13.7649637,57.0622951]]],[[[13.7677746,57.0632402],[13.7676781,57.0631643],[13.767721,57.0631118],[13.7680858,57.0631177],[13.7681287,57.0631877],[13.7678927,57.0632635],[13.7677746,57.0632402]]],[[[13.7351858,57.0667167],[13.735159,57.0665971],[13.7352448,57.0665621],[13.7354058,57.0666117],[13.7354058,57.066708],[13.7351858,57.0667167]]],[[[13.7348854,57.0669938],[13.7348371,57.0669646],[13.7348908,57.0668946],[13.7349981,57.06688],[13.7351214,57.0669267],[13.7349927,57.0670054],[13.7348854,57.0669938]]],[[[13.7438222,57.0270873],[13.7432428,57.0269063],[13.7432428,57.0268654],[13.7435754,57.0269005],[13.7445089,57.0268304],[13.744938,57.026626],[13.7450775,57.0266377],[13.7451097,57.0267195],[13.7449273,57.0269063],[13.7445089,57.0271224],[13.744069,57.0271516],[13.7438222,57.0270873]]],[[[13.7452656,57.0243577],[13.744933,57.0244861],[13.7447828,57.0244336],[13.7447613,57.024346],[13.7452334,57.0241007],[13.7457913,57.0240073],[13.7460488,57.0240482],[13.7460273,57.0242467],[13.7458878,57.0242993],[13.7452656,57.0243577]]],[[[13.7754726,57.0217794],[13.7753814,57.0217415],[13.7755852,57.0215809],[13.7756174,57.0217152],[13.7755745,57.0217707],[13.7754726,57.0217794]]],[[[13.7746626,57.0199982],[13.7746518,57.0198639],[13.7747913,57.0198434],[13.7748396,57.0198931],[13.7747967,57.0200332],[13.7746626,57.0199982]]],[[[13.8190692,57.0224189],[13.8187473,57.0222203],[13.8187473,57.0221386],[13.8188439,57.0220802],[13.8192301,57.0221094],[13.8195735,57.0222495],[13.8194769,57.0224014],[13.8193052,57.0224481],[13.8190692,57.0224189]]],[[[13.812074,57.0258233],[13.8119238,57.0257124],[13.811956,57.0256365],[13.812192,57.0255898],[13.8123208,57.0256482],[13.8123208,57.0257942],[13.8122242,57.025835],[13.812074,57.0258233]]],[[[13.82519,57.0256803],[13.8251632,57.0255839],[13.8252329,57.0255606],[13.8253617,57.0256277],[13.8253349,57.0257299],[13.82519,57.0256803]]],[[[13.8243103,57.0276568],[13.8241332,57.0275138],[13.8241922,57.0273736],[13.8244444,57.0273065],[13.8247448,57.0273941],[13.8247823,57.027505],[13.8246268,57.0276539],[13.8244283,57.027689],[13.8243103,57.0276568]]],[[[13.8255172,57.0277473],[13.8255012,57.0276568],[13.825646,57.027651],[13.8256728,57.0276977],[13.8256621,57.0277503],[13.8255172,57.0277473]]],[[[13.8336604,57.0223079],[13.8335424,57.0222379],[13.8334888,57.0221094],[13.8336497,57.0219751],[13.8340359,57.0220627],[13.8341325,57.0221619],[13.8340681,57.0223488],[13.8339287,57.0224247],[13.8336604,57.0223079]]],[[[13.831976,57.0228131],[13.8318902,57.0228131],[13.8318419,57.0227226],[13.8318848,57.0226904],[13.8320726,57.0227313],[13.8320726,57.0227839],[13.831976,57.0228131]]],[[[13.8396793,57.028413],[13.8395345,57.028013],[13.8396525,57.0275955],[13.839631,57.0271693],[13.8396525,57.0270729],[13.8398885,57.0270496],[13.8404357,57.0272861],[13.8405323,57.0274963],[13.8404786,57.0276218],[13.8401997,57.0277853],[13.8401138,57.0278992],[13.8401782,57.0280714],[13.8404196,57.0281502],[13.8403928,57.0282991],[13.8399261,57.028483],[13.8398992,57.0286027],[13.8397705,57.0285677],[13.8396793,57.028413]]],[[[13.8396257,57.0333582],[13.8395506,57.0331509],[13.83969,57.0331188],[13.8398778,57.0332093],[13.8398885,57.0332998],[13.8397222,57.0333699],[13.8396257,57.0333582]]],[[[13.8399583,57.034841],[13.8398456,57.0346659],[13.8398832,57.0346192],[13.8400495,57.0345958],[13.8402748,57.0347155],[13.8402158,57.0348352],[13.8399583,57.034841]]],[[[13.8404571,57.0353752],[13.8403767,57.0353489],[13.840382,57.0352468],[13.8406288,57.0351008],[13.8409239,57.0351154],[13.8410472,57.0352088],[13.8410043,57.0352905],[13.840897,57.0353256],[13.8404571,57.0353752]]],[[[13.841235,57.0359123],[13.8411277,57.0358393],[13.8411599,57.0357517],[13.8413155,57.0357371],[13.8414067,57.035778],[13.8413959,57.0358948],[13.841235,57.0359123]]],[[[13.8014628,57.0469772],[13.8013126,57.0469888],[13.8012267,57.0469363],[13.8011946,57.0468488],[13.8012589,57.0467904],[13.8014521,57.0467321],[13.8016023,57.0467321],[13.8016881,57.0467787],[13.8016988,57.0468663],[13.8014628,57.0469772]]],[[[13.8016559,57.0463352],[13.8016774,57.0462535],[13.8018276,57.0461718],[13.8020851,57.0461193],[13.8022567,57.0461368],[13.8023104,57.0461951],[13.8018276,57.0463819],[13.8016988,57.0463877],[13.8016559,57.0463352]]],[[[13.8024284,57.0460667],[13.8023962,57.0458041],[13.802643,57.0456465],[13.8028683,57.0456407],[13.8034369,57.0457574],[13.8034691,57.0458391],[13.8034047,57.0459734],[13.8031687,57.0460959],[13.8026108,57.0461368],[13.8024284,57.0460667]]],[[[13.8035013,57.0456932],[13.8036622,57.0454773],[13.8037909,57.045489],[13.8038553,57.0456174],[13.8037588,57.0457049],[13.8036193,57.0457399],[13.8035013,57.0456932]]],[[[13.800229,57.0451913],[13.8000358,57.0450162],[13.8000466,57.044952],[13.8001646,57.0449053],[13.8004114,57.0448937],[13.8006903,57.0450513],[13.8007654,57.0451621],[13.800744,57.0452263],[13.8005723,57.0452672],[13.800229,57.0451913]]],[[[13.7576677,57.0368679],[13.757496,57.0367161],[13.7573244,57.0362374],[13.7574102,57.0360623],[13.7576248,57.0359572],[13.757732,57.0359864],[13.7579252,57.0362374],[13.7580432,57.0362958],[13.758129,57.036576],[13.758011,57.0367161],[13.7580968,57.0369671],[13.7579681,57.0369963],[13.7576677,57.0368679]]],[[[13.7469388,57.0374517],[13.7468852,57.0373816],[13.7471105,57.0372123],[13.7470783,57.0370956],[13.7471641,57.037043],[13.7472822,57.0370489],[13.7474216,57.0371189],[13.747368,57.0373145],[13.7471427,57.0373787],[13.7470837,57.0374604],[13.7469388,57.0374517]]],[[[13.7462897,57.0387067],[13.74622,57.0385899],[13.7463327,57.0384061],[13.7467511,57.0382251],[13.7470622,57.0381959],[13.7474324,57.038409],[13.7480439,57.0384411],[13.7479634,57.0385082],[13.7475075,57.0384732],[13.7465419,57.0388293],[13.7463809,57.0388234],[13.7462897,57.0387067]]],[[[13.7492563,57.0397895],[13.7493689,57.0395852],[13.7496318,57.0394918],[13.749841,57.0395327],[13.7499161,57.0396202],[13.749723,57.039807],[13.7494118,57.0398449],[13.7492563,57.0397895]]],[[[13.7949118,57.0016779],[13.7948689,57.0015142],[13.7949333,57.001485],[13.7950191,57.0016428],[13.7949118,57.0016779]]],[[[13.7923584,56.9951506],[13.7920472,56.9951622],[13.7918005,56.9951213],[13.7915719,56.995005],[13.7914571,56.9947882],[13.7914142,56.9944726],[13.7915215,56.9943499],[13.7917146,56.9943032],[13.7921942,56.9943972],[13.7924871,56.9946246],[13.7925622,56.9949402],[13.7924978,56.995098],[13.7923584,56.9951506]]],[[[13.7857708,56.996781],[13.7856206,56.9966642],[13.7854275,56.9962375],[13.7854812,56.9960447],[13.7856206,56.9959979],[13.7860144,56.9960161],[13.7862429,56.9961031],[13.7864114,56.9963024],[13.7863577,56.9968108],[13.7862429,56.9968745],[13.7860283,56.9968921],[13.7857708,56.996781]]],[[[13.7858245,56.9953902],[13.7857279,56.9952324],[13.7858567,56.9951681],[13.7859178,56.9952563],[13.7858969,56.9953889],[13.7858245,56.9953902]]],[[[13.7787542,56.9989315],[13.7785074,56.9987854],[13.7785718,56.9985517],[13.7784967,56.9983413],[13.7787188,56.9983477],[13.7787971,56.9984932],[13.7790406,56.998675],[13.7790439,56.9988088],[13.7789135,56.9989192],[13.7787542,56.9989315]]],[[[13.7957701,57.0060479],[13.7957272,57.0059428],[13.7958635,57.0055639],[13.7960459,57.005523],[13.7961885,57.0056915],[13.796121,57.005932],[13.7960383,57.0060538],[13.7959203,57.0060888],[13.7957701,57.0060479]]],[[[13.7098107,57.000702],[13.7095639,57.0006436],[13.7093279,57.0003807],[13.7093601,57.0003222],[13.7094459,57.0002463],[13.7099502,57.0001937],[13.7100789,57.0002229],[13.7103439,57.0005565],[13.7103257,57.0006495],[13.7100789,57.0007371],[13.7098107,57.000702]]],[[[13.7652466,56.9850097],[13.7649751,56.9849226],[13.7648389,56.9847466],[13.7649033,56.9846121],[13.7648603,56.9844368],[13.7649033,56.9843491],[13.7650181,56.9843146],[13.7652434,56.984338],[13.7654397,56.9844192],[13.7655148,56.9845011],[13.7653968,56.9845595],[13.7653077,56.9847004],[13.7653614,56.9847998],[13.7659729,56.9851505],[13.7660051,56.9852499],[13.7659407,56.9853201],[13.7652466,56.9850097]]],[[[13.7695183,56.8824944],[13.7683167,56.882013],[13.7682617,56.8819394],[13.7685011,56.8817738],[13.7686727,56.8817771],[13.7684179,56.8819632],[13.7696772,56.8824461],[13.7695183,56.8824944]]],[[[13.767317,56.9735442],[13.7672097,56.9735501],[13.7671454,56.9734974],[13.7670917,56.9733226],[13.7672526,56.9733226],[13.767435,56.9734454],[13.7674458,56.9735039],[13.767317,56.9735442]]],[[[13.7682504,56.9746435],[13.7680788,56.9744155],[13.7681324,56.9743927],[13.7683792,56.9745681],[13.7683684,56.9746318],[13.7682504,56.9746435]]],[[[13.7689263,56.9769181],[13.7686045,56.9767426],[13.7682719,56.9763983],[13.7682504,56.9761112],[13.7684757,56.9758539],[13.7687225,56.9758896],[13.76898,56.9760884],[13.7694521,56.9768128],[13.7699885,56.9769654],[13.7701387,56.9770648],[13.7702996,56.9772695],[13.7703211,56.977515],[13.7702353,56.9776027],[13.7699134,56.9775905],[13.7690658,56.9772981],[13.7691087,56.9770642],[13.7689263,56.9769181]]],[[[13.7642378,56.9560213],[13.7641198,56.9560154],[13.7640662,56.9559628],[13.7641091,56.9559163],[13.7643022,56.9558926],[13.7643666,56.9559397],[13.7643344,56.9560037],[13.7642378,56.9560213]]],[[[13.7725312,56.9433416],[13.7716729,56.9429905],[13.770761,56.9427801],[13.7702675,56.9423584],[13.7701923,56.9421419],[13.7702889,56.9421246],[13.7707824,56.9422355],[13.7714691,56.9421126],[13.7717695,56.9422007],[13.7721128,56.9421832],[13.7725205,56.9423994],[13.7732501,56.9424872],[13.773411,56.9424579],[13.7735719,56.9422707],[13.7736792,56.9422472],[13.7735827,56.9427096],[13.7734003,56.9429147],[13.7734217,56.9430376],[13.7736685,56.9431836],[13.7740225,56.9437864],[13.7737651,56.9438742],[13.773175,56.9435702],[13.7729282,56.9435348],[13.7725312,56.9433416]]],[[[13.7015608,56.9361015],[13.7017689,56.9362385],[13.7019148,56.9364235],[13.7019899,56.9366752],[13.702108,56.9367279],[13.702108,56.9367922],[13.7019728,56.9368297],[13.7012389,56.9366986],[13.7006166,56.9364879],[13.7000695,56.9362303],[13.6999236,56.9362385],[13.6997519,56.9361624],[13.6994579,56.9359494],[13.6995266,56.9359166],[13.6999515,56.9360255],[13.7007561,56.9359084],[13.7013891,56.936002],[13.7015608,56.9361015]]],[[[13.6868512,56.904767],[13.6866688,56.9046732],[13.686701,56.9045971],[13.686819,56.9045561],[13.6870228,56.9045444],[13.6873222,56.9046416],[13.6874187,56.9047295],[13.6873662,56.9048197],[13.687216,56.9048666],[13.6870336,56.9048724],[13.6868512,56.904767]]],[[[13.6838798,56.8962187],[13.683794,56.8962187],[13.6837618,56.8961719],[13.683912,56.8961133],[13.6839855,56.8961754],[13.6838798,56.8962187]]],[[[13.7488746,56.8741391],[13.7482416,56.8742036],[13.7479842,56.8741391],[13.7477159,56.8735411],[13.7473512,56.8733828],[13.7470078,56.8733828],[13.7470722,56.873588],[13.746922,56.8739046],[13.7468147,56.8739339],[13.7464714,56.8738284],[13.7462675,56.8736525],[13.7459779,56.873588],[13.7456453,56.8733652],[13.7458491,56.8733476],[13.745892,56.8732772],[13.7457526,56.87316],[13.7458491,56.8731424],[13.7461173,56.8732069],[13.7463212,56.8731658],[13.7462997,56.8731072],[13.7460959,56.8728316],[13.7455702,56.8727144],[13.745656,56.8726499],[13.7460315,56.8726733],[13.7461281,56.8726206],[13.7457311,56.8724681],[13.7456238,56.8723215],[13.7453234,56.8721867],[13.7453449,56.8721398],[13.7456844,56.8721374],[13.7459097,56.8722605],[13.7459671,56.8723743],[13.7463212,56.8723977],[13.746804,56.8725033],[13.7472723,56.8727531],[13.7479616,56.8732893],[13.7489283,56.8737639],[13.7492035,56.8741895],[13.7491,56.8742036],[13.7488746,56.8741391]]],[[[13.7558913,56.8714889],[13.7557518,56.8714244],[13.7557947,56.8713775],[13.7559305,56.8714103],[13.7559948,56.8714572],[13.7558913,56.8714889]]],[[[13.663977,56.7809288],[13.6637839,56.7809641],[13.6635479,56.7809229],[13.6633869,56.7808289],[13.6631938,56.780823],[13.66299,56.7808877],[13.6627647,56.7807819],[13.6628183,56.7807113],[13.6632153,56.7805879],[13.6632153,56.7805291],[13.6629363,56.7804174],[13.6629578,56.7802764],[13.6633102,56.7803501],[13.6634191,56.7805938],[13.6635785,56.7806793],[13.6638912,56.7807113],[13.6640307,56.7807701],[13.663977,56.7809288]]],[[[13.6572608,56.7798532],[13.6573037,56.7796298],[13.6575505,56.7792948],[13.6576792,56.7792477],[13.6578187,56.7792595],[13.6577758,56.7791537],[13.6580225,56.7789715],[13.6585053,56.7789538],[13.6585697,56.7788657],[13.6584409,56.7787128],[13.6581191,56.7786423],[13.6580333,56.778513],[13.6584946,56.7777841],[13.6585697,56.7777665],[13.6587092,56.7777782],[13.658729,56.7779931],[13.6585268,56.778078],[13.6584195,56.778225],[13.6584501,56.7783046],[13.6585697,56.778319],[13.6586539,56.7783869],[13.6586217,56.7785397],[13.6587092,56.7785953],[13.6589881,56.7785953],[13.6590954,56.7786364],[13.6592885,56.7789068],[13.6596104,56.7790538],[13.6599966,56.7791478],[13.6605529,56.7791863],[13.6605974,56.7792477],[13.6603062,56.7794038],[13.6602863,56.7795475],[13.6605116,56.7798179],[13.6609086,56.7799531],[13.6607782,56.7802091],[13.6606725,56.7802176],[13.660297,56.7799178],[13.6601254,56.7798473],[13.659943,56.7795828],[13.6590203,56.7794476],[13.658913,56.7793771],[13.6588594,56.7792066],[13.6586126,56.7791419],[13.6580762,56.7792301],[13.6579045,56.7793242],[13.657765,56.7794887],[13.6577849,56.7797917],[13.6577114,56.7798943],[13.6575397,56.7799237],[13.6572608,56.7798532]]],[[[13.6565741,56.7795299],[13.6564132,56.7795299],[13.6563274,56.7794652],[13.6563274,56.7793947],[13.6565205,56.7793006],[13.6565634,56.7792125],[13.6564454,56.7790303],[13.6564776,56.7788657],[13.656381,56.7788245],[13.6558875,56.7789244],[13.6558017,56.7790773],[13.6555656,56.7788363],[13.6556622,56.7787364],[13.6565205,56.7785012],[13.656617,56.7783131],[13.6567029,56.7782837],[13.6568622,56.7783281],[13.6568944,56.7784222],[13.656778,56.7786012],[13.6569604,56.7786305],[13.6576148,56.7778135],[13.6577436,56.7775137],[13.6576148,56.7774196],[13.6576577,56.7773432],[13.6578385,56.7773406],[13.6578294,56.7777488],[13.6570784,56.7787246],[13.6567887,56.7794358],[13.6565741,56.7795299]]],[[[13.6604902,56.7742159],[13.6603721,56.77421],[13.6603292,56.7741453],[13.6604472,56.774063],[13.660576,56.7740689],[13.6605974,56.7741982],[13.6604902,56.7742159]]],[[[13.6594044,56.7763016],[13.6592537,56.7762901],[13.6592022,56.7762084],[13.6593824,56.7760703],[13.6595412,56.7760641],[13.6596377,56.7761282],[13.6595648,56.7762407],[13.6594044,56.7763016]]],[[[13.6566272,56.7769844],[13.6564556,56.7770079],[13.6563901,56.7769526],[13.6565387,56.7768051],[13.6566364,56.7767939],[13.6567152,56.7769176],[13.6566272,56.7769844]]],[[[13.6559411,56.7764497],[13.6558446,56.7764674],[13.6558017,56.7764203],[13.6558553,56.7763733],[13.6559411,56.7764497]]],[[[13.6642774,56.771635],[13.664138,56.7715821],[13.6642131,56.7715115],[13.6643204,56.7715233],[13.6642774,56.771635]]],[[[13.6539241,56.7712411],[13.6538383,56.7712705],[13.6538168,56.7712352],[13.6539456,56.7711882],[13.6540099,56.7712176],[13.6539241,56.7712411]]],[[[13.6497291,56.7694067],[13.6496326,56.7694302],[13.6495682,56.7693832],[13.6496326,56.7693538],[13.6497291,56.7694067]]],[[[13.6544391,56.7669728],[13.6542245,56.7669493],[13.6542336,56.7667876],[13.6543533,56.7667141],[13.6545142,56.7666906],[13.6546215,56.7667435],[13.6546215,56.766867],[13.6544391,56.7669728]]],[[[13.646886,56.765885],[13.6464568,56.7657439],[13.6462852,56.765591],[13.6463281,56.7655205],[13.6466178,56.7655557],[13.6467572,56.7656969],[13.6470024,56.7657939],[13.6469933,56.7658615],[13.646886,56.765885]]],[[[13.643442,56.7636505],[13.6430236,56.7636623],[13.6428412,56.7634918],[13.6430113,56.76343],[13.6431738,56.7634741],[13.6436137,56.7634271],[13.643721,56.7635917],[13.6436566,56.7636564],[13.643442,56.7636505]]],[[[13.6412963,56.7633683],[13.641189,56.7633212],[13.6412088,56.7632183],[13.6413268,56.763136],[13.6414663,56.763136],[13.6415752,56.7631919],[13.6414556,56.7633418],[13.6412963,56.7633683]]],[[[13.6398908,56.7627449],[13.6395582,56.7628626],[13.6393656,56.7628684],[13.639151,56.7628273],[13.6390867,56.7627626],[13.6392562,56.7626126],[13.6393763,56.7625921],[13.6396548,56.762692],[13.6398785,56.7626656],[13.6399444,56.7626979],[13.6398908,56.7627449]]],[[[13.6408457,56.7622569],[13.6407491,56.7622686],[13.6406955,56.7622275],[13.6407368,56.7621775],[13.6408333,56.7621834],[13.6408457,56.7622569]]],[[[13.637531,56.763974],[13.6374237,56.7640034],[13.6373057,56.763974],[13.6373271,56.7638622],[13.6375203,56.7638328],[13.6376039,56.7639063],[13.637531,56.763974]]],[[[13.6394085,56.7671786],[13.6392476,56.7671375],[13.639151,56.767014],[13.6392476,56.7669728],[13.6394729,56.7670316],[13.6395158,56.767161],[13.6394085,56.7671786]]],[[[13.6426803,56.7710294],[13.6425515,56.7709648],[13.6427431,56.7709327],[13.6427554,56.771],[13.6426803,56.7710294]]],[[[13.6488172,56.7823806],[13.6486992,56.7823806],[13.648667,56.7823335],[13.6487099,56.7823042],[13.6488279,56.7823277],[13.6488172,56.7823806]]],[[[13.6477537,56.7839366],[13.6475606,56.7838955],[13.6474211,56.7837897],[13.6475928,56.7837662],[13.6477843,56.783834],[13.6478395,56.7838955],[13.6477537,56.7839366]]],[[[13.6502012,56.7847785],[13.6500188,56.7847609],[13.6498257,56.7846139],[13.6500081,56.7844905],[13.6502012,56.784514],[13.6504158,56.7846316],[13.6503407,56.784755],[13.6502012,56.7847785]]],[[[13.647916,56.7903026],[13.6477443,56.7903026],[13.6471971,56.7901086],[13.6472293,56.7900558],[13.6474653,56.7900146],[13.6479267,56.7900264],[13.6485259,56.7901883],[13.6485474,56.7902647],[13.6484293,56.7903117],[13.6480984,56.7902673],[13.647916,56.7903026]]],[[[13.6519607,56.791801],[13.6517676,56.7918245],[13.651596,56.7917775],[13.6518534,56.7913955],[13.6519607,56.7913603],[13.6521324,56.7913838],[13.6523346,56.7916044],[13.6522917,56.7916808],[13.6519607,56.791801]]],[[[13.667829,57.0002927],[13.6676358,57.0002869],[13.6674277,57.0001896],[13.6673676,57.000094],[13.6678032,56.9999149],[13.6680972,56.9999071],[13.6682367,57.0000415],[13.6682152,57.0001291],[13.6680435,57.0002577],[13.667829,57.0002927]]],[[[13.6677861,57.0007368],[13.6674856,57.0006433],[13.6675929,57.0005966],[13.6677861,57.0007368]]],[[[13.6682367,57.0006433],[13.6680435,57.0006316],[13.6678504,57.0005557],[13.6678719,57.0004855],[13.6679792,57.0003628],[13.6681144,57.0003357],[13.6682152,57.0003804],[13.6681723,57.0004739],[13.6682967,57.0005811],[13.6682367,57.0006433]]],[[[13.6711442,57.0077422],[13.6706721,57.0076604],[13.6702859,57.0076721],[13.6700606,57.0075669],[13.6701249,57.0074851],[13.6705176,57.0073294],[13.670818,57.0073294],[13.6714875,57.0075494],[13.6714875,57.0076078],[13.6711442,57.0077422]]],[[[13.673762,57.0097343],[13.6734401,57.0097109],[13.6732792,57.0095999],[13.6732041,57.0094772],[13.673365,57.0092144],[13.6733114,57.0091209],[13.6735153,57.0091326],[13.6735904,57.0092553],[13.6739938,57.0093274],[13.6740796,57.0094209],[13.673998,57.0097985],[13.673762,57.0097343]]],[[[13.6742019,57.0107683],[13.6739766,57.0107274],[13.6738693,57.0106573],[13.6735474,57.0106281],[13.6734616,57.0103243],[13.6735045,57.0102308],[13.6737942,57.0101198],[13.6743414,57.0102308],[13.6744766,57.0103672],[13.6745559,57.0107507],[13.6742019,57.0107683]]],[[[13.6731827,57.0107391],[13.6729252,57.0106631],[13.6731462,57.0106652],[13.6731827,57.0107391]]],[[[13.6734509,57.0113816],[13.6729252,57.011148],[13.6728501,57.0110545],[13.6729037,57.0109961],[13.6732256,57.0109903],[13.6734187,57.011072],[13.6740903,57.0111909],[13.6743521,57.0113057],[13.6743521,57.0113816],[13.6742126,57.0114401],[13.6737942,57.0114809],[13.6735904,57.0114634],[13.6734509,57.0113816]]],[[[13.6748564,57.0115277],[13.6747491,57.0115569],[13.6746954,57.0114342],[13.6747813,57.0114401],[13.6748564,57.0115277]]],[[[13.6679255,57.0128186],[13.6673784,57.012807],[13.667196,57.0127427],[13.6672496,57.0126376],[13.667535,57.0125695],[13.6677603,57.0125753],[13.6679363,57.0126317],[13.6681186,57.0127836],[13.6679255,57.0128186]]],[[[13.6688804,57.0114225],[13.6687838,57.0114576],[13.6682474,57.0112531],[13.6678933,57.0112531],[13.6677431,57.0112006],[13.6677753,57.0111071],[13.6679534,57.011039],[13.6681508,57.0110896],[13.6685864,57.0110916],[13.6686873,57.0111305],[13.668698,57.0112648],[13.6688375,57.0113291],[13.6688804,57.0114225]]],[[[13.6818516,56.9960561],[13.6813151,56.9959918],[13.6812078,56.9958808],[13.6813044,56.9957288],[13.6816584,56.9956879],[13.6820339,56.9958165],[13.6820876,56.9958983],[13.6820339,56.995986],[13.6818516,56.9960561]]],[[[13.6846303,56.9432187],[13.6841261,56.9431894],[13.6839973,56.9431426],[13.6838149,56.9428442],[13.6832356,56.9425984],[13.6830532,56.9423935],[13.6831991,56.9423777],[13.6842934,56.9426235],[13.6847376,56.9429378],[13.6847483,56.943207],[13.6846303,56.9432187]]],[[[13.6869478,56.9445881],[13.686465,56.9446583],[13.6863255,56.9445998],[13.6863255,56.944512],[13.6864328,56.9443131],[13.6867224,56.9442604],[13.6869156,56.9443365],[13.6870014,56.9444652],[13.6869478,56.9445881]]],[[[13.6862933,56.9415508],[13.6861002,56.9415976],[13.6859607,56.9415625],[13.6858534,56.9414688],[13.6855423,56.9414337],[13.6854994,56.9413928],[13.6855637,56.9413342],[13.6859564,56.9413945],[13.6860959,56.9413594],[13.6862354,56.9413887],[13.6862933,56.9415508]]],[[[13.6869276,56.9402291],[13.6866903,56.9402866],[13.6864864,56.9402515],[13.6860894,56.9402983],[13.6860143,56.9402574],[13.6864435,56.9399764],[13.6866216,56.9399665],[13.6867611,56.9399665],[13.6869907,56.9400759],[13.6869276,56.9402291]]],[[[13.6132411,56.8049024],[13.6129621,56.8047027],[13.612946,56.8045675],[13.613328,56.804178],[13.6137825,56.8041063],[13.6136434,56.8044207],[13.6136498,56.8045922],[13.6140404,56.8047789],[13.6139703,56.8048875],[13.6135844,56.8049729],[13.6132411,56.8049024]]],[[[13.6238841,56.8164252],[13.6231867,56.8163313],[13.6231009,56.8162256],[13.6233476,56.8161023],[13.6235193,56.8162667],[13.6236909,56.8163254],[13.6239377,56.8163372],[13.6238841,56.8164252]]],[[[13.6242059,56.8162608],[13.6240021,56.8162315],[13.6238411,56.8161492],[13.6241201,56.8161669],[13.6242059,56.8162608]]],[[[13.6245541,56.8163336],[13.6247209,56.8163369],[13.6248228,56.8164337],[13.6247064,56.8164769],[13.6244817,56.8164009],[13.6245541,56.8163336]]],[[[13.6093036,56.8413674],[13.6091426,56.841385],[13.6090354,56.8413498],[13.6091856,56.8412852],[13.6093261,56.8413131],[13.6093036,56.8413674]]],[[[13.6083594,56.8436442],[13.6081878,56.8435151],[13.6080483,56.8432217],[13.6082307,56.8430456],[13.6084249,56.8430735],[13.6083391,56.8432026],[13.6086609,56.8435312],[13.6086491,56.8436266],[13.6085311,56.8436794],[13.6083594,56.8436442]]],[[[13.6088645,56.8434561],[13.608897,56.8435195],[13.6087886,56.843562],[13.6087349,56.8435151],[13.6088645,56.8434561]]],[[[13.61087,56.8447062],[13.6107198,56.8447121],[13.6105385,56.8446285],[13.6105159,56.8445537],[13.6105803,56.8444891],[13.6108593,56.8444833],[13.6109344,56.8446124],[13.61087,56.8447062]]],[[[13.6335186,56.8476341],[13.6331538,56.8475226],[13.6328748,56.8473642],[13.6327783,56.8472058],[13.632553,56.8470474],[13.632553,56.8469828],[13.6328426,56.8469359],[13.6330679,56.847065],[13.6331656,56.8470811],[13.6331967,56.8470357],[13.633863,56.8471105],[13.6340239,56.8471515],[13.6342267,56.8473818],[13.6344305,56.8474112],[13.6344842,56.8473525],[13.6346558,56.8473525],[13.6350313,56.8474522],[13.6352674,56.8475872],[13.635247,56.8476679],[13.6346344,56.8477456],[13.6343018,56.8476811],[13.6337653,56.8477163],[13.6335186,56.8476341]]],[[[13.6372522,56.8458504],[13.6370269,56.845915],[13.636823,56.8458856],[13.637102,56.8457389],[13.6372425,56.8457316],[13.6373069,56.8457786],[13.6372522,56.8458504]]],[[[13.6146561,56.9005898],[13.6144201,56.900625],[13.614227,56.9005898],[13.6141626,56.9004961],[13.6146293,56.9004416],[13.6147849,56.9004844],[13.6146561,56.9005898]]],[[[13.6184112,56.9011054],[13.6181323,56.9012343],[13.6177675,56.9012343],[13.6175904,56.901297],[13.6174242,56.9013046],[13.6173383,56.9012226],[13.6178533,56.9010351],[13.6183897,56.9010234],[13.618475,56.9010474],[13.6184112,56.9011054]]],[[[13.6173812,56.9046791],[13.6171452,56.9046791],[13.6170111,56.9046012],[13.6171184,56.904402],[13.6173115,56.9044255],[13.6174027,56.904562],[13.6173812,56.9046791]]],[[[13.6188404,56.9048315],[13.618556,56.904859],[13.6183683,56.9047963],[13.6183683,56.9046674],[13.618534,56.9045781],[13.6188162,56.9045743],[13.6190533,56.9046624],[13.619012,56.9047729],[13.6188404,56.9048315]]],[[[13.6201493,56.9061788],[13.619806,56.906214],[13.6193553,56.9061437],[13.6191998,56.9060775],[13.6191408,56.9059328],[13.6189262,56.9058859],[13.6188833,56.9058156],[13.6189691,56.9057453],[13.6191408,56.9057453],[13.619291,56.9056633],[13.6196987,56.9056516],[13.6198703,56.9058274],[13.6200205,56.9058391],[13.620278,56.9060734],[13.6201493,56.9061788]]],[[[13.6104944,56.9069755],[13.6103442,56.9067998],[13.6099365,56.9066475],[13.6099059,56.906571],[13.6099923,56.9065297],[13.6101725,56.9065538],[13.6105309,56.9064758],[13.6107733,56.9064717],[13.6109536,56.9064723],[13.6111596,56.9065655],[13.6111891,56.9066946],[13.6110121,56.9068751],[13.6108173,56.9069266],[13.6107342,56.9070265],[13.6105904,56.90704],[13.6104944,56.9069755]]],[[[13.6096575,56.9060265],[13.6095288,56.9059797],[13.6095932,56.9058977],[13.6097648,56.9057805],[13.6099944,56.9056909],[13.610091,56.9057026],[13.6101082,56.9057688],[13.609958,56.9059211],[13.6096575,56.9060265]]],[[[13.6086083,56.9057582],[13.6086506,56.9058464],[13.6085611,56.9058607],[13.608413,56.9056399],[13.6084935,56.9055916],[13.6085847,56.9056165],[13.6086083,56.9057582]]],[[[13.6306855,56.910103],[13.631119,56.9101015],[13.6312322,56.9101791],[13.6312332,56.9103024],[13.6311168,56.9103056],[13.6309752,56.9102189],[13.6307075,56.9101683],[13.6306855,56.910103]]],[[[13.6281428,56.9019784],[13.6278746,56.9019784],[13.6278687,56.9019239],[13.6280892,56.9017967],[13.6282072,56.9018143],[13.6281428,56.9019784]]],[[[13.6231432,56.9027224],[13.6229227,56.9027207],[13.62295,56.9026638],[13.6230466,56.9026463],[13.6231753,56.9026521],[13.6231432,56.9027224]]],[[[13.6199996,56.9010585],[13.6197743,56.9011171],[13.6196885,56.9010703],[13.6197958,56.9009824],[13.6199674,56.9009882],[13.6199996,56.9010585]]],[[[13.6103758,56.9160715],[13.6102519,56.916111],[13.6100373,56.9160876],[13.6098823,56.9160129],[13.6097691,56.9159002],[13.609775,56.9156616],[13.6100432,56.9156206],[13.6103222,56.9156908],[13.6104509,56.9158021],[13.6104724,56.9159368],[13.6103758,56.9160715]]],[[[13.608692,56.9177816],[13.608531,56.917805],[13.6080847,56.9177098],[13.6078165,56.9177098],[13.6082092,56.9175356],[13.6089602,56.9175825],[13.6089709,56.9176527],[13.608692,56.9177816]]],[[[13.6081233,56.9188884],[13.6078809,56.9189631],[13.6076083,56.9189528],[13.6072114,56.918824],[13.6072049,56.9187698],[13.6073401,56.9186834],[13.6078551,56.918619],[13.608059,56.9186366],[13.6082242,56.9187815],[13.6081233,56.9188884]]],[[[13.6089924,56.9186249],[13.6088636,56.918619],[13.60881,56.9185722],[13.6090031,56.9185195],[13.6090782,56.9185722],[13.6089924,56.9186249]]],[[[13.6105797,56.9185897],[13.610209,56.9186293],[13.6100432,56.9184902],[13.6103115,56.9183145],[13.6104402,56.9183028],[13.6107669,56.9184477],[13.6107428,56.9185353],[13.6105797,56.9185897]]],[[[13.6112127,56.9188181],[13.6109767,56.9187303],[13.6108801,56.9185663],[13.6109981,56.9185487],[13.6114214,56.9186234],[13.611475,56.9186703],[13.6114058,56.9187537],[13.6112127,56.9188181]]],[[[13.6120603,56.9189762],[13.6117813,56.9188006],[13.6117384,56.9186776],[13.611835,56.9186307],[13.6119744,56.9186834],[13.6121461,56.9189528],[13.6120603,56.9189762]]],[[[13.6122641,56.919556],[13.6121617,56.9194081],[13.6123392,56.9192807],[13.6123821,56.9191461],[13.6127791,56.9191929],[13.6128268,56.9192676],[13.6127947,56.9194374],[13.6126718,56.9195208],[13.6124465,56.9195735],[13.6122641,56.919556]]],[[[13.6095594,56.9174706],[13.6094902,56.9175107],[13.6094043,56.9174873],[13.6094317,56.9174419],[13.6095594,56.9174706]]],[[[13.611041,56.9207389],[13.6109016,56.9206569],[13.6111376,56.9204988],[13.6112234,56.9203407],[13.6115024,56.9202997],[13.6116417,56.9202311],[13.6117384,56.9202528],[13.6112341,56.9206979],[13.611041,56.9207389]]],[[[13.6156324,56.9219507],[13.6152896,56.9218807],[13.6152682,56.9218339],[13.6154613,56.9217226],[13.6154828,56.9216055],[13.615751,56.9216524],[13.6158905,56.9217929],[13.6158797,56.9219041],[13.6157939,56.921951],[13.6156324,56.9219507]]],[[[13.6132297,56.923854],[13.6127684,56.9238306],[13.6126182,56.9237311],[13.6125967,56.9236257],[13.6126933,56.9235964],[13.6130843,56.9236535],[13.6132726,56.9238072],[13.6132297,56.923854]]],[[[13.6096361,56.9337596],[13.6092499,56.9334786],[13.6090996,56.9332561],[13.6090996,56.9330805],[13.6093722,56.932734],[13.6093936,56.9323944],[13.6095932,56.9321439],[13.6096297,56.9318442],[13.6094859,56.9316405],[13.6094215,56.930657],[13.6096575,56.9303525],[13.6098871,56.9301816],[13.6100438,56.9301067],[13.6101935,56.9301187],[13.6102471,56.9301831],[13.6101827,56.9302709],[13.6099038,56.9303762],[13.6097584,56.9304977],[13.6097214,56.9306338],[13.6098657,56.9307904],[13.6104188,56.931149],[13.6106703,56.9314051],[13.6107835,56.931793],[13.6107406,56.931951],[13.6105153,56.9320915],[13.610488,56.932172],[13.6105797,56.9322144],[13.610606,56.9325115],[13.6104188,56.9325949],[13.6101983,56.932611],[13.6101076,56.932712],[13.610209,56.9330852],[13.6100862,56.9332798],[13.6100803,56.9336999],[13.6098716,56.9337774],[13.6096361,56.9337596]]],[[[13.6101505,56.9342223],[13.6100159,56.9341564],[13.609893,56.9339647],[13.6099681,56.9339355],[13.6100862,56.9339647],[13.6101876,56.9340804],[13.6101505,56.9342223]]],[[[13.6103437,56.9352233],[13.6101554,56.934853],[13.6102256,56.9348194],[13.610606,56.9348589],[13.6107084,56.935112],[13.6110303,56.935352],[13.6109922,56.9354267],[13.6108586,56.9354808],[13.610445,56.9353506],[13.6103437,56.9352233]]],[[[13.6095605,56.9296503],[13.6093936,56.9295727],[13.6094424,56.9295098],[13.6095605,56.9295215],[13.6096356,56.9296035],[13.6095605,56.9296503]]],[[[13.6090996,56.9296269],[13.6089494,56.9295683],[13.6089924,56.9295215],[13.6092069,56.9295274],[13.6090996,56.9296269]]],[[[13.6087671,56.932314],[13.6086855,56.9322949],[13.608649,56.9322144],[13.6087134,56.9321735],[13.6088314,56.9322027],[13.6087671,56.932314]]],[[[13.6290226,56.9404384],[13.6288938,56.9404325],[13.6288294,56.9403623],[13.6288724,56.9402862],[13.6287329,56.9401809],[13.6287651,56.9401223],[13.6290703,56.9401794],[13.6291454,56.9403901],[13.6290226,56.9404384]]],[[[13.6562416,56.9537389],[13.6565802,56.9536773],[13.656792,56.9537009],[13.656917,56.9538243],[13.6563065,56.9537775],[13.6562416,56.9537389]]],[[[13.6548758,56.9535625],[13.6553463,56.9535602],[13.6555663,56.9536223],[13.6555335,56.9538158],[13.6557787,56.9538735],[13.6556987,56.9539656],[13.6555115,56.9540314],[13.6548104,56.9539723],[13.6546092,56.9538749],[13.6545926,56.9537836],[13.6548758,56.9535625]]],[[[13.6484317,56.9552195],[13.6485175,56.95512],[13.64826,56.955079],[13.648453,56.9547806],[13.6486826,56.9546832],[13.6490903,56.954613],[13.6494938,56.9545993],[13.6498692,56.9548332],[13.6499256,56.9549891],[13.6495779,56.9553361],[13.6491827,56.9554652],[13.6489037,56.9554652],[13.6486033,56.9553716],[13.6484317,56.9552195]]],[[[13.6539231,56.9574132],[13.653943,56.9572953],[13.6541339,56.9571172],[13.6544204,56.9570282],[13.6545632,56.9570529],[13.654658,56.9573354],[13.6546468,56.9574638],[13.6544032,56.9576082],[13.6543147,56.9578502],[13.6541216,56.9580315],[13.653936,56.9580301],[13.6536973,56.957861],[13.6540293,56.95757],[13.6539231,56.9574132]]],[[[13.6522784,56.9578268],[13.6522966,56.95778],[13.6528627,56.957776],[13.6530182,56.9576847],[13.653267,56.9576577],[13.6534022,56.9577156],[13.653377,56.9577873],[13.6530129,56.9578871],[13.6528803,56.9578391],[13.6526292,56.9578832],[13.6522784,56.9578268]]],[[[13.7182967,56.9623149],[13.7175671,56.9622447],[13.7171594,56.9621043],[13.7168375,56.9618937],[13.7167517,56.9616364],[13.7168161,56.9614141],[13.7170038,56.961372],[13.7172613,56.9614188],[13.7174384,56.9616013],[13.7177173,56.9617534],[13.71842,56.9618867],[13.71864,56.9619756],[13.7185756,56.9621745],[13.7182967,56.9623149]]],[[[13.7362682,56.8966934],[13.7367939,56.8967813],[13.7377702,56.8968574],[13.7385856,56.8967871],[13.7399589,56.8968164],[13.7404203,56.8966992],[13.7403237,56.8968047],[13.7400877,56.8968574],[13.737266,56.8971914],[13.7365042,56.8969688],[13.7362682,56.8966934]]],[[[13.7243914,56.8908978],[13.725034,56.8910244],[13.7254525,56.8911885],[13.7254718,56.8912565],[13.7253892,56.8912846],[13.7248313,56.8912436],[13.7238228,56.8911088],[13.7234043,56.8910033],[13.7230181,56.8908392],[13.7224924,56.8903176],[13.7223207,56.8900539],[13.7223636,56.8897198],[13.7226319,56.8894678],[13.7227713,56.889421],[13.722943,56.8894385],[13.7231672,56.8895944],[13.7232756,56.8900129],[13.7230396,56.8904348],[13.7230492,56.8905556],[13.7231576,56.8906575],[13.7234676,56.89079],[13.7243914,56.8908978]]],[[[13.7294661,56.8941971],[13.729391,56.8941795],[13.7293588,56.8940741],[13.7293481,56.8937107],[13.7292408,56.8934002],[13.7284469,56.8927438],[13.7271058,56.8917827],[13.7270307,56.8916948],[13.7270736,56.891648],[13.7271916,56.8916245],[13.7275564,56.8917417],[13.7279104,56.8920172],[13.7284351,56.8921555],[13.7285782,56.8922862],[13.7288439,56.8927673],[13.7291013,56.8928903],[13.729626,56.8929876],[13.7298835,56.8931634],[13.7297665,56.8936756],[13.7294661,56.8941971]]],[[[13.72967,56.894871],[13.7296271,56.8947069],[13.7297451,56.8946718],[13.729906,56.8946952],[13.7300229,56.8947456],[13.7303341,56.8950855],[13.7306034,56.8955742],[13.7306892,56.8959961],[13.730656,56.8962164],[13.7304843,56.8964625],[13.7305283,56.8965527],[13.7308501,56.8967051],[13.7312568,56.896732],[13.7316226,56.896582],[13.731923,56.8963242],[13.7328779,56.8962422],[13.7330496,56.8961953],[13.7332212,56.8960371],[13.7334251,56.8959551],[13.7340259,56.8958086],[13.7342297,56.8957793],[13.7349056,56.8958261],[13.733704,56.896166],[13.7332212,56.8964238],[13.7316333,56.8975899],[13.7313437,56.897666],[13.7305927,56.8977071],[13.7304532,56.8977832],[13.7301313,56.8980469],[13.7297773,56.8987031],[13.7297022,56.8987793],[13.7296056,56.8987852],[13.7294447,56.8986387],[13.7297022,56.8979883],[13.7297343,56.8976602],[13.7295841,56.8965996],[13.7297343,56.8962891],[13.7300884,56.8960547],[13.7302279,56.8958789],[13.7302815,56.8956562],[13.7302493,56.895416],[13.7299918,56.8950937],[13.72967,56.894871]]],[[[13.7205075,56.887399],[13.7216984,56.8876041],[13.7221812,56.8877448],[13.7226522,56.8880237],[13.7229526,56.8883578],[13.7228679,56.8884012],[13.7225031,56.8881492],[13.7221169,56.8881492],[13.7219661,56.8882608],[13.721795,56.8882547],[13.72128,56.8882136],[13.7207436,56.8880847],[13.7205397,56.8879382],[13.719499,56.8876275],[13.7193274,56.8874458],[13.7194239,56.8873931],[13.7199496,56.8873462],[13.7205075,56.887399]]],[[[13.727771,56.8966817],[13.727889,56.8967051],[13.7279319,56.896793],[13.727845,56.8968492],[13.7276851,56.8968516],[13.7276744,56.8967051],[13.727771,56.8966817]]],[[[13.6822505,56.8759869],[13.6820348,56.8760038],[13.6819732,56.8759566],[13.6818376,56.8756401],[13.6821457,56.8754482],[13.6824292,56.8754246],[13.6825709,56.875492],[13.682805,56.8754751],[13.6829899,56.8754078],[13.6829837,56.8753101],[13.683144,56.8752394],[13.6835014,56.8754145],[13.6839635,56.8752259],[13.683982,56.8751384],[13.6842285,56.875071],[13.6840868,56.8750205],[13.6834952,56.8745828],[13.6836677,56.8745592],[13.6840023,56.8748738],[13.6843269,56.8750243],[13.6844833,56.8750205],[13.684969,56.8751379],[13.685509,56.8754324],[13.685906,56.8761476],[13.6861849,56.8762414],[13.6866044,56.8764724],[13.6869799,56.8771877],[13.6869263,56.8773929],[13.6867137,56.8777034],[13.6866016,56.87772],[13.686701,56.8776039],[13.6865937,56.8775981],[13.6863255,56.877387],[13.6861436,56.8773284],[13.6856501,56.8768418],[13.6850707,56.8767421],[13.6846201,56.8767538],[13.6839013,56.87666],[13.6833649,56.8765135],[13.6828483,56.876218],[13.6826014,56.8762103],[13.6824352,56.8760491],[13.6822505,56.8759869]]],[[[13.680343,56.8754745],[13.6805147,56.8753455],[13.6806703,56.8750348],[13.6806703,56.8748032],[13.680504,56.8744749],[13.6809707,56.8743166],[13.6810833,56.8742052],[13.6810887,56.874387],[13.6816252,56.874764],[13.6818022,56.8751843],[13.6815983,56.8752869],[13.6812389,56.8752254],[13.6808151,56.8752429],[13.6807561,56.8753338],[13.6808205,56.8753954],[13.6803699,56.8755273],[13.680343,56.8754745]]],[[[13.6817555,56.8758862],[13.6818505,56.8759659],[13.6818398,56.876197],[13.681769,56.8762318],[13.6815638,56.8762512],[13.6815142,56.8762048],[13.6813302,56.8762396],[13.6811143,56.8761796],[13.6810647,56.8759379],[13.6811178,56.8758334],[13.681401,56.8757638],[13.6815921,56.8758683],[13.6817124,56.8758508],[13.6817555,56.8758862]]],[[[13.680817,56.8765587],[13.6802472,56.8763614],[13.6802684,56.8763305],[13.6808099,56.8764871],[13.6809232,56.8764794],[13.6809515,56.8765142],[13.680817,56.8765587]]],[[[13.6738451,56.8835792],[13.6743961,56.8837374],[13.6744706,56.8840522],[13.6743471,56.8841967],[13.674263,56.8842247],[13.674335,56.8841242],[13.6740225,56.8840908],[13.6739642,56.8842043],[13.673803,56.8841609],[13.6738404,56.8840487],[13.6737587,56.8839709],[13.6738988,56.883842],[13.6738241,56.8837566],[13.6738731,56.8837055],[13.673789,56.8836966],[13.6737073,56.8835741],[13.6738451,56.8835792]]],[[[13.6745243,56.8905638],[13.674814,56.8906634],[13.674984,56.8909131],[13.6752093,56.8909424],[13.6754819,56.8910557],[13.6755894,56.8911323],[13.6755205,56.8912295],[13.6757903,56.8913491],[13.6761964,56.8916397],[13.6766577,56.8922258],[13.6765842,56.8923043],[13.6767006,56.8925012],[13.6766494,56.8926653],[13.676458,56.8928056],[13.6761918,56.8928566],[13.6754586,56.8926117],[13.6751877,56.8924561],[13.6748328,56.8920302],[13.6748562,56.8917547],[13.6741884,56.8913797],[13.6742631,56.8913032],[13.6744137,56.8913017],[13.6743848,56.891185],[13.6742668,56.8911029],[13.6741417,56.8913159],[13.6739875,56.8911118],[13.6739035,56.8907879],[13.6741323,56.89077],[13.6742771,56.8906986],[13.674165,56.8904639],[13.6745243,56.8905638]]],[[[13.6853506,56.891726],[13.6858656,56.891723],[13.6861445,56.8917904],[13.6862357,56.8919428],[13.6861284,56.8923296],[13.6860897,56.8923641],[13.6859246,56.8922534],[13.6855652,56.8922153],[13.6853828,56.8920922],[13.685297,56.8919281],[13.6852862,56.8917553],[13.6853506,56.891726]]],[[[13.7318157,56.8921109],[13.7316119,56.892023],[13.7316226,56.8919234],[13.7321161,56.8918706],[13.7322556,56.8919234],[13.7323082,56.8920148],[13.7322545,56.892091],[13.7318157,56.8921109]]],[[[13.6800603,56.8199481],[13.6802427,56.8198541],[13.6806772,56.8198271],[13.6809615,56.8202299],[13.68094,56.8204237],[13.6808113,56.8205],[13.6805753,56.8205],[13.680071,56.8201418],[13.6800603,56.8199481]]],[[[13.6819915,56.8213925],[13.6821309,56.8213103],[13.6824314,56.8215862],[13.6822811,56.8216214],[13.6819915,56.8213925]]],[[[13.6833648,56.8220559],[13.6836115,56.8221322],[13.683751,56.8223319],[13.683515,56.8222849],[13.6833648,56.8220559]]],[[[13.6867587,56.8161418],[13.6868231,56.8160229],[13.687102,56.815995],[13.6872576,56.8162291],[13.6871181,56.8162629],[13.6868016,56.8161939],[13.6867587,56.8161418]]],[[[13.6928812,56.8178225],[13.6931119,56.8177368],[13.6932675,56.817752],[13.6933104,56.8178166],[13.6930583,56.8178601],[13.6928812,56.8178225]]],[[[13.6848132,56.8154446],[13.6847541,56.8154055],[13.6848024,56.8153154],[13.6849419,56.8153154],[13.6849312,56.8154152],[13.6848132,56.8154446]]],[[[13.6737625,56.8143817],[13.6737678,56.8140901],[13.6739448,56.8142114],[13.6741541,56.8142663],[13.6741809,56.8143582],[13.6737625,56.8143817]]],[[[13.7230604,56.8474229],[13.7236569,56.8477304],[13.7240002,56.8478242],[13.724777,56.8483851],[13.7249272,56.8487724],[13.7241719,56.8490211],[13.7238715,56.848716],[13.7240689,56.8485846],[13.7237041,56.8482208],[13.7235324,56.8479158],[13.7230604,56.8476576],[13.7230604,56.8474229]]],[[[13.7269013,56.847951],[13.727085,56.8481889],[13.727021,56.8482812],[13.7267726,56.8481974],[13.7268221,56.8480065],[13.7266599,56.8478685],[13.7267244,56.8478164],[13.7269013,56.847951]]],[[[13.7237685,56.8435972],[13.7242363,56.8435761],[13.7247512,56.8436935],[13.7244068,56.8439235],[13.7236827,56.8439963],[13.7237685,56.8435972]]],[[[13.7325447,56.8454632],[13.7331197,56.8455711],[13.7335317,56.8457448],[13.7329738,56.8458622],[13.7326734,56.845827],[13.7323258,56.846064],[13.7325618,56.8456885],[13.7325447,56.8454632]]],[[[13.6689237,56.8439493],[13.6690632,56.8435503],[13.6694119,56.8434001],[13.6698893,56.843785],[13.6701039,56.8438496],[13.6699001,56.8439376],[13.6695353,56.8439963],[13.6692027,56.8440197],[13.6689237,56.8439493]]],[[[13.6888633,56.8168031],[13.6890296,56.816619],[13.6890189,56.8163607],[13.6892656,56.8163959],[13.689566,56.8163313],[13.6897431,56.8164802],[13.6901239,56.8164781],[13.690478,56.8165603],[13.6906121,56.8166328],[13.6905853,56.8171651],[13.6911807,56.8176428],[13.6913148,56.8179223],[13.6909447,56.818001],[13.6907998,56.8181102],[13.6903117,56.8181419],[13.6898933,56.8180715],[13.6896089,56.8178342],[13.6893675,56.8171378],[13.689153,56.8169499],[13.6888633,56.8168031]]],[[[13.6867014,56.816942],[13.686562,56.8168246],[13.6861864,56.8166836],[13.6871413,56.8164781],[13.6873452,56.8165016],[13.6875812,56.8167482],[13.6877636,56.8168011],[13.6878816,56.8169302],[13.6878494,56.8170594],[13.6875115,56.8170204],[13.6868838,56.8171182],[13.6866585,56.8170066],[13.6867014,56.816942]]],[[[13.6844212,56.8158305],[13.6845848,56.8158335],[13.6853439,56.8156353],[13.6856818,56.8156089],[13.686001,56.8156896],[13.6860899,56.8159202],[13.6860064,56.8161359],[13.6858857,56.8161961],[13.6857221,56.8161917],[13.6854243,56.8160214],[13.6852097,56.816017],[13.684971,56.8161917],[13.684507,56.8162533],[13.6843112,56.816202],[13.6842495,56.8160654],[13.6839089,56.8159583],[13.6835575,56.8157381],[13.6836487,56.8156676],[13.683933,56.8156324],[13.6840966,56.8156661],[13.6842012,56.8157571],[13.6843625,56.8157499],[13.6844212,56.8158305]]],[[[13.681852,56.8170888],[13.6817125,56.8171886],[13.6804304,56.8165506],[13.6805967,56.8163313],[13.6808971,56.816161],[13.6811332,56.8160964],[13.68116,56.8159458],[13.6806879,56.8159869],[13.6808059,56.8158049],[13.6812405,56.8157382],[13.6812619,56.8156266],[13.6815409,56.815562],[13.6814926,56.8153703],[13.6817286,56.8150415],[13.6812726,56.8148691],[13.6813585,56.8145461],[13.6819486,56.8149572],[13.682367,56.8149278],[13.6826459,56.8150629],[13.6827961,56.8152097],[13.6826245,56.8153917],[13.6825923,56.8155209],[13.6828015,56.8156522],[13.6827157,56.8157931],[13.6822972,56.8157403],[13.6820129,56.816343],[13.681852,56.8170888]]],[[[13.7288984,56.8454114],[13.730599,56.8459477],[13.7308092,56.8459811],[13.7312202,56.8458779],[13.7315013,56.84597],[13.7315925,56.8461032],[13.7313983,56.8462287],[13.7310732,56.8462528],[13.7307567,56.8464623],[13.7309112,56.8477971],[13.7306848,56.8482823],[13.7303619,56.8484354],[13.7299424,56.8484442],[13.7294782,56.8481247],[13.7290604,56.8479614],[13.727862,56.8473201],[13.7266389,56.8461572],[13.725006,56.8451826],[13.7249125,56.8450468],[13.7249159,56.8446339],[13.7246123,56.8443816],[13.7245715,56.8441528],[13.7247678,56.8439527],[13.7251165,56.8439269],[13.7253246,56.8439576],[13.7255983,56.8441921],[13.7257989,56.8442279],[13.7261637,56.8441968],[13.726757,56.8443159],[13.7276485,56.8446633],[13.7288984,56.8454114]]],[[[13.6940185,56.8314605],[13.6944047,56.8315427],[13.6947534,56.8315391],[13.6951772,56.8318479],[13.6952523,56.831977],[13.6955313,56.8320827],[13.6954347,56.8323527],[13.6957244,56.832429],[13.6958102,56.8325816],[13.6953703,56.8325405],[13.6948768,56.8322999],[13.6940721,56.8322118],[13.69404,56.8320827],[13.6941902,56.8319712],[13.6937825,56.8317012],[13.6940185,56.8314605]]],[[[13.6932353,56.8156105],[13.6932031,56.8155826],[13.6933614,56.8155811],[13.6935759,56.8156707],[13.6932353,56.8156105]]],[[[13.6482382,56.9037007],[13.6481845,56.9032789],[13.647986,56.9027985],[13.6474979,56.902614],[13.6465055,56.9019871],[13.6462802,56.9017879],[13.6472316,56.9021642],[13.6480529,56.9021803],[13.6482546,56.9022406],[13.6484563,56.9024993],[13.6487321,56.9027105],[13.6490909,56.9027366],[13.6492116,56.9028116],[13.648938,56.9035412],[13.6491662,56.9040083],[13.6489892,56.9042983],[13.6487658,56.904309],[13.6486244,56.9042075],[13.6486137,56.9040933],[13.6484229,56.903971],[13.6482382,56.9037007]]],[[[13.7758857,56.9054118],[13.776095,56.9051923],[13.7762393,56.9051897],[13.776338,56.9052596],[13.7761144,56.9054256],[13.7758857,56.9054118]]],[[[13.7645529,56.8906337],[13.7646696,56.8906844],[13.7646169,56.8908511],[13.7644115,56.8908378],[13.7643635,56.8907151],[13.7645529,56.8906337]]],[[[13.7646147,56.8931225],[13.764775,56.8930615],[13.7648447,56.8931005],[13.76482,56.893348],[13.7647329,56.8933077],[13.7646599,56.8933476],[13.7645745,56.8932489],[13.7646147,56.8931225]]],[[[13.7656253,56.8924535],[13.7658124,56.8924535],[13.7659181,56.8925046],[13.7658693,56.8925534],[13.7656863,56.8925357],[13.7655644,56.892489],[13.7656253,56.8924535]]],[[[13.7639082,56.8946141],[13.7637956,56.8944794],[13.7638546,56.8944032],[13.7639511,56.8943739],[13.7641228,56.8944618],[13.7640745,56.8946464],[13.7639082,56.8946141]]],[[[13.7635621,56.8942039],[13.7636984,56.8941992],[13.7637868,56.8943239],[13.7635621,56.8942632],[13.7635621,56.8942039]]],[[[13.771861,56.8897048],[13.7717993,56.8898508],[13.7716769,56.8898634],[13.7716368,56.8898032],[13.7716632,56.8896812],[13.771861,56.8897048]]],[[[13.710404,56.9872711],[13.7102688,56.9871672],[13.7104869,56.987184],[13.7105405,56.9872746],[13.710404,56.9872711]]],[[[13.7101811,56.988923],[13.7093818,56.9886191],[13.7095983,56.9885438],[13.7095696,56.9883911],[13.709414,56.9883005],[13.7095607,56.9882252],[13.7095607,56.9881317],[13.7092818,56.988006],[13.7094998,56.987979],[13.7096768,56.987792],[13.7098056,56.987751],[13.7100148,56.9877803],[13.7101865,56.9879147],[13.7104118,56.9882303],[13.7105352,56.9885723],[13.7104225,56.98866],[13.7101454,56.9886373],[13.7100792,56.9887447],[13.7104654,56.9889814],[13.7105459,56.989075],[13.7105191,56.989224],[13.7104297,56.9890552],[13.7101811,56.988923]]],[[[13.7096715,56.9898407],[13.709491,56.9897216],[13.709709,56.9895075],[13.7098807,56.9894929],[13.7100328,56.9896134],[13.7101937,56.9896544],[13.7102401,56.9897413],[13.7101114,56.9898728],[13.7096715,56.9898407]]],[[[13.7094301,56.9896858],[13.7093569,56.9896836],[13.709271,56.9896485],[13.7092603,56.9896222],[13.709296,56.9895981],[13.7093711,56.9896186],[13.7094301,56.9896858]]],[[[13.7091082,56.9900043],[13.7088668,56.9899751],[13.708722,56.9898816],[13.7088185,56.989867],[13.7091082,56.9900043]]],[[[13.7097892,56.9904252],[13.7096551,56.9902177],[13.7094084,56.9901271],[13.7094534,56.9900956],[13.7098289,56.9901366],[13.7100199,56.9903901],[13.7099523,56.9904697],[13.7097892,56.9904252]]],[[[13.6771269,56.9906927],[13.6767407,56.990646],[13.6763974,56.9907278],[13.676097,56.9906694],[13.6757075,56.9905297],[13.6755176,56.9903771],[13.6755391,56.9902602],[13.6756217,56.9901088],[13.6762686,56.9899914],[13.6768841,56.9899975],[13.6771277,56.9900434],[13.6773605,56.9902026],[13.6775826,56.9902777],[13.6777575,56.99029],[13.6781716,56.9905343],[13.6781196,56.9907044],[13.6778326,56.9908266],[13.6775214,56.9908555],[13.6771269,56.9906927]]],[[[13.6697644,56.9890962],[13.6689628,56.9888916],[13.6688326,56.9887431],[13.6688439,56.9885385],[13.6691377,56.9884117],[13.6696475,56.9884298],[13.6700117,56.9886508],[13.6702288,56.9888565],[13.6701367,56.988998],[13.6699699,56.9890795],[13.6697644,56.9890962]]],[[[13.6400303,56.9407076],[13.6401972,56.9406514],[13.640518,56.9406927],[13.640687,56.9408071],[13.6408142,56.9409886],[13.6407498,56.9412052],[13.6405807,56.9412926],[13.6403302,56.941304],[13.6400417,56.9411818],[13.6400303,56.9407076]]],[[[13.6406097,56.9375936],[13.6407637,56.9374689],[13.6409192,56.9374294],[13.6410383,56.9374762],[13.6410582,56.9375933],[13.6409751,56.9377052],[13.6407284,56.9376935],[13.6406097,56.9375936]]],[[[13.6361159,56.9374628],[13.6362999,56.9374022],[13.6368144,56.9374329],[13.6367886,56.9374753],[13.636351,56.9375179],[13.6362152,56.9375798],[13.6360961,56.9375459],[13.6361159,56.9374628]]],[[[13.6406855,56.9317345],[13.6408196,56.9316959],[13.6409108,56.9317696],[13.6406855,56.9317345]]],[[[13.6509258,56.867346],[13.6508667,56.8673137],[13.6507326,56.8674046],[13.6506844,56.8671935],[13.6509258,56.8670498],[13.6509365,56.8669736],[13.6512798,56.8668065],[13.65143,56.8666745],[13.6514676,56.8664165],[13.6518377,56.8666569],[13.6518434,56.8671728],[13.6519933,56.8672404],[13.6518913,56.8672961],[13.6515212,56.8672785],[13.651135,56.8674046],[13.6509258,56.867346]]],[[[13.6662952,56.8498753],[13.6667136,56.8498225],[13.667081,56.8499158],[13.667293,56.8501452],[13.6668852,56.8501394],[13.6664883,56.8500161],[13.6662952,56.8498753]]],[[[13.6050438,56.7967427],[13.6057519,56.7970834],[13.606267,56.79723],[13.6061704,56.7973916],[13.6067122,56.7978087],[13.6068785,56.7978352],[13.6068517,56.7980437],[13.607077,56.7981935],[13.6070126,56.7982817],[13.6067873,56.7983169],[13.6059183,56.7980467],[13.6054033,56.7978205],[13.6045021,56.7976237],[13.6034614,56.7969686],[13.6034882,56.7968305],[13.6034131,56.7967013],[13.6030986,56.7967086],[13.6028069,56.7966308],[13.6025816,56.7964633],[13.602528,56.7962929],[13.6022437,56.7962224],[13.6022061,56.7961284],[13.602469,56.7960667],[13.6033648,56.7964251],[13.6036891,56.7963905],[13.6044002,56.7964751],[13.6049902,56.7966219],[13.6050438,56.7967427]]],[[[13.734656,57.0267053],[13.734769,57.0261347],[13.7346532,57.0258921],[13.7344047,57.0256662],[13.7341278,57.0255303],[13.7338434,57.0254486],[13.7333339,57.0254224],[13.7330606,57.0253493],[13.7328431,57.025377],[13.7325486,57.0255203],[13.7320922,57.0253668],[13.7315798,57.0253697],[13.7314533,57.0254368],[13.7312182,57.0254458],[13.7310115,57.0253362],[13.7306146,57.0247742],[13.7296518,57.0243407],[13.729279,57.0242692],[13.7291285,57.024183],[13.7289965,57.0240045],[13.7282495,57.0236831],[13.7276051,57.0227844],[13.7270496,57.0225741],[13.726395,57.0220514],[13.7263332,57.0218628],[13.7263648,57.0214976],[13.7262206,57.0213564],[13.7257416,57.0210183],[13.7252098,57.0204979],[13.724846,57.0202657],[13.723308,57.0188801],[13.7229563,57.0186729],[13.7227687,57.0187041],[13.7227416,57.0186684],[13.7229799,57.0186055],[13.7230128,57.0184684],[13.7229512,57.0183196],[13.722734,57.0181912],[13.7227773,57.0180539],[13.7226979,57.0179394],[13.7224416,57.0178319],[13.7219158,57.0177166],[13.7215321,57.0174244],[13.7204997,57.0170608],[13.7204369,57.0166707],[13.7204966,57.016516],[13.7207063,57.0162398],[13.7210243,57.0160398],[13.7211407,57.0158897],[13.7211155,57.0157189],[13.72062,57.0152152],[13.720862,57.0148969],[13.7208649,57.0146356],[13.7205525,57.0144731],[13.7195684,57.0144071],[13.7201694,57.0143506],[13.720175,57.0141989],[13.7199795,57.013955],[13.7195939,57.0137705],[13.7194559,57.0135999],[13.7193883,57.0132124],[13.7192844,57.0130525],[13.7185313,57.012451],[13.718416,57.0122495],[13.7184604,57.0120592],[13.7187505,57.0119293],[13.7187863,57.011646],[13.7183557,57.0113629],[13.718019,57.0112564],[13.7177543,57.011101],[13.717834,57.0100545],[13.7176964,57.0098629],[13.7178255,57.0097345],[13.7173188,57.0093899],[13.716919,57.0093176],[13.7168523,57.00926],[13.717235,57.0085836],[13.7173132,57.0082569],[13.7174797,57.0082289],[13.7177994,57.0079147],[13.7176724,57.0075442],[13.7179732,57.0068873],[13.7178474,57.0067641],[13.7175384,57.0068046],[13.7176683,57.0067531],[13.7175046,57.0067298],[13.7177771,57.0066866],[13.7175429,57.0063683],[13.7177138,57.0059767],[13.7175888,57.0057106],[13.7171892,57.0053685],[13.7169622,57.0050702],[13.7154393,57.0044281],[13.7148058,57.003715],[13.7147526,57.0034518],[13.7144791,57.0030434],[13.7145048,57.0028509],[13.7143788,57.0026734],[13.7133815,57.0017641],[13.7131557,57.001308],[13.7131052,57.0005184],[13.7125591,56.9999235],[13.7125264,56.9997387],[13.7127998,56.9991983],[13.7127716,56.9989607],[13.7124232,56.9986986],[13.7121753,56.9987043],[13.7120375,56.9988032],[13.7119232,56.9987852],[13.7119232,56.9986007],[13.7118197,56.9985423],[13.7112931,56.9986255],[13.7111805,56.9986166],[13.7111116,56.9985367],[13.7112779,56.998253],[13.7111877,56.9982007],[13.7114047,56.9980816],[13.7117105,56.9980758],[13.7120967,56.9981722],[13.7124723,56.9984439],[13.7130731,56.9982131],[13.7134325,56.9979034],[13.7137329,56.9974388],[13.7140063,56.9971776],[13.7140437,56.9970499],[13.7137814,56.9968708],[13.7136969,56.996668],[13.713517,56.9964949],[13.7135178,56.9963722],[13.713657,56.9962901],[13.7146663,56.9960654],[13.7149576,56.9960633],[13.716329,56.9962933],[13.7166348,56.9962578],[13.7169582,56.9961627],[13.7172839,56.995966],[13.7174697,56.9957054],[13.7173418,56.9953577],[13.7167973,56.9947391],[13.7166071,56.9943468],[13.7166498,56.9941625],[13.7164052,56.9939031],[13.7163872,56.9937243],[13.7165669,56.9934842],[13.7170046,56.9932277],[13.716789,56.9929556],[13.7166796,56.9925199],[13.7166149,56.9915042],[13.7165226,56.9914046],[13.7162037,56.9913397],[13.7155978,56.9915849],[13.7154704,56.9915639],[13.7153929,56.9914774],[13.7155707,56.9912108],[13.715277,56.9906676],[13.7142205,56.9896302],[13.7139453,56.9891505],[13.7128,56.9881286],[13.7125559,56.9877126],[13.7123907,56.9872162],[13.7124749,56.9866572],[13.7124395,56.986495],[13.7122904,56.986356],[13.7122858,56.9862912],[13.7125731,56.9861257],[13.7126006,56.9858536],[13.7137527,56.9854623],[13.7142189,56.9852286],[13.7144719,56.9849919],[13.7149072,56.984864],[13.7153631,56.9848607],[13.7156702,56.9847972],[13.7158939,56.9846294],[13.7159328,56.984449],[13.7157942,56.9841655],[13.7155528,56.9839647],[13.7147063,56.9837025],[13.7143511,56.983388],[13.7140934,56.9830167],[13.7134663,56.9831383],[13.7134842,56.9830358],[13.713944,56.9829481],[13.7139485,56.9829116],[13.7129776,56.982137],[13.7123768,56.9814777],[13.7124285,56.9811836],[13.7121729,56.9808302],[13.7122225,56.9804282],[13.7121099,56.9801473],[13.712112,56.9800608],[13.7125078,56.9797531],[13.7127504,56.9796982],[13.7128223,56.9796327],[13.7130926,56.9789598],[13.7137425,56.9784145],[13.7139362,56.9781022],[13.7137267,56.9769153],[13.7139214,56.97652],[13.7139724,56.9762081],[13.7145089,56.9755988],[13.7146816,56.9755111],[13.7148747,56.9750839],[13.7147342,56.9745489],[13.7148527,56.9740721],[13.7150336,56.9738484],[13.7155249,56.9735581],[13.7156697,56.9732525],[13.7154734,56.9728722],[13.7141473,56.9717892],[13.7130573,56.9711485],[13.7118665,56.9707541],[13.7125318,56.9697635],[13.7106926,56.9686669],[13.7101433,56.968476],[13.7098166,56.968459],[13.7094958,56.9685865],[13.7092158,56.9686225],[13.7089251,56.968602],[13.7087936,56.9686611],[13.7087244,56.9687967],[13.7088526,56.9689848],[13.7091643,56.9690842],[13.7092051,56.9691783],[13.7091021,56.9692339],[13.7088521,56.9692321],[13.7086407,56.969171],[13.7086692,56.9690146],[13.7084637,56.9687052],[13.7084535,56.9685687],[13.7083285,56.9684859],[13.7083289,56.9684122],[13.7085088,56.9683581],[13.7085528,56.9682423],[13.7084347,56.9680865],[13.7075244,56.9673364],[13.7061962,56.9666372],[13.7052386,56.9662597],[13.7051684,56.9661579],[13.7052891,56.9660436],[13.7056479,56.9658906],[13.7057413,56.9657509],[13.7056018,56.9654251],[13.7056576,56.9652388],[13.7059285,56.9650566],[13.7059972,56.9646802],[13.7061956,56.9642421],[13.7063222,56.9642278],[13.7068372,56.9643884],[13.7073731,56.9644805],[13.7075888,56.9645785],[13.707739,56.9647969],[13.7079589,56.9649072],[13.708564,56.9650347],[13.7087641,56.9649791],[13.7088242,56.9648186],[13.7086971,56.964644],[13.7084755,56.964501],[13.7084428,56.9643781],[13.7088709,56.9642445],[13.7098542,56.9642474],[13.710852,56.9646475],[13.7115702,56.9648001],[13.7124951,56.9651171],[13.7130696,56.9654529],[13.7136779,56.9656353],[13.7137981,56.9656067],[13.7139708,56.965399],[13.7146762,56.9653999],[13.7160753,56.9652657],[13.7163119,56.9653207],[13.7169352,56.9657143],[13.7188224,56.9663158],[13.7190418,56.9663106],[13.7192156,56.9662538],[13.7197901,56.9659219],[13.719965,56.965666],[13.7203888,56.9653821],[13.7207536,56.9652698],[13.7210111,56.9652695],[13.72179,56.9654529],[13.722202,56.9654107],[13.7224235,56.9652546],[13.7222917,56.9648845],[13.7220958,56.9646431],[13.7219638,56.9641296],[13.7212509,56.9632621],[13.7209896,56.9630595],[13.7206501,56.963022],[13.7203255,56.9630735],[13.7202558,56.9630109],[13.7202681,56.9629322],[13.7204006,56.9628413],[13.7203196,56.9625436],[13.7196984,56.9615489],[13.7191233,56.9611842],[13.7173799,56.9604161],[13.7173053,56.9603243],[13.7173531,56.9602187],[13.7175784,56.9601485],[13.7177377,56.9599619],[13.7176331,56.9597124],[13.7174867,56.9595744],[13.7170001,56.9594018],[13.7167732,56.9592354],[13.7166321,56.9590608],[13.7166407,56.9589254],[13.7167673,56.9588666],[13.717035,56.9588829],[13.7172592,56.9587949],[13.7174995,56.958553],[13.7177715,56.9580903],[13.7179239,56.9575225],[13.7174596,56.9569245],[13.7159125,56.9565364],[13.714447,56.9550703],[13.7144118,56.9537889],[13.7149552,56.953611],[13.7154884,56.953506],[13.7154997,56.9534048],[13.7140192,56.952167],[13.7130362,56.9522443],[13.7117689,56.9521164],[13.7116227,56.9516661],[13.7126013,56.951429],[13.7127127,56.9508442],[13.7117314,56.950243],[13.7111877,56.9495165],[13.7101639,56.9493347],[13.7095784,56.9483647],[13.7096047,56.9479374],[13.7093832,56.9478556],[13.7093655,56.9477971],[13.7095618,56.9477333],[13.7095902,56.9475399],[13.7093982,56.9472903],[13.7092249,56.9471815],[13.7087153,56.9471985],[13.708659,56.9471602],[13.7086976,56.9471174],[13.7091724,56.9470601],[13.7091471,56.946517],[13.7090152,56.9464796],[13.7085506,56.9464802],[13.7084771,56.9466399],[13.7086466,56.9469823],[13.7085485,56.9469937],[13.7084385,56.9469442],[13.7083307,56.946649],[13.7084337,56.9464223],[13.7090248,56.94634],[13.709042,56.9461978],[13.7088982,56.9460741],[13.7085941,56.9461405],[13.7085131,56.9462198],[13.7084406,56.9460954],[13.7086611,56.9459778],[13.7083478,56.9459284],[13.7083199,56.9458801],[13.7088457,56.9458265],[13.7089508,56.9457355],[13.7084653,56.9452753],[13.7080254,56.9449944],[13.7073758,56.9447009],[13.7070132,56.9442357],[13.7060637,56.9435899],[13.7052134,56.9432519],[13.7048508,56.9429877],[13.7042017,56.9422904],[13.7038557,56.942128],[13.7034614,56.9420194],[13.7030188,56.94208],[13.7028815,56.9419887],[13.7027985,56.9418306],[13.7028268,56.9416501],[13.7024271,56.9411954],[13.7019663,56.9404714],[13.7015946,56.9402285],[13.7009374,56.9400249],[13.7002776,56.9396898],[13.6998962,56.9395405],[13.6993501,56.9394276],[13.6993565,56.9393729],[13.6996419,56.9392254],[13.6998109,56.9390653],[13.6998404,56.9389324],[13.6991881,56.938559],[13.6990781,56.9382585],[13.6991956,56.9377724],[13.6994139,56.9374434],[13.699739,56.9373076],[13.7002256,56.9373026],[13.7005496,56.9372409],[13.7008044,56.9371212],[13.7010206,56.9371048],[13.701329,56.9371797],[13.701594,56.93737],[13.7020329,56.9374654],[13.7025291,56.9378405],[13.7030569,56.9381124],[13.7032967,56.9384885],[13.7033525,56.9390398],[13.7035,56.9393831],[13.7038171,56.9398118],[13.7040767,56.9399614],[13.704538,56.9400787],[13.7052665,56.9401167],[13.7061071,56.940014],[13.7062353,56.9400137],[13.7064156,56.9401197],[13.7068995,56.9400746],[13.7070266,56.9399903],[13.7070566,56.9397837],[13.7067707,56.9394448],[13.7068441,56.9394354],[13.7074209,56.9396438],[13.7075405,56.9398077],[13.7076902,56.9398888],[13.7078801,56.9398709],[13.708071,56.9397981],[13.7080904,56.9396453],[13.7078924,56.9395786],[13.7079267,56.9395508],[13.7084873,56.9394173],[13.7085796,56.9393073],[13.7084916,56.9390808],[13.7082475,56.9388642],[13.7077975,56.9386737],[13.7078042,56.9385213],[13.7079364,56.9384197],[13.7080678,56.9383577],[13.7082486,56.9383776],[13.7084347,56.9383266],[13.7085104,56.9381648],[13.7081494,56.9374051],[13.708196,56.9368894],[13.7081241,56.9365973],[13.7075282,56.9359379],[13.7069504,56.9355864],[13.7067337,56.9353766],[13.7063002,56.9344953],[13.7060632,56.9342013],[13.7059553,56.9341254],[13.7057697,56.9341441],[13.7055862,56.9342463],[13.7055127,56.9341965],[13.7054661,56.9340847],[13.705605,56.9339217],[13.7061715,56.9337683],[13.7062369,56.9337118],[13.7062117,56.9334815],[13.7059568,56.9331353],[13.7054806,56.9327547],[13.7047907,56.9320277],[13.7046185,56.9317581],[13.7046679,56.931521],[13.7046126,56.9314385],[13.7043873,56.9313463],[13.7040831,56.9310992],[13.7040397,56.9308448],[13.7035327,56.930464],[13.7034555,56.9303095],[13.7034786,56.9301587],[13.7033439,56.930118],[13.7030505,56.9296424],[13.7027286,56.9293959],[13.7025162,56.9291357],[13.7024582,56.928859],[13.7025645,56.9287194],[13.7024923,56.9286478],[13.7022877,56.9286252],[13.7018869,56.928381],[13.7016697,56.9281524],[13.7017099,56.9280093],[13.7014878,56.9276349],[13.7011965,56.9274762],[13.7010774,56.9273055],[13.7008597,56.9273573],[13.70074,56.9272473],[13.7008065,56.9271466],[13.7011965,56.9270737],[13.7012652,56.9269777],[13.7010302,56.9267967],[13.7010823,56.9266261],[13.7010147,56.9265315],[13.7004294,56.9264332],[13.7004162,56.9263649],[13.7006689,56.9262115],[13.7008448,56.9262019],[13.701274,56.9263067],[13.7016511,56.9259454],[13.7017042,56.9257314],[13.7016001,56.9255929],[13.7012874,56.9254024],[13.7014156,56.9253119],[13.7013963,56.9252276],[13.7009242,56.9251485],[13.7008357,56.9250839],[13.7007354,56.9247539],[13.700804,56.9245961],[13.7009827,56.9244492],[13.7014242,56.9242799],[13.7015647,56.9240999],[13.7018539,56.9239049],[13.7016554,56.9237278],[13.7015577,56.9235065],[13.7012246,56.9235322],[13.7009054,56.9234441],[13.7009516,56.9233378],[13.7013673,56.9231979],[13.7014376,56.9230805],[13.7014112,56.9228974],[13.701223,56.9226413],[13.7007622,56.9224618],[13.7006662,56.9223769],[13.7007282,56.9221946],[13.7000021,56.9218763],[13.699876,56.921789],[13.6998722,56.9216959],[13.7000348,56.9216093],[13.7007075,56.9214989],[13.7009457,56.921407],[13.7009902,56.9213519],[13.7009199,56.9212641],[13.7006973,56.921197],[13.700546,56.9210896],[13.700524,56.9209435],[13.7006216,56.9208659],[13.7009542,56.9208281],[13.7011715,56.9208779],[13.7013362,56.9208533],[13.7014907,56.9207497],[13.7016033,56.9204902],[13.7015926,56.9202121],[13.7014209,56.9198912],[13.7011495,56.9197542],[13.7011179,56.9195018],[13.7008807,56.91937],[13.7005358,56.9192731],[13.7001946,56.9186939],[13.6997065,56.9184852],[13.6994881,56.9183387],[13.6994688,56.9181956],[13.6991577,56.9180407],[13.6992655,56.917935],[13.6991271,56.9176799],[13.6985386,56.9174041],[13.6984939,56.9172918],[13.6985773,56.9172167],[13.6983809,56.9170331],[13.6982865,56.9165988],[13.6979872,56.9162404],[13.6976868,56.9161069],[13.6975902,56.915995],[13.6977501,56.9156167],[13.6974073,56.9153611],[13.696954,56.9148928],[13.6968156,56.9145116],[13.6963746,56.9139616],[13.6963044,56.9137475],[13.6960437,56.9135572],[13.6957159,56.9134213],[13.6955555,56.9131601],[13.6951355,56.9127923],[13.6949397,56.9125612],[13.6948662,56.9122924],[13.6947358,56.9121292],[13.6942246,56.9117201],[13.6934655,56.9113321],[13.6929248,56.9109856],[13.6922576,56.9103471],[13.6916427,56.9099945],[13.69164,56.9097971],[13.6914388,56.9096053],[13.6903917,56.9090488],[13.6903112,56.9088377],[13.6897571,56.9082624],[13.6897174,56.9080457],[13.6893177,56.907532],[13.6889932,56.9072435],[13.6885962,56.9067479],[13.6883049,56.9065353],[13.6883087,56.9064521],[13.6884712,56.9063364],[13.6884047,56.9061477],[13.6882599,56.9059471],[13.6879804,56.9057834],[13.6877191,56.9054867],[13.687879,56.9052933],[13.6879107,56.9050994],[13.6877224,56.9049237],[13.6877454,56.9048185],[13.6879284,56.9047471],[13.6884294,56.9047365],[13.6886402,56.9047626],[13.6887974,56.9048376],[13.6890957,56.9048478],[13.6895178,56.9047977],[13.6897474,56.9047248],[13.6897855,56.9045906],[13.6894572,56.9044656],[13.6893891,56.9043847],[13.6894492,56.904257],[13.68966,56.9041228],[13.6896069,56.9040496],[13.689321,56.9039199],[13.689321,56.9037295],[13.6889953,56.9035698],[13.6890098,56.9034538],[13.6886359,56.9033984],[13.6882459,56.903409],[13.6881644,56.9033566],[13.6882068,56.9032936],[13.6889138,56.9033073],[13.689027,56.90316],[13.6888419,56.9030982],[13.6881966,56.9030736],[13.6879788,56.9032171],[13.6876167,56.9032578],[13.6878125,56.9031893],[13.6880303,56.903013],[13.6882164,56.9029582],[13.6885716,56.9029968],[13.688813,56.9028199],[13.6888017,56.9027379],[13.6887314,56.9026746],[13.6880571,56.9025906],[13.6879235,56.9025003],[13.6879037,56.9022932],[13.6875362,56.9017651],[13.6869869,56.901461],[13.6868962,56.9013497],[13.6869558,56.901125],[13.6869032,56.9009296],[13.6871865,56.9007521],[13.6871183,56.9006929],[13.6869048,56.9007292],[13.6865594,56.9006566],[13.6863963,56.9004389],[13.6863952,56.9003018],[13.6867235,56.9003314],[13.6868995,56.9004064],[13.6870309,56.9003771],[13.6870448,56.9000964],[13.6862439,56.8997212],[13.6859973,56.8994117],[13.6853454,56.8992129],[13.6850466,56.8990412],[13.6849195,56.8989088],[13.6849216,56.8988209],[13.6851378,56.8986929],[13.6848315,56.8983651],[13.6844013,56.8981588],[13.6839517,56.897848],[13.6837001,56.8973247],[13.6834931,56.8971882],[13.6833852,56.8969887],[13.6834163,56.8968768],[13.6839131,56.8967271],[13.6840338,56.8964666],[13.6841534,56.8964206],[13.6844667,56.896384],[13.6848948,56.8965015],[13.6851673,56.896386],[13.6848073,56.8958349],[13.6842312,56.8954901],[13.6839936,56.8952783],[13.6838047,56.8948569],[13.6832704,56.8945584],[13.683028,56.8942487],[13.6830875,56.8941075],[13.683418,56.894009],[13.6840767,56.8939979],[13.6848159,56.8940442],[13.6850949,56.8941192],[13.685236,56.8940078],[13.6859065,56.8937969],[13.6861619,56.8936395],[13.6862536,56.8935162],[13.6861372,56.8933035],[13.6862128,56.8932806],[13.6868657,56.8933638],[13.68726,56.8935241],[13.6874826,56.8935525],[13.6877739,56.8935502],[13.6879933,56.8934986],[13.688033,56.8933814],[13.6881521,56.8933181],[13.688343,56.8933011],[13.6885141,56.8934408],[13.6887234,56.8935068],[13.6893108,56.8935089],[13.6895629,56.8935508],[13.6897855,56.893721],[13.6898814,56.8942292],[13.6897988,56.8944135],[13.6899811,56.8946131],[13.6899044,56.8946767],[13.6900021,56.8948273],[13.6902402,56.8949362],[13.6904419,56.8949685],[13.6905675,56.8951305],[13.6908454,56.8952518],[13.6915406,56.8954173],[13.6917739,56.8954024],[13.6920797,56.8956614],[13.6925373,56.8955917],[13.6932615,56.8956447],[13.693711,56.8954909],[13.693888,56.8954918],[13.6939154,56.8956693],[13.6940463,56.8957973],[13.6942421,56.8958208],[13.6942196,56.8958764],[13.6939766,56.8959383],[13.6937234,56.896071],[13.6938226,56.8961709],[13.6940817,56.8962107],[13.6943837,56.8961929],[13.6948188,56.8958694],[13.695028,56.8958501],[13.6951824,56.8959412],[13.6953568,56.895938],[13.6956637,56.89578],[13.6959378,56.8960042],[13.6960537,56.8960092],[13.6962114,56.8961454],[13.6963686,56.8961814],[13.6965236,56.8961674],[13.6967086,56.8960558],[13.6970101,56.8960534],[13.6971394,56.8959925],[13.6971255,56.8958723],[13.6972108,56.8958035],[13.6974339,56.8957701],[13.6975616,56.8956514],[13.6975788,56.8955155],[13.6974114,56.8953409],[13.6974913,56.89518],[13.697751,56.8951563],[13.6980712,56.8952178],[13.6983964,56.8950688],[13.6985122,56.8949884],[13.6984579,56.8946579],[13.6985647,56.8944874],[13.6987407,56.894362],[13.6988866,56.8943432],[13.699356,56.8945243],[13.699981,56.8942008],[13.7001328,56.8938486],[13.6999289,56.893858],[13.699849,56.8937827],[13.7001977,56.8934587],[13.7001864,56.8931929],[13.7000137,56.8930238],[13.6995223,56.892841],[13.6994987,56.892741],[13.6992986,56.8926374],[13.6992004,56.8924953],[13.6992305,56.8923414],[13.6996339,56.8918547],[13.6995733,56.8917366],[13.6991387,56.8916546],[13.6988936,56.8915353],[13.6986447,56.8913088],[13.6986474,56.8912373],[13.6987219,56.8912136],[13.6987831,56.8912532],[13.6989075,56.8912417],[13.6989531,56.8911392],[13.698812,56.8908807],[13.6989075,56.8906044],[13.698856,56.8905232],[13.6987365,56.8904961],[13.6986393,56.8900415],[13.6984618,56.8899085],[13.6985948,56.889262],[13.6985363,56.8890818],[13.6982246,56.8888817],[13.698039,56.8888195],[13.6977059,56.8889338],[13.69759,56.8888966],[13.6977215,56.8880362],[13.6974999,56.8877382],[13.6975139,56.887332],[13.6977585,56.8873631],[13.6980642,56.8874815],[13.6989403,56.8881142],[13.6998452,56.8883984],[13.7008918,56.8885869],[13.7020538,56.8893373],[13.7024218,56.889471],[13.7034426,56.8895407],[13.7037693,56.8896248],[13.7039496,56.8896198],[13.7048234,56.8899923],[13.7056678,56.889975],[13.7064467,56.8900488],[13.706826,56.8899597],[13.7070003,56.890055],[13.7069461,56.8901315],[13.7072594,56.8901769],[13.7075823,56.8901526],[13.7077105,56.8901089],[13.7078551,56.8899271],[13.7083629,56.8898507],[13.708497,56.889781],[13.7086654,56.889769],[13.7091375,56.8898903],[13.709406,56.8899095],[13.7095393,56.8898715],[13.709536,56.889788],[13.7096519,56.8897297],[13.7098,56.8897148],[13.7099175,56.8897672],[13.7099936,56.8900134],[13.7101632,56.8900705],[13.7103906,56.8900661],[13.7108267,56.8901467],[13.7117607,56.8905408],[13.7135824,56.8916531],[13.7138244,56.8919778],[13.7136919,56.8920675],[13.7136259,56.8921864],[13.7136602,56.8923159],[13.713465,56.8925556],[13.7135621,56.8927496],[13.7134478,56.8931876],[13.7139333,56.8935208],[13.7143474,56.8936169],[13.7144188,56.8937054],[13.7147786,56.8937528],[13.7151231,56.8938985],[13.7155898,56.8937956],[13.7157218,56.8936752],[13.7156692,56.8935518],[13.715732,56.8934833],[13.7158698,56.8934352],[13.7160088,56.8934642],[13.7161804,56.8933218],[13.7160758,56.8931613],[13.7161777,56.8928908],[13.7167265,56.8926552],[13.7169926,56.8926227],[13.7171278,56.892662],[13.7172018,56.8928466],[13.717911,56.893328],[13.7181041,56.8933878],[13.7186148,56.8933731],[13.7187076,56.893483],[13.7186792,56.8937221],[13.7187789,56.893863],[13.7188165,56.8941528],[13.7180923,56.8942732],[13.7179394,56.8944018],[13.7179861,56.8944906],[13.7178032,56.8945838],[13.7177686,56.8947315],[13.7178418,56.8948586],[13.7183047,56.8950816],[13.7184152,56.8952143],[13.7189013,56.8954627],[13.7195445,56.8957068],[13.7197928,56.895594],[13.7201265,56.8956025],[13.7205267,56.8956737],[13.7208239,56.8957584],[13.721311,56.8960683],[13.7218098,56.8961187],[13.7221054,56.8960707],[13.7223039,56.8960965],[13.7224659,56.8960188],[13.7225708,56.8955989],[13.7226907,56.8955764],[13.7228382,56.8956166],[13.7231574,56.8959304],[13.7233346,56.8960054],[13.7234787,56.8960092],[13.7236166,56.8959558],[13.7236155,56.8958638],[13.7234047,56.8957086],[13.7235908,56.8955958],[13.7237566,56.8955981],[13.7241031,56.8957628],[13.7241337,56.8960018],[13.7243456,56.8961782],[13.7247435,56.8962836],[13.7251374,56.8963177],[13.7255665,56.8963033],[13.725691,56.8962614],[13.7257377,56.8961973],[13.7256213,56.8959837],[13.7256572,56.8958149],[13.725579,56.8956406],[13.725786,56.8954838],[13.7260247,56.8954463],[13.7270375,56.8955328],[13.7274586,56.8956684],[13.7275616,56.8958052],[13.7275004,56.8959429],[13.7271877,56.896054],[13.7269339,56.8962837],[13.7266786,56.8969112],[13.7266904,56.8972388],[13.7269972,56.8974623],[13.7277788,56.8975148],[13.7281366,56.8976255],[13.7283062,56.8980058],[13.7282091,56.8983207],[13.7283641,56.8985211],[13.7289483,56.8989899],[13.7292825,56.8990956],[13.7294649,56.8992541],[13.7294139,56.8995169],[13.7294638,56.8997384],[13.7293222,56.8998567],[13.7292514,56.9000755],[13.7294665,56.9001921],[13.7296328,56.9002223],[13.7301778,56.9001169],[13.7302985,56.8999739],[13.7303012,56.8998216],[13.7300646,56.8994715],[13.7301161,56.8994117],[13.7302604,56.899405],[13.7304932,56.8994354],[13.7306493,56.8995128],[13.730932,56.8999042],[13.7312764,56.90059],[13.7314755,56.9013707],[13.7313971,56.9017562],[13.731933,56.9031678],[13.7322039,56.9034514],[13.7327549,56.9036473],[13.7331611,56.9036888],[13.7334007,56.9036693],[13.7337178,56.9035472],[13.7338792,56.9035346],[13.7343288,56.9035978],[13.7346903,56.9037417],[13.7347241,56.9038181],[13.7346474,56.9038831],[13.7343529,56.9039391],[13.7342381,56.9040522],[13.7342714,56.9042165],[13.7340584,56.9044734],[13.7340772,56.904568],[13.7346308,56.9049133],[13.7351565,56.9050091],[13.7353518,56.9051567],[13.7355122,56.9053463],[13.7354504,56.9056823],[13.7359703,56.9061324],[13.7360046,56.9063046],[13.7359531,56.9065299],[13.7358078,56.9067018],[13.7358909,56.9068644],[13.7358265,56.9069634],[13.7350739,56.9071895],[13.7351973,56.9074332],[13.7355057,56.9074446],[13.7358249,56.90762],[13.7357209,56.9076801],[13.7354601,56.9076897],[13.7353352,56.9077609],[13.7354387,56.9080605],[13.7357359,56.908518],[13.736481,56.9088508],[13.7366172,56.9089811],[13.7367267,56.9093009],[13.7369777,56.9093929],[13.737001,56.9095968],[13.7372154,56.9099113],[13.736923,56.9102677],[13.7369295,56.9105073],[13.7375351,56.9110292],[13.7381901,56.9114687],[13.7384374,56.9117754],[13.7385801,56.9118659],[13.73905,56.9119842],[13.7392168,56.912113],[13.7392866,56.9123113],[13.7392265,56.9125529],[13.7391246,56.9126296],[13.7388022,56.9127113],[13.7387598,56.9128209],[13.7384905,56.9129465],[13.7384723,56.9130923],[13.7385935,56.9132364],[13.738336,56.9134142],[13.7384642,56.91384],[13.7388145,56.9140037],[13.738888,56.914146],[13.7391326,56.9143041],[13.7393409,56.9143152],[13.7397045,56.9145328],[13.7402538,56.9145987],[13.7402704,56.9146851],[13.7400231,56.9147844],[13.7399496,56.9148992],[13.7400945,56.9150418],[13.7400424,56.9151349],[13.7400886,56.9153961],[13.7404185,56.9157267],[13.7407065,56.9157235],[13.7408224,56.9159455],[13.7411829,56.9161607],[13.7415434,56.9166254],[13.7417429,56.9167343],[13.7418202,56.9170339],[13.7423534,56.9172441],[13.742494,56.9175361],[13.7427922,56.9177735],[13.74298,56.9178394],[13.743154,56.9180617],[13.7433635,56.9181536],[13.7436169,56.918162],[13.743856,56.9182985],[13.744209,56.9184031],[13.7443742,56.9185738],[13.7447315,56.9185556],[13.7448398,56.918459],[13.7448371,56.9183161],[13.7449949,56.9182388],[13.7451445,56.9184783],[13.7456863,56.9186025],[13.7466621,56.9193111],[13.7471712,56.9201069],[13.7473734,56.9209519],[13.7474936,56.9211138],[13.7480794,56.9214449],[13.7484705,56.9220158],[13.7487355,56.9221678],[13.7494978,56.9224489],[13.7495922,56.9225464],[13.7494988,56.9227542],[13.7490429,56.922982],[13.7489382,56.9232168],[13.7489978,56.9235143],[13.7491952,56.9238849],[13.7497831,56.9245565],[13.7498312,56.9247869],[13.7502965,56.9253232],[13.75034,56.9254693],[13.7501908,56.9257047],[13.7494935,56.926092],[13.7493266,56.9263145],[13.7491641,56.9268792],[13.7489484,56.9271505],[13.7489613,56.9273967],[13.7488347,56.9274957],[13.7488975,56.9276842],[13.7487671,56.9278771],[13.7487596,56.9282337],[13.749016,56.9285519],[13.7494988,56.9289541],[13.7500599,56.9292456],[13.7505481,56.9293434],[13.7507616,56.9293226],[13.7509102,56.9292538],[13.7508834,56.9289544],[13.751055,56.92882],[13.750929,56.9285281],[13.7511908,56.9282114],[13.7512916,56.9281988],[13.7513882,56.928248],[13.7514762,56.9285027],[13.7512519,56.9287328],[13.7513533,56.9289023],[13.751533,56.9289842],[13.7515765,56.9293937],[13.7514177,56.9295582],[13.750863,56.9295571],[13.750782,56.9296472],[13.7508126,56.9297722],[13.7511537,56.9299285],[13.7513099,56.9299259],[13.7514112,56.9300977],[13.7516666,56.9302994],[13.7525694,56.9307803],[13.7525812,56.9309636],[13.7521999,56.9310787],[13.7518608,56.9316465],[13.7516199,56.931849],[13.7515797,56.9320068],[13.7517127,56.9321759],[13.7525415,56.9326604],[13.7527566,56.9330236],[13.752828,56.9333107],[13.7527513,56.9334304],[13.7522465,56.9338124],[13.7518592,56.9339541],[13.7515818,56.9340018],[13.7507246,56.9339543],[13.7504585,56.9339827],[13.7501957,56.9339666],[13.749921,56.93389],[13.7489216,56.9338206],[13.7487306,56.9338408],[13.7481277,56.9342605],[13.7478686,56.9347203],[13.7479657,56.9348666],[13.7485563,56.9350829],[13.7491249,56.9350993],[13.7492639,56.9350516],[13.7493669,56.9350891],[13.7493213,56.9352539],[13.7488438,56.9353297],[13.7490638,56.9355249],[13.7492424,56.9355304],[13.7494151,56.9353455],[13.7495761,56.9353335],[13.7496834,56.9354087],[13.749715,56.9354807],[13.7494119,56.9359343],[13.7490917,56.9361251],[13.7489608,56.9363004],[13.7489946,56.9364421],[13.7491062,56.9365223],[13.7492488,56.9365044],[13.7497231,56.9362782],[13.7502,56.9361737],[13.7504581,56.9361526],[13.7506243,56.9361872],[13.7508163,56.9364187],[13.7507739,56.9365952],[13.7503587,56.9368864],[13.7503872,56.9370154],[13.7505063,56.9371123],[13.7506404,56.9371367],[13.7509606,56.9373558],[13.7510867,56.9373728],[13.7514965,56.9372144],[13.751621,56.9372217],[13.7522599,56.9374058],[13.7524058,56.9375132],[13.7524782,56.9376356],[13.7523833,56.9378112],[13.7522894,56.9379335],[13.7520931,56.937959],[13.7519434,56.9380564],[13.7519155,56.938191],[13.7521789,56.9385053],[13.7524745,56.9387026],[13.7525458,56.9389001],[13.7523974,56.9389998],[13.7523538,56.9391693],[13.7521054,56.9393309],[13.7520866,56.9396835],[13.7519048,56.9397172],[13.7514944,56.9396531],[13.751261,56.9397406],[13.7511961,56.9398357],[13.7512932,56.9400812],[13.7514418,56.9402164],[13.7515636,56.9402343],[13.7520807,56.9400821],[13.752276,56.9400833],[13.7527883,56.940203],[13.7530501,56.940102],[13.7532636,56.9402392],[13.7532657,56.9403387],[13.7528875,56.9405635],[13.7523404,56.940756],[13.7513807,56.9413881],[13.7512782,56.9416901],[13.7516591,56.9420386],[13.7516805,56.9422809],[13.7515861,56.942405],[13.7513774,56.9424992],[13.7513335,56.9425858],[13.7514558,56.9427514],[13.751194,56.9430028],[13.7509692,56.9431564],[13.7507575,56.9431229],[13.7505304,56.9431912],[13.7504757,56.943466],[13.7500084,56.9437709],[13.7499087,56.943804],[13.7496962,56.9437147],[13.7493197,56.9437387],[13.7486014,56.9438499],[13.7479941,56.9440699],[13.7477903,56.944436],[13.7478047,56.9447058],[13.7484471,56.9447254],[13.7485162,56.945083],[13.7487711,56.9453612],[13.7493812,56.9455379],[13.7498967,56.9455678],[13.7502321,56.9456888],[13.7509556,56.9458377],[13.7511977,56.9459733],[13.7516516,56.9460701],[13.7517412,56.9461983],[13.7524176,56.9463197],[13.7530624,56.9465658],[13.7532443,56.9467498],[13.7533145,56.9469315],[13.7531869,56.9471442],[13.7531697,56.9474026],[13.7528666,56.9475974],[13.7525882,56.9477004],[13.7523548,56.9480176],[13.7520872,56.9481516],[13.7516553,56.9485246],[13.7513222,56.9488971],[13.7513415,56.9490354],[13.7517422,56.9494044],[13.7517867,56.9495767],[13.7520378,56.9497668],[13.7519182,56.9499008],[13.7520303,56.9499544],[13.7523452,56.9499008],[13.7527282,56.9502162],[13.7529664,56.9503327],[13.7531575,56.9503422],[13.7533188,56.9505652],[13.7537609,56.9508136],[13.7539019,56.950957],[13.7540983,56.9510161],[13.7542437,56.9511708],[13.7542597,56.9512993],[13.7541696,56.9514166],[13.7542603,56.9515704],[13.7541598,56.9517925],[13.7545956,56.9520169],[13.7549668,56.952078],[13.7554099,56.9523606],[13.7556513,56.9524127],[13.7558299,56.9522415],[13.7559847,56.9522856],[13.7561984,56.9524247],[13.7563084,56.952785],[13.7563768,56.9527931],[13.7563057,56.9531661],[13.7560876,56.9534065],[13.7552449,56.9532766],[13.7538909,56.9532909],[13.7537466,56.9533854],[13.7537804,56.9535633],[13.7537155,56.9536624],[13.7535611,56.9537426],[13.7530819,56.9537385],[13.7522585,56.9535712],[13.7520225,56.953582],[13.7519254,56.9536417],[13.7524393,56.9540459],[13.7526152,56.9541355],[13.7528727,56.9541565],[13.7529757,56.9542071],[13.7529237,56.9543157],[13.7526458,56.9543973],[13.7525192,56.9545219],[13.7524645,56.9546632],[13.75259,56.9547878],[13.7525455,56.9548618],[13.7523974,56.9548504],[13.7521533,56.9546643],[13.7517283,56.9545522],[13.7512269,56.954471],[13.7508439,56.9545315],[13.7507103,56.9543467],[13.7499711,56.9541425],[13.7495639,56.9541077],[13.7491326,56.9542077],[13.748836,56.9544242],[13.7486209,56.954829],[13.748682,56.9551482],[13.7485967,56.9554056],[13.7483618,56.9556285],[13.7478902,56.9557209],[13.747696,56.9558397],[13.747719,56.9559959],[13.7479369,56.9563021],[13.7482908,56.9564493],[13.7484699,56.9567767],[13.7486335,56.9568612],[13.7489356,56.9568542],[13.749678,56.9572502],[13.7500047,56.9575492],[13.7501367,56.9577788],[13.7515486,56.9588943],[13.751768,56.9592389],[13.7521172,56.9594319],[13.7527051,56.9595252],[13.7540108,56.9593568],[13.7553058,56.9589192],[13.7562966,56.9585086],[13.7567129,56.9583225],[13.7568889,56.9581388],[13.7568706,56.9579373],[13.7570042,56.9575775],[13.7574274,56.9571648],[13.7577895,56.9570069],[13.7580755,56.9569826],[13.7582621,56.9570311],[13.7583582,56.9571353],[13.7583764,56.9574401],[13.7582106,56.9576416],[13.7579392,56.9578118],[13.7575712,56.9579473],[13.7570621,56.9583477],[13.7568132,56.959095],[13.7568502,56.9594407],[13.7570841,56.9598794],[13.7570047,56.9603445],[13.7566619,56.9609634],[13.7561126,56.9616355],[13.7559624,56.9619332],[13.7560853,56.9622403],[13.7563932,56.9625134],[13.7573293,56.9628603],[13.7590059,56.9632792],[13.7598044,56.9633198],[13.7604455,56.9634771],[13.7608355,56.9636891],[13.7609379,56.9639377],[13.7609278,56.9641896],[13.7607341,56.9651063],[13.7607507,56.9652011],[13.7609637,56.9653496],[13.7609905,56.9654988],[13.7602126,56.9664445],[13.7598972,56.966536],[13.7596376,56.9665372],[13.7594434,56.9663521],[13.7591328,56.9662649],[13.7589107,56.9663185],[13.7588292,56.9664153],[13.7592749,56.9667226],[13.7591929,56.9668331],[13.7590196,56.9668831],[13.758672,56.9668785],[13.7585363,56.9669527],[13.7586913,56.9671949],[13.7585647,56.9672618],[13.758268,56.9672794],[13.7580256,56.9673557],[13.7579551,56.9674897],[13.7580615,56.9676864],[13.7579381,56.9678826],[13.7572445,56.9686026],[13.7569591,56.9686836],[13.7568234,56.9688795],[13.7569248,56.9689909],[13.7569039,56.9690964],[13.7566947,56.9692935],[13.7564441,56.9694131],[13.7563733,56.9695216],[13.7565209,56.9696719],[13.7569629,56.9698769],[13.7577681,56.9701114],[13.758495,56.970174],[13.7585368,56.9702088],[13.7583625,56.9703711],[13.7583126,56.9705488],[13.7583814,56.9706935],[13.7586559,56.9708295],[13.7589858,56.9712895],[13.7587857,56.9715251],[13.7581704,56.9716696],[13.7578191,56.9716771],[13.7571716,56.9721786],[13.7563449,56.9723301],[13.7559034,56.9722359],[13.7555268,56.9722003],[13.7553924,56.972232],[13.7553578,56.972359],[13.7555247,56.9724824],[13.756001,56.972657],[13.7567751,56.9730669],[13.7571147,56.9731716],[13.7573373,56.9733566],[13.7574022,56.9734938],[13.7570759,56.9737424],[13.7569817,56.9738844],[13.7570428,56.9739966],[13.7572644,56.9740478],[13.7573738,56.9741595],[13.75748,56.9744051],[13.7572413,56.9753213],[13.7573239,56.9755076],[13.7575417,56.9756508],[13.7577442,56.9756808],[13.7580835,56.9755868],[13.758437,56.9755929],[13.7589059,56.9757213],[13.7592481,56.9756675],[13.7594228,56.9757081],[13.7596354,56.9759607],[13.7599981,56.976056],[13.7607217,56.976142],[13.7614331,56.9761043],[13.7621272,56.9759607],[13.7626695,56.9757833],[13.7629238,56.9757698],[13.7639844,56.9758616],[13.7642319,56.9759443],[13.7644178,56.9761508],[13.7647933,56.9763151],[13.7653316,56.9764591],[13.766047,56.9765197],[13.7666918,56.9764379],[13.7673007,56.9764703],[13.7678999,56.9764472],[13.7679514,56.9764864],[13.7679184,56.9765337],[13.7676563,56.976572],[13.7675748,56.9766802],[13.7676493,56.977053],[13.767872,56.9771626],[13.7678677,56.9772178],[13.767608,56.9772754],[13.7668393,56.9776461],[13.7666017,56.977873],[13.7663728,56.9782566],[13.7665115,56.9787246],[13.7663667,56.9789023],[13.7660684,56.9789918],[13.7654263,56.9790222],[13.7642413,56.9788482],[13.764016,56.9786784],[13.7634528,56.978605],[13.7629673,56.9782434],[13.7622903,56.9779668],[13.762072,56.9779888],[13.761567,56.9781654],[13.7614786,56.978251],[13.7615098,56.9783574],[13.7618032,56.9784922],[13.7622522,56.9788646],[13.7623235,56.9790736],[13.7622817,56.9795188],[13.7621717,56.9796451],[13.7619759,56.9797311],[13.7617673,56.9796822],[13.7615833,56.9795188],[13.7614352,56.979484],[13.7613097,56.9795212],[13.760873,56.9806273],[13.760711,56.9807434],[13.7596612,56.9807691],[13.7594051,56.9807081],[13.759055,56.9803788],[13.758856,56.9803397],[13.7577901,56.9804554],[13.7576061,56.9804312],[13.757428,56.9803163],[13.7573784,56.9801352],[13.7574913,56.9800246],[13.7574633,56.9799549],[13.7573051,56.9798445],[13.7570997,56.9798398],[13.7570181,56.9797901],[13.7571077,56.9795165],[13.7570321,56.9793639],[13.7567274,56.9790341],[13.7562655,56.978964],[13.7556223,56.9789467],[13.7549799,56.9791186],[13.7543587,56.9795922],[13.7539393,56.9798596],[13.7537281,56.9798844],[13.753622,56.9800066],[13.7538426,56.9801166],[13.753819,56.9802936],[13.7544613,56.9810078],[13.7546419,56.9810632],[13.7548632,56.9810437],[13.7551259,56.9811375],[13.7548251,56.9813068],[13.7549012,56.9814902],[13.7557105,56.9816736],[13.7563168,56.9819718],[13.7560835,56.9820156],[13.7561555,56.9820833],[13.7563678,56.9821355],[13.7563484,56.9821807],[13.7560496,56.9822424],[13.7558881,56.9822182],[13.7558044,56.9823109],[13.7554027,56.9830072],[13.7554486,56.9832761],[13.7559951,56.983229],[13.7566759,56.983534],[13.7573091,56.9836029],[13.7578818,56.9837894],[13.7583196,56.9840629],[13.758522,56.9840329],[13.7584792,56.9841398],[13.7586339,56.9841348],[13.758524,56.9841975],[13.7585837,56.9842271],[13.7587882,56.9841886],[13.7587328,56.984268],[13.7588295,56.9842968],[13.7591173,56.9842218],[13.758997,56.984305],[13.7590188,56.9843782],[13.759243,56.9844626],[13.7595608,56.9844604],[13.7593988,56.9845572],[13.7594863,56.9845895],[13.7596228,56.9845345],[13.7597084,56.9845763],[13.7596703,56.9846431],[13.7598258,56.9847926],[13.7598057,56.9854006],[13.7599449,56.9856085],[13.7601689,56.9857392],[13.7603255,56.9857713],[13.7605683,56.985705],[13.7606128,56.9857405],[13.7604226,56.9858687],[13.7607364,56.9862608],[13.7616892,56.986865],[13.7618721,56.986792],[13.761926,56.9868155],[13.7617664,56.9869038],[13.7621172,56.9871947],[13.7623485,56.9875748],[13.7626743,56.9876188],[13.7627816,56.9876729],[13.7627722,56.9877882],[13.7625767,56.9878323],[13.7627747,56.9882773],[13.7627768,56.9885717],[13.7626824,56.9888003],[13.7624405,56.9890279],[13.7623018,56.9893643],[13.7624815,56.9899229],[13.7624429,56.9900692],[13.7624726,56.990118],[13.7627304,56.9900772],[13.7627806,56.9901129],[13.7626218,56.990209],[13.7626202,56.9902722],[13.7628873,56.9907326],[13.7631802,56.9910441],[13.7635021,56.9910913],[13.7635664,56.9912399],[13.7639047,56.9913979],[13.764369,56.9913961],[13.764613,56.9913482],[13.7647386,56.9912645],[13.7648311,56.9910656],[13.7649462,56.9910153],[13.7653088,56.9910641],[13.7655835,56.9909886],[13.7656741,56.9909037],[13.7656527,56.9907316],[13.7652997,56.990163],[13.7653265,56.98996],[13.7655078,56.9895624],[13.7661195,56.9888836],[13.7666132,56.9885397],[13.767324,56.988178],[13.7682617,56.9875903],[13.7684491,56.9872833],[13.7684025,56.9867921],[13.7688987,56.9867974],[13.7692809,56.9865264],[13.7696382,56.9864616],[13.7698015,56.9864886],[13.7700748,56.9863669],[13.7700249,56.9861022],[13.7700984,56.9859499],[13.7706405,56.9856841],[13.7707773,56.9854836],[13.7707296,56.9850681],[13.7707816,56.9847355],[13.770434,56.984188],[13.7703892,56.9838775],[13.7712397,56.9843668],[13.7713521,56.9845391],[13.7712486,56.9848191],[13.7713229,56.9848889],[13.7715457,56.9849163],[13.7727479,56.9849098],[13.7730853,56.9848229],[13.7733133,56.9847137],[13.773614,56.9843307],[13.7738659,56.9841435],[13.7741606,56.9840824],[13.7738042,56.9843609],[13.7735408,56.9847466],[13.7735199,56.9849047],[13.7736422,56.985144],[13.7736524,56.9854479],[13.7740767,56.9862166],[13.7742481,56.9868916],[13.774343,56.9869814],[13.774552,56.9870356],[13.7745922,56.9871176],[13.7741161,56.9875618],[13.7739367,56.9880313],[13.7725105,56.9893379],[13.771667,56.9899311],[13.7713561,56.9903984],[13.7710731,56.9910127],[13.7709125,56.9916352],[13.7707237,56.9918571],[13.7702371,56.9921178],[13.7700571,56.9922995],[13.7693235,56.9934145],[13.7691197,56.9942444],[13.769062,56.9954635],[13.769061,56.9963571],[13.7692865,56.9967958],[13.7697471,56.9971489],[13.7706314,56.9975924],[13.7718094,56.9980658],[13.7728174,56.9982931],[13.77379,56.9984526],[13.7753376,56.9985116],[13.7755624,56.9985923],[13.7756938,56.9989888],[13.7760275,56.9993169],[13.776669,56.9996546],[13.7772811,56.9997537],[13.7778701,56.9997367],[13.7783358,56.9995857],[13.7788051,56.9993145],[13.7789183,56.9991787],[13.779252,56.9991302],[13.7794907,56.9991737],[13.7795492,56.999233],[13.779414,56.9994221],[13.7794622,56.9997926],[13.779311,57.0000061],[13.7793126,57.0002629],[13.7795223,57.0004518],[13.7793684,57.0006854],[13.7793565,57.0009575],[13.7795452,57.0012519],[13.7794569,57.0013384],[13.7792877,57.0013631],[13.7789283,57.0010623],[13.7786976,57.0010217],[13.7783328,57.0012754],[13.7783221,57.0013431],[13.7784777,57.0014418],[13.7787942,57.0014744],[13.7788478,57.0015178],[13.7788746,57.0020939],[13.7787727,57.0023037],[13.7788424,57.0024267],[13.7790946,57.0024876],[13.7790677,57.0025578],[13.7787083,57.0025432],[13.7786869,57.0028091],[13.7789444,57.0030457],[13.7794647,57.0033114],[13.7797437,57.0039958],[13.77969,57.0042962],[13.779741,57.0044965],[13.7799636,57.0044831],[13.779977,57.0045329],[13.7797356,57.0045637],[13.7797115,57.0047496],[13.7794862,57.0050884],[13.7795237,57.0051626],[13.7798107,57.0051584],[13.7798161,57.005189],[13.7795201,57.0052287],[13.7795157,57.0052636],[13.7798322,57.0057179],[13.7798563,57.0060314],[13.7800655,57.0064627],[13.7800628,57.0068933],[13.7801299,57.0069078],[13.7801943,57.0071758],[13.7805269,57.0071514],[13.7805108,57.0070625],[13.780595,57.0070454],[13.7807388,57.0072743],[13.7806476,57.0073029],[13.780543,57.0071995],[13.780234,57.0072614],[13.7801728,57.0073257],[13.780264,57.0075179],[13.7807253,57.0078456],[13.7810204,57.0079268],[13.7815606,57.0079162],[13.7816695,57.0080061],[13.7817685,57.0082732],[13.781883,57.0083594],[13.7821472,57.0084395],[13.7829891,57.008994],[13.7831648,57.0092749],[13.7835792,57.0095661],[13.7845287,57.0099251],[13.7859396,57.0110938],[13.7861005,57.0114532],[13.7865511,57.0120983],[13.7870715,57.0126129],[13.7878707,57.012881],[13.7886808,57.0134917],[13.7898878,57.0149345],[13.7909714,57.0157963],[13.7920765,57.0177233],[13.7923125,57.0179247],[13.7932513,57.0183541],[13.7940095,57.0189901],[13.7944368,57.019633],[13.7948552,57.0197912],[13.795434,57.0201806],[13.7955365,57.0208528],[13.7958369,57.0212364],[13.7958476,57.0216704],[13.7969581,57.0224628],[13.7971726,57.0226876],[13.7973229,57.0231901],[13.7975052,57.0244303],[13.7977037,57.0248474],[13.7987015,57.0255209],[13.7977735,57.0250116],[13.7974623,57.0247392],[13.7971887,57.0242136],[13.7969956,57.0230924],[13.7968736,57.0227749],[13.7967274,57.0225092],[13.7964753,57.0223169],[13.7948882,57.0217491],[13.7944966,57.0214192],[13.7944261,57.0211359],[13.794351,57.021117],[13.7940506,57.021239],[13.7939239,57.0215765],[13.7935195,57.0217326],[13.7923764,57.0217085],[13.7921676,57.0216484],[13.7922749,57.0214288],[13.7926183,57.0212097],[13.7928186,57.0208374],[13.7930796,57.0207022],[13.7931923,57.020337],[13.7930635,57.0198025],[13.7936992,57.0195589],[13.7937442,57.0192777],[13.7936482,57.0191252],[13.792452,57.0183455],[13.7917688,57.0180364],[13.7911055,57.0175601],[13.7909285,57.0175338],[13.7907836,57.0175655],[13.7907836,57.0177932],[13.7906763,57.0179311],[13.7904779,57.0180318],[13.7903432,57.0180444],[13.7902043,57.0179972],[13.790215,57.0177611],[13.7896786,57.0174078],[13.788198,57.0167126],[13.7878707,57.0164591],[13.7870124,57.0160735],[13.7868695,57.0159001],[13.7865994,57.0157779],[13.7858537,57.015717],[13.7856016,57.0155244],[13.7853656,57.0155009],[13.7842444,57.0158314],[13.7840191,57.0159794],[13.7839384,57.0161314],[13.7839869,57.0166199],[13.7838984,57.0169223],[13.7841014,57.0173701],[13.784062,57.0176039],[13.7836704,57.0181143],[13.7829516,57.0183192],[13.782501,57.0186319],[13.7820504,57.0188625],[13.7813385,57.0191363],[13.7806234,57.0196628],[13.7802265,57.0201122],[13.7803088,57.020329],[13.7801406,57.0204972],[13.7795183,57.0205032],[13.7792394,57.0205649],[13.7789336,57.0206956],[13.7786118,57.020921],[13.7777642,57.0211111],[13.7776623,57.0214114],[13.7773672,57.0215459],[13.7772487,57.0215192],[13.776863,57.0207195],[13.7766859,57.0205965],[13.7764494,57.0205192],[13.7763525,57.0204233],[13.7763694,57.0201968],[13.7754468,57.0197472],[13.7752107,57.0193964],[13.7752215,57.0190812],[13.7750981,57.018661],[13.7751359,57.0185056],[13.7758083,57.0181062],[13.7760047,57.0179247],[13.7760422,57.0177294],[13.7759027,57.0173936],[13.7760422,57.0169817],[13.7762353,57.0167532],[13.776584,57.0164883],[13.7766806,57.0162282],[13.7766323,57.0158425],[13.7764928,57.015656],[13.7762461,57.0155765],[13.7759027,57.0155656],[13.7747172,57.0157258],[13.7744275,57.0158108],[13.7742722,57.0159169],[13.7739984,57.0159599],[13.7731342,57.0159071],[13.7716321,57.0160702],[13.7715624,57.0161346],[13.7719915,57.0167272],[13.7719146,57.016745],[13.771726,57.0167298],[13.7714661,57.0167892],[13.7712078,57.0167625],[13.7710045,57.0166489],[13.7712319,57.0164132],[13.771203,57.016237],[13.7710844,57.0161116],[13.7708596,57.0160297],[13.7704734,57.0160327],[13.7698938,57.0161408],[13.7695295,57.0162548],[13.7691857,57.016494],[13.7689397,57.0165673],[13.7686924,57.016568],[13.7683759,57.0164065],[13.7681882,57.016367],[13.7679114,57.0163497],[13.7676933,57.0163883],[13.7676413,57.0164328],[13.7677426,57.016561],[13.7675208,57.0167739],[13.76727,57.017247],[13.7673717,57.0174428],[13.7672945,57.0180158],[13.7671359,57.0182723],[13.7668342,57.0185667],[13.7665697,57.018712],[13.7656763,57.0189583],[13.7647759,57.019058],[13.7632204,57.0194113],[13.7627108,57.019388],[13.7624836,57.0195712],[13.7626355,57.0196831],[13.7625762,57.0198843],[13.7624211,57.0199519],[13.7620835,57.0199482],[13.7619963,57.0199895],[13.7620416,57.0202332],[13.7618834,57.0203373],[13.76154,57.0203312],[13.7612681,57.0204103],[13.7609918,57.0205867],[13.7608566,57.020747],[13.7600037,57.0210206],[13.7595574,57.0210761],[13.7588364,57.0213079],[13.7574834,57.0213953],[13.7567469,57.0212215],[13.7564315,57.0212909],[13.7564631,57.0210637],[13.756391,57.0209632],[13.756219,57.0209124],[13.7555715,57.0209002],[13.7553511,57.0210184],[13.7551293,57.0210238],[13.7548806,57.020702],[13.7545976,57.0205528],[13.7535645,57.0203862],[13.7532525,57.0203648],[13.7527188,57.0204798],[13.751905,57.0205463],[13.7508294,57.0205752],[13.7508858,57.0207499],[13.7507943,57.0207578],[13.7507004,57.0205911],[13.7503914,57.0206225],[13.7501006,57.0207197],[13.7494102,57.0212152],[13.749149,57.0215541],[13.7484709,57.0218987],[13.7482615,57.0222169],[13.7483816,57.0223199],[13.7483307,57.022338],[13.7482212,57.0222698],[13.7480584,57.0224006],[13.7477194,57.0224188],[13.7471494,57.0227141],[13.7463981,57.0231695],[13.7458845,57.0237319],[13.7457756,57.0237791],[13.7455036,57.0238091],[13.7448832,57.0237056],[13.7440002,57.0236458],[13.7439461,57.0235814],[13.744218,57.0232203],[13.7440889,57.0230956],[13.7433991,57.022863],[13.7430311,57.0228422],[13.7425754,57.0229612],[13.7422935,57.0230678],[13.7422276,57.0231542],[13.7424792,57.0234811],[13.7423153,57.0236326],[13.7420626,57.023722],[13.7412207,57.0236443],[13.7408473,57.0237469],[13.7405249,57.0240449],[13.7407859,57.0248543],[13.7409004,57.0250483],[13.7411375,57.0252038],[13.7414103,57.0256362],[13.7415575,57.0261471],[13.7413676,57.0267516],[13.7410964,57.0271601],[13.7409272,57.0273035],[13.740387,57.0274867],[13.7394453,57.0276801],[13.7381568,57.0277839],[13.7377974,57.0278553],[13.7360472,57.0284977],[13.7345968,57.0287612],[13.7352866,57.0285213],[13.7354885,57.0284929],[13.7359786,57.0282167],[13.7360656,57.028114],[13.7366716,57.027872],[13.7375012,57.0277763],[13.7378899,57.0276893],[13.7386345,57.0274432],[13.7394652,57.0272987],[13.7400488,57.0270711],[13.7408752,57.0265926],[13.7411158,57.0263795],[13.7411523,57.0261796],[13.7410058,57.0259905],[13.7407566,57.0259364],[13.7404922,57.0259341],[13.7402489,57.0259964],[13.7396205,57.0262837],[13.7391776,57.0263364],[13.7388163,57.026504],[13.7383703,57.0266049],[13.7382973,57.0267958],[13.7383837,57.0269974],[13.7381396,57.0270897],[13.7376409,57.0270027],[13.7374676,57.0270501],[13.7371878,57.0270437],[13.7367128,57.0269267],[13.7360881,57.0269355],[13.735965,57.0269999],[13.7359454,57.0270932],[13.7361363,57.0272566],[13.736343,57.0272889],[13.7363377,57.0273473],[13.73597,57.0275005],[13.7357877,57.027518],[13.7355404,57.0274274],[13.735046,57.0269674],[13.7346718,57.0267823],[13.734656,57.0267053]]]]}}]}
