{"type":"FeatureCollection","pike":{"schemaVersion":1,"lakeId":"sommen","purpose":"non-interactive outside-lake focus mask","source":"https://www.openstreetmap.org/relation/254688","osmObjectType":"relation","osmObjectId":254688,"sourceVersion":46,"sourceTimestamp":"2024-08-31T16:10:46Z","outerRingCount":1,"innerRingCount":185,"vertexCount":12718},"features":[{"type":"Feature","properties":{"kind":"outside-lake-focus-mask"},"geometry":{"type":"Polygon","coordinates":[[[5,54],[30,54],[30,71],[5,71],[5,54]],[[14.9675472,58.1341578],[14.9675593,58.1344587],[14.9676172,58.134775],[14.967622,58.1349959],[14.967681,58.1353867],[14.9677782,58.1360239],[14.9678924,58.136233],[14.9679289,58.1364283],[14.9679614,58.1365246],[14.9679962,58.1367124],[14.9680155,58.1369008],[14.9680013,58.137006],[14.9680402,58.1371637],[14.9680602,58.1372052],[14.9679979,58.1372226],[14.9680047,58.1372867],[14.9680184,58.1374673],[14.9681263,58.137884],[14.9687973,58.1379183],[14.9699333,58.1379037],[14.9705694,58.1378929],[14.9708419,58.1378893],[14.9711558,58.1378851],[14.9712009,58.1378292],[14.9713314,58.1378119],[14.9713915,58.1378683],[14.9714217,58.1378764],[14.9714386,58.1378622],[14.9714048,58.1378023],[14.9714825,58.1377599],[14.9715668,58.1376269],[14.9716838,58.1375952],[14.9717284,58.1375303],[14.9716633,58.1374525],[14.9720298,58.1372813],[14.9721111,58.1373445],[14.9721373,58.1373313],[14.9720814,58.1372645],[14.9723321,58.1372253],[14.9726212,58.1372249],[14.9727385,58.1372373],[14.9728198,58.1372619],[14.9729122,58.1373148],[14.9731209,58.1373887],[14.9731699,58.1373888],[14.9732581,58.1374153],[14.9733086,58.1374368],[14.9733785,58.1374777],[14.9734771,58.1375444],[14.9735825,58.1375903],[14.9736583,58.137612],[14.9737273,58.1376244],[14.9739327,58.1376612],[14.9742943,58.1377808],[14.9743738,58.137853],[14.9744986,58.137953],[14.9743697,58.1383917],[14.974442,58.1384902],[14.9744704,58.138529],[14.9741538,58.1386725],[14.974067,58.1388104],[14.974027,58.138874],[14.974073,58.1389636],[14.9740915,58.1389995],[14.974399,58.1393081],[14.9750141,58.1394098],[14.9751117,58.1395595],[14.9752318,58.1396216],[14.975427,58.1396624],[14.9758042,58.1398075],[14.9765078,58.1398359],[14.9768439,58.1403703],[14.9771071,58.1410155],[14.9775585,58.1421968],[14.9777654,58.1428717],[14.9780663,58.1433879],[14.9786681,58.1436162],[14.9784236,58.143904],[14.9784424,58.1442415],[14.978568,58.1443285],[14.9792323,58.1442117],[14.9799124,58.144088],[14.9799874,58.1441207],[14.97997,58.1442386],[14.9800079,58.1445932],[14.9799717,58.144695],[14.9799813,58.1447463],[14.9799779,58.1450358],[14.9799974,58.1452668],[14.9800915,58.1453487],[14.9808396,58.1452301],[14.9808501,58.1456397],[14.9802082,58.1457043],[14.9801914,58.1462861],[14.9808684,58.1466037],[14.9815266,58.1468915],[14.9822225,58.1469213],[14.9829559,58.1466831],[14.9833132,58.1463655],[14.9836329,58.1458395],[14.9829935,58.1452936],[14.9828625,58.1448675],[14.9829966,58.1448393],[14.9831528,58.1449811],[14.9832322,58.1449415],[14.9835155,58.1449516],[14.983884,58.1450306],[14.9843846,58.1456401],[14.9847576,58.1459097],[14.9854115,58.1462263],[14.98617,58.1461113],[14.9868804,58.1459976],[14.9875607,58.1457259],[14.987579,58.1455811],[14.9874202,58.145516],[14.9874323,58.1454297],[14.9875258,58.1450951],[14.9873942,58.1444202],[14.9872625,58.143775],[14.9870557,58.1431993],[14.9866796,58.1422365],[14.9863222,58.1413133],[14.9859461,58.1406681],[14.9857957,58.1396853],[14.9857768,58.1390401],[14.9858145,58.1386529],[14.9860025,58.1380176],[14.9859223,58.1377492],[14.9857507,58.137404],[14.9847801,58.1380474],[14.9842916,58.1383507],[14.9836264,58.1385027],[14.9829075,58.1381966],[14.9824784,58.1377152],[14.9816207,58.1373524],[14.9812982,58.136702],[14.9809436,58.1365781],[14.9808154,58.1363735],[14.9802446,58.1360346],[14.9802575,58.1353948],[14.9797747,58.1348896],[14.9800402,58.1341753],[14.9800537,58.1335016],[14.9801824,58.1329692],[14.9807189,58.1330037],[14.9808047,58.1333147],[14.9816952,58.1331785],[14.9819027,58.1330238],[14.981634,58.1326707],[14.9817274,58.1325908],[14.9823434,58.1326271],[14.9825106,58.1324767],[14.9819419,58.1323515],[14.982178,58.1319445],[14.9811051,58.1312189],[14.9807081,58.1307654],[14.9810407,58.1300063],[14.9815772,58.1295653],[14.9813626,58.1289187],[14.9815642,58.1285257],[14.9815879,58.1280868],[14.9826549,58.1277559],[14.9831199,58.1273584],[14.9830007,58.127167],[14.9831131,58.1268357],[14.9839081,58.1263658],[14.9846964,58.1261319],[14.9850219,58.1257263],[14.9863564,58.1250183],[14.9870421,58.1251729],[14.9876878,58.1254409],[14.9881011,58.1253109],[14.9885753,58.12529],[14.9888044,58.1251694],[14.9890827,58.1251843],[14.9893214,58.1253924],[14.9893221,58.1256681],[14.9891383,58.1257901],[14.9892264,58.1259454],[14.9890595,58.1260415],[14.9890835,58.1262618],[14.989397,58.1264713],[14.9898308,58.1265264],[14.9900526,58.1267638],[14.9905825,58.1268674],[14.9909106,58.1266958],[14.9908766,58.1265176],[14.9912262,58.1262474],[14.9910938,58.1261444],[14.9912132,58.1260988],[14.9914665,58.1262992],[14.9911785,58.1264202],[14.991367,58.1266425],[14.9920781,58.1271996],[14.991766,58.1274049],[14.9906675,58.127564],[14.9904032,58.1279597],[14.989803,58.1280916],[14.989621,58.1280658],[14.9895192,58.1283503],[14.9895811,58.1285941],[14.989857,58.1287443],[14.9901227,58.1288162],[14.9901176,58.1290009],[14.9910322,58.1292649],[14.9912217,58.1291897],[14.9920716,58.1291897],[14.9922593,58.1290107],[14.992516,58.1290236],[14.9931574,58.1288098],[14.9935016,58.1288196],[14.9936737,58.1287407],[14.9934454,58.1285365],[14.9934515,58.1282736],[14.9944033,58.1283642],[14.9946436,58.1282918],[14.9952529,58.127787],[14.995516,58.1277167],[14.9957616,58.1278442],[14.9957927,58.128125],[14.9956172,58.1282545],[14.9956796,58.1283057],[14.9960368,58.1284022],[14.9962017,58.1283715],[14.9964273,58.1283445],[14.9967312,58.1282714],[14.9972735,58.1282379],[14.997524,58.1283063],[14.9976121,58.1282866],[14.9977828,58.1282727],[14.9981337,58.1280982],[14.9983208,58.1278022],[14.998357,58.1276044],[14.9982066,58.1272378],[14.9983315,58.1270444],[14.9985181,58.1269563],[14.9987685,58.126984],[14.9989386,58.1271161],[14.9991973,58.1271359],[14.999567,58.1269514],[14.9996596,58.1267928],[14.9996422,58.1261665],[14.9996046,58.1260842],[14.9998535,58.125955],[15.0000479,58.126024],[15.0001773,58.1260088],[15.0003471,58.1261305],[15.0005478,58.126137],[15.0008219,58.1262438],[15.0011355,58.1261988],[15.0014285,58.1260113],[15.00155,58.1254972],[15.0003864,58.1249696],[15.001291,58.1248814],[15.0016862,58.1247556],[15.0019655,58.1245655],[15.0021625,58.1245587],[15.0027494,58.1247605],[15.0035467,58.1247428],[15.0038482,58.1247236],[15.0041017,58.1244219],[15.0040412,58.1241484],[15.0037338,58.1240207],[15.0029475,58.1239427],[15.0025282,58.1237702],[15.0020778,58.1236929],[15.001089,58.1233641],[15.0008066,58.1231856],[15.0009458,58.1228167],[15.0014176,58.1227042],[15.0024549,58.1227701],[15.0026405,58.1227203],[15.0031828,58.1226117],[15.0038511,58.123044],[15.0039606,58.1235213],[15.0041643,58.1236907],[15.0043717,58.1240048],[15.0045496,58.1241133],[15.0042314,58.1245899],[15.0046417,58.125171],[15.0049368,58.1251995],[15.0051948,58.1256721],[15.0056542,58.1256412],[15.0061498,58.1257863],[15.0062169,58.126024],[15.006633,58.1261623],[15.0071784,58.1260134],[15.0079871,58.1257949],[15.0085575,58.1255214],[15.0084949,58.125209],[15.0085052,58.1247959],[15.0051004,58.122273],[15.0043817,58.1219177],[15.0046702,58.1211412],[15.0051395,58.1212757],[15.005618,58.1209417],[15.0052027,58.120446],[15.0050738,58.1199341],[15.0031351,58.1191307],[15.0027881,58.1182223],[15.0028954,58.1177973],[15.0035752,58.1175567],[15.0039253,58.1172198],[15.0050481,58.1173371],[15.0057063,58.117553],[15.006983,58.1174743],[15.0077662,58.1174114],[15.0077979,58.1171303],[15.0080881,58.1169016],[15.0094164,58.1168958],[15.0094292,58.1163525],[15.0106523,58.1156277],[15.0109209,58.1156442],[15.0114395,58.1150383],[15.0119505,58.11485],[15.0125352,58.1143526],[15.0128088,58.113337],[15.0127659,58.1130939],[15.0111995,58.1130477],[15.0105987,58.1127108],[15.0098291,58.1125995],[15.0090859,58.1127673],[15.0081954,58.1122518],[15.0080023,58.1120162],[15.007718,58.1115213],[15.0074605,58.1112118],[15.0082115,58.1107638],[15.0084475,58.1107356],[15.0088552,58.1105201],[15.0094829,58.1105743],[15.0103742,58.1103089],[15.0107542,58.1101206],[15.0108457,58.1097332],[15.0104163,58.1092477],[15.0105665,58.1090669],[15.0107971,58.1089816],[15.0116286,58.1090982],[15.0119666,58.1091571],[15.0125191,58.1089138],[15.0127283,58.1085049],[15.0129386,58.1078588],[15.0132433,58.1076948],[15.0133828,58.1076751],[15.0142119,58.106894],[15.0138817,58.1064475],[15.013136,58.1062467],[15.0127712,58.1058864],[15.0128225,58.1056353],[15.0125191,58.1054383],[15.012605,58.1048945],[15.0127203,58.1047644],[15.0127337,58.1044464],[15.0129888,58.1042238],[15.0129054,58.1040013],[15.0133908,58.103627],[15.0135169,58.1033581],[15.0137476,58.1031711],[15.0138066,58.1029556],[15.0140938,58.1026903],[15.0140748,58.1025443],[15.0144932,58.1017706],[15.0149224,58.1015221],[15.0151423,58.1011557],[15.0147413,58.1007275],[15.0146069,58.1004823],[15.0145844,58.0997583],[15.0146571,58.09959],[15.0146273,58.0987604],[15.0148577,58.0984754],[15.0150726,58.0982869],[15.0151713,58.0976972],[15.0152657,58.0973776],[15.0156358,58.0968776],[15.0158021,58.0967276],[15.0156458,58.0964698],[15.0159397,58.095641],[15.0160626,58.0955414],[15.0160543,58.0951598],[15.0158719,58.0950695],[15.0161455,58.0941645],[15.0161026,58.0939241],[15.0165776,58.0935965],[15.0167141,58.0934162],[15.0170574,58.0933338],[15.0172881,58.0928979],[15.0175003,58.0927143],[15.0178782,58.0919897],[15.0181625,58.091349],[15.0188169,58.0908955],[15.019112,58.0909125],[15.019804,58.0906175],[15.020673,58.0904305],[15.0209895,58.0906271],[15.021287,58.0904776],[15.0211773,58.0900028],[15.0212363,58.0895939],[15.0214294,58.0895372],[15.0220225,58.0897739],[15.022336,58.0895513],[15.0221941,58.0894758],[15.0222985,58.0892622],[15.022674,58.0890891],[15.023234,58.0889028],[15.0235022,58.088912],[15.0236371,58.0889764],[15.023985,58.0889998],[15.024205,58.0888752],[15.0237973,58.0885966],[15.0240851,58.0883694],[15.0243444,58.088291],[15.0243828,58.0880403],[15.0241682,58.0878933],[15.0238992,58.0879309],[15.0232984,58.0874823],[15.0235152,58.0872816],[15.0234754,58.0869554],[15.0239797,58.0865751],[15.0238509,58.0861497],[15.024146,58.0860649],[15.0240816,58.0857979],[15.0236586,58.08567],[15.0231214,58.0853048],[15.0232555,58.0850378],[15.0238026,58.0845958],[15.0238241,58.0843737],[15.0240475,58.0842043],[15.0243659,58.083623],[15.0242747,58.0834071],[15.0247843,58.0831236],[15.0247307,58.0829253],[15.0244946,58.0828089],[15.0240816,58.0829394],[15.024044,58.0831745],[15.0234003,58.0834954],[15.022296,58.0833839],[15.0222113,58.083336],[15.0230731,58.0826358],[15.0228961,58.0823157],[15.0232139,58.0822381],[15.0235505,58.0817853],[15.0239153,58.0813966],[15.024146,58.0811129],[15.0243444,58.0811869],[15.0245429,58.0811807],[15.0251437,58.0807074],[15.0250633,58.0806248],[15.0254388,58.0800181],[15.0253851,58.0798676],[15.0256802,58.0795954],[15.0265492,58.0793144],[15.0268067,58.0790822],[15.0271661,58.0793595],[15.0272431,58.0801975],[15.0274773,58.0804829],[15.0278313,58.0804095],[15.0290606,58.0802784],[15.0288935,58.079831],[15.0293977,58.0792779],[15.0302829,58.0789093],[15.0305586,58.0790456],[15.0309802,58.0791386],[15.0313289,58.0788553],[15.031624,58.0784155],[15.0308729,58.0778934],[15.030653,58.0776208],[15.0311358,58.07742],[15.031168,58.077221],[15.0317688,58.076864],[15.0316776,58.0764641],[15.0303794,58.0766228],[15.0302238,58.0769033],[15.0297786,58.0770453],[15.0290866,58.0769975],[15.0285931,58.0771789],[15.0281907,58.0771105],[15.0276275,58.0766656],[15.0275792,58.0760808],[15.0283839,58.0756898],[15.0286306,58.0757152],[15.0288602,58.0754725],[15.0287647,58.0751609],[15.0292529,58.0749233],[15.0296928,58.0748246],[15.0301541,58.0751025],[15.0302668,58.075326],[15.0304384,58.0754714],[15.0306584,58.0753522],[15.0309113,58.07536],[15.0310661,58.0755196],[15.0315596,58.0757577],[15.031978,58.075718],[15.032306,58.0757542],[15.0328363,58.0755846],[15.0331689,58.0755846],[15.0335712,58.0751905],[15.0338663,58.0750311],[15.0335283,58.0746345],[15.032847,58.0745462],[15.032493,58.0746202],[15.0321658,58.0745579],[15.0321443,58.0743167],[15.0319941,58.074067],[15.0312163,58.0743164],[15.0306369,58.0741693],[15.0302346,58.0736356],[15.030594,58.0735107],[15.0309425,58.0733566],[15.0313987,58.0724466],[15.0318815,58.0716388],[15.0327827,58.0708359],[15.0336788,58.0704203],[15.0339038,58.0701889],[15.0344296,58.0699875],[15.0353361,58.0694397],[15.0361891,58.0693036],[15.0370742,58.0690821],[15.0375946,58.0688641],[15.0382061,58.0688669],[15.0380881,58.0689803],[15.0389839,58.0689236],[15.0396116,58.0687162],[15.0399281,58.0686284],[15.0403626,58.0686086],[15.0408454,58.0685091],[15.0409902,58.0678114],[15.0413121,58.0675447],[15.0418539,58.0670986],[15.0423367,58.0670197],[15.043066,58.0664354],[15.0431797,58.06627],[15.0433023,58.0660742],[15.043195,58.0657713],[15.0444127,58.06597],[15.0450511,58.0661001],[15.0454373,58.0663019],[15.0458351,58.0667348],[15.046419,58.0668978],[15.0465769,58.0675839],[15.0466261,58.0679901],[15.0463823,58.0681257],[15.0466712,58.0683617],[15.046183,58.0687387],[15.0466819,58.0691051],[15.0468267,58.0694145],[15.0463662,58.0699354],[15.0466282,58.0705606],[15.0465378,58.0708516],[15.0468643,58.0709182],[15.0469831,58.0706983],[15.0472451,58.0705888],[15.0477655,58.0709948],[15.0474919,58.0713125],[15.0468535,58.0713124],[15.0464512,58.0714969],[15.0464627,58.071726],[15.0466269,58.0719546],[15.0470359,58.072115],[15.0475992,58.0720215],[15.0479406,58.0715883],[15.0480444,58.071281],[15.0487204,58.0710142],[15.0487847,58.0712014],[15.0480981,58.0714653],[15.0482322,58.0719733],[15.0482115,58.0722223],[15.0484682,58.0722822],[15.0485272,58.0726399],[15.0476046,58.0729747],[15.0475777,58.0731507],[15.0472451,58.0732075],[15.0470206,58.0730078],[15.0466765,58.0730856],[15.0465853,58.072949],[15.0461669,58.0729009],[15.0462527,58.0734147],[15.0460604,58.0738648],[15.0466068,58.0737634],[15.0466881,58.0739385],[15.0467363,58.0743388],[15.0473363,58.0748839],[15.0468053,58.0751703],[15.0463815,58.0751959],[15.045947,58.0751307],[15.0460274,58.0764612],[15.0459845,58.0766767],[15.0446759,58.0767155],[15.044284,58.0764841],[15.0438138,58.0766175],[15.043625,58.0765258],[15.0434719,58.0765671],[15.042959,58.0764753],[15.0427514,58.0767035],[15.0430027,58.076852],[15.0434067,58.0768005],[15.0437368,58.0768555],[15.0433914,58.0770248],[15.0436724,58.0771193],[15.0439514,58.0773434],[15.0435759,58.077874],[15.0424064,58.0775353],[15.041988,58.0783189],[15.0415007,58.0782731],[15.0411673,58.0783755],[15.0410675,58.0782144],[15.0412139,58.0781261],[15.0412539,58.0779124],[15.0405772,58.0778763],[15.0403044,58.0781513],[15.0400193,58.0785461],[15.0403787,58.0786281],[15.0404771,58.079035],[15.0408669,58.079167],[15.0410546,58.0794933],[15.0410439,58.0797602],[15.0408078,58.0798282],[15.0405128,58.0797913],[15.0403634,58.0792144],[15.0399173,58.0795554],[15.0394506,58.079754],[15.0392951,58.0796692],[15.0394783,58.0795011],[15.0393495,58.0793566],[15.0391985,58.0793206],[15.0382437,58.0796685],[15.0376482,58.0790565],[15.0372896,58.078985],[15.0372247,58.0790533],[15.0373102,58.0792751],[15.0371654,58.0794227],[15.0368819,58.0794728],[15.0367692,58.0797024],[15.0366826,58.0799602],[15.0358028,58.0802611],[15.0362915,58.0803998],[15.0367362,58.0804316],[15.036865,58.0805737],[15.0367362,58.0806704],[15.035953,58.0804835],[15.0353522,58.0810167],[15.0344296,58.0811472],[15.0344725,58.0815326],[15.0336571,58.0821053],[15.0332338,58.0826351],[15.0335176,58.0826731],[15.0341291,58.0825819],[15.0346817,58.0828882],[15.0348641,58.0830786],[15.0344135,58.0837759],[15.0339261,58.0840647],[15.0336699,58.0843785],[15.0340352,58.0845502],[15.0345698,58.0842492],[15.0349714,58.0841053],[15.0365592,58.0843461],[15.037531,58.0843364],[15.0378842,58.0840911],[15.0384368,58.0842431],[15.0392361,58.0846521],[15.0394077,58.084675],[15.040148,58.0841646],[15.040122,58.0838861],[15.0397454,58.0835404],[15.0397081,58.0834076],[15.0399817,58.0832428],[15.040651,58.0834988],[15.0412155,58.084008],[15.041341,58.0847648],[15.0418279,58.085579],[15.0425137,58.0858293],[15.042326,58.0859648],[15.042267,58.0862629],[15.0425245,58.0862605],[15.0432111,58.0861582],[15.0434257,58.0862345],[15.0434686,58.0865214],[15.0432755,58.0868498],[15.0426532,58.0869496],[15.0422852,58.0878545],[15.0421811,58.0882447],[15.0411941,58.0889706],[15.0410063,58.0894758],[15.0412072,58.089575],[15.0413604,58.0895838],[15.0418593,58.0896915],[15.041624,58.0905103],[15.0416769,58.0908431],[15.0415034,58.0911692],[15.0411573,58.0914065],[15.0405986,58.0912558],[15.0405557,58.0913845],[15.0410868,58.0916539],[15.040781,58.0917985],[15.0403948,58.0920252],[15.0407228,58.0920814],[15.0408829,58.0922862],[15.0407435,58.0924505],[15.0406523,58.0929184],[15.041001,58.0931183],[15.040958,58.0933977],[15.0407166,58.0937404],[15.040637,58.0939837],[15.0408937,58.0942533],[15.0408158,58.0944836],[15.0408293,58.0947041],[15.0405396,58.0949086],[15.0405596,58.0951156],[15.0403572,58.0954245],[15.0401051,58.0954898],[15.039971,58.0954249],[15.0399962,58.0952728],[15.0401539,58.0950844],[15.0399287,58.0947223],[15.039515,58.0947385],[15.0389303,58.0946394],[15.0387908,58.0943731],[15.0374068,58.0940073],[15.036688,58.0940154],[15.0363554,58.0942794],[15.0351806,58.094432],[15.0344105,58.0948135],[15.0348802,58.0950334],[15.0353678,58.0950924],[15.0356526,58.0950617],[15.0361408,58.0952687],[15.0362213,58.095436],[15.035996,58.0955921],[15.036055,58.0958842],[15.0355239,58.0961422],[15.0350518,58.096119],[15.0326958,58.0966502],[15.0330992,58.0969811],[15.0342901,58.0967804],[15.0343974,58.0970015],[15.0353093,58.0971231],[15.0355346,58.097344],[15.0352288,58.0977859],[15.0351972,58.0981678],[15.0354595,58.0983081],[15.0353951,58.0986418],[15.0358028,58.0991016],[15.0354896,58.0998948],[15.0342793,58.0995696],[15.0333889,58.0997933],[15.0333138,58.1003991],[15.0344296,58.1010409],[15.0346313,58.1013082],[15.0343866,58.1015568],[15.0335927,58.1018003],[15.0328417,58.1015726],[15.0317318,58.1022782],[15.0322301,58.1028136],[15.0322398,58.1029806],[15.0325708,58.1031345],[15.0326689,58.1033729],[15.0322731,58.1039775],[15.0318605,58.1040058],[15.0317103,58.1037981],[15.0308676,58.1037048],[15.0306606,58.1042297],[15.0312538,58.1043119],[15.0316079,58.1046062],[15.0313969,58.1051542],[15.0303822,58.1053794],[15.029902,58.1052005],[15.0286167,58.1051328],[15.0284123,58.105035],[15.0282717,58.1045752],[15.0285072,58.1043856],[15.0278099,58.1043842],[15.0276382,58.1038811],[15.027209,58.1038868],[15.0267965,58.10431],[15.0269945,58.1050262],[15.0269226,58.1051849],[15.0267586,58.1052912],[15.0258714,58.1050902],[15.0257026,58.1051191],[15.0256131,58.105551],[15.0253528,58.1056809],[15.0252022,58.1058967],[15.0253066,58.1060078],[15.0254901,58.1061167],[15.0255246,58.1063969],[15.0255529,58.1065278],[15.0253425,58.1066517],[15.0252646,58.1066507],[15.0251289,58.1066653],[15.0250427,58.1067343],[15.0249345,58.1067373],[15.0248558,58.1067722],[15.0247638,58.1068823],[15.0247674,58.1069054],[15.0246003,58.1070678],[15.0246551,58.1071607],[15.0247181,58.1071784],[15.0249002,58.1073995],[15.0252349,58.1075768],[15.0259538,58.1073497],[15.0259119,58.1079999],[15.0269623,58.1081099],[15.0269078,58.1082933],[15.0262327,58.1083808],[15.0261442,58.1082869],[15.0257844,58.1083276],[15.025813,58.108476],[15.0257245,58.1085588],[15.025699,58.1087001],[15.0258345,58.1088612],[15.0260718,58.1088853],[15.0259965,58.1090208],[15.0262396,58.1092168],[15.0266726,58.1092407],[15.0269086,58.1095666],[15.0271232,58.1099395],[15.0270025,58.1103595],[15.0271769,58.1106251],[15.0269516,58.1113219],[15.0268049,58.1116543],[15.0258202,58.1120097],[15.0251276,58.1123888],[15.0243659,58.1124058],[15.0232996,58.1134526],[15.0229148,58.1137272],[15.0229272,58.1138686],[15.0232501,58.1141846],[15.0226466,58.1145138],[15.0225527,58.1147297],[15.0234861,58.1151775],[15.024184,58.1151888],[15.0244517,58.1148139],[15.0251169,58.1146385],[15.0255793,58.1142322],[15.0260106,58.1141769],[15.0264795,58.1139692],[15.0268228,58.1136292],[15.0275095,58.1132721],[15.0280781,58.1131537],[15.0283452,58.1126949],[15.0282814,58.1120261],[15.0283356,58.111845],[15.0290115,58.1114653],[15.0293441,58.1112613],[15.0296338,58.111227],[15.0300093,58.1106375],[15.0303204,58.1103938],[15.0303848,58.1096728],[15.030565,58.1090771],[15.0311573,58.108484],[15.0334425,58.1078826],[15.0342042,58.1074807],[15.0344188,58.1071859],[15.034966,58.1070377],[15.0352977,58.1071616],[15.0362143,58.1071298],[15.0368478,58.107448],[15.0368382,58.1076451],[15.0364197,58.1081946],[15.0361301,58.1090304],[15.0357929,58.1093811],[15.0358036,58.1094694],[15.0356105,58.1098089],[15.0354702,58.1102943],[15.0353917,58.1103836],[15.0354603,58.1106447],[15.035691,58.110594],[15.0357224,58.1103993],[15.0364197,58.1100737],[15.0364627,58.1098554],[15.0369294,58.1100138],[15.0368564,58.1103972],[15.0366525,58.1105951],[15.0367362,58.1108076],[15.0374291,58.1109345],[15.0379915,58.1108071],[15.038341,58.1111386],[15.0387318,58.1110909],[15.0389518,58.1111534],[15.0386406,58.111536],[15.0380513,58.1117871],[15.0385655,58.1119016],[15.0382626,58.1121588],[15.0378958,58.1120904],[15.0378046,58.1122718],[15.0379915,58.1123888],[15.0378091,58.1130001],[15.0379379,58.1135048],[15.0376434,58.1139553],[15.0377084,58.1143852],[15.0380865,58.1146504],[15.0388713,58.1148142],[15.0386996,58.115375],[15.0392253,58.1155115],[15.0392361,58.1159482],[15.0395365,58.1166846],[15.0390039,58.1168489],[15.0389571,58.1171496],[15.0392361,58.1173414],[15.0391148,58.1177111],[15.0381152,58.1186303],[15.0382061,58.1187297],[15.0380988,58.1188705],[15.0377936,58.1188286],[15.0374122,58.1190873],[15.0377555,58.1193935],[15.0374047,58.1195434],[15.038131,58.1200673],[15.0380234,58.1203038],[15.0381846,58.1205322],[15.0388713,58.1202316],[15.0390966,58.1203398],[15.0390859,58.1205886],[15.0394614,58.1209515],[15.0392468,58.1212679],[15.0395794,58.1219824],[15.0392361,58.1223623],[15.0382597,58.1226168],[15.0383134,58.1228949],[15.038249,58.1229743],[15.0383032,58.1232757],[15.0386115,58.1233849],[15.0387914,58.1236604],[15.0393142,58.1238254],[15.0400053,58.1243604],[15.040111,58.1250332],[15.0403733,58.1253088],[15.0398171,58.1254563],[15.03928,58.1258676],[15.0390751,58.1266104],[15.0399023,58.1271866],[15.0399334,58.1277899],[15.0401266,58.1281179],[15.0398905,58.1285941],[15.0388438,58.1288488],[15.0377769,58.1289399],[15.0375918,58.1293802],[15.0375468,58.129622],[15.0380452,58.1300672],[15.0384529,58.1301298],[15.0384727,58.1303595],[15.0378781,58.130644],[15.0371476,58.1312369],[15.037464,58.1315403],[15.0377448,58.1325257],[15.0391288,58.1327466],[15.0392699,58.1330159],[15.0397368,58.1332536],[15.0398129,58.1336789],[15.0398708,58.1341068],[15.0386564,58.1346748],[15.0388607,58.134908],[15.0392015,58.1349527],[15.0397307,58.1355727],[15.0397081,58.1369492],[15.0398705,58.1377997],[15.0389308,58.1395798],[15.0376831,58.140801],[15.036232,58.141848],[15.0360603,58.1422312],[15.036291,58.1423943],[15.0362481,58.1425162],[15.0365968,58.1427199],[15.0368865,58.1427399],[15.037219,58.1425981],[15.03738,58.1426447],[15.0379931,58.1426205],[15.0384205,58.1424858],[15.0386417,58.1423041],[15.0392575,58.1421869],[15.0397038,58.1424831],[15.0403969,58.143002],[15.0404913,58.1435607],[15.040545,58.1442209],[15.040427,58.1446906],[15.0401373,58.1451207],[15.0405445,58.1455207],[15.0405793,58.145921],[15.0406343,58.1465144],[15.0403166,58.1469856],[15.0405385,58.1469823],[15.040748,58.1469791],[15.0408829,58.1469414],[15.0409441,58.1466013],[15.0411673,58.1465],[15.0413067,58.1452339],[15.0419612,58.1449001],[15.0416447,58.1441558],[15.0419942,58.1439654],[15.0422616,58.1436857],[15.0420363,58.143144],[15.0422938,58.1424655],[15.0426323,58.1422339],[15.0428517,58.1415359],[15.0428839,58.1410716],[15.044007,58.1398773],[15.0443267,58.1394707],[15.0451619,58.1392677],[15.0458295,58.139047],[15.0447859,58.1383178],[15.0443293,58.1377507],[15.0443215,58.1373007],[15.0433238,58.1370855],[15.0430555,58.1369153],[15.0431843,58.1363435],[15.043555,58.1361685],[15.0435142,58.1357094],[15.0442915,58.1358564],[15.0460274,58.1358448],[15.0467648,58.1360807],[15.0472399,58.1360043],[15.0472934,58.1358564],[15.0473106,58.1353971],[15.0477011,58.1349663],[15.0474329,58.1344685],[15.0462956,58.1344685],[15.0461025,58.1339865],[15.0459142,58.1337542],[15.0462635,58.1332224],[15.0471153,58.1335064],[15.0476539,58.1334908],[15.0484473,58.1338185],[15.049008,58.133778],[15.0494714,58.1333354],[15.0489028,58.1330462],[15.0491554,58.132923],[15.049407,58.1328938],[15.0493855,58.1325313],[15.0488196,58.1324245],[15.0486989,58.1322535],[15.0447971,58.132051],[15.0442894,58.1314944],[15.0441563,58.1309455],[15.0442142,58.130747],[15.0439568,58.1303731],[15.043512,58.130517],[15.043431,58.130719],[15.0430877,58.1311478],[15.0423083,58.1308472],[15.0427122,58.1304131],[15.0425727,58.1301052],[15.0429482,58.1301346],[15.0431178,58.1302511],[15.0433822,58.130242],[15.0439138,58.1299537],[15.0445849,58.1300466],[15.0452764,58.1296707],[15.0452764,58.1291889],[15.0450833,58.129019],[15.0449009,58.1284964],[15.0443843,58.128402],[15.043835,58.1281162],[15.0433989,58.1280052],[15.0433345,58.1276647],[15.0430346,58.1274016],[15.0433785,58.1269036],[15.0437111,58.1266419],[15.0439889,58.1264748],[15.043946,58.1262663],[15.0434632,58.1255861],[15.0436134,58.1252635],[15.0433559,58.1248952],[15.0425835,58.1247185],[15.043431,58.1244986],[15.0432009,58.1239734],[15.0419719,58.1232006],[15.0419397,58.1229782],[15.0414242,58.1229227],[15.0409205,58.1225031],[15.0410257,58.1217544],[15.040942,58.1213705],[15.0419122,58.1197348],[15.0420819,58.1189969],[15.0422353,58.118811],[15.0421114,58.1185319],[15.0425497,58.1183711],[15.0427122,58.1181409],[15.0426371,58.1178854],[15.0423149,58.1178819],[15.0419183,58.1180503],[15.0412853,58.1176477],[15.0408025,58.1167243],[15.0402768,58.1165146],[15.0396116,58.115494],[15.0398154,58.1149332],[15.0399871,58.1148541],[15.0399715,58.1146974],[15.039758,58.1144858],[15.0399764,58.1138049],[15.0404051,58.113172],[15.0410278,58.1131086],[15.0412016,58.1135053],[15.0413711,58.1139803],[15.0413904,58.114284],[15.0412053,58.1151894],[15.0415629,58.1152433],[15.0420465,58.1150223],[15.0426001,58.1144654],[15.0425727,58.1142931],[15.04268,58.114112],[15.0429161,58.1141732],[15.0429697,58.1143937],[15.0435812,58.1147411],[15.0443596,58.1147473],[15.0447936,58.1145813],[15.0448258,58.1143554],[15.0452013,58.1142248],[15.0453769,58.114032],[15.0446894,58.1132913],[15.0452308,58.1129615],[15.0466862,58.1125787],[15.0478942,58.1123367],[15.0482697,58.1123313],[15.0490744,58.1120085],[15.0491313,58.1113607],[15.0499649,58.1107271],[15.050864,58.1104479],[15.0515635,58.1103711],[15.0518269,58.1104853],[15.0522775,58.1105593],[15.052808,58.1107676],[15.0535156,58.1109597],[15.0543149,58.1110584],[15.055884,58.1114225],[15.0570062,58.1104651],[15.0563349,58.1103485],[15.0548039,58.1103884],[15.0543205,58.1101073],[15.0548352,58.1094641],[15.054616,58.108887],[15.0536234,58.1078542],[15.0528188,58.1069144],[15.0521107,58.1068838],[15.0511244,58.107766],[15.050368,58.1081837],[15.0481432,58.108433],[15.0471763,58.1078086],[15.0470205,58.1068042],[15.0474222,58.106086],[15.0478728,58.1057628],[15.0474114,58.1055018],[15.0469716,58.1055591],[15.0468594,58.1060083],[15.046521,58.10635],[15.0456881,58.1064352],[15.0452013,58.1063008],[15.044195,58.1062193],[15.0437636,58.1056483],[15.0448472,58.1052918],[15.0449438,58.1051897],[15.044976,58.1048326],[15.0445763,58.1046328],[15.0446785,58.1042326],[15.0445442,58.1036082],[15.0450618,58.1031611],[15.0444181,58.1026161],[15.0440834,58.1026061],[15.0439675,58.1024412],[15.044431,58.1023281],[15.0447614,58.1019644],[15.0445179,58.101724],[15.0440823,58.1014953],[15.044189,58.1013326],[15.044697,58.1010516],[15.0450506,58.1012257],[15.0453622,58.1010335],[15.0452871,58.1006834],[15.0448472,58.1001165],[15.0450919,58.0998764],[15.0446756,58.099158],[15.0451076,58.0990623],[15.0451584,58.0984828],[15.0453274,58.0981774],[15.0452963,58.0977746],[15.044976,58.0973834],[15.0449517,58.0972059],[15.043953,58.0962496],[15.0440426,58.0959712],[15.0444288,58.0959721],[15.04474,58.0955973],[15.0450296,58.0948715],[15.045779,58.0943396],[15.0465376,58.0946977],[15.0476797,58.0952341],[15.0484629,58.0952225],[15.0488952,58.0954614],[15.0492254,58.0960844],[15.0495787,58.0963003],[15.0495143,58.0965731],[15.0505764,58.0970151],[15.0515581,58.0970742],[15.0520731,58.0973213],[15.0525184,58.0972134],[15.0530548,58.0972097],[15.0535269,58.0968167],[15.0538917,58.0963999],[15.0538793,58.0963184],[15.0538219,58.0961476],[15.0540649,58.0960168],[15.0541867,58.0958187],[15.0540794,58.0956772],[15.0536985,58.0955355],[15.0536985,58.0953852],[15.0534142,58.0951892],[15.0531908,58.0947845],[15.0531817,58.0946067],[15.0536515,58.0942933],[15.0540365,58.0941119],[15.054015,58.0939954],[15.0543149,58.0937727],[15.0544235,58.0935472],[15.0544021,58.093147],[15.0543157,58.0930148],[15.0543785,58.0928752],[15.0542886,58.0926828],[15.0543506,58.0923223],[15.0543476,58.0921498],[15.054235,58.0920729],[15.0544504,58.0918971],[15.0546059,58.0919028],[15.054986,58.091492],[15.0544227,58.0915518],[15.0542564,58.0912456],[15.0546877,58.0910172],[15.0545086,58.0909192],[15.0549109,58.090755],[15.0550396,58.0908226],[15.0551804,58.0907562],[15.0554098,58.0904118],[15.0551853,58.0898895],[15.0546051,58.0898474],[15.0552328,58.0894621],[15.0550879,58.0892863],[15.0544871,58.0892258],[15.0545515,58.0889337],[15.0548733,58.0889004],[15.0550826,58.0891071],[15.0553937,58.08903],[15.0558494,58.0891587],[15.0562574,58.0891304],[15.0571318,58.0892122],[15.0575073,58.0887276],[15.05659,58.0887504],[15.0563539,58.0884518],[15.0562359,58.0874196],[15.0566455,58.0870644],[15.0567133,58.086666],[15.0570138,58.0864787],[15.0573624,58.0866714],[15.0573311,58.0869375],[15.0574614,58.0871162],[15.0576521,58.087253],[15.0580338,58.0871899],[15.0582315,58.0870802],[15.0581859,58.0869207],[15.0582905,58.0868045],[15.0585963,58.086842],[15.0586284,58.087032],[15.0589235,58.0871028],[15.0590372,58.0870585],[15.059122,58.0869382],[15.0592293,58.0868815],[15.0594331,58.0868927],[15.0594653,58.0870773],[15.0596906,58.087097],[15.0598311,58.0872279],[15.0597442,58.0874203],[15.0598944,58.0875498],[15.0606616,58.0877803],[15.0602831,58.0878948],[15.0599052,58.0882597],[15.0600715,58.0884979],[15.0602324,58.0885944],[15.060683,58.0886879],[15.060657,58.0894979],[15.0607581,58.0895751],[15.0604818,58.0899696],[15.0608708,58.0902075],[15.0605619,58.0904205],[15.0605811,58.0907495],[15.0612624,58.0911941],[15.0616379,58.0912368],[15.0617666,58.0911491],[15.0626142,58.0913758],[15.0628502,58.0916624],[15.0623867,58.0924678],[15.0623674,58.0927452],[15.063038,58.0929639],[15.0636656,58.0935109],[15.0639231,58.0939139],[15.063586,58.0944946],[15.0631077,58.0945201],[15.062287,58.0942685],[15.0623682,58.0945971],[15.0625337,58.09471],[15.0625337,58.0947752],[15.0621958,58.0948264],[15.0618954,58.0947382],[15.0612784,58.0947833],[15.0610532,58.0948831],[15.0609405,58.095303],[15.0617559,58.0962496],[15.06219,58.0966395],[15.0621373,58.0972206],[15.0637729,58.0978545],[15.0642772,58.0979393],[15.0643094,58.0981488],[15.0640969,58.098544],[15.0644059,58.0989868],[15.0644762,58.0994772],[15.064996,58.100269],[15.0647492,58.1008307],[15.0644542,58.1008851],[15.0645078,58.101599],[15.0663371,58.1026396],[15.0663264,58.1029055],[15.0669808,58.1030475],[15.0672284,58.103359],[15.0675661,58.1035313],[15.0680323,58.1036028],[15.068397,58.1044304],[15.0691695,58.1045951],[15.0693959,58.104823],[15.070178,58.1048043],[15.0713689,58.1045044],[15.0723871,58.1040014],[15.0726779,58.1037847],[15.0728495,58.1033304],[15.07271,58.1028941],[15.0722648,58.1027327],[15.0718997,58.1027048],[15.0713904,58.1024242],[15.0710371,58.1024838],[15.0704677,58.1022259],[15.0700654,58.101905],[15.070178,58.1016132],[15.0699742,58.1014094],[15.069545,58.1013524],[15.0692339,58.1011316],[15.069191,58.1007336],[15.0680076,58.1004252],[15.0673671,58.0999177],[15.067131,58.0991129],[15.0673885,58.0990665],[15.0681503,58.0979447],[15.0678499,58.0973151],[15.0680645,58.0968507],[15.0686545,58.0968946],[15.0704886,58.0959741],[15.07014,58.0954188],[15.0693519,58.0944496],[15.0684721,58.0941888],[15.0672281,58.0940918],[15.0665839,58.0936972],[15.0663908,58.0932948],[15.0666863,58.0928502],[15.066144,58.0925894],[15.0658329,58.0923135],[15.0660576,58.0921871],[15.0665517,58.092047],[15.0665152,58.091181],[15.0666429,58.0905731],[15.0667832,58.0905449],[15.0667019,58.0903748],[15.0658159,58.0895843],[15.0663317,58.0891043],[15.0664336,58.0889454],[15.0662942,58.0886621],[15.0660957,58.0885686],[15.0657738,58.0882851],[15.065924,58.0881772],[15.0655754,58.0879076],[15.0655469,58.0876425],[15.0653071,58.0874684],[15.0650809,58.0874805],[15.0648565,58.0875676],[15.0647684,58.0874972],[15.064576,58.0863509],[15.0646849,58.0857626],[15.0641484,58.0854549],[15.0634189,58.085177],[15.0624796,58.0855638],[15.0622339,58.0860675],[15.0623996,58.0863173],[15.0626893,58.0863681],[15.0625505,58.0866101],[15.0619764,58.0868388],[15.0624747,58.0872753],[15.0624855,58.0877347],[15.0618364,58.0878],[15.0609512,58.0875988],[15.0599481,58.0868217],[15.0598416,58.0865069],[15.0596911,58.086475],[15.0593097,58.0857131],[15.0583602,58.0857129],[15.0578077,58.0856079],[15.0579724,58.0853588],[15.0579801,58.0851258],[15.0569708,58.0850919],[15.0569226,58.0848963],[15.0573195,58.0845871],[15.0573195,58.0844592],[15.0574751,58.0843577],[15.0576038,58.0841047],[15.0577755,58.0839095],[15.0577219,58.0835914],[15.0574644,58.0835748],[15.0573142,58.0834072],[15.0576575,58.0832463],[15.0576038,58.0831182],[15.0566114,58.0829962],[15.0564341,58.0828844],[15.0566329,58.0827065],[15.0566114,58.0825195],[15.0562091,58.0822359],[15.0559194,58.0821765],[15.0558282,58.0820174],[15.0560663,58.081633],[15.0562904,58.081555],[15.0562528,58.0814615],[15.0559937,58.0815094],[15.0561876,58.0812828],[15.0564298,58.081252],[15.0567229,58.0810336],[15.056822,58.0807555],[15.0571318,58.0804007],[15.0579686,58.0803186],[15.0583495,58.0804404],[15.0588645,58.0803893],[15.0591166,58.080259],[15.0592722,58.0803128],[15.0596101,58.080188],[15.0596048,58.0797285],[15.0593312,58.0797799],[15.0591273,58.0792349],[15.0589396,58.0792152],[15.0593473,58.0787729],[15.0597872,58.078679],[15.0598926,58.0785864],[15.0602539,58.0785037],[15.0605167,58.0782742],[15.0603351,58.0779051],[15.0598247,58.0775902],[15.0601948,58.0773548],[15.0604094,58.0772867],[15.0605382,58.0770684],[15.0608708,58.0770111],[15.0612661,58.0767083],[15.0613858,58.0763787],[15.0612677,58.0760611],[15.0613267,58.0757603],[15.0622011,58.0755362],[15.062641,58.0756783],[15.0628883,58.0756969],[15.0627322,58.0747504],[15.062405,58.0740951],[15.0622226,58.0734283],[15.0622333,58.0729716],[15.0619705,58.0730283],[15.0620241,58.0728642],[15.0621845,58.0727947],[15.0623044,58.0726326],[15.0624694,58.0725242],[15.0623513,58.0722429],[15.0625337,58.0718911],[15.0628336,58.0715688],[15.0632311,58.0710512],[15.0639714,58.0702026],[15.0642557,58.06938],[15.0638373,58.0693742],[15.0635101,58.0695647],[15.0635422,58.0697801],[15.0636603,58.0697942],[15.0635369,58.0700101],[15.0631614,58.0701659],[15.0630702,58.0702595],[15.0628586,58.070258],[15.0625337,58.0697347],[15.0615413,58.0696583],[15.0614072,58.0693097],[15.0622602,58.0682343],[15.0627376,58.0680268],[15.062985,58.0674578],[15.0633491,58.0670678],[15.0636882,58.0670089],[15.063789,58.0669032],[15.064058,58.0669029],[15.0644165,58.0665507],[15.0649477,58.0662934],[15.064658,58.0656574],[15.0651677,58.0646559],[15.0656075,58.0642869],[15.0663478,58.0638415],[15.0666214,58.0635377],[15.066718,58.0632368],[15.0669173,58.0631889],[15.0669272,58.0630755],[15.067748,58.06238],[15.0681288,58.0622892],[15.0683166,58.062244],[15.0685419,58.0618662],[15.0688861,58.0615236],[15.0689851,58.0613636],[15.0689648,58.0611841],[15.0689599,58.0611394],[15.0688787,58.0610469],[15.0687106,58.0609194],[15.0685989,58.0608641],[15.068527,58.0608497],[15.0684589,58.0608264],[15.0684078,58.0608069],[15.0684151,58.0607472],[15.0683688,58.0607253],[15.068324,58.0607041],[15.0682091,58.0606733],[15.0680703,58.0606517],[15.0680182,58.0606799],[15.0676505,58.0607036],[15.0673103,58.0607749],[15.0670625,58.0608947],[15.0653056,58.0612452],[15.0650265,58.0611708],[15.0647683,58.0610015],[15.0641435,58.0608511],[15.0636047,58.0607594],[15.06321,58.0606117],[15.0630391,58.0605312],[15.062691,58.060451],[15.0625984,58.0604786],[15.0619763,58.0605899],[15.0615544,58.0605357],[15.0611559,58.0603063],[15.0611483,58.0602074],[15.0608158,58.060037],[15.0604398,58.0598555],[15.0596878,58.0595916],[15.0594535,58.0595177],[15.059308,58.0595556],[15.0591776,58.0595716],[15.0589509,58.0595057],[15.0588186,58.0594287],[15.0588451,58.0593607],[15.058435,58.0593427],[15.0584728,58.0594067],[15.0584847,58.0595339],[15.0584218,58.0596126],[15.0583028,58.0596936],[15.0581781,58.0597366],[15.058042,58.0597496],[15.0579173,58.0596666],[15.0578568,58.0595316],[15.0579249,58.0594627],[15.0579589,58.0593777],[15.0577945,58.0590998],[15.0577801,58.0588231],[15.0577,58.0586493],[15.0573438,58.0584222],[15.0571607,58.0582022],[15.0568126,58.0580026],[15.056426,58.0579248],[15.0563116,58.0580343],[15.0562054,58.0581193],[15.0560801,58.058128],[15.0559086,58.0580531],[15.0560785,58.0578956],[15.0553994,58.057922],[15.0553367,58.0580444],[15.0552523,58.0580358],[15.0553177,58.0579061],[15.0548493,58.0578571],[15.0548167,58.0579364],[15.0545062,58.0578643],[15.0545598,58.0577475],[15.0551425,58.0572389],[15.0550336,58.0571568],[15.0548539,58.0571698],[15.0541595,58.0577489],[15.0541116,58.0577336],[15.05386,58.0579391],[15.0535632,58.0581091],[15.053574,58.0582099],[15.05398,58.0582049],[15.0540656,58.0582332],[15.0540505,58.0582465],[15.0540317,58.0582615],[15.0535958,58.0582748],[15.0535577,58.0583079],[15.0536802,58.0584073],[15.0538657,58.0584899],[15.0539807,58.0585381],[15.0541567,58.0585895],[15.0541608,58.0587046],[15.0541078,58.0587343],[15.054086,58.0587919],[15.0539177,58.0588344],[15.0534987,58.0592228],[15.0528779,58.0593179],[15.0522119,58.0595574],[15.05208,58.0594735],[15.0520147,58.0593021],[15.0515023,58.0589972],[15.0512168,58.0590327],[15.0509582,58.0589491],[15.0507866,58.058867],[15.051225,58.0585933],[15.0517315,58.0583614],[15.0518077,58.0582187],[15.0515004,58.058124],[15.0503993,58.057854],[15.0501844,58.056774],[15.0503072,58.0550364],[15.0508367,58.054561],[15.0511944,58.0543214],[15.0513119,58.0536845],[15.0518532,58.0532987],[15.0518376,58.053014],[15.0525779,58.0525664],[15.0532999,58.0523544],[15.0533268,58.0515301],[15.0535494,58.0507119],[15.0534797,58.0501357],[15.0532329,58.0500931],[15.0532436,58.0499426],[15.0533509,58.0499284],[15.053587,58.0500704],[15.0538498,58.0501385],[15.054236,58.0499086],[15.0542307,58.0496389],[15.0537828,58.0496361],[15.053646,58.0496332],[15.0534432,58.0492454],[15.0538998,58.0492523],[15.0539025,58.0490749],[15.0534662,58.0491469],[15.0533805,58.048915],[15.0531152,58.0486447],[15.0529943,58.0485757],[15.0528998,58.0483773],[15.0531582,58.0477788],[15.0531157,58.0477636],[15.0529754,58.0478976],[15.0529223,58.0478854],[15.0529436,58.0478653],[15.0528933,58.0478495],[15.0529146,58.0478129],[15.052544,58.0477102],[15.0526197,58.0476133],[15.0525882,58.0475876],[15.0526583,58.047521],[15.0527304,58.047523],[15.0527585,58.0475024],[15.0527042,58.0474776],[15.0528258,58.0473622],[15.0528299,58.0473271],[15.0525715,58.0473232],[15.0525097,58.0473019],[15.0525164,58.0472116],[15.0526005,58.0472058],[15.0526152,58.0471438],[15.0525559,58.0471041],[15.051593,58.0470331],[15.0530057,58.0470547],[15.0528785,58.0467302],[15.052715,58.0465812],[15.0527359,58.0459301],[15.0526852,58.0456218],[15.0530441,58.0453166],[15.0529143,58.0443729],[15.0533874,58.0442553],[15.052851,58.042993],[15.0530455,58.0426572],[15.0534501,58.0426873],[15.0535729,58.042539],[15.0536951,58.0424482],[15.053612,58.0426158],[15.0537508,58.0427701],[15.0543698,58.0428281],[15.0545517,58.0427609],[15.0546589,58.0426428],[15.0547365,58.0425554],[15.0548427,58.0421252],[15.0549149,58.0419406],[15.0554809,58.0415811],[15.0556421,58.0414383],[15.0555653,58.0413738],[15.0555996,58.0413272],[15.0554628,58.0412911],[15.0556134,58.0412511],[15.0556404,58.0411612],[15.0556015,58.0410817],[15.0554808,58.041057],[15.0554207,58.0410014],[15.0554869,58.0409689],[15.0555691,58.0409605],[15.0555912,58.04089],[15.0555346,58.0408258],[15.0553352,58.0406417],[15.0556356,58.040222],[15.0570781,58.0393991],[15.0579997,58.0393369],[15.058607,58.0388416],[15.0589397,58.0388301],[15.0598032,58.0383644],[15.0609574,58.0379214],[15.0618417,58.0374048],[15.0623885,58.0372623],[15.0636925,58.0366014],[15.0648758,58.037244],[15.0654788,58.0374589],[15.066531,58.0373878],[15.0668199,58.0377055],[15.0667126,58.0381091],[15.0670728,58.0386458],[15.0670989,58.03889],[15.0680805,58.0390461],[15.0694115,58.038251],[15.0697703,58.0381554],[15.0705106,58.0383592],[15.0708861,58.0395292],[15.0715635,58.039533],[15.0718791,58.0391254],[15.0721902,58.0389382],[15.0734611,58.0390745],[15.0736923,58.0392001],[15.0745661,58.0389896],[15.0744954,58.0386458],[15.0751836,58.0377521],[15.076022,58.0372156],[15.0765054,58.0358222],[15.0768889,58.0354649],[15.0769326,58.0349382],[15.0768969,58.0347347],[15.0769165,58.0345924],[15.0770924,58.0345639],[15.0773075,58.0346622],[15.0777766,58.0346208],[15.0778557,58.034289],[15.0781431,58.0345872],[15.078407,58.0346648],[15.0785466,58.0349406],[15.0793524,58.0341728],[15.0795213,58.0340051],[15.0798976,58.0341293],[15.0797999,58.0343181],[15.0799562,58.0345044],[15.0803061,58.035179],[15.0813936,58.0367322],[15.0820919,58.0377416],[15.0828171,58.038026],[15.0830848,58.0388076],[15.0839109,58.0399889],[15.0848444,58.0401138],[15.0839968,58.0392452],[15.0832037,58.037832],[15.083117,58.0375295],[15.0840933,58.0369445],[15.0837393,58.0366156],[15.083198,58.0371208],[15.082763,58.0370075],[15.0821729,58.0365813],[15.0816364,58.0353431],[15.0813789,58.034248],[15.0820441,58.0339234],[15.0827308,58.0343605],[15.0835423,58.0341586],[15.0830049,58.033469],[15.0831662,58.032694],[15.0835521,58.0325775],[15.0838788,58.032713],[15.0844747,58.0327527],[15.0852365,58.0336164],[15.0854725,58.0343261],[15.0849657,58.0345567],[15.0856103,58.0348269],[15.0861533,58.0346735],[15.0861533,58.0342923],[15.0864751,58.0342472],[15.0869156,58.0346502],[15.0877374,58.0352599],[15.088299,58.0351508],[15.0877411,58.0339288],[15.088149,58.0326979],[15.0883051,58.0326057],[15.0882188,58.0325307],[15.0883708,58.0324466],[15.0885851,58.0323331],[15.0887267,58.0323697],[15.0890093,58.0323195],[15.0892071,58.0323569],[15.0896045,58.0324813],[15.0898118,58.0324831],[15.0898567,58.0323917],[15.0897967,58.0323121],[15.0898602,58.0322398],[15.0896148,58.0321063],[15.0897773,58.0319306],[15.0900468,58.0318702],[15.0901125,58.0319233],[15.0902714,58.0319123],[15.0903405,58.0320239],[15.0904615,58.0320349],[15.0903889,58.0322032],[15.0905755,58.0323276],[15.0908323,58.0322842],[15.0910731,58.0323807],[15.091551,58.032428],[15.0918127,58.0323679],[15.0918852,58.0320916],[15.0918834,58.0317876],[15.0917816,58.0314622],[15.0915608,58.031212],[15.091604,58.031139],[15.091591,58.0311026],[15.0916428,58.0310962],[15.0916842,58.031091],[15.0917359,58.0311172],[15.0918282,58.0311152],[15.0919138,58.0310294],[15.0920473,58.0309613],[15.0921614,58.0309412],[15.0922547,58.0308863],[15.0925061,58.0308846],[15.0924931,58.0309979],[15.0925726,58.0310181],[15.0926313,58.0310437],[15.0926486,58.0311059],[15.0927868,58.0311315],[15.0929126,58.0310787],[15.0929803,58.031201],[15.0931462,58.0312797],[15.09316,58.0314407],[15.0933847,58.0316145],[15.0935786,58.0317213],[15.0937371,58.0319127],[15.0939894,58.0320792],[15.0940278,58.0322542],[15.0943661,58.0321451],[15.0944663,58.0321707],[15.0945527,58.032103],[15.094881,58.0321707],[15.0950849,58.0321817],[15.0951989,58.0322512],[15.0952991,58.0322659],[15.0954788,58.0323445],[15.0956723,58.0323134],[15.0957391,58.0323308],[15.0958059,58.0323126],[15.0958165,58.0323125],[15.0959108,58.0323116],[15.096208,58.0323207],[15.0962529,58.0322933],[15.0964555,58.0323196],[15.0965881,58.0323189],[15.0969751,58.0324287],[15.0970888,58.0324273],[15.0971822,58.0323077],[15.0971427,58.0322507],[15.0971658,58.0321907],[15.0972003,58.0321012],[15.0973254,58.0320959],[15.0974167,58.0321509],[15.0975384,58.0321506],[15.0976282,58.0321616],[15.0975902,58.0322219],[15.0981017,58.0323244],[15.09815,58.0323903],[15.0983608,58.0323921],[15.0984438,58.0323317],[15.098817,58.0322549],[15.0988827,58.0322896],[15.0990589,58.0323317],[15.0992939,58.0323061],[15.0994287,58.0322165],[15.0995804,58.0322143],[15.0997155,58.0323683],[15.0996671,58.0324653],[15.0995323,58.0325238],[15.0995375,58.0326377],[15.0996383,58.0326317],[15.0997431,58.0326958],[15.0999781,58.0327159],[15.1002891,58.0327873],[15.1006312,58.0326464],[15.1008386,58.0323701],[15.1011012,58.0321341],[15.1012671,58.0320975],[15.1015519,58.0318133],[15.1015366,58.0316859],[15.1016783,58.0315852],[15.1018442,58.0315615],[15.1020273,58.0316346],[15.1022208,58.0316237],[15.1024213,58.0317627],[15.1026047,58.0319178],[15.1025077,58.0321268],[15.1025871,58.0325037],[15.1025111,58.0326025],[15.1026493,58.0326446],[15.1027046,58.0327818],[15.1028122,58.0328217],[15.1029327,58.0326903],[15.1031159,58.0326501],[15.1031884,58.0327598],[15.1034234,58.0327873],[15.1036189,58.0327775],[15.1036746,58.0329286],[15.1038693,58.0329749],[15.1039487,58.0330965],[15.1040351,58.0330471],[15.1043128,58.0329951],[15.1045638,58.0329373],[15.1046986,58.0329574],[15.1048783,58.0329208],[15.1049405,58.0327745],[15.1052549,58.0326812],[15.1052204,58.032586],[15.1054127,58.0324861],[15.1057456,58.032425],[15.1060186,58.0324012],[15.1060117,58.0322732],[15.1056973,58.032286],[15.1055003,58.0321945],[15.105483,58.0319823],[15.1053068,58.0319201],[15.1052826,58.031642],[15.1051029,58.0315432],[15.1049138,58.0313359],[15.1047812,58.0312453],[15.1046396,58.0309764],[15.1050062,58.0308602],[15.105348,58.0306763],[15.1054689,58.0307641],[15.1056382,58.0307404],[15.1059447,58.0308569],[15.1060564,58.0310788],[15.1062914,58.0311959],[15.1064469,58.0313661],[15.1067164,58.0314027],[15.1064883,58.0314484],[15.1065678,58.0315673],[15.1067648,58.0315728],[15.1070133,58.0317507],[15.1071207,58.0319589],[15.1074179,58.0320248],[15.1077669,58.0319552],[15.1080952,58.0320284],[15.1087897,58.0318745],[15.1089799,58.0318894],[15.1090144,58.0319662],[15.1091725,58.0319677],[15.1092018,58.0321384],[15.1093436,58.0321152],[15.1096124,58.0323894],[15.1099141,58.0324616],[15.1101206,58.0324489],[15.1104383,58.0322963],[15.1105467,58.0320554],[15.110668,58.0319082],[15.1109319,58.0317969],[15.1113912,58.031947],[15.1117969,58.0323325],[15.112252,58.0325919],[15.1126374,58.0325291],[15.1128476,58.0325628],[15.1130107,58.0325633],[15.1130852,58.0325862],[15.1133119,58.032687],[15.1132874,58.0328603],[15.1134571,58.0329349],[15.1138788,58.0329069],[15.1142346,58.03284],[15.1145239,58.0323868],[15.1148154,58.0321246],[15.1147487,58.0320272],[15.1149295,58.0319004],[15.1148122,58.031784],[15.1150712,58.0316209],[15.1154035,58.0317865],[15.1155927,58.0319523],[15.1157701,58.0319625],[15.1159949,58.0319987],[15.1161952,58.0319185],[15.1162294,58.0317938],[15.116684,58.0316628],[15.116596,58.0311681],[15.1166013,58.03096],[15.1166644,58.0308111],[15.117114,58.0307101],[15.1172753,58.0307878],[15.1175587,58.0311992],[15.1177835,58.0312095],[15.1180907,58.0314407],[15.1184873,58.031445],[15.1186046,58.0315433],[15.1188685,58.0315407],[15.1189076,58.0316028],[15.1190737,58.0316261],[15.1197098,58.0317871],[15.1197286,58.031947],[15.119494,58.0318642],[15.1191079,58.0319444],[15.1189858,58.0320582],[15.1187952,58.0321488],[15.118485,58.0319721],[15.1182331,58.0318124],[15.1178813,58.0320065],[15.1177244,58.0320449],[15.1174317,58.0319664],[15.1169387,58.0317317],[15.1167315,58.0318747],[15.1169425,58.0322017],[15.1171439,58.0323404],[15.1176088,58.0326279],[15.1176919,58.0328081],[15.1177799,58.0329371],[15.1179314,58.0329888],[15.1180902,58.0329461],[15.1182984,58.0330373],[15.1182808,58.0334209],[15.1183395,58.0335503],[15.1184525,58.0336005],[15.1187524,58.0337172],[15.1188697,58.0337042],[15.1189259,58.0337508],[15.119031,58.0337249],[15.1191385,58.0337404],[15.1191654,58.0337922],[15.1193144,58.0338155],[15.1193997,58.0337383],[15.1194146,58.0337249],[15.1195026,58.033765],[15.119599,58.0337481],[15.1195612,58.0339047],[15.1198422,58.033928],[15.119725,58.0340095],[15.1198318,58.03409],[15.1199031,58.0341017],[15.119929,58.0341059],[15.1200402,58.0341241],[15.120075,58.0341298],[15.1202518,58.0342509],[15.12059,58.0343498],[15.1210298,58.0344144],[15.1211569,58.0343899],[15.1213499,58.0344093],[15.121626,58.0344106],[15.1218142,58.0344662],[15.1218799,58.0345719],[15.1220512,58.034514],[15.1224397,58.0345166],[15.1226792,58.034558],[15.122926,58.0346408],[15.1229406,58.0347779],[15.1231532,58.034972],[15.1232827,58.0349422],[15.1233463,58.0350548],[15.1235874,58.0350717],[15.1234758,58.0351712],[15.1231752,58.0352346],[15.1232094,58.035536],[15.1231239,58.035796],[15.1229871,58.0358342],[15.1228942,58.0359693],[15.1226994,58.0360218],[15.1230066,58.0362785],[15.1231264,58.0363561],[15.1235051,58.0365191],[15.1236772,58.036478],[15.1239865,58.0365243],[15.1241069,58.0364363],[15.1242211,58.0362397],[15.1243921,58.0361776],[15.124397,58.0360159],[15.124788,58.0360418],[15.1250298,58.0359987],[15.1252107,58.0359124],[15.1252522,58.0357404],[15.1254844,58.0356472],[15.1254378,58.0354916],[15.1260488,58.0354532],[15.1264178,58.0356046],[15.1267807,58.0355977],[15.1270531,58.035655],[15.12719,58.0355916],[15.1274468,58.0355344],[15.1276567,58.0353821],[15.1279303,58.0352863],[15.1281332,58.0353174],[15.1282724,58.0352191],[15.1282456,58.0351272],[15.1283091,58.0349358],[15.1282616,58.034734],[15.1284166,58.0345787],[15.1287196,58.0344222],[15.1290348,58.0343614],[15.1293145,58.0342077],[15.1295162,58.0340522],[15.1297483,58.0340393],[15.1301515,58.0338414],[15.1302509,58.0337181],[15.1302053,58.0336279],[15.1300122,58.0336046],[15.1298901,58.0335257],[15.1299658,58.0333304],[15.1301149,58.0332126],[15.1303812,58.0331428],[15.1304692,58.033016],[15.1304105,58.0329461],[15.1302786,58.0328426],[15.1301075,58.0327585],[15.1298045,58.0327792],[15.1298803,58.03269],[15.1301246,58.0326266],[15.1300904,58.0326745],[15.1301906,58.0327262],[15.1303641,58.0327378],[15.1303959,58.0328569],[15.1305523,58.032928],[15.1306827,58.0328759],[15.1307111,58.0328258],[15.1310092,58.0327301],[15.1311436,58.0327184],[15.1311607,58.0327469],[15.1312853,58.0327573],[15.1313708,58.032712],[15.1314222,58.0328245],[15.1316347,58.0328582],[15.1318596,58.0328607],[15.1319451,58.0328116],[15.1321137,58.0327857],[15.1321898,58.0327116],[15.1323629,58.0327495],[15.1325266,58.0328051],[15.1327905,58.0327948],[15.1330056,58.0327482],[15.1333135,58.0326344],[15.1333991,58.0325085],[15.1332988,58.0322359],[15.1334063,58.0321272],[15.1334484,58.0319868],[15.1336262,58.0319526],[15.1338413,58.0319293],[15.133983,58.031818],[15.1339463,58.0316498],[15.1339879,58.0312203],[15.1337875,58.0311065],[15.1335682,58.031167],[15.1333403,58.0311763],[15.1328284,58.0310319],[15.1327172,58.0310806],[15.1327026,58.0309965],[15.1324631,58.0309357],[15.1323714,58.0307477],[15.1325682,58.0305476],[15.1327637,58.0304376],[15.1333819,58.0304259],[15.1337777,58.0306317],[15.1339317,58.0306278],[15.1339268,58.0307093],[15.1340131,58.0307518],[15.1342347,58.030695],[15.1342249,58.0306498],[15.1348749,58.030576],[15.1350752,58.0305075],[15.1351412,58.0305437],[15.1353709,58.0305049],[15.1356446,58.0303082],[15.1359298,58.0302713],[15.1359525,58.0304428],[15.1358718,58.0306317],[15.135906,58.0307856],[15.136016,58.0308244],[15.1361162,58.0309447],[15.1364705,58.0310987],[15.1366913,58.0312405],[15.1366733,58.0312992],[15.1367784,58.031448],[15.1367075,58.0315334],[15.1368224,58.0316472],[15.1367271,58.0317495],[15.1369323,58.0319228],[15.1371523,58.031862],[15.1370912,58.0320082],[15.1373696,58.0323952],[15.1376801,58.0323252],[15.1379977,58.0321971],[15.1382909,58.0321867],[15.1384446,58.0322502],[15.1386013,58.0325735],[15.1388096,58.0330451],[15.1392195,58.0332773],[15.1396878,58.0336039],[15.1397106,58.0333743],[15.1397668,58.0330923],[15.1394418,58.0330005],[15.1394125,58.0328168],[15.1390729,58.0326693],[15.1392842,58.0322824],[15.1395274,58.0319422],[15.1394125,58.031774],[15.1394027,58.0315127],[15.1392195,58.0312954],[15.1389983,58.0310964],[15.1394125,58.0308529],[15.1396935,58.0306291],[15.1397742,58.03036],[15.1399525,58.030184],[15.1399993,58.0297968],[15.1401529,58.0297661],[15.1402775,58.0296212],[15.1405023,58.0294517],[15.1407931,58.0293676],[15.1408933,58.0292887],[15.1408298,58.0292564],[15.1410602,58.0290007],[15.1413674,58.0290196],[15.1414529,58.0289471],[15.1416606,58.0289394],[15.1418316,58.0288579],[15.1418976,58.0288721],[15.1420094,58.0288228],[15.1420809,58.028612],[15.1420931,58.0283998],[15.1419605,58.0282825],[15.142054,58.0280518],[15.1424523,58.0279237],[15.142668,58.0277198],[15.1428848,58.0276274],[15.1430705,58.0276028],[15.143384,58.027406],[15.1436912,58.0273609],[15.1437742,58.0272793],[15.1440797,58.0273207],[15.1446148,58.0272832],[15.1448079,58.0272263],[15.1453202,58.0271835],[15.1454505,58.0272276],[15.1456484,58.0272302],[15.145817,58.0272017],[15.145927,58.0272703],[15.1461127,58.0272328],[15.1462373,58.0272638],[15.1464035,58.0272561],[15.1464499,58.0272923],[15.1467871,58.0272819],[15.1470266,58.0273466],[15.1472237,58.027309],[15.1474029,58.0273065],[15.1475568,58.0272522],[15.1474097,58.0271246],[15.1471659,58.0269287],[15.1468458,58.0266958],[15.14622,58.0265816],[15.1449178,58.0264228],[15.1440067,58.0262004],[15.1436521,58.0260605],[15.1434444,58.0259518],[15.1430265,58.0258457],[15.1425134,58.0257642],[15.1421558,58.0255703],[15.1419465,58.0254653],[15.1417314,58.0252673],[15.1416386,58.0251224],[15.1414504,58.0249813],[15.141448,58.0248869],[15.1413066,58.0247769],[15.1412989,58.0246604],[15.1411645,58.0245957],[15.1410839,58.0246746],[15.1409788,58.0246048],[15.1410033,58.0245414],[15.1412378,58.0244068],[15.1413527,58.0242696],[15.1413747,58.0240846],[15.1413502,58.0240225],[15.1414903,58.0238641],[15.1416508,58.0237274],[15.1416899,58.023611],[15.1419147,58.0235295],[15.1420589,58.0235825],[15.1421859,58.023567],[15.1424205,58.0236433],[15.1423961,58.0235631],[15.1426136,58.0234647],[15.1427659,58.0233631],[15.1429679,58.0233418],[15.1431658,58.0233561],[15.1433149,58.0233263],[15.1434759,58.0232174],[15.1435983,58.0231218],[15.1437351,58.0229769],[15.1439453,58.0228824],[15.1439966,58.0227375],[15.1443802,58.0226728],[15.1448347,58.0227207],[15.1451304,58.0227284],[15.1452892,58.0228333],[15.1450835,58.0228802],[15.1454041,58.0230222],[15.1455434,58.0232137],[15.1458195,58.0231231],[15.1459816,58.0231463],[15.1460663,58.0233082],[15.1461738,58.0233496],[15.1461494,58.0234143],[15.1462471,58.0234893],[15.1463742,58.0234738],[15.1463448,58.0235799],[15.1463741,58.0236414],[15.1464988,58.0236796],[15.1464939,58.0237727],[15.1465965,58.0238206],[15.1466136,58.023919],[15.146577,58.0241234],[15.1463302,58.0243473],[15.1463107,58.0245111],[15.1465574,58.0245232],[15.1466869,58.0246022],[15.146836,58.0244327],[15.1470486,58.0243589],[15.1472929,58.0243149],[15.1474493,58.0243861],[15.1476713,58.0244128],[15.1477572,58.0243796],[15.1477816,58.0242683],[15.1476766,58.0242049],[15.1475104,58.0240484],[15.1475128,58.0239629],[15.1473736,58.0238103],[15.1472147,58.0237248],[15.1472899,58.0236274],[15.1475031,58.0236317],[15.1477767,58.0235993],[15.1478818,58.0235489],[15.1483803,58.0237792],[15.1493216,58.0240565],[15.1495801,58.0241131],[15.1497989,58.0241068],[15.1499393,58.0239241],[15.1496045,58.0237624],[15.149128,58.0236084],[15.1483984,58.0234042],[15.1483168,58.0233056],[15.148241,58.0233043],[15.1480846,58.0233133],[15.1479478,58.0233185],[15.1476155,58.0232409],[15.1477157,58.0231917],[15.1480358,58.0232577],[15.1481164,58.0232926],[15.1482655,58.0232758],[15.1483803,58.0232331],[15.1487366,58.0230789],[15.1489423,58.0230455],[15.1489496,58.0231115],[15.1492087,58.0231516],[15.1493626,58.0230364],[15.1493122,58.0228961],[15.149282,58.0227453],[15.1495483,58.0226029],[15.1496729,58.0224722],[15.1496216,58.022203],[15.1497487,58.0221138],[15.1497878,58.0218433],[15.149712,58.0216958],[15.1497927,58.02149],[15.1497218,58.0214098],[15.1497462,58.0212894],[15.1495947,58.0211535],[15.1495999,58.0209947],[15.1497609,58.0209685],[15.1499246,58.0208805],[15.1501177,58.0208184],[15.1501739,58.0207627],[15.1503131,58.02072],[15.1504817,58.0207161],[15.150638,58.0205834],[15.1510071,58.0205997],[15.1511244,58.0205375],[15.1513272,58.0205725],[15.1515202,58.0206657],[15.1516937,58.0206812],[15.1518575,58.0206294],[15.1518941,58.0207407],[15.1519533,58.0207748],[15.1520138,58.0208145],[15.1522753,58.0208352],[15.1522386,58.0207355],[15.1520407,58.0206799],[15.1521409,58.0206191],[15.1520871,58.0205337],[15.1522264,58.0204482],[15.1523095,58.0204495],[15.1524415,58.0206644],[15.1525221,58.0207135],[15.1527567,58.0207304],[15.1527469,58.0206566],[15.1528495,58.0206372],[15.1529155,58.0206773],[15.1529619,58.0206307],[15.1529473,58.0205828],[15.1530108,58.020557],[15.1532674,58.0205997],[15.1535166,58.0207394],[15.1537023,58.0207744],[15.1539779,58.0209316],[15.154472,58.0208701],[15.1545796,58.0208158],[15.154692,58.0208598],[15.1548288,58.0208455],[15.1549168,58.0208779],[15.1549632,58.0209504],[15.1550872,58.0209762],[15.1555203,58.021182],[15.1556327,58.021151],[15.1556767,58.0212105],[15.1557842,58.021239],[15.15586,58.0212868],[15.1558624,58.0213515],[15.1557989,58.0212778],[15.1557109,58.0212454],[15.1556107,58.0212752],[15.1555985,58.0214292],[15.1555936,58.0215055],[15.1557109,58.0215224],[15.1557989,58.0214732],[15.1558575,58.0213955],[15.1558942,58.0214046],[15.1558258,58.0215107],[15.1557231,58.0215754],[15.1555667,58.0215508],[15.1555057,58.0214913],[15.1553297,58.0214745],[15.1552653,58.0215766],[15.1551416,58.0216453],[15.1549656,58.0216285],[15.154841,58.0218498],[15.1549754,58.0219973],[15.1548777,58.0221513],[15.1547506,58.0222134],[15.1547099,58.0224009],[15.1549265,58.0225162],[15.1549485,58.0225809],[15.155056,58.0226172],[15.1551598,58.0226197],[15.1552027,58.022832],[15.1550878,58.0229536],[15.1551335,58.0231654],[15.1548073,58.0234359],[15.1547105,58.0236958],[15.1547995,58.0237753],[15.1549656,58.0237223],[15.1549168,58.023677],[15.1549754,58.0236524],[15.1551489,58.0237779],[15.1550731,58.0238012],[15.1549876,58.0237417],[15.154841,58.0237921],[15.1548997,58.0238517],[15.1548483,58.0238931],[15.1548152,58.0239759],[15.1548752,58.0240315],[15.154973,58.0240561],[15.1551088,58.0240545],[15.1554155,58.0239813],[15.1553542,58.0239513],[15.1552686,58.0238762],[15.1553273,58.0238607],[15.1552735,58.0238167],[15.1553737,58.0237779],[15.1554079,58.0237921],[15.1555423,58.0237443],[15.1554934,58.0237106],[15.1555448,58.0236925],[15.1556205,58.023752],[15.1553761,58.0238361],[15.1554641,58.0239086],[15.1555606,58.0239081],[15.1556254,58.0239448],[15.1555741,58.0239914],[15.1557451,58.0239642],[15.1558855,58.0240032],[15.1561135,58.0243107],[15.1566047,58.0245605],[15.1578829,58.0248011],[15.1585049,58.0250683],[15.1583874,58.025222],[15.1586638,58.0254269],[15.1589549,58.0255329],[15.1596567,58.0262389],[15.159742,58.0268506],[15.159666,58.0270519],[15.1597547,58.0276963],[15.1601843,58.0278717],[15.1605136,58.0281084],[15.1607511,58.0287536],[15.1610759,58.0290866],[15.1615427,58.0303675],[15.1611582,58.031055],[15.1607922,58.0312994],[15.1601576,58.0326116],[15.1593793,58.0332041],[15.1590145,58.0331189],[15.1587081,58.0329132],[15.1586755,58.0325256],[15.1582629,58.032358],[15.157486,58.032403],[15.1565313,58.0336473],[15.1568118,58.0342529],[15.1575537,58.0346044],[15.1576046,58.0353428],[15.1563354,58.0359672],[15.1565802,58.0369262],[15.1570687,58.037532],[15.1579067,58.0377683],[15.1579024,58.0379554],[15.1584849,58.038002],[15.1589039,58.0377058],[15.1595803,58.038541],[15.1610486,58.0391771],[15.1615866,58.0389101],[15.1630887,58.0383533],[15.1634266,58.0382792],[15.1642587,58.0375522],[15.1653935,58.0371077],[15.1657661,58.0366415],[15.165747,58.0364753],[15.1660836,58.0361502],[15.1659855,58.0356671],[15.1678661,58.0342046],[15.1689869,58.0335829],[15.1696011,58.0337243],[15.1699921,58.0342023],[15.1703097,58.034281],[15.1699321,58.0361894],[15.1698412,58.0366058],[15.1705731,58.0367514],[15.1711466,58.0365242],[15.1721535,58.0365021],[15.1735058,58.0367804],[15.1741603,58.037661],[15.174701,58.037565],[15.1749446,58.0371095],[15.1752241,58.0371206],[15.1756302,58.0377626],[15.1760706,58.0378419],[15.1770903,58.0374329],[15.1769798,58.0370711],[15.1778333,58.0365599],[15.1779594,58.0362857],[15.1787644,58.0360022],[15.1792988,58.0356821],[15.1799212,58.0355425],[15.1803366,58.0357368],[15.1810048,58.0358943],[15.1832691,58.0366213],[15.1828941,58.0373029],[15.1832873,58.038867],[15.1827752,58.0405159],[15.1818449,58.0415785],[15.1824204,58.0417045],[15.1831514,58.0414722],[15.1836569,58.0414311],[15.1848806,58.0404252],[15.1846864,58.0401252],[15.1852008,58.0395857],[15.184954,58.0394144],[15.185609,58.0392219],[15.185417,58.0388052],[15.1860908,58.0381037],[15.1864781,58.0383473],[15.1869615,58.0390516],[15.1872562,58.0391746],[15.1878294,58.0388925],[15.1882258,58.0390288],[15.1881185,58.0395343],[15.1887081,58.0399951],[15.1891925,58.0409316],[15.1897933,58.0409824],[15.18976,58.0408348],[15.1902975,58.040801],[15.1902658,58.0412339],[15.1909086,58.0416301],[15.1915635,58.042056],[15.1929577,58.0422905],[15.1940854,58.0423113],[15.1946213,58.0433507],[15.1946731,58.0438331],[15.1945338,58.0450946],[15.193977,58.0456221],[15.1938472,58.0464065],[15.1944389,58.04657],[15.1953385,58.0463548],[15.1956909,58.0461391],[15.1967772,58.0459684],[15.1973357,58.0455937],[15.1979257,58.0457867],[15.1985166,58.0465281],[15.1988581,58.0466098],[15.1991939,58.0465436],[15.1997282,58.0463034],[15.2002206,58.0461615],[15.2007555,58.0462356],[15.2011004,58.0461331],[15.2015033,58.0463856],[15.2018273,58.0462824],[15.2021304,58.0455599],[15.2023965,58.0452209],[15.2021631,58.044577],[15.2036941,58.0434598],[15.2050261,58.0433459],[15.2072877,58.0421983],[15.208373,58.0412269],[15.208329,58.0410341],[15.2078741,58.0408961],[15.2076986,58.0403188],[15.2082367,58.0401874],[15.208757,58.0401969],[15.2101781,58.0399148],[15.2113346,58.0406939],[15.2110788,58.0418059],[15.2111646,58.0422718],[15.2108307,58.0425633],[15.2102065,58.0437945],[15.2105745,58.0445259],[15.2096191,58.0453898],[15.2096636,58.0444294],[15.2089663,58.044435],[15.2085462,58.0446568],[15.207623,58.0446292],[15.2077399,58.0442704],[15.2070774,58.0440151],[15.2064271,58.0442785],[15.2059182,58.0446227],[15.2053378,58.0447198],[15.2053818,58.0454574],[15.2048973,58.0463492],[15.2043529,58.0467233],[15.2026539,58.0470075],[15.2017238,58.0477684],[15.2011133,58.0480156],[15.2006621,58.0480293],[15.1997164,58.0486036],[15.1994922,58.048972],[15.1982562,58.0496375],[15.1976881,58.0497107],[15.1970477,58.0502204],[15.1962154,58.051775],[15.1951137,58.0519822],[15.1951627,58.0524097],[15.1958653,58.0529464],[15.1955643,58.053406],[15.1956625,58.0537861],[15.1950558,58.0545326],[15.1951582,58.0549044],[15.1945022,58.0556316],[15.1942983,58.0552339],[15.1940121,58.0541974],[15.1940532,58.0529856],[15.1931616,58.0525945],[15.1920458,58.0526285],[15.19174,58.0523731],[15.1904885,58.0524068],[15.1906173,58.0534917],[15.190143,58.0544071],[15.1908989,58.0548647],[15.1917781,58.0555402],[15.1920785,58.0559662],[15.1921047,58.0564468],[15.1925817,58.0567725],[15.1924846,58.0594693],[15.1936117,58.0607001],[15.1939561,58.0618239],[15.1942079,58.0618132],[15.194536,58.0613866],[15.1947489,58.0613534],[15.1955971,58.0624882],[15.1955091,58.063566],[15.1951459,58.0637028],[15.1951888,58.0644116],[15.1949324,58.0646332],[15.1948879,58.0654683],[15.194722,58.0657759],[15.1944458,58.0663147],[15.1929594,58.0663586],[15.192122,58.0661255],[15.191417,58.0666952],[15.1918854,58.0681857],[15.1912825,58.0683849],[15.1907691,58.0682257],[15.18931,58.0682194],[15.1891066,58.0687528],[15.1886563,58.0687486],[15.1881727,58.0683843],[15.1877768,58.0684572],[15.1867989,58.0691898],[15.1850511,58.069366],[15.1843909,58.069505],[15.1819929,58.0707621],[15.1813063,58.071499],[15.18064,58.0721982],[15.1799163,58.0725324],[15.1798412,58.0726958],[15.1789566,58.0729296],[15.1789019,58.0744782],[15.1767974,58.0763561],[15.176393,58.0769235],[15.1758479,58.0772219],[15.1751377,58.077973],[15.1745068,58.0781767],[15.1722683,58.0784041],[15.1718059,58.0785924],[15.1712989,58.0786033],[15.1710683,58.0790103],[15.1704366,58.0791499],[15.1698323,58.0793915],[15.1689188,58.080056],[15.1680309,58.0806219],[15.1684897,58.0808585],[15.1692266,58.0810417],[15.1698269,58.0808829],[15.1697513,58.0802651],[15.1702453,58.080089],[15.1707485,58.0802427],[15.1716079,58.0799812],[15.1720676,58.0802997],[15.1717096,58.0807161],[15.1713719,58.080985],[15.1730561,58.0820235],[15.1739683,58.0833336],[15.1744409,58.0832596],[15.1747182,58.0828804],[15.1753099,58.082993],[15.1753084,58.0853886],[15.1766381,58.0854388],[15.1788375,58.0848662],[15.1790628,58.0846112],[15.1787093,58.0843977],[15.1794813,58.0837661],[15.1802859,58.082643],[15.1815948,58.0816728],[15.1827965,58.0811622],[15.1830969,58.0808057],[15.1844889,58.0799395],[15.1848242,58.0796873],[15.1850495,58.079149],[15.1860259,58.0782978],[15.1871202,58.0778604],[15.1882896,58.0775835],[15.1890291,58.077179],[15.1898346,58.0768914],[15.1900894,58.076595],[15.1896114,58.0762197],[15.1888556,58.0762773],[15.1879785,58.0765615],[15.1875601,58.0764543],[15.1874099,58.0759318],[15.1877639,58.0754946],[15.188118,58.0752913],[15.1886115,58.0757448],[15.189266,58.0757451],[15.1896522,58.0749741],[15.1909289,58.0743449],[15.191004,58.0739968],[15.192151,58.0735373],[15.1923022,58.0731018],[15.1930532,58.0728229],[15.1947055,58.0727327],[15.1958213,58.0714901],[15.1969022,58.0716762],[15.1976559,58.071523],[15.198018,58.0715508],[15.1992331,58.0712336],[15.1996729,58.0714209],[15.2009175,58.0715684],[15.2011642,58.0718124],[15.2018938,58.0718584],[15.2021084,58.0720567],[15.2025805,58.0722558],[15.2040567,58.0723089],[15.2046618,58.0716881],[15.2058206,58.0716538],[15.2064965,58.0712569],[15.2067862,58.070763],[15.2072046,58.0702861],[15.2077619,58.0700193],[15.2091502,58.0698724],[15.2098117,58.0696627],[15.2110991,58.0693895],[15.2116356,58.0693109],[15.2119789,58.0691572],[15.2123866,58.0685338],[15.2134219,58.0678954],[15.21435,58.0673654],[15.2157876,58.0663536],[15.2158983,58.06575],[15.2160559,58.0653443],[15.2167076,58.0649408],[15.218229,58.063529],[15.2189419,58.0631531],[15.2200336,58.0629142],[15.2202535,58.0626222],[15.2202938,58.0622572],[15.2199183,58.0622513],[15.2196608,58.0618531],[15.2204225,58.0617635],[15.2198539,58.0608491],[15.2201114,58.06068],[15.2204214,58.0609357],[15.2213023,58.0610702],[15.2216858,58.0609618],[15.22171,58.0604966],[15.2222051,58.0600577],[15.2240542,58.0592244],[15.2250298,58.0587042],[15.2255294,58.0586182],[15.2260712,58.0587326],[15.2265165,58.0586764],[15.2270315,58.0584595],[15.2267734,58.0583517],[15.2270529,58.0581244],[15.2274392,58.0581019],[15.2277181,58.0578576],[15.2280936,58.0578459],[15.2283297,58.0575973],[15.2282009,58.0572905],[15.2276248,58.0570729],[15.2284572,58.0563864],[15.2291182,58.0567361],[15.2306196,58.0562207],[15.232371,58.0552433],[15.2341123,58.0539383],[15.2350181,58.0530186],[15.236645,58.0516514],[15.2375672,58.0511028],[15.2383075,58.0508141],[15.2381895,58.0502503],[15.2375028,58.0499273],[15.2369127,58.0500298],[15.2366767,58.0504385],[15.2348742,58.051375],[15.2341661,58.0514772],[15.2330611,58.0511028],[15.2315376,58.0520679],[15.2293875,58.0530704],[15.2278683,58.0532709],[15.2267311,58.0529019],[15.2264543,58.0537242],[15.2263228,58.0545507],[15.2253481,58.0553243],[15.2238772,58.0562307],[15.2224932,58.0568018],[15.2217851,58.0566255],[15.2210126,58.0561549],[15.2198646,58.0552986],[15.2202616,58.0549807],[15.2200899,58.0541965],[15.2203259,58.0539408],[15.21965,58.0534301],[15.2174935,58.0530049],[15.2173326,58.0528454],[15.2175257,58.0520676],[15.2165601,58.0513861],[15.2158091,58.051677],[15.2156482,58.0516362],[15.2156374,58.0508757],[15.2161202,58.0502685],[15.2165387,58.0501833],[15.2168605,58.0496948],[15.218422,58.0488544],[15.2196929,58.0484844],[15.2206477,58.0478107],[15.2213935,58.0474968],[15.2218173,58.0471854],[15.221906,58.0464367],[15.2215222,58.0457933],[15.2206585,58.0452709],[15.2206776,58.044484],[15.2207712,58.0442946],[15.220605,58.0439448],[15.2205405,58.0433121],[15.2208999,58.0430706],[15.2206883,58.0427572],[15.2204118,58.0426287],[15.2211896,58.0416537],[15.2214471,58.0416395],[15.2216188,58.0415746],[15.2219597,58.0417722],[15.2221874,58.0416829],[15.222402,58.0412283],[15.2226005,58.0411829],[15.2227614,58.0404272],[15.2234319,58.0389939],[15.223727,58.0378602],[15.2240757,58.0367582],[15.2243063,58.0365597],[15.2244702,58.0361097],[15.2244673,58.035543],[15.2249662,58.0351967],[15.2255002,58.0342472],[15.2264443,58.0332444],[15.2269939,58.0330636],[15.2277693,58.0324406],[15.2278927,58.0318077],[15.228335,58.0314534],[15.2294025,58.0304228],[15.2299443,58.0298513],[15.2301589,58.0293571],[15.2308027,58.0279316],[15.2311084,58.0274112],[15.2309221,58.0271236],[15.2313367,58.0268933],[15.231087,58.0268434],[15.2310277,58.0265829],[15.2310685,58.0264443],[15.2314249,58.0262527],[15.2316985,58.0261132],[15.2315912,58.0259284],[15.2313069,58.0258633],[15.2300845,58.0261253],[15.2294419,58.026597],[15.2287856,58.0266843],[15.2283189,58.0267667],[15.2282009,58.0262068],[15.2283375,58.0259362],[15.2282706,58.0255964],[15.2284345,58.0254985],[15.2287671,58.0254785],[15.2289334,58.0254333],[15.2289305,58.0251247],[15.229188,58.0248922],[15.229129,58.0244916],[15.2293274,58.0238803],[15.22966,58.0237071],[15.2296566,58.0233387],[15.230636,58.0227455],[15.2310643,58.0224308],[15.2310445,58.02137],[15.2311395,58.0206181],[15.2309239,58.0198922],[15.2318356,58.0190114],[15.2323525,58.0187556],[15.2326627,58.0184419],[15.2324653,58.0181929],[15.2329786,58.017762],[15.2337817,58.0174657],[15.2338033,58.0172669],[15.2334244,58.0170325],[15.2335654,58.0168681],[15.2338475,58.0168681],[15.2341201,58.0167269],[15.2345527,58.0169777],[15.2345151,58.0171171],[15.2350511,58.017157],[15.235399,58.0170623],[15.2355306,58.017137],[15.2354836,58.0172765],[15.2356109,58.017307],[15.2356791,58.0180982],[15.2364027,58.0182715],[15.2377259,58.0178825],[15.2380035,58.018153],[15.2381666,58.0184739],[15.2379405,58.0193847],[15.2375992,58.0201401],[15.2373581,58.021142],[15.2376462,58.0212456],[15.2380694,58.0212058],[15.238248,58.0207377],[15.2385583,58.0206082],[15.2388498,58.0207078],[15.2387746,58.0210115],[15.238878,58.021136],[15.2386147,58.0214099],[15.2387934,58.0214946],[15.2390417,58.0215041],[15.2399634,58.0211508],[15.2402177,58.0210598],[15.2403349,58.0207975],[15.2414588,58.0197286],[15.2423947,58.0193184],[15.2426767,58.018905],[15.2430341,58.0187457],[15.2431751,58.0183871],[15.2433921,58.0181889],[15.2442991,58.0179175],[15.2454111,58.0180368],[15.2459322,58.0184423],[15.2460347,58.018804],[15.2463166,58.0195634],[15.2466608,58.0201587],[15.2470622,58.020693],[15.2477489,58.0210286],[15.2475986,58.0212215],[15.2480893,58.0218975],[15.2481968,58.0222033],[15.2491731,58.0216979],[15.2495492,58.0209496],[15.2492723,58.0203689],[15.2490041,58.0200563],[15.2496157,58.0197611],[15.250195,58.0198183],[15.2503265,58.0200027],[15.250703,58.0202214],[15.2516635,58.0197805],[15.2522529,58.0194004],[15.2533656,58.0184987],[15.25373,58.0183395],[15.2539906,58.0176958],[15.2542033,58.0175338],[15.2544807,58.0167682],[15.2546289,58.0165336],[15.2544028,58.0162237],[15.2547485,58.0159138],[15.2548283,58.0156391],[15.255055,58.0150401],[15.2553711,58.0147341],[15.2554533,58.0144205],[15.2552272,58.0142092],[15.2548724,58.0137727],[15.2549479,58.0123396],[15.2557096,58.0120438],[15.2562675,58.0117596],[15.2565218,58.0114598],[15.2566967,58.0110716],[15.2573512,58.0104353],[15.2578833,58.0102776],[15.2582524,58.0101057],[15.2587245,58.0100261],[15.2590785,58.0102421],[15.2594958,58.0104969],[15.2598912,58.010809],[15.2599612,58.0113845],[15.2602788,58.0121906],[15.2606391,58.01305],[15.2607563,58.0136405],[15.260771,58.0139502],[15.2600694,58.0152669],[15.2588735,58.0161162],[15.2592963,58.0165759],[15.2594111,58.0167548],[15.2587405,58.0166775],[15.2577612,58.0168979],[15.2578501,58.0170742],[15.2583788,58.0171605],[15.258924,58.0171464],[15.2592721,58.017365],[15.2598814,58.0176324],[15.2600676,58.0178578],[15.2604665,58.0180198],[15.2606527,58.018231],[15.2609053,58.0182803],[15.2609718,58.0185339],[15.2615896,58.0186498],[15.2614372,58.0189001],[15.2611181,58.019048],[15.2613308,58.0195622],[15.2609585,58.0197734],[15.2609758,58.0202152],[15.2607479,58.0207878],[15.2615676,58.021336],[15.2617285,58.0217669],[15.2618251,58.0229141],[15.2620504,58.024528],[15.2614334,58.0257662],[15.2599449,58.0268801],[15.2591107,58.0282782],[15.2586386,58.0292442],[15.2582309,58.0300784],[15.258585,58.0304422],[15.260484,58.0308794],[15.2609358,58.0307179],[15.2623386,58.0308593],[15.2638968,58.030768],[15.2640781,58.0301699],[15.2639279,58.0296586],[15.2640996,58.0291132],[15.2644995,58.0291301],[15.2653049,58.0287481],[15.2655452,58.02837],[15.2660396,58.0283881],[15.2664653,58.0286572],[15.2663846,58.0290446],[15.2662662,58.029588],[15.2668673,58.0297211],[15.2673842,58.0296404],[15.2676187,58.0290908],[15.2681122,58.0289491],[15.2681509,58.0283009],[15.2686856,58.0279437],[15.2697859,58.0279998],[15.2712772,58.0280276],[15.2717063,58.0277723],[15.2721033,58.02796],[15.2721462,58.0282889],[15.2715592,58.0283461],[15.2714149,58.0287029],[15.27075,58.0291692],[15.2710352,58.029308],[15.2713454,58.0294644],[15.2719181,58.0297401],[15.2727945,58.0300623],[15.2756621,58.0305311],[15.2785823,58.0307864],[15.2797036,58.0308414],[15.2799052,58.0308474],[15.2800106,58.0308506],[15.2804784,58.0308578],[15.2807954,58.0308705],[15.2822998,58.0308916],[15.2837936,58.0307587],[15.2847741,58.0309646],[15.2857504,58.0308853],[15.2867267,58.0308396],[15.2877567,58.0311577],[15.2887926,58.0317881],[15.2889119,58.0318177],[15.2894672,58.0316122],[15.2896777,58.0314255],[15.289572,58.0311959],[15.2892836,58.0310359],[15.2891086,58.031004],[15.2890329,58.0306687],[15.2892755,58.0302855],[15.2900355,58.0299816],[15.2900285,58.0296683],[15.2901625,58.0293162],[15.290117,58.028494],[15.2904174,58.028091],[15.2914581,58.0262156],[15.292531,58.0256489],[15.2930567,58.0248635],[15.2941189,58.024295],[15.2949343,58.0242442],[15.2977989,58.0234152],[15.2981422,58.0235794],[15.3011248,58.0229996],[15.3015003,58.0225394],[15.3022594,58.022351],[15.3024438,58.0221172],[15.3016478,58.0219596],[15.3011339,58.0222823],[15.3008405,58.0219811],[15.3001378,58.0220681],[15.3004811,58.0217328],[15.30006,58.0214706],[15.2986465,58.0220172],[15.2977667,58.0217559],[15.2970693,58.021653],[15.2960604,58.0215005],[15.2957658,58.0212379],[15.2958972,58.0209871],[15.2967673,58.0202891],[15.2971873,58.0198416],[15.2978418,58.0195631],[15.2982709,58.0197725],[15.2988825,58.0195734],[15.2990541,58.0198077],[15.2993116,58.0197563],[15.2995477,58.0190679],[15.300119,58.0190185],[15.3004462,58.0191875],[15.301393,58.018915],[15.301672,58.0186414],[15.3022057,58.0187929],[15.3027771,58.0185735],[15.3029487,58.0182954],[15.3045044,58.017187],[15.304719,58.0165392],[15.3052447,58.0166301],[15.305396,58.0169741],[15.305846,58.0170358],[15.3062827,58.0170037],[15.3069935,58.0166866],[15.3073593,58.0163289],[15.3075299,58.0157552],[15.3080878,58.0153571],[15.3087788,58.0154892],[15.3094397,58.0153398],[15.3098046,58.0149257],[15.3098688,58.0143461],[15.3110383,58.0134996],[15.3117785,58.0127085],[15.3122077,58.0120097],[15.3126798,58.0121685],[15.312999,58.0124686],[15.3139565,58.0124016],[15.3144152,58.0121222],[15.3139672,58.011561],[15.3136493,58.0108464],[15.3135703,58.0106689],[15.3131948,58.0101849],[15.3140762,58.009495],[15.3145788,58.009018],[15.3151045,58.0087759],[15.3151299,58.0085687],[15.3151581,58.0083379],[15.3166173,58.0071107],[15.3167996,58.0064459],[15.3170357,58.0062629],[15.3173356,58.0053448],[15.3176447,58.0043987],[15.3177892,58.0041158],[15.3181729,58.0040944],[15.3181998,58.0037534],[15.3180656,58.0035744],[15.3185538,58.0036169],[15.3189266,58.0034221],[15.3198225,58.0034365],[15.3200827,58.0030744],[15.3214729,58.002792],[15.3225718,58.0025687],[15.3230009,58.0025514],[15.3227434,58.0028649],[15.3236941,58.003389],[15.3242669,58.0037048],[15.3237841,58.0052124],[15.3223654,58.00587],[15.3228174,58.0063666],[15.3230224,58.0064454],[15.3231297,58.0067407],[15.3228722,58.0069229],[15.3228936,58.007161],[15.3224403,58.0075982],[15.3228786,58.0075618],[15.3230969,58.0074143],[15.3233013,58.0073779],[15.323709,58.0074518],[15.3244144,58.0078392],[15.3250072,58.0078718],[15.3249083,58.0077302],[15.324578,58.0073657],[15.3247283,58.0072642],[15.3252325,58.0072236],[15.325439,58.0074856],[15.326005,58.0079628],[15.3267345,58.008355],[15.327507,58.0082473],[15.3279582,58.0086756],[15.3282303,58.0088451],[15.3287301,58.0091564],[15.3285292,58.0097486],[15.328095,58.0099951],[15.3270993,58.0105604],[15.326292,58.0108437],[15.3262993,58.0111083],[15.3261981,58.011665],[15.3276465,58.01189],[15.3281467,58.0116887],[15.3283203,58.0114229],[15.3283305,58.011133],[15.3281186,58.0109702],[15.3283625,58.0106513],[15.328785,58.0106408],[15.3292323,58.0104828],[15.3294212,58.0104723],[15.3294411,58.0103933],[15.32962,58.0103195],[15.3302513,58.0102642],[15.3303502,58.0106245],[15.3308436,58.0116782],[15.3315635,58.0124893],[15.3319314,58.0130659],[15.3323737,58.0128316],[15.3330994,58.0137084],[15.333673,58.0140554],[15.3341482,58.0143429],[15.3346034,58.0143136],[15.3350706,58.0148612],[15.3359455,58.0153325],[15.33602,58.015688],[15.3363133,58.0157327],[15.3365668,58.0154589],[15.3372577,58.0157854],[15.3381474,58.0155221],[15.3390919,58.0153141],[15.3395492,58.0153431],[15.3402053,58.01548],[15.3402244,58.0156898],[15.340004,58.0159439],[15.3404637,58.0160908],[15.3402084,58.0164173],[15.3405299,58.0167871],[15.3404922,58.0173089],[15.3401485,58.0183017],[15.3391478,58.0189773],[15.3386006,58.0191077],[15.3383861,58.0185676],[15.3382252,58.018251],[15.3365836,58.0186818],[15.3358626,58.0189813],[15.3357017,58.0192199],[15.3357146,58.0193577],[15.3360901,58.0195401],[15.33653,58.0194884],[15.3369269,58.0197623],[15.3362968,58.0201727],[15.3360021,58.0201973],[15.3354782,58.0201085],[15.3348756,58.0201916],[15.334403,58.0203869],[15.3335406,58.0205912],[15.3321775,58.021116],[15.3323615,58.021718],[15.3319895,58.0219985],[15.3319195,58.0224626],[15.3334666,58.0219447],[15.3346773,58.0220705],[15.3358253,58.0224685],[15.3364706,58.0231782],[15.3371449,58.0229225],[15.3378719,58.0233077],[15.3378321,58.0245932],[15.337631,58.0252292],[15.3381138,58.0256894],[15.3390348,58.0260022],[15.3393347,58.0259552],[15.3398701,58.0258712],[15.3400981,58.0260982],[15.3403217,58.0267342],[15.3407595,58.026678],[15.3411071,58.0264272],[15.3415169,58.0265436],[15.341869,58.0264559],[15.3420276,58.0257393],[15.342044,58.0245874],[15.3423404,58.0241691],[15.3440259,58.0235825],[15.344536,58.0230708],[15.3449577,58.02291],[15.3450424,58.0225356],[15.34561,58.0225703],[15.3458933,58.0226879],[15.3466502,58.0224512],[15.3472931,58.0227805],[15.3470702,58.0234677],[15.3475235,58.0236606],[15.3481973,58.0235475],[15.3505935,58.022739],[15.3519545,58.0218489],[15.3528847,58.0218268],[15.3548985,58.0210705],[15.3568603,58.0197224],[15.3573012,58.019638],[15.35802,58.0190871],[15.3601465,58.0185819],[15.361347,58.0177858],[15.361817,58.0169277],[15.3624711,58.0168579],[15.3635899,58.0163484],[15.3638715,58.0154817],[15.3642127,58.0149223],[15.3646311,58.0147859],[15.3647046,58.0144648],[15.3652963,58.013905],[15.3660608,58.0137376],[15.3668949,58.0131946],[15.3668799,58.0128868],[15.3688615,58.0118055],[15.3705744,58.0114779],[15.3721636,58.0106163],[15.3721327,58.0100621],[15.3723216,58.0090842],[15.3726642,58.008978],[15.3727947,58.0085507],[15.3743064,58.0073244],[15.3726053,58.0064994],[15.3723146,58.0057697],[15.3731171,58.0049133],[15.3736707,58.004755],[15.3736713,58.0053973],[15.3741149,58.0056409],[15.3745119,58.0053621],[15.3744309,58.0049986],[15.3758573,58.0037729],[15.3796258,58.0024358],[15.3802813,58.0018275],[15.3810323,58.0019859],[15.3839248,58.0012371],[15.3851156,58.0015086],[15.3857867,58.0003468],[15.3858738,57.9992524],[15.3850282,57.9973825],[15.3849698,57.9957288],[15.3846782,57.9954197],[15.3835992,57.9958834],[15.3820859,57.9952581],[15.3789906,57.9951193],[15.3758127,57.9963532],[15.3738884,57.9964243],[15.3731886,57.9958525],[15.3749966,57.9936423],[15.3764547,57.9916175],[15.377242,57.9906437],[15.3772712,57.989098],[15.3770087,57.9879077],[15.3769796,57.9848158],[15.3772712,57.9828369],[15.3780585,57.9809816],[15.3777504,57.980451],[15.3778362,57.9800352],[15.3770895,57.9797906],[15.3786312,57.9788639],[15.3785251,57.9779665],[15.3782335,57.9776418],[15.3768338,57.9773943],[15.3761922,57.9769768],[15.3763672,57.9755078],[15.3773587,57.9736521],[15.3773003,57.9721829],[15.3774899,57.9712731],[15.3783675,57.9710478],[15.3778544,57.9709147],[15.3771837,57.9702033],[15.3776165,57.9678482],[15.3765286,57.9668455],[15.375946,57.9665399],[15.3750469,57.9665484],[15.3744901,57.9662087],[15.3725546,57.9659139],[15.3712639,57.9657643],[15.3705057,57.9646041],[15.3707972,57.9634895],[15.3731302,57.9603655],[15.3755952,57.9575047],[15.3759267,57.9576835],[15.3761262,57.9579874],[15.3764838,57.9579984],[15.3770993,57.9566093],[15.3784962,57.9550217],[15.3798974,57.9550758],[15.3805605,57.9541889],[15.380126,57.9533242],[15.3812696,57.9510225],[15.3821247,57.9505215],[15.3822792,57.9498724],[15.3827536,57.9496274],[15.3838671,57.9481701],[15.3828007,57.94757],[15.3809703,57.9485402],[15.3807708,57.9492832],[15.3796389,57.9499066],[15.3784759,57.9497768],[15.3771938,57.9502818],[15.3767171,57.9509428],[15.3754053,57.9512428],[15.374533,57.9507264],[15.3731594,57.9506488],[15.3715869,57.9497665],[15.3713222,57.9492406],[15.3705932,57.9491787],[15.370389,57.9502],[15.3699516,57.9510356],[15.3680853,57.9521034],[15.3677524,57.953072],[15.3668072,57.9533913],[15.3675603,57.9540847],[15.3668136,57.9554498],[15.3660776,57.9557361],[15.3662879,57.9561921],[15.3657761,57.9564198],[15.364508,57.9577125],[15.3641464,57.9599824],[15.3649404,57.9612579],[15.3659253,57.9616],[15.3655519,57.9620308],[15.3656131,57.9630229],[15.3659768,57.9631623],[15.3661956,57.9634321],[15.3659381,57.9639027],[15.3650283,57.964136],[15.3634486,57.9641865],[15.3608824,57.9646505],[15.3605002,57.9653431],[15.3614364,57.966615],[15.3610764,57.9670743],[15.3602106,57.9671983],[15.3606293,57.9678377],[15.3606172,57.9683486],[15.3611016,57.9685586],[15.3616042,57.9693328],[15.3631819,57.969953],[15.363095,57.9711198],[15.3619363,57.9718879],[15.3606402,57.9721147],[15.3603538,57.9725619],[15.3595518,57.9728782],[15.3590379,57.9728179],[15.3574189,57.9725878],[15.3570423,57.9723775],[15.3575289,57.974929],[15.357995,57.9751785],[15.3578239,57.9754849],[15.3580594,57.976315],[15.3578204,57.9768686],[15.3575733,57.9775327],[15.3577912,57.9775806],[15.3580038,57.977527],[15.3582962,57.97762],[15.3585725,57.9778652],[15.3582643,57.9781696],[15.3582058,57.978908],[15.3577381,57.9793899],[15.3581048,57.9795928],[15.35853,57.980024],[15.358546,57.9803678],[15.3599119,57.9806355],[15.3614321,57.9802015],[15.3618201,57.9800719],[15.3621283,57.9800775],[15.3620911,57.9803227],[15.3623834,57.9806524],[15.3621655,57.9810589],[15.361533,57.9815401],[15.3614108,57.9819797],[15.3609699,57.982234],[15.3601724,57.98227],[15.3597897,57.9822305],[15.3595718,57.981929],[15.3592954,57.9819544],[15.3590084,57.9824334],[15.3590987,57.9840368],[15.3589712,57.9848849],[15.3590744,57.9856661],[15.3594123,57.9863079],[15.3594495,57.9872123],[15.3590031,57.9881759],[15.3584344,57.9886098],[15.3586576,57.9889873],[15.3586523,57.9891817],[15.3580198,57.9893621],[15.3579135,57.9895734],[15.3582802,57.9896551],[15.3582377,57.9898974],[15.3578391,57.9902129],[15.3571109,57.9903002],[15.3572438,57.9907059],[15.3576158,57.9909482],[15.3576874,57.991052],[15.3578784,57.9910719],[15.3581376,57.9915618],[15.3579262,57.9916377],[15.3579057,57.9919722],[15.3575033,57.9922144],[15.3566267,57.9927586],[15.3556624,57.993055],[15.3554125,57.9931527],[15.355583,57.9933624],[15.3552522,57.9935757],[15.3547098,57.9938541],[15.3545052,57.9944416],[15.3546553,57.9946567],[15.3549691,57.9949333],[15.3546587,57.9949513],[15.354379,57.9951737],[15.354454,57.9956021],[15.3546894,57.9958895],[15.3549622,57.9960142],[15.3548804,57.996298],[15.3545543,57.9965479],[15.3544881,57.9967572],[15.3545666,57.9971151],[15.3547098,57.9972723],[15.3547678,57.9977134],[15.3542392,57.9976483],[15.3535809,57.9976338],[15.3526296,57.997537],[15.3514049,57.9968725],[15.3513366,57.9966071],[15.351664,57.9962709],[15.3519881,57.9957752],[15.3520039,57.9955341],[15.351259,57.9950333],[15.3509871,57.9946948],[15.350186,57.9946915],[15.3499457,57.9942408],[15.349767,57.9938914],[15.3504695,57.9934831],[15.3511966,57.9924772],[15.3514123,57.9924053],[15.3515787,57.9921604],[15.3521148,57.991886],[15.3522565,57.9916116],[15.3521826,57.9913307],[15.351893,57.9911936],[15.3512151,57.9909519],[15.3504717,57.9905046],[15.3504818,57.9902594],[15.3501676,57.9899295],[15.3508885,57.9896094],[15.351209,57.9894298],[15.3510303,57.989126],[15.3505496,57.9888222],[15.3497177,57.9887928],[15.3495082,57.9886001],[15.3494004,57.988285],[15.3497578,57.9880237],[15.3499119,57.98804],[15.3500597,57.987893],[15.3503925,57.9878636],[15.3503925,57.9877329],[15.3501953,57.987537],[15.3502477,57.9872184],[15.3491594,57.9873048],[15.3482173,57.9876252],[15.3477674,57.9878309],[15.3463686,57.988236],[15.3462577,57.9885398],[15.3456292,57.9888729],[15.3452533,57.988886],[15.344594,57.9890722],[15.3433615,57.989536],[15.3428809,57.9894152],[15.3422524,57.989474],[15.3417039,57.9896961],[15.3410199,57.9896275],[15.3403175,57.9897679],[15.3399046,57.9900946],[15.3376863,57.9899868],[15.3360286,57.9894544],[15.3360225,57.9892812],[15.3355727,57.9891375],[15.3351618,57.9891134],[15.3343526,57.9889056],[15.3331205,57.9887888],[15.332812,57.9883275],[15.3328581,57.9878458],[15.3328675,57.9874716],[15.333558,57.9871811],[15.3334837,57.9868379],[15.3329722,57.9864524],[15.3323236,57.9861977],[15.3315919,57.9867399],[15.3300637,57.986521],[15.3292873,57.9864524],[15.3289237,57.9862172],[15.3290088,57.9856352],[15.3279871,57.9849171],[15.3274757,57.9847831],[15.3271491,57.9845545],[15.326613,57.9844989],[15.3260343,57.9844912],[15.3257379,57.9843748],[15.3256763,57.9839403],[15.3253004,57.9836691],[15.3247643,57.9831105],[15.3246637,57.9826359],[15.3246534,57.9824898],[15.3240988,57.982431],[15.3235196,57.982346],[15.3233222,57.982605],[15.3230698,57.9827413],[15.3227801,57.9832935],[15.3212518,57.98378],[15.3216401,57.9842866],[15.321406,57.985051],[15.3212889,57.9863022],[15.3213567,57.9868346],[15.3216833,57.9872495],[15.3215292,57.9875174],[15.3222317,57.9885202],[15.32201,57.9890825],[15.3213937,57.9893531],[15.3201181,57.9895066],[15.3182481,57.9892835],[15.3179367,57.9887978],[15.3177272,57.9883601],[15.3173144,57.9878995],[15.3167659,57.9877656],[15.3159444,57.9882478],[15.3149851,57.9894511],[15.3147941,57.9900162],[15.3149974,57.9901991],[15.3149237,57.9911074],[15.313728,57.9920968],[15.3132104,57.9934293],[15.3133768,57.9942001],[15.3137527,57.9943013],[15.3145044,57.9939029],[15.3149666,57.9933738],[15.3153856,57.9933542],[15.3158786,57.9935632],[15.315883,57.9937963],[15.3158909,57.9942132],[15.315921,57.9942632],[15.3161189,57.994592],[15.3163346,57.9946835],[15.3163839,57.9948565],[15.3166057,57.9949578],[15.3164085,57.9951537],[15.3161004,57.9953301],[15.3165811,57.9954575],[15.3167413,57.9955914],[15.316655,57.9959212],[15.3167598,57.9962576],[15.316501,57.9968911],[15.3162421,57.9974038],[15.3164763,57.9976749],[15.3163962,57.9981713],[15.3160573,57.9988146],[15.3157245,57.9990203],[15.3157985,57.9992391],[15.3154041,57.9996603],[15.3123662,58.000493],[15.3117159,58.0009986],[15.3099013,58.0012669],[15.3093837,58.0015314],[15.3085272,58.0017502],[15.307683,58.0021942],[15.3066786,58.0030171],[15.3062226,58.0032456],[15.3058467,58.003644],[15.3043062,58.0053156],[15.3037269,58.005567],[15.3033896,58.0059085],[15.3040323,58.0071104],[15.3042384,58.0081332],[15.3041275,58.0083748],[15.3042938,58.0086033],[15.303807,58.0087796],[15.3032524,58.0088808],[15.3027861,58.0087332],[15.30179,58.0089064],[15.3010283,58.0089348],[15.2998196,58.0092661],[15.2992146,58.0094375],[15.2989618,58.0095658],[15.2985395,58.0097044],[15.2981958,58.0101912],[15.2969893,58.0104391],[15.2961728,58.0113351],[15.2959428,58.0115777],[15.2945373,58.0120151],[15.294194,58.0120094],[15.2935503,58.0121773],[15.2925417,58.011613],[15.2924564,58.0105393],[15.2921019,58.0081899],[15.290396,58.0065076],[15.2896235,58.0055191],[15.2895699,58.004694],[15.2896771,58.0033012],[15.2896235,58.002818],[15.2890705,58.0026106],[15.2892812,58.0022452],[15.2892587,58.0019433],[15.2897952,58.0010405],[15.2900054,57.9999428],[15.2903405,57.9995408],[15.2916808,57.9969159],[15.2923915,57.9967138],[15.2923884,57.9963149],[15.293315,57.9955279],[15.2950416,57.9951541],[15.2956236,57.9945093],[15.2957293,57.9937928],[15.2966977,57.9929004],[15.2969513,57.9922833],[15.2965972,57.9918716],[15.2962325,57.9916291],[15.2957609,57.9916606],[15.2955021,57.9915712],[15.2954423,57.9910422],[15.2956735,57.9906003],[15.2954289,57.9900632],[15.2965811,57.9886497],[15.29801,57.9867019],[15.2997941,57.984131],[15.3026362,57.9818384],[15.303355,57.9809916],[15.3035197,57.9802846],[15.3041291,57.9801096],[15.3047299,57.9784813],[15.3052421,57.978183],[15.3059067,57.9775883],[15.3063892,57.976935],[15.3068097,57.9765658],[15.307711,57.9760825],[15.3099329,57.9756546],[15.3115118,57.9750903],[15.3138586,57.9734594],[15.3145897,57.9729743],[15.315205,57.9729649],[15.3165215,57.9723721],[15.3179286,57.9727575],[15.3177102,57.973192],[15.3179243,57.9741359],[15.3171108,57.9745026],[15.3177885,57.975649],[15.3190696,57.9775676],[15.3184231,57.9782293],[15.3191179,57.9780717],[15.3202347,57.9776694],[15.3201113,57.9773267],[15.3204048,57.9773039],[15.3213511,57.9779189],[15.3222496,57.9774925],[15.32213,57.9772422],[15.3224851,57.9769916],[15.3221412,57.976543],[15.3230752,57.9760082],[15.3233745,57.975286],[15.3240086,57.9750129],[15.3243219,57.9744266],[15.3248471,57.9742619],[15.3244595,57.9735438],[15.3235467,57.9734028],[15.3226691,57.9730093],[15.3234743,57.9716554],[15.3231819,57.9712691],[15.3234609,57.9707681],[15.3231835,57.9705228],[15.3234185,57.9701248],[15.3245692,57.9695265],[15.325597,57.9693512],[15.3254479,57.9690374],[15.3257048,57.9688448],[15.3271956,57.9683938],[15.3270317,57.9676324],[15.3259103,57.9673761],[15.3268946,57.9669954],[15.3286005,57.9663751],[15.3289884,57.9658683],[15.3289363,57.9653152],[15.3280748,57.9654136],[15.3273431,57.9651837],[15.3265835,57.9648952],[15.3255037,57.9648237],[15.3249629,57.9646624],[15.3263367,57.9639906],[15.3261318,57.9635982],[15.3257113,57.963521],[15.3254094,57.9632064],[15.3258014,57.9630285],[15.3256657,57.9626896],[15.3248347,57.9626073],[15.3268845,57.9612815],[15.3286494,57.9606591],[15.3293026,57.9607929],[15.32991,57.960627],[15.3321384,57.9600834],[15.3325605,57.9596249],[15.3334537,57.9593164],[15.3338164,57.9597957],[15.3353077,57.959855],[15.3369057,57.9589641],[15.3386116,57.9577298],[15.3364158,57.958246],[15.3351441,57.9584131],[15.3334655,57.9584174],[15.3325605,57.9574395],[15.3332799,57.9564428],[15.3332595,57.9558673],[15.3325268,57.9556749],[15.3323332,57.9552599],[15.3331968,57.9534135],[15.3324838,57.953529],[15.3287463,57.9555848],[15.326701,57.9545879],[15.3266404,57.9536984],[15.3258636,57.9539503],[15.325965,57.954977],[15.3243208,57.9557881],[15.3248562,57.9560332],[15.3253492,57.9563753],[15.3250825,57.9565896],[15.3242768,57.9568762],[15.3229802,57.9566249],[15.3224856,57.9571025],[15.3207272,57.9573757],[15.3196613,57.9566946],[15.3201366,57.956169],[15.3205877,57.9559245],[15.3200942,57.9555826],[15.3169705,57.9553675],[15.3152973,57.9548662],[15.3173991,57.9543943],[15.3176394,57.9541239],[15.316949,57.9541085],[15.317861,57.9538302],[15.3183996,57.9531633],[15.3187407,57.9527591],[15.3194639,57.9524411],[15.3196908,57.9520406],[15.3189575,57.9513589],[15.3184634,57.9512498],[15.3181201,57.9505732],[15.3184725,57.9503808],[15.3181641,57.9490528],[15.3193625,57.9485871],[15.3189972,57.9484131],[15.3199874,57.9478178],[15.3231186,57.947852],[15.3237441,57.947446],[15.3239346,57.9466406],[15.3251045,57.9452721],[15.3256818,57.9452271],[15.3259929,57.9449942],[15.3259661,57.9447904],[15.3273662,57.9439863],[15.3277336,57.9441281],[15.32796,57.9446121],[15.329042,57.9444185],[15.3300709,57.9439681],[15.3304019,57.9444072],[15.331124,57.9445834],[15.331102,57.9439456],[15.3317553,57.9436843],[15.3319479,57.9434793],[15.332773,57.9432264],[15.3331184,57.9426422],[15.3323497,57.9420602],[15.3324694,57.9416488],[15.3323036,57.9413896],[15.3328556,57.9410576],[15.3352057,57.9407037],[15.3359653,57.9408623],[15.3362749,57.9408017],[15.3369261,57.9402621],[15.3374218,57.9403913],[15.3376154,57.9402612],[15.3375902,57.9401419],[15.3373064,57.9399685],[15.3377104,57.9397396],[15.3377876,57.9394312],[15.3384845,57.9392327],[15.3385472,57.9389989],[15.3402113,57.9382363],[15.3408346,57.9382708],[15.3415774,57.9380038],[15.3417873,57.9372334],[15.3432164,57.9365727],[15.3431714,57.936305],[15.343677,57.9360068],[15.345242,57.9339242],[15.3459516,57.933793],[15.3470005,57.9343739],[15.3464957,57.9360994],[15.3474726,57.9366633],[15.3459072,57.9389309],[15.3462291,57.9393796],[15.345831,57.9402849],[15.3471035,57.9405471],[15.3476722,57.9400471],[15.3488775,57.9392999],[15.3502449,57.9395061],[15.3510286,57.9393426],[15.3515699,57.9389636],[15.3526005,57.9383753],[15.3530628,57.9383041],[15.3537403,57.9388002],[15.3555111,57.9386803],[15.3567863,57.9378545],[15.3573442,57.9377346],[15.3575791,57.9374154],[15.3585082,57.9361584],[15.3600403,57.9364184],[15.3605639,57.9364306],[15.360713,57.9357585],[15.3606916,57.9352627],[15.360352,57.9349959],[15.3612725,57.9341506],[15.3612929,57.9338043],[15.3622285,57.9335551],[15.3620957,57.9332321],[15.3626147,57.9325335],[15.3633528,57.9318907],[15.3632144,57.9315942],[15.3641033,57.9309845],[15.3641033,57.9305179],[15.3647696,57.9301354],[15.3646832,57.9298278],[15.3651408,57.929678],[15.3663365,57.9293214],[15.3663762,57.9289109],[15.3673236,57.9287582],[15.3683198,57.9282789],[15.3674046,57.9281011],[15.367948,57.9272896],[15.3684077,57.9272802],[15.3686931,57.9267287],[15.370046,57.9262846],[15.3698969,57.9254987],[15.3707649,57.9244447],[15.3722369,57.9240222],[15.372607,57.9232223],[15.3729578,57.9228209],[15.373792,57.9225243],[15.373704,57.9223648],[15.3742297,57.9221252],[15.3741149,57.921654],[15.3735243,57.9209685],[15.3741128,57.9208267],[15.3743617,57.9206848],[15.3744931,57.9199742],[15.373865,57.9200341],[15.3726719,57.9204309],[15.3730286,57.9208261],[15.3726767,57.9211688],[15.3716403,57.9206449],[15.3704639,57.9205016],[15.3692049,57.9206329],[15.3684163,57.9208044],[15.3678659,57.9202577],[15.3670892,57.9197349],[15.3664465,57.9197919],[15.3654273,57.9200933],[15.3640073,57.9206953],[15.3629435,57.9205985],[15.3626335,57.9207868],[15.3613272,57.92076],[15.3603283,57.9210647],[15.3584328,57.9205536],[15.3572036,57.9197893],[15.3571366,57.919497],[15.3575673,57.918928],[15.3574193,57.9187978],[15.3564698,57.9192383],[15.3558957,57.9191287],[15.3553835,57.9183662],[15.354802,57.9175621],[15.3538836,57.9171616],[15.3538814,57.9158614],[15.3546421,57.9151633],[15.3546979,57.9156873],[15.355428,57.9160412],[15.3563158,57.9144278],[15.3569747,57.912778],[15.3570754,57.9121074],[15.3577749,57.9119775],[15.3577207,57.9116691],[15.3580329,57.9112422],[15.3586531,57.9114101],[15.3587421,57.9109997],[15.3591799,57.9106489],[15.359683,57.9105403],[15.3597823,57.9102448],[15.3596305,57.910043],[15.3601766,57.9094568],[15.3611797,57.9086808],[15.3612827,57.9082863],[15.3618015,57.9079925],[15.3617596,57.9077497],[15.3620316,57.9074128],[15.3633174,57.9064643],[15.3637081,57.9058523],[15.3643234,57.9052796],[15.3648452,57.9046467],[15.3655252,57.9042396],[15.3664442,57.9028061],[15.3688337,57.900627],[15.3695405,57.8994006],[15.3699155,57.8993262],[15.3708556,57.8981051],[15.3724595,57.8968963],[15.3738884,57.8954704],[15.3742918,57.895187],[15.3746474,57.8950111],[15.3742725,57.8948261],[15.3744302,57.8943602],[15.3753775,57.8940078],[15.3759435,57.8932021],[15.3766162,57.8929609],[15.3774471,57.8912008],[15.3766119,57.8910368],[15.376834,57.890499],[15.375612,57.8912296],[15.3755218,57.8919695],[15.3737961,57.8920151],[15.3735858,57.8923712],[15.3720393,57.8930775],[15.3711901,57.8940269],[15.3711305,57.8948691],[15.3707008,57.8953481],[15.3716106,57.895849],[15.3711144,57.8960281],[15.3700753,57.896196],[15.369335,57.8964183],[15.3703969,57.8968937],[15.370336,57.8971687],[15.3700029,57.8972919],[15.3694992,57.8972177],[15.3690942,57.8967302],[15.3686768,57.8970096],[15.3691934,57.8972527],[15.3686146,57.8975236],[15.3693989,57.8979461],[15.3687895,57.8983695],[15.368135,57.8984322],[15.3667526,57.8992478],[15.366905,57.8994508],[15.366869,57.8996118],[15.366045,57.8998889],[15.3650757,57.899847],[15.3648702,57.9001415],[15.3637271,57.8999664],[15.3623988,57.9004451],[15.3623511,57.9009741],[15.3610865,57.9014523],[15.3594826,57.9016693],[15.357837,57.9014827],[15.3576746,57.9010184],[15.357514,57.900223],[15.3577833,57.8997438],[15.3578787,57.8988179],[15.3572565,57.8972289],[15.3563332,57.8963848],[15.3571702,57.8958268],[15.3559541,57.8953465],[15.3577038,57.895331],[15.3581703,57.8943081],[15.3572243,57.8940486],[15.356042,57.8936312],[15.3557791,57.8929596],[15.3559249,57.8924326],[15.3565956,57.8911616],[15.3571205,57.8897976],[15.3579079,57.8881855],[15.3591327,57.8866198],[15.3594535,57.8852866],[15.359545,57.8849119],[15.3595808,57.8847382],[15.3596639,57.8843348],[15.3595655,57.8840603],[15.3590771,57.8840369],[15.3587702,57.8841865],[15.3583566,57.8846669],[15.3578642,57.8850159],[15.3577761,57.8851585],[15.3575579,57.8853951],[15.3567997,57.8859997],[15.3551598,57.8862774],[15.3550396,57.8871632],[15.3541488,57.8876198],[15.3537142,57.8873171],[15.3534564,57.8866402],[15.3530677,57.8864102],[15.3529548,57.8862517],[15.3525908,57.8861524],[15.3526299,57.8859792],[15.3518459,57.8857758],[15.351105,57.8857222],[15.3502736,57.8855075],[15.3495434,57.8854591],[15.3490372,57.8853371],[15.3487046,57.8853212],[15.3482008,57.8853612],[15.3478851,57.8854436],[15.3476146,57.8855601],[15.347459,57.8857192],[15.3474602,57.8858287],[15.3475248,57.8859359],[15.347706,57.8860611],[15.3477784,57.8861111],[15.3476993,57.8863113],[15.347555,57.8863605],[15.3473067,57.8863269],[15.3473012,57.8863233],[15.347185,57.8862481],[15.3470865,57.8861314],[15.3470921,57.8859507],[15.3470034,57.8858698],[15.3466515,57.8857982],[15.3460466,57.8858519],[15.3453262,57.8858399],[15.3437062,57.8866973],[15.3439395,57.8879529],[15.3429188,57.8876429],[15.3424231,57.888077],[15.3430063,57.888759],[15.3416066,57.8900146],[15.3404693,57.8913321],[15.3399152,57.8929751],[15.3385738,57.8938896],[15.3385154,57.894897],[15.3376989,57.8957804],[15.3359971,57.8972226],[15.3357774,57.8974881],[15.3355782,57.8975403],[15.3355033,57.8975123],[15.3354544,57.8975067],[15.3354148,57.8975126],[15.335391,57.8975473],[15.3354096,57.8975675],[15.3354715,57.8976031],[15.3346661,57.8982291],[15.3340076,57.8992923],[15.3339411,57.8994755],[15.3338907,57.8995622],[15.3337783,57.8997722],[15.3337395,57.8998238],[15.3334705,57.9001816],[15.3320124,57.9017932],[15.331225,57.9029554],[15.3318255,57.9040548],[15.3315167,57.9047063],[15.3307001,57.9056824],[15.3309334,57.9065191],[15.3314292,57.9071233],[15.3313417,57.9096022],[15.3306126,57.9100979],[15.3309043,57.9113218],[15.3301752,57.9130258],[15.3290671,57.9146988],[15.328513,57.915969],[15.3271133,57.9171771],[15.325945,57.9182723],[15.3257595,57.9198651],[15.324059,57.9215563],[15.322946,57.9218683],[15.3214001,57.9236251],[15.3205963,57.9236251],[15.3186485,57.9245446],[15.3172481,57.9255659],[15.3157997,57.9264831],[15.3153062,57.926956],[15.314874,57.9273191],[15.3141582,57.9278675],[15.3140187,57.9281466],[15.3135896,57.9283004],[15.313139,57.9285625],[15.3135896,57.9287505],[15.3134268,57.9288894],[15.3128922,57.9288131],[15.3117227,57.9292119],[15.3104877,57.9299096],[15.3094053,57.9301006],[15.3085363,57.9304595],[15.3077599,57.9304865],[15.3077155,57.9307955],[15.3076458,57.9308924],[15.3071415,57.9310462],[15.3072091,57.9313739],[15.3073327,57.9332944],[15.3073327,57.9354939],[15.3070545,57.9372008],[15.3053231,57.9393015],[15.3034371,57.941435],[15.3024478,57.9428134],[15.3011492,57.9440606],[15.2983976,57.946686],[15.2945638,57.9502627],[15.2930303,57.9520061],[15.2929025,57.9521728],[15.2930251,57.952248],[15.2932486,57.9522751],[15.2932308,57.9523178],[15.2931546,57.9523294],[15.2927925,57.9523163],[15.2920904,57.9532322],[15.2901019,57.9553944],[15.2902672,57.9554431],[15.2902823,57.9555474],[15.2902374,57.9555822],[15.2898901,57.9556247],[15.2895861,57.9559553],[15.2890679,57.9564088],[15.2887575,57.9565243],[15.2884516,57.9565712],[15.2879955,57.957341],[15.2854432,57.9607778],[15.2851494,57.9611375],[15.2834302,57.9630401],[15.2834067,57.9632304],[15.2835113,57.9633243],[15.2836105,57.9635385],[15.2836749,57.9636267],[15.2836213,57.9636623],[15.2834818,57.963626],[15.2833208,57.9635612],[15.2831545,57.9635378],[15.2830942,57.9635804],[15.2829702,57.9636962],[15.2829587,57.9637106],[15.2827562,57.9637512],[15.2826784,57.9638402],[15.282676,57.9638426],[15.2825027,57.9640218],[15.2823512,57.9641858],[15.2822667,57.9642854],[15.2822024,57.9642997],[15.2821434,57.9642997],[15.2821179,57.9642641],[15.2820937,57.9642029],[15.2820052,57.9641922],[15.2819462,57.9642605],[15.2819824,57.964417],[15.2820495,57.9645095],[15.2820039,57.9645408],[15.2819234,57.9645053],[15.2817759,57.9645792],[15.2816753,57.9646831],[15.2816686,57.9648055],[15.281733,57.9647855],[15.2818081,57.9648225],[15.2815908,57.9648766],[15.2815828,57.9648994],[15.2816954,57.9649292],[15.2816579,57.9649776],[15.2815318,57.9649534],[15.2814004,57.9650473],[15.281227,57.9651929],[15.2811617,57.9652508],[15.2810571,57.9652508],[15.2810048,57.9654464],[15.2808639,57.9654713],[15.2807486,57.9656534],[15.2807164,57.9657245],[15.2806004,57.9657359],[15.280522,57.9657946],[15.2804804,57.96579],[15.2804898,57.9657306],[15.2804261,57.965722],[15.2803711,57.9657519],[15.2803449,57.9657807],[15.2803878,57.9658149],[15.2804562,57.9658497],[15.280349,57.965918],[15.2804616,57.9659863],[15.2803396,57.9660123],[15.2802926,57.9660973],[15.2803389,57.9661215],[15.2802873,57.9661727],[15.28007,57.9661471],[15.2798179,57.9666792],[15.2796838,57.9666749],[15.2795872,57.9667304],[15.2795255,57.9668556],[15.2794585,57.966867],[15.2792734,57.9668342],[15.2791768,57.9668627],[15.27926,57.9669978],[15.2790588,57.9672112],[15.2792063,57.9672639],[15.2790213,57.9673805],[15.2789046,57.9674744],[15.2788228,57.9674766],[15.2786981,57.967483],[15.278623,57.9675591],[15.2787691,57.9676075],[15.2783936,57.9677917],[15.2778491,57.9681203],[15.2775863,57.9684333],[15.2770471,57.9686623],[15.2766716,57.9689952],[15.276382,57.9693167],[15.2762203,57.9696506],[15.2762023,57.9696687],[15.2762656,57.9696809],[15.2761774,57.9697977],[15.2755187,57.9703551],[15.2728499,57.9729685],[15.268655,57.9760937],[15.2674041,57.9775024],[15.2677689,57.9778523],[15.2676691,57.9785753],[15.2673256,57.9788806],[15.2659174,57.9800515],[15.2657702,57.9800532],[15.2657803,57.9799041],[15.2660021,57.9796043],[15.2660301,57.9794913],[15.2661305,57.979389],[15.2662437,57.9791795],[15.2660946,57.9790777],[15.2659805,57.9791045],[15.26589,57.9792115],[15.2657102,57.9793882],[15.2657149,57.9795595],[15.2649826,57.9803638],[15.2648077,57.9817797],[15.2639269,57.9827632],[15.2629913,57.9831136],[15.2624406,57.983581],[15.2615891,57.9836329],[15.2617393,57.9831852],[15.2608595,57.9832689],[15.2604249,57.9834987],[15.2602009,57.9834145],[15.2601428,57.9833463],[15.2598966,57.9833392],[15.2598848,57.9832177],[15.259682,57.9832321],[15.2596503,57.983332],[15.2593124,57.9834401],[15.2593768,57.9836079],[15.2592963,57.9836818],[15.2590088,57.9837328],[15.258889,57.9838781],[15.2590948,57.9839182],[15.2591568,57.9841141],[15.258792,57.9841511],[15.2586043,57.9843928],[15.2584304,57.9846863],[15.2579284,57.9849388],[15.2574456,57.9852232],[15.257113,57.9851777],[15.2565658,57.9853711],[15.2563405,57.985172],[15.2553208,57.9853695],[15.2546453,57.9852346],[15.2544021,57.9850276],[15.2542055,57.9849673],[15.2539265,57.9846317],[15.2535068,57.9844888],[15.253036,57.9843075],[15.2525876,57.9844002],[15.2519982,57.9847567],[15.2513945,57.9850924],[15.2511284,57.9857431],[15.2506789,57.9857112],[15.2501092,57.985447],[15.2495084,57.9853896],[15.2486174,57.9857849],[15.2478749,57.9866341],[15.2473707,57.9867032],[15.2475021,57.9861233],[15.2462254,57.9861062],[15.2456138,57.9862203],[15.2453231,57.9868496],[15.2448306,57.9869835],[15.2446697,57.9876424],[15.2450237,57.9883187],[15.2458455,57.9890117],[15.2463627,57.9889542],[15.2468872,57.9890588],[15.2471781,57.9892215],[15.2475107,57.9891476],[15.2478003,57.9891931],[15.2480149,57.9891362],[15.2482724,57.9892613],[15.2489269,57.9893011],[15.2497027,57.9894037],[15.2508924,57.9889053],[15.2510185,57.9885811],[15.2510104,57.9880286],[15.25174,57.9878082],[15.2522657,57.9879095],[15.2528872,57.9884695],[15.2532582,57.9891742],[15.2537156,57.9887701],[15.2540231,57.9887097],[15.2542484,57.9887665],[15.2543449,57.9888746],[15.254699,57.988977],[15.2551754,57.9892451],[15.2555568,57.9893415],[15.255774,57.989298],[15.2562547,57.9890452],[15.2563405,57.9892272],[15.2562976,57.9894888],[15.255965,57.9897504],[15.2561259,57.9897561],[15.2563834,57.9895912],[15.2567911,57.9894206],[15.2569306,57.9895059],[15.2572846,57.9895286],[15.2572524,57.9896708],[15.2570593,57.9898243],[15.2570057,57.9900291],[15.2568036,57.9900529],[15.2565873,57.9900291],[15.25648,57.9901684],[15.256775,57.9901826],[15.2569145,57.9902651],[15.2568287,57.9903276],[15.2568393,57.9904442],[15.2566999,57.9905096],[15.256378,57.9904272],[15.2561474,57.9903646],[15.2558953,57.9904073],[15.2556914,57.9905039],[15.2556592,57.9905949],[15.2557504,57.990794],[15.255627,57.9908736],[15.2554983,57.9908963],[15.2553803,57.9909902],[15.2551132,57.9912883],[15.2546829,57.9917437],[15.2545702,57.991937],[15.2543986,57.9920052],[15.2545488,57.9922185],[15.2543449,57.9923436],[15.2541947,57.9925199],[15.2537528,57.9934842],[15.2535939,57.9937652],[15.2534222,57.9943566],[15.2527585,57.9944309],[15.2526927,57.994749],[15.2523065,57.9950674],[15.2518498,57.9951322],[15.251416,57.9958009],[15.2510507,57.9958583],[15.2509112,57.9957685],[15.2514074,57.9951484],[15.2506966,57.9952695],[15.2501682,57.9955015],[15.2491414,57.996017],[15.2488834,57.9960119],[15.2487552,57.9957844],[15.2485085,57.9957733],[15.246794,57.9967175],[15.2457184,57.9969503],[15.2447565,57.9975101],[15.2440367,57.9977694],[15.2430045,57.9982117],[15.2421588,57.9990225],[15.2411909,57.9996564],[15.2407215,57.9997099],[15.2380777,58.0012343],[15.2361493,58.0022794],[15.2349708,58.0027813],[15.2337906,58.0028933],[15.2335626,58.0030795],[15.2322993,58.0028987],[15.2312157,58.0027],[15.2302206,58.0024089],[15.2284396,58.0009734],[15.2286515,58.0001929],[15.2286193,57.9998276],[15.2278769,57.9989992],[15.2280868,57.9983998],[15.2278447,57.9980466],[15.2277013,57.9980412],[15.2274585,57.998044],[15.227673,57.9978649],[15.2271527,57.9975977],[15.2269703,57.9974925],[15.2270883,57.9974413],[15.2278769,57.9976744],[15.2276945,57.9974527],[15.2277696,57.9973134],[15.2277074,57.9971489],[15.227504,57.9968597],[15.2271259,57.9971144],[15.2270186,57.9973105],[15.2264528,57.9974659],[15.2259296,57.9973219],[15.2256668,57.9971428],[15.2253127,57.9969722],[15.2250129,57.9966814],[15.2247494,57.996597],[15.224213,57.9966254],[15.224127,57.9968303],[15.2239877,57.9968784],[15.2238321,57.9967732],[15.2234203,57.9966827],[15.2230489,57.9967732],[15.2228987,57.9967277],[15.222947,57.996614],[15.2230757,57.9964747],[15.2231562,57.9962586],[15.2232742,57.9961421],[15.2234244,57.9960767],[15.2235371,57.9959487],[15.2239528,57.9957839],[15.223977,57.9956815],[15.2238268,57.9955877],[15.2238643,57.9954597],[15.2238697,57.995255],[15.2239019,57.9951811],[15.2238536,57.9950816],[15.2238804,57.9947973],[15.2237409,57.9946381],[15.2238016,57.9944494],[15.2237731,57.9943197],[15.2240306,57.9941547],[15.2240574,57.9940695],[15.2242184,57.9940353],[15.2242505,57.9939444],[15.2244578,57.9938662],[15.2252215,57.993498],[15.2256185,57.9931227],[15.2257472,57.9929435],[15.2260369,57.992753],[15.2260511,57.9925298],[15.2261549,57.9924232],[15.2266002,57.992173],[15.2269167,57.9921417],[15.2271098,57.9919825],[15.2276623,57.9918261],[15.2277632,57.9917511],[15.2279359,57.9917579],[15.2281183,57.9916982],[15.228408,57.9916868],[15.2285528,57.9917522],[15.2289927,57.9917152],[15.2294218,57.9917039],[15.2299476,57.9916669],[15.2303888,57.9916918],[15.2305305,57.991745],[15.2306133,57.9918146],[15.2312832,57.9919918],[15.2312151,57.992375],[15.2314134,57.9924926],[15.2316187,57.9924605],[15.2320834,57.9920481],[15.2325112,57.9916643],[15.2327605,57.9913953],[15.2329216,57.9899111],[15.2325032,57.9896779],[15.2319002,57.9895408],[15.2312759,57.9896331],[15.2310077,57.989629],[15.2305591,57.9895801],[15.2301643,57.9895528],[15.2296342,57.9899963],[15.2293806,57.9900847],[15.2292609,57.9902509],[15.2289922,57.990099],[15.228327,57.989768],[15.2278045,57.9898798],[15.2270073,57.9899116],[15.226377,57.9900134],[15.2253041,57.9900075],[15.2236481,57.9901489],[15.2225177,57.9896141],[15.2209082,57.9893627],[15.2204579,57.9891714],[15.2202745,57.9891468],[15.2202947,57.9892005],[15.2201064,57.989235],[15.2200857,57.989211],[15.2198309,57.9892107],[15.219649,57.9890692],[15.2196197,57.9889065],[15.2195256,57.9889059],[15.2195205,57.9888967],[15.2195004,57.9888604],[15.2195347,57.9888398],[15.2196193,57.9888419],[15.2196361,57.988799],[15.2195242,57.988729],[15.2193179,57.988702],[15.2192916,57.9887549],[15.2192069,57.9887253],[15.219144,57.9886924],[15.2192249,57.9885751],[15.2191508,57.9884864],[15.2193779,57.9881187],[15.2191916,57.9879377],[15.2186706,57.9876978],[15.2180943,57.9872776],[15.217706,57.9870831],[15.2175795,57.9866373],[15.2172232,57.9862584],[15.2171802,57.9860138],[15.2168691,57.9857806],[15.2165687,57.9859001],[15.2164336,57.9858001],[15.2164614,57.9856328],[15.2163541,57.9855361],[15.2162254,57.9851095],[15.2160537,57.9848933],[15.2162361,57.9845862],[15.2161503,57.9843985],[15.2163863,57.9841425],[15.2163327,57.9840174],[15.216397,57.9838354],[15.2163541,57.9835567],[15.2164936,57.9829992],[15.216139,57.9830886],[15.2158713,57.9829139],[15.2158177,57.9828002],[15.2160537,57.9823906],[15.2165258,57.9820266],[15.2165151,57.9818559],[15.2161932,57.9817592],[15.2164885,57.9814085],[15.2166478,57.9810274],[15.2169871,57.9810169],[15.2175289,57.980869],[15.2181244,57.9804395],[15.2179956,57.9801522],[15.217765,57.9801429],[15.21683,57.9807235],[15.2156728,57.9806983],[15.2153253,57.9806004],[15.2151364,57.9805021],[15.2150989,57.9800754],[15.2150156,57.9797679],[15.2147931,57.9795009],[15.2149326,57.9793843],[15.214941,57.9792118],[15.2151686,57.9791226],[15.215233,57.9790316],[15.2155173,57.9789747],[15.2154582,57.97887],[15.2157748,57.9787016],[15.2162037,57.9786506],[15.2164826,57.97856],[15.2164958,57.9779468],[15.2163777,57.9775709],[15.2162436,57.9775399],[15.2160042,57.9772783],[15.2160237,57.97715],[15.2162222,57.9771787],[15.2163485,57.9771545],[15.2160478,57.9769341],[15.2161524,57.9768941],[15.2157662,57.9767403],[15.2156458,57.976429],[15.2162812,57.9757565],[15.2163777,57.9755601],[15.2163646,57.9751577],[15.2160374,57.9747565],[15.2157179,57.9745868],[15.2150366,57.9744675],[15.2147158,57.9745767],[15.2143232,57.9745528],[15.2139584,57.9746467],[15.213717,57.9746015],[15.2125344,57.9750981],[15.2123598,57.9751077],[15.2122986,57.9750219],[15.2123759,57.9747066],[15.2122125,57.9745835],[15.2120218,57.9746151],[15.2118716,57.974783],[15.2113682,57.9749777],[15.2110777,57.9749912],[15.210729,57.9746039],[15.2102813,57.9743986],[15.20986,57.9744193],[15.2093021,57.9742601],[15.2091816,57.9740829],[15.209168,57.9734237],[15.2091859,57.9730889],[15.2093718,57.9729715],[15.2094769,57.9724001],[15.2101067,57.9720775],[15.2102838,57.9718588],[15.2103589,57.9716679],[15.2104179,57.971264],[15.2105284,57.970939],[15.2102677,57.9709001],[15.2098546,57.971102],[15.2096703,57.9710946],[15.2095411,57.9710498],[15.2096271,57.9707165],[15.2096668,57.9703401],[15.2090392,57.9703592],[15.2089856,57.9702402],[15.2091626,57.9701149],[15.209747,57.9698758],[15.2099199,57.9696565],[15.2100885,57.9694851],[15.210571,57.9691891],[15.2106357,57.9688615],[15.2108738,57.9687665],[15.2111718,57.9688079],[15.2112976,57.9687234],[15.211244,57.9686381],[15.2110538,57.9685657],[15.2107588,57.9684634],[15.2108341,57.9682555],[15.2113971,57.968025],[15.2114586,57.967896],[15.2112923,57.9677591],[15.2104983,57.9676706],[15.2100585,57.9674401],[15.2090851,57.9671404],[15.2078912,57.9672043],[15.2073011,57.9672041],[15.2059547,57.9669747],[15.2051851,57.9665641],[15.2048798,57.9663187],[15.2042381,57.9655764],[15.2037137,57.9645898],[15.2037177,57.9645043],[15.2034403,57.9640565],[15.2034602,57.9638582],[15.2033186,57.9637742],[15.2035997,57.9635765],[15.2035477,57.9632098],[15.2033785,57.9626564],[15.2032403,57.9618433],[15.2032379,57.9612925],[15.2031223,57.961109],[15.203251,57.9609046],[15.2032969,57.9606098],[15.2032242,57.9599736],[15.2031491,57.9598687],[15.2032403,57.9594453],[15.2033315,57.9593161],[15.2033173,57.9590283],[15.2033602,57.9588863],[15.2033422,57.9586925],[15.203369,57.958377],[15.20321,57.9581676],[15.2029774,57.9579641],[15.2026298,57.9579181],[15.2024302,57.9578159],[15.2023283,57.9575458],[15.2021811,57.9575249],[15.2019731,57.9575929],[15.2017251,57.9575989],[15.2017519,57.9574427],[15.2018085,57.9572746],[15.2019807,57.9572311],[15.2020333,57.9571529],[15.2017597,57.957025],[15.2017597,57.9569023],[15.2020526,57.9566764],[15.2021835,57.9567287],[15.2024654,57.9570361],[15.2025727,57.9569361],[15.2025322,57.9567519],[15.2022508,57.9565062],[15.2020622,57.9564189],[15.2019957,57.956359],[15.2019826,57.9562473],[15.2023739,57.9561305],[15.2026126,57.955998],[15.2030608,57.955988],[15.2032432,57.955903],[15.2034846,57.955544],[15.2035943,57.9553399],[15.2038304,57.9550183],[15.2039406,57.9548636],[15.2041469,57.9544863],[15.2043668,57.9543551],[15.2042434,57.9540087],[15.2043078,57.9537384],[15.2045653,57.9534645],[15.2046458,57.9533105],[15.2045331,57.9528808],[15.2047101,57.9525963],[15.2046136,57.9521981],[15.2047399,57.9517297],[15.205091,57.9517139],[15.205271,57.9515277],[15.2052659,57.9512426],[15.2052841,57.9510706],[15.2056221,57.9511089],[15.2058023,57.951072],[15.205915,57.9509929],[15.2059737,57.9503551],[15.2061746,57.9501137],[15.2066896,57.9499151],[15.2067593,57.9497752],[15.2066789,57.9495987],[15.2065048,57.9494693],[15.2064621,57.9492927],[15.2063549,57.9491504],[15.2064438,57.9490143],[15.2064246,57.9487091],[15.2062958,57.9483656],[15.2062366,57.9481258],[15.2058903,57.9478279],[15.2054826,57.9477055],[15.2050888,57.9477184],[15.2052015,57.9474423],[15.2050159,57.9473836],[15.2050835,57.9472344],[15.2048421,57.9472174],[15.2049923,57.9470295],[15.2049279,57.9469298],[15.2046872,57.9469444],[15.2045792,57.9468074],[15.2049279,57.9466081],[15.2047079,57.9465138],[15.2044183,57.9465768],[15.2042305,57.9465199],[15.2039623,57.9466451],[15.2035385,57.9466053],[15.2035224,57.9464117],[15.203678,57.9461583],[15.2035654,57.9458651],[15.203619,57.9457711],[15.2038672,57.9456033],[15.2039838,57.9453184],[15.2038121,57.9452188],[15.20356,57.9452387],[15.2034724,57.9454088],[15.2031416,57.9453896],[15.2028894,57.9452131],[15.2029699,57.9449882],[15.202868,57.9448657],[15.2030235,57.9446807],[15.2031094,57.9445269],[15.2033025,57.9443419],[15.203325,57.944129],[15.2031898,57.9439774],[15.2032381,57.9438693],[15.2036887,57.9435988],[15.2036512,57.9434678],[15.2038014,57.9433681],[15.203705,57.9429066],[15.2037692,57.942645],[15.2037746,57.9423631],[15.2038872,57.9422349],[15.2037585,57.9420356],[15.2034098,57.9419844],[15.2033722,57.9418733],[15.2033764,57.9415989],[15.2031845,57.9415089],[15.2031791,57.9414291],[15.2032596,57.9413722],[15.2032542,57.9412412],[15.2034581,57.9410504],[15.2034742,57.9409764],[15.2033722,57.9409394],[15.20334,57.9408654],[15.2033722,57.9407543],[15.2033561,57.9405465],[15.2031523,57.9403671],[15.2031201,57.9401564],[15.2030396,57.9400368],[15.2030772,57.9398602],[15.203163,57.9397435],[15.2031577,57.939584],[15.2030808,57.9394466],[15.2027339,57.9393021],[15.2025944,57.9390003],[15.2022154,57.9389832],[15.2019668,57.939174],[15.2016878,57.9390544],[15.2015912,57.9388949],[15.2015161,57.9386899],[15.2015161,57.9384279],[15.2015376,57.937773],[15.2014357,57.9374085],[15.2011585,57.9371552],[15.2010816,57.9368987],[15.2017459,57.9362638],[15.2023369,57.9357881],[15.2030772,57.9355375],[15.2037285,57.9354282],[15.203855,57.9353865],[15.2038282,57.9350306],[15.2036941,57.9347885],[15.2035224,57.9346176],[15.2034688,57.9343613],[15.2032496,57.9342545],[15.2026534,57.9343044],[15.2022564,57.9342075],[15.2020633,57.934105],[15.2020365,57.933806],[15.2014035,57.9334414],[15.2008904,57.9332589],[15.2005988,57.9332364],[15.2004218,57.9330968],[15.1999175,57.9330541],[15.1996165,57.9326871],[15.1997244,57.9323364],[15.1996057,57.9320758],[15.1998532,57.931838],[15.2002287,57.9316386],[15.2015627,57.9315247],[15.2025568,57.9312626],[15.2034044,57.9306816],[15.2035398,57.9303392],[15.2034688,57.9301689],[15.2037799,57.9299012],[15.2038979,57.9297132],[15.204134,57.9295366],[15.2044451,57.9294227],[15.2047133,57.9290353],[15.2050674,57.9288245],[15.2057218,57.928591],[15.2063441,57.9282776],[15.2064514,57.9280897],[15.2061939,57.9275997],[15.2063763,57.9275484],[15.2071166,57.9276225],[15.2076241,57.9274176],[15.2079534,57.9271383],[15.208962,57.9266084],[15.2096432,57.926204],[15.2107773,57.9259236],[15.211185,57.9253408],[15.2128876,57.9245005],[15.2132235,57.9239951],[15.2138114,57.9235205],[15.2149915,57.9228368],[15.2154153,57.9227086],[15.2160698,57.9221303],[15.2159674,57.9220703],[15.2159196,57.9219337],[15.2162522,57.9218568],[15.2162844,57.9217856],[15.2165526,57.9217457],[15.2167833,57.92174],[15.216853,57.9215035],[15.2167886,57.9214237],[15.2162522,57.921287],[15.215866,57.9212414],[15.2145831,57.9211368],[15.2139894,57.9219034],[15.2131355,57.9223354],[15.2126312,57.9224379],[15.2122024,57.9223605],[15.2117214,57.9219326],[15.2100477,57.9220009],[15.2091894,57.9221605],[15.2079663,57.9219092],[15.2075243,57.9216175],[15.2077989,57.9209826],[15.2082234,57.9207622],[15.2085006,57.9207172],[15.2089727,57.9199707],[15.2085516,57.9197009],[15.2084148,57.919532],[15.2086082,57.9193002],[15.2100263,57.9178755],[15.2099738,57.9171228],[15.2090317,57.9171603],[15.2085468,57.9175153],[15.2074695,57.919159],[15.2064857,57.9209292],[15.2049961,57.9218355],[15.2044705,57.9232968],[15.203884,57.924664],[15.2023031,57.9257734],[15.2018734,57.9257923],[15.2033575,57.9241834],[15.2030616,57.9236269],[15.2013366,57.923202],[15.1999783,57.9229946],[15.1980706,57.9236744],[15.1972667,57.9245117],[15.1959682,57.9245117],[15.1948243,57.9237729],[15.1934948,57.9242655],[15.193433,57.9248565],[15.1927219,57.9259073],[15.191176,57.9264326],[15.1910214,57.9272863],[15.188919,57.9290757],[15.187912,57.9294979],[15.1873627,57.9300476],[15.1874442,57.930333],[15.1867548,57.9314724],[15.1874041,57.9318664],[15.1874659,57.9327856],[15.1860437,57.9331795],[15.1839413,57.934427],[15.182952,57.9352805],[15.182581,57.9368069],[15.1816225,57.9372993],[15.1819317,57.9375947],[15.1832611,57.9376932],[15.1839104,57.9373157],[15.1848689,57.9371844],[15.1863838,57.937726],[15.184807,57.9378901],[15.1821481,57.9398103],[15.1793037,57.9416811],[15.1771086,57.943716],[15.1776033,57.9442247],[15.1764593,57.9454881],[15.1753463,57.944881],[15.1749444,57.9452748],[15.1757467,57.9460308],[15.1756003,57.9473828],[15.1745169,57.9483929],[15.1747511,57.9488124],[15.1743412,57.9494495],[15.1748097,57.9497292],[15.1752782,57.9504596],[15.1755058,57.950926],[15.1753432,57.9512042],[15.1752828,57.9512697],[15.1751472,57.9513597],[15.1748772,57.9514612],[15.1748001,57.9514691],[15.1746327,57.9514388],[15.1745557,57.9514354],[15.1744836,57.9514495],[15.1742156,57.9516251],[15.1741139,57.9516147],[15.1740779,57.9516418],[15.1740586,57.951709],[15.1740839,57.9518536],[15.1739619,57.9520691],[15.1739645,57.9522513],[15.173893,57.95239],[15.1736419,57.952691],[15.173423,57.9528622],[15.1732827,57.9530088],[15.1729917,57.9531705],[15.1729294,57.9531889],[15.1726803,57.9532075],[15.1725935,57.9532286],[15.1723484,57.9533989],[15.1722371,57.9534539],[15.1719718,57.9535214],[15.1718753,57.9535686],[15.1718443,57.9536],[15.1718395,57.953634],[15.1718708,57.9536584],[15.1719973,57.9536992],[15.1720844,57.9537366],[15.1722368,57.953732],[15.1723106,57.9537241],[15.1723516,57.9537336],[15.172495,57.9538824],[15.1728618,57.9537861],[15.17297,57.9537798],[15.1730307,57.9537876],[15.1730737,57.9538546],[15.1730819,57.9538703],[15.172984,57.9539576],[15.1727581,57.9540451],[15.1727402,57.9540695],[15.1727485,57.9540965],[15.1728045,57.9541444],[15.1729277,57.9541965],[15.1731494,57.9542599],[15.1732233,57.9542894],[15.173355,57.9543947],[15.1733192,57.9544444],[15.1732145,57.954506],[15.1731311,57.9545497],[15.173091,57.9545563],[15.173013,57.9545403],[15.1729259,57.9545051],[15.172779,57.9544765],[15.1727266,57.954474],[15.1726602,57.9544846],[15.1725956,57.9545212],[15.172484,57.954667],[15.1724362,57.9547834],[15.1724365,57.9548527],[15.172472,57.9549089],[15.1725733,57.9550051],[15.1726391,57.9550364],[15.172582,57.9551105],[15.1725085,57.9551533],[15.1724453,57.9551482],[15.1724232,57.9551508],[15.1723816,57.9552102],[15.1721383,57.9552441],[15.1719318,57.9554296],[15.1718255,57.9554986],[15.1716896,57.9555423],[15.1714554,57.9555897],[15.1712049,57.9556729],[15.1711033,57.9556939],[15.170982,57.9557011],[15.1708556,57.9556847],[15.1705684,57.9556232],[15.1704238,57.9555658],[15.1703267,57.9554901],[15.1702575,57.9554126],[15.1702145,57.9553386],[15.170186,57.9552096],[15.170202,57.9551198],[15.1703824,57.9547805],[15.1703707,57.9547439],[15.1703099,57.9547178],[15.1701343,57.9546693],[15.1700686,57.9546624],[15.1697739,57.9547491],[15.1693103,57.9546715],[15.1689777,57.9547401],[15.1685756,57.9548335],[15.168474,57.9548467],[15.1680658,57.9548653],[15.1674864,57.955144],[15.1669586,57.9558737],[15.1663441,57.9558545],[15.1663063,57.9551445],[15.1658664,57.9551212],[15.1658878,57.9548602],[15.1663063,57.9544737],[15.1670009,57.9542272],[15.1667783,57.9534766],[15.1671726,57.9527903],[15.1670671,57.9518256],[15.1670671,57.9515814],[15.1672495,57.9509047],[15.1668507,57.9506995],[15.166163,57.9511017],[15.165714,57.9511601],[15.1652226,57.9509995],[15.1641927,57.9518882],[15.1641385,57.9528393],[15.1630629,57.9536593],[15.1620641,57.9541884],[15.1614092,57.9537437],[15.1605878,57.9537063],[15.1600095,57.9538941],[15.159869,57.9541566],[15.1584683,57.9544166],[15.1579623,57.9547559],[15.1576588,57.9551468],[15.1570258,57.9554209],[15.1567254,57.9557781],[15.1571546,57.9560064],[15.15694,57.956217],[15.1574158,57.9563197],[15.1585922,57.956205],[15.1589141,57.9563303],[15.1586754,57.9566934],[15.1588604,57.9571104],[15.1577945,57.95751],[15.1590428,57.9577593],[15.1592705,57.9579803],[15.1594076,57.9585909],[15.158947,57.9590664],[15.1579807,57.959558],[15.158051,57.9598303],[15.1572618,57.9601172],[15.1568112,57.9598539],[15.1576068,57.9595511],[15.1576635,57.9592054],[15.1570151,57.9588462],[15.1571775,57.9583639],[15.1570795,57.9581942],[15.1560657,57.9580242],[15.1553843,57.9577146],[15.153893,57.9583567],[15.1537344,57.959386],[15.1532514,57.9597808],[15.1525712,57.9599692],[15.1513186,57.9604743],[15.1509426,57.961163],[15.1502377,57.9612214],[15.1496851,57.9613324],[15.1493272,57.9615842],[15.1493259,57.9621374],[15.1488912,57.9623824],[15.1486569,57.9626693],[15.1480383,57.9627519],[15.1480023,57.9626914],[15.1477206,57.9622924],[15.1476788,57.9618958],[15.1473428,57.9615838],[15.1475286,57.9613523],[15.147534,57.9612441],[15.147078,57.9614177],[15.147078,57.9615372],[15.1471424,57.9617251],[15.1473194,57.9618531],[15.1475072,57.9622117],[15.1474213,57.9624308],[15.1474569,57.9627612],[15.1468634,57.9628121],[15.1465645,57.9632074],[15.1461017,57.9630853],[15.1460628,57.963488],[15.1460588,57.9635292],[15.1457191,57.9638465],[15.1453524,57.9649581],[15.1445141,57.9659723],[15.1430735,57.9673478],[15.1428901,57.9680286],[15.141987,57.9682114],[15.1414572,57.9680122],[15.140336,57.9680508],[15.1400337,57.968124],[15.1398386,57.9681712],[15.1395364,57.9684115],[15.1393149,57.968749],[15.1388391,57.9694795],[15.1384555,57.9696613],[15.1374511,57.9704701],[15.1357988,57.9717902],[15.1350693,57.9724162],[15.1333014,57.9732407],[15.1329661,57.9735883],[15.1316677,57.9738556],[15.1307538,57.9743782],[15.1296917,57.9745635],[15.1286311,57.9752922],[15.1278184,57.9761592],[15.1272259,57.9764671],[15.1265712,57.9764448],[15.1257727,57.9768282],[15.1256212,57.9771367],[15.1253052,57.9771898],[15.1249949,57.9769904],[15.1243938,57.9771127],[15.1237326,57.9770278],[15.1206653,57.9779606],[15.1204829,57.9781882],[15.1185468,57.978455],[15.1173699,57.9790819],[15.1166913,57.9792671],[15.1152762,57.980497],[15.1155699,57.981294],[15.1153185,57.9818209],[15.114516,57.9817231],[15.1135529,57.9820023],[15.11222,57.9819162],[15.1090867,57.9813155],[15.10589,57.9817689],[15.1052892,57.9817464],[15.1024568,57.9822754],[15.1019096,57.9824168],[15.0999059,57.9830577],[15.0976503,57.9840276],[15.0965774,57.9846525],[15.0960816,57.9848491],[15.0943887,57.985062],[15.091588,57.9849332],[15.0910091,57.9849041],[15.0905049,57.9854669],[15.0889165,57.9863215],[15.0883162,57.9871161],[15.0873506,57.9874286],[15.0867922,57.9874761],[15.0865138,57.988065],[15.085237,57.9885942],[15.0841896,57.9895147],[15.0822774,57.9916945],[15.0801081,57.9929245],[15.0797138,57.9935395],[15.078553,57.9942872],[15.0777483,57.9941786],[15.0772977,57.9938829],[15.0768967,57.9940224],[15.0768471,57.9944411],[15.0758058,57.9948533],[15.0758922,57.9953668],[15.0756025,57.9958347],[15.0759385,57.9964841],[15.0746023,57.997169],[15.0736963,57.9972876],[15.072219,57.9979972],[15.0702544,57.9992049],[15.0686277,58.0006957],[15.0684788,58.0015406],[15.068305,58.0017754],[15.0681921,58.0024946],[15.0678184,58.0030775],[15.067473,58.00394],[15.0676412,58.0042272],[15.0674953,58.0044483],[15.0665898,58.0048239],[15.0662009,58.0053346],[15.0656993,58.0061955],[15.0648201,58.0066864],[15.0641549,58.0069644],[15.0635154,58.00772],[15.0630594,58.0079058],[15.061507,58.0080058],[15.0608573,58.0083432],[15.0603182,58.0089192],[15.0602659,58.0091581],[15.0605405,58.0096038],[15.0615697,58.0105624],[15.0613976,58.0116339],[15.061242,58.0126114],[15.0614727,58.0129666],[15.0612723,58.0133266],[15.060385,58.0136707],[15.0597635,58.0139891],[15.0596809,58.0143453],[15.0599886,58.0146569],[15.0599462,58.0148986],[15.0592268,58.0159276],[15.0587961,58.0164459],[15.0582521,58.0167171],[15.0566871,58.0173083],[15.0550533,58.0175562],[15.0535693,58.0178421],[15.0515372,58.0183925],[15.0508481,58.0186704],[15.050695,58.0190603],[15.0498504,58.0199387],[15.0498176,58.0202143],[15.0496497,58.0205258],[15.0497015,58.0208399],[15.0503136,58.0211853],[15.0504887,58.0214994],[15.0505024,58.0216362],[15.0500955,58.0219206],[15.0499499,58.0222959],[15.0500572,58.0226548],[15.0498788,58.023248],[15.0485932,58.0245144],[15.0478792,58.0247258],[15.0470126,58.0248077],[15.0463013,58.0250093],[15.0458026,58.0252705],[15.0454837,58.0257459],[15.0451029,58.0260508],[15.0442486,58.0265297],[15.0425872,58.0278476],[15.0419864,58.0281937],[15.0417292,58.0284697],[15.0415972,58.0286259],[15.0415744,58.0287387],[15.0414282,58.0288127],[15.0411831,58.0287904],[15.0410809,58.0288337],[15.0410549,58.0289925],[15.0412263,58.029211],[15.0415629,58.029319],[15.0419872,58.0292169],[15.0423091,58.0292704],[15.0430075,58.0297643],[15.0429785,58.0299436],[15.0419483,58.0307051],[15.041609,58.0308023],[15.0407743,58.0308667],[15.0405589,58.0309462],[15.0403562,58.0316462],[15.0404195,58.031941],[15.0400707,58.0320833],[15.0390258,58.0321017],[15.038462,58.0322068],[15.0380406,58.0321993],[15.0378597,58.0322324],[15.0378031,58.0322427],[15.0377123,58.0324406],[15.03778,58.0324553],[15.0377556,58.0325071],[15.0376739,58.0326798],[15.0376055,58.0326695],[15.0375437,58.0328163],[15.03745,58.0330387],[15.0374746,58.0331624],[15.037469,58.0331761],[15.0374608,58.0331928],[15.0371655,58.0331483],[15.0366878,58.0332545],[15.0363401,58.0333302],[15.0359219,58.0333538],[15.0356762,58.0334407],[15.0356167,58.0336445],[15.0356878,58.0336874],[15.0353697,58.0346402],[15.0352417,58.0347565],[15.0350475,58.0347924],[15.0335243,58.0346707],[15.032924,58.0345947],[15.0326912,58.0346268],[15.0325678,58.0346978],[15.0326035,58.0347708],[15.0335326,58.0348943],[15.0340637,58.0350372],[15.0344942,58.0351235],[15.0345765,58.0352637],[15.0344397,58.0353759],[15.0342506,58.0354233],[15.0335128,58.0353906],[15.0325427,58.0354092],[15.0322672,58.035522],[15.0321056,58.035783],[15.0321619,58.0359523],[15.0322736,58.0361918],[15.0325057,58.0363319],[15.0324418,58.0363787],[15.0325236,58.0364056],[15.0326067,58.0363936],[15.0326496,58.0363971],[15.032663,58.0364127],[15.0326479,58.0364376],[15.033111,58.0364463],[15.0331626,58.0364404],[15.0331941,58.0363914],[15.0332507,58.0363597],[15.0334087,58.036346],[15.0335401,58.0363723],[15.033579,58.0363985],[15.0335804,58.0364319],[15.0336418,58.036455],[15.0336734,58.0366288],[15.0335611,58.0367626],[15.0331269,58.0368073],[15.0323986,58.0367175],[15.0321582,58.0367238],[15.0319949,58.0368401],[15.0316709,58.0368167],[15.0313488,58.0368238],[15.0310043,58.036851],[15.0303633,58.036829],[15.0299618,58.0368043],[15.0296372,58.0367844],[15.0289431,58.0368531],[15.0281506,58.0371256],[15.0278728,58.0372339],[15.0277405,58.037287],[15.0267445,58.0383934],[15.0262204,58.0388433],[15.0253481,58.0392041],[15.0247615,58.0396465],[15.0242586,58.0402205],[15.0238032,58.0410271],[15.0232029,58.0419366],[15.0222429,58.0424963],[15.022277,58.0425588],[15.0212824,58.0428652],[15.0201192,58.0438572],[15.019152,58.0446104],[15.0180016,58.0454111],[15.0172473,58.0454301],[15.0168316,58.0461069],[15.015484,58.0477006],[15.0144093,58.0486403],[15.0140208,58.0492284],[15.0131119,58.0499636],[15.0120261,58.0505082],[15.0115187,58.0505914],[15.0103843,58.050488],[15.009481,58.0502736],[15.0088737,58.0505427],[15.0087793,58.0510582],[15.0097909,58.0513315],[15.0106268,58.0515903],[15.0108607,58.0515782],[15.0112573,58.0516893],[15.011173,58.0518132],[15.011119,58.0523073],[15.0110159,58.0524442],[15.0105683,58.0529355],[15.0102741,58.0532841],[15.0102212,58.0534435],[15.0102212,58.0536285],[15.009909,58.0544949],[15.0096242,58.0545065],[15.0094375,58.0548559],[15.0094927,58.0549692],[15.0087508,58.0558082],[15.0077311,58.0564584],[15.0072829,58.0570591],[15.0069277,58.0580458],[15.0063728,58.0591092],[15.005721,58.0599118],[15.0049228,58.0602938],[15.0028993,58.0610473],[15.0015805,58.0614965],[15.0011044,58.0615765],[14.9997982,58.0620248],[14.999755,58.0622362],[14.9999063,58.062263],[14.9998636,58.0624845],[14.9997158,58.0625753],[14.9991673,58.0626122],[14.9979343,58.0630368],[14.9971339,58.0636152],[14.9948004,58.0641414],[14.99422,58.0645599],[14.9934263,58.0644027],[14.9932665,58.0642718],[14.9934244,58.0640879],[14.9936524,58.0639226],[14.9936449,58.0636222],[14.9931221,58.0629344],[14.9926116,58.0627088],[14.9922469,58.0624979],[14.9922025,58.0620677],[14.9915276,58.0618365],[14.9909045,58.0617882],[14.9905966,58.0621215],[14.9900762,58.0621655],[14.9891998,58.0625101],[14.9881606,58.0627139],[14.9870081,58.0625906],[14.9861227,58.062713],[14.9861666,58.0630746],[14.9859588,58.0633443],[14.9855163,58.0632948],[14.9846987,58.0631589],[14.9847267,58.0630998],[14.9845502,58.0630698],[14.9844321,58.0631145],[14.9843356,58.0630967],[14.9843358,58.0630271],[14.9842255,58.0630054],[14.9840669,58.0632458],[14.9841697,58.0632687],[14.9843666,58.0631413],[14.9851876,58.063275],[14.9859448,58.0634335],[14.9859604,58.063548],[14.9853416,58.0638041],[14.9852069,58.0641178],[14.9855416,58.0643228],[14.9860846,58.0644754],[14.9862511,58.064453],[14.9864898,58.0645324],[14.9865982,58.0646461],[14.9872771,58.0648566],[14.9879275,58.0649671],[14.988108,58.0650559],[14.9880238,58.065105],[14.9878666,58.0651038],[14.98749,58.0649633],[14.9873474,58.0649755],[14.9872551,58.0651145],[14.9870869,58.0651428],[14.9868938,58.0651133],[14.9868055,58.0649514],[14.9863646,58.0649704],[14.9854888,58.0652871],[14.9852727,58.0655321],[14.9854813,58.0657445],[14.985454,58.0659642],[14.9858791,58.0665307],[14.9863764,58.0676581],[14.9869803,58.0686728],[14.9875487,58.069368],[14.9884238,58.0701811],[14.9893359,58.0707188],[14.9902664,58.0710693],[14.9907014,58.0711065],[14.9909905,58.0712176],[14.9915252,58.071595],[14.9922292,58.0717874],[14.9936884,58.0719235],[14.9953352,58.0719859],[14.9975615,58.0715519],[14.9981355,58.0715746],[14.9999325,58.0711887],[15.0010698,58.0709362],[15.0023251,58.0706355],[15.0034516,58.0699347],[15.0040149,58.0695744],[15.0050448,58.0695319],[15.0057203,58.0696778],[15.0064015,58.0700977],[15.0077534,58.0697147],[15.0083542,58.069743],[15.0090945,58.0695898],[15.0104915,58.0690649],[15.0110713,58.068609],[15.0111654,58.0682691],[15.0109146,58.0680287],[15.0105385,58.0678381],[15.010607,58.0673302],[15.011087,58.067274],[15.0119424,58.0673756],[15.0124372,58.0669449],[15.0133431,58.0662021],[15.013386,58.0656005],[15.0136328,58.0653196],[15.0142282,58.06505],[15.0146949,58.0650444],[15.0155882,58.0652251],[15.0161177,58.0652601],[15.0162431,58.0647876],[15.0157463,58.0640597],[15.0167495,58.0628935],[15.0182003,58.0622101],[15.0186995,58.0621769],[15.0198957,58.0617101],[15.0205126,58.06172],[15.0211054,58.0619017],[15.0211771,58.0621632],[15.0217652,58.0626693],[15.0229615,58.0630439],[15.0238198,58.0637703],[15.0247843,58.0653761],[15.0251394,58.0657793],[15.0250804,58.0668575],[15.0257873,58.0671832],[15.0262177,58.0672973],[15.0264432,58.068019],[15.0252146,58.0697019],[15.0252065,58.0699402],[15.0253916,58.0702282],[15.0253379,58.0707601],[15.0255456,58.0711941],[15.0260396,58.071352],[15.0267141,58.0712473],[15.0266474,58.0713897],[15.0263135,58.0716218],[15.0253943,58.0713715],[15.0251368,58.071424],[15.0250892,58.0725379],[15.0254104,58.0725546],[15.0260085,58.0724879],[15.025346,58.073173],[15.0253478,58.0736756],[15.024564,58.0744782],[15.0241953,58.0750737],[15.0242382,58.0756297],[15.0244974,58.0761283],[15.0238236,58.0762911],[15.0227407,58.077021],[15.0223804,58.0773576],[15.0227727,58.0776493],[15.0220079,58.0780293],[15.0221688,58.0783397],[15.0215852,58.0788768],[15.0213772,58.079378],[15.0206814,58.0800243],[15.0206328,58.0808409],[15.0203052,58.0812871],[15.0200636,58.0813946],[15.0193993,58.0813263],[15.0186289,58.0818297],[15.0182471,58.0824179],[15.017898,58.0826593],[15.0181686,58.0833788],[15.017828,58.0837237],[15.0172985,58.0837489],[15.017387,58.0840819],[15.0169353,58.0845453],[15.0160174,58.0851648],[15.0164976,58.0856851],[15.0158939,58.085972],[15.0147574,58.0859303],[15.0139626,58.0862019],[15.0139111,58.0869245],[15.0146821,58.0874215],[15.0147574,58.0881373],[15.0139675,58.0888531],[15.0136854,58.0889326],[15.013178,58.0887399],[15.0132168,58.0892365],[15.0128579,58.0896683],[15.0117484,58.0901653],[15.011026,58.0910245],[15.0104507,58.0914277],[15.0097737,58.0919148],[15.0094064,58.0926576],[15.0086113,58.0931498],[15.0077029,58.0935985],[15.0079871,58.093873],[15.0079495,58.0943401],[15.0084008,58.0944694],[15.0082692,58.0951055],[15.0080059,58.095672],[15.0073665,58.096],[15.0062838,58.0961847],[15.0045057,58.0966092],[15.0037369,58.0970933],[15.0027966,58.0972424],[15.0021759,58.0971827],[15.001687,58.0969343],[15.001687,58.0965665],[15.0020015,58.096216],[15.0016361,58.0960839],[15.0009829,58.0959718],[15.0002255,58.0957289],[14.9999026,58.0953768],[14.9999004,58.0950657],[14.9991694,58.0945876],[14.9980574,58.0946483],[14.9973079,58.094214],[14.996169,58.0942948],[14.995763,58.0941612],[14.9950536,58.0934901],[14.9939499,58.0933365],[14.9939576,58.0928989],[14.99392,58.0925609],[14.9933558,58.0922031],[14.9929714,58.0918072],[14.992386,58.091758],[14.9917604,58.092309],[14.9913707,58.0933651],[14.9909465,58.0942367],[14.9915689,58.094549],[14.9923214,58.0948868],[14.9932994,58.0954434],[14.9942773,58.0961889],[14.9948979,58.096974],[14.9952552,58.0978884],[14.9959909,58.0990437],[14.9952472,58.0989853],[14.9950274,58.0997796],[14.995591,58.1002436],[14.9962469,58.1004923],[14.9968021,58.1002865],[14.9970124,58.1008172],[14.9972379,58.1010517],[14.9979094,58.1014054],[14.9971605,58.1016749],[14.9967221,58.1018238],[14.9959265,58.1020654],[14.995193,58.1022743],[14.9951049,58.1025537],[14.9951773,58.1028523],[14.9949708,58.1030262],[14.9956741,58.1035856],[14.9957177,58.1040327],[14.9955295,58.1042774],[14.995121,58.1048861],[14.994745,58.1051815],[14.9955932,58.1055012],[14.9952923,58.1056933],[14.9954115,58.1061065],[14.9955463,58.1069141],[14.9955698,58.1075526],[14.9960639,58.1075275],[14.9964776,58.1072493],[14.9967013,58.1067408],[14.9965269,58.1065299],[14.9966887,58.1064538],[14.9971106,58.1065155],[14.9976473,58.1064022],[14.998025,58.1064547],[14.9989227,58.1062149],[14.9998958,58.1063302],[15.000052,58.1064861],[15.0002886,58.1064784],[15.000797,58.1066703],[15.0007112,58.1068743],[15.0009477,58.1071821],[15.0017841,58.1076566],[15.0021703,58.1077019],[15.0023849,58.1079853],[15.0022776,58.1087222],[15.0017922,58.1089397],[15.0009864,58.1094833],[15.0004646,58.1098325],[14.9989742,58.1101279],[14.9985683,58.1103718],[14.9979957,58.1105027],[14.9978671,58.1110442],[14.9975823,58.1111964],[14.9972778,58.1110644],[14.99606,58.1110758],[14.9957003,58.1111481],[14.9949487,58.1105355],[14.9944435,58.1105635],[14.9940798,58.110323],[14.9937393,58.1103568],[14.9935113,58.1104153],[14.9932862,58.1104614],[14.9931438,58.1106585],[14.9930982,58.110812],[14.9928599,58.1110274],[14.9925561,58.1110312],[14.9927136,58.1111597],[14.9920073,58.1112665],[14.991462,58.1115205],[14.991268,58.1118143],[14.9908749,58.1118577],[14.9900837,58.1117448],[14.9902917,58.1119708],[14.9901629,58.1121975],[14.9897552,58.1121975],[14.9900117,58.1123059],[14.9901844,58.1123789],[14.9905427,58.1122951],[14.9908952,58.1125036],[14.9907822,58.1126808],[14.9910075,58.1127734],[14.9906853,58.1128329],[14.990356,58.113025],[14.9902058,58.1132177],[14.9906853,58.1132501],[14.9912073,58.1135175],[14.9910913,58.1137324],[14.9913763,58.1137721],[14.9914104,58.1138711],[14.9911555,58.1139852],[14.9908647,58.1145327],[14.9910748,58.1145896],[14.9911499,58.1148851],[14.9919449,58.1148483],[14.9922086,58.1151674],[14.9922462,58.1155647],[14.9907435,58.1160044],[14.9906397,58.116294],[14.9895553,58.1168502],[14.989087,58.1170532],[14.9881879,58.1170274],[14.9878271,58.1172122],[14.9874051,58.1172051],[14.9871681,58.1167826],[14.9867407,58.1167656],[14.9854552,58.1171414],[14.9851994,58.1171615],[14.9845815,58.117068],[14.9844515,58.1171123],[14.9843859,58.1172473],[14.9845215,58.117687],[14.984616,58.1179741],[14.9847237,58.1186043],[14.9849333,58.1187719],[14.985291,58.11889],[14.9849414,58.1196543],[14.9845783,58.1199047],[14.9843476,58.1203325],[14.9834481,58.1203571],[14.9828486,58.1203472],[14.9825145,58.1204679],[14.9813952,58.1208169],[14.9811825,58.1213241],[14.9806513,58.1217882],[14.9806459,58.1219613],[14.9808872,58.1220607],[14.9810624,58.1222281],[14.9809822,58.1224452],[14.9812448,58.1225985],[14.9808496,58.1229844],[14.9804705,58.12299],[14.9800826,58.1232543],[14.9797378,58.1233888],[14.9796817,58.1237676],[14.9800221,58.1239179],[14.9803319,58.1239662],[14.9808564,58.1237199],[14.9813371,58.1236057],[14.9814691,58.1237129],[14.9810349,58.1240411],[14.9804466,58.1241143],[14.9800774,58.1243525],[14.9799964,58.1246566],[14.9808025,58.1248117],[14.9804513,58.124944],[14.9796111,58.1248863],[14.9792023,58.1249875],[14.9786472,58.1253182],[14.9786681,58.1258445],[14.9787291,58.1259434],[14.9787412,58.1264654],[14.9789497,58.1265903],[14.9789057,58.1268891],[14.978709,58.1269559],[14.9788127,58.127085],[14.9787196,58.127281],[14.9786671,58.1274901],[14.9787245,58.1276817],[14.978088,58.127668],[14.9778451,58.1278568],[14.9775472,58.1279374],[14.9775223,58.1280505],[14.9773958,58.128113],[14.9767843,58.1279919],[14.975413,58.12797],[14.9738894,58.1280618],[14.9735154,58.1281589],[14.9733425,58.1280795],[14.9731769,58.1281659],[14.9733996,58.1282564],[14.972735,58.12868],[14.9725404,58.1289398],[14.9730487,58.1289929],[14.9733631,58.129446],[14.972892,58.1299344],[14.9724507,58.1299064],[14.9720874,58.1300029],[14.9717529,58.1299788],[14.9714898,58.130117],[14.9710551,58.1300512],[14.9708093,58.1302228],[14.970821,58.1305982],[14.9709673,58.1307986],[14.9704222,58.1313635],[14.9706465,58.1313615],[14.9706703,58.1313744],[14.9706648,58.1314123],[14.9704833,58.1314079],[14.9704257,58.1314381],[14.9704202,58.1315077],[14.9704747,58.1315462],[14.9704727,58.1315958],[14.9706172,58.1317548],[14.9706727,58.1317553],[14.9708933,58.1317038],[14.9709452,58.1317541],[14.9707222,58.1318024],[14.9706973,58.1318265],[14.9708174,58.1319363],[14.9708665,58.1319502],[14.9709399,58.1319539],[14.9709805,58.1319127],[14.9710371,58.1318994],[14.9710829,58.1319083],[14.9711144,58.1319261],[14.9711313,58.1319543],[14.9711156,58.1320031],[14.9711938,58.1320353],[14.9712089,58.1321054],[14.9711716,58.1321558],[14.9710972,58.1321558],[14.9709726,58.132134],[14.9709081,58.132086],[14.970843,58.1320647],[14.9708117,58.1320877],[14.9708128,58.1321279],[14.9706416,58.1321635],[14.9706744,58.1321919],[14.9704002,58.1322279],[14.9702412,58.132258],[14.9699621,58.1322659],[14.9696831,58.1321939],[14.9696774,58.1320575],[14.9695832,58.1320248],[14.9692427,58.1320173],[14.969227,58.1320024],[14.9692214,58.132125],[14.9689635,58.132127],[14.9689581,58.1319874],[14.9688981,58.1318419],[14.9687596,58.1317431],[14.9685669,58.1316715],[14.9684311,58.1316996],[14.9684076,58.1317345],[14.9684674,58.131778],[14.9684581,58.1318111],[14.968295,58.1318271],[14.9681167,58.1319478],[14.9679942,58.1320467],[14.9677947,58.1324454],[14.9679629,58.1325065],[14.9681902,58.1328129],[14.9681649,58.1328588],[14.9680567,58.1328705],[14.9679548,58.1330407],[14.9680724,58.1330587],[14.9681133,58.1331097],[14.9680094,58.1331383],[14.9679274,58.1331423],[14.9678881,58.1332275],[14.967711,58.1335662],[14.9676313,58.1337711],[14.9675472,58.1341578]]]}},{"type":"Feature","properties":{"kind":"lake-islands-focus-mask"},"geometry":{"type":"MultiPolygon","coordinates":[[[[14.9755145,58.1336944],[14.9757291,58.1334905],[14.9761529,58.1334791],[14.976287,58.1337057],[14.9760724,58.1338756],[14.9758257,58.1339252],[14.9755843,58.1338969],[14.9755145,58.1336944]]],[[[14.9776388,58.1280878],[14.9776925,58.1280652],[14.977789,58.1281048],[14.9781485,58.1279745],[14.9782826,58.1278641],[14.9783899,58.1278725],[14.9784381,58.1279972],[14.9782933,58.1281416],[14.9783845,58.1282464],[14.9782933,58.1286996],[14.9784489,58.1289121],[14.9781002,58.1288158],[14.977891,58.1286883],[14.9778641,58.1284136],[14.9777837,58.1282918],[14.9778212,58.1282181],[14.9777676,58.1281615],[14.9776388,58.1280878]]],[[[14.9811364,58.1221433],[14.9812115,58.1220129],[14.9814368,58.121928],[14.9818124,58.121928],[14.9820484,58.1221773],[14.9819115,58.1222661],[14.9817051,58.1222821],[14.9818124,58.1223982],[14.9815978,58.1224152],[14.9813617,58.1223699],[14.9813188,58.1222962],[14.9815763,58.1222906],[14.9813403,58.1222226],[14.9811364,58.1221433]]],[[[14.9826707,58.121724],[14.982735,58.1215993],[14.9830354,58.121571],[14.9832822,58.1215823],[14.9834002,58.1215823],[14.9835826,58.1217013],[14.9832286,58.121809],[14.9829174,58.1217863],[14.9827458,58.121894],[14.9826707,58.121724]]],[[[14.9885087,58.065144],[14.9885141,58.0650873],[14.9886509,58.0650727],[14.9888494,58.0651209],[14.9889004,58.0651894],[14.9888977,58.0652486],[14.9887582,58.0652628],[14.9886509,58.0652316],[14.9885087,58.065144]]],[[[14.9905036,58.0659527],[14.9909941,58.0659527],[14.991569,58.0662836],[14.9913661,58.0663641],[14.9909264,58.0662479],[14.9905375,58.066221],[14.9905036,58.0659527]]],[[[14.9915736,58.0647392],[14.9919964,58.064453],[14.992453,58.0644351],[14.9931463,58.064453],[14.9932477,58.0648823],[14.9931632,58.0652133],[14.9927743,58.065267],[14.9924191,58.0653922],[14.9920302,58.0653832],[14.9916074,58.0650523],[14.9915736,58.0647392]]],[[[14.9927223,58.1226367],[14.9929906,58.1222798],[14.9929369,58.1220701],[14.9933017,58.1217018],[14.9935973,58.1216253],[14.9935485,58.1213845],[14.9939084,58.1213874],[14.9943639,58.1215432],[14.9944819,58.1217925],[14.9946857,58.1219001],[14.9949647,58.1218605],[14.9950076,58.1216905],[14.9949218,58.1214468],[14.9950398,58.1214525],[14.9952114,58.1216225],[14.9955762,58.1215772],[14.9954367,58.1221778],[14.9956084,58.1224611],[14.9953402,58.1230617],[14.9948681,58.1232486],[14.9940634,58.1232203],[14.9937201,58.1232996],[14.9935807,58.1231806],[14.993012,58.1232316],[14.9929047,58.1230673],[14.993211,58.1229795],[14.9930335,58.1228237],[14.9927223,58.1226367]]],[[[14.9930335,58.1136041],[14.993924,58.1132357],[14.994439,58.1133887],[14.9948311,58.1133292],[14.9954426,58.1129608],[14.9962258,58.1127001],[14.9961127,58.113026],[14.9957264,58.113383],[14.9947286,58.1139951],[14.9939454,58.1141085],[14.9930657,58.1138308],[14.9930335,58.1136041]]],[[[14.9989558,58.1242685],[14.9992406,58.1240277],[14.9995781,58.1241212],[14.9995781,58.1242628],[14.9999321,58.1245291],[14.9998785,58.1246934],[14.9993635,58.124716],[14.9990904,58.1246226],[14.9989558,58.1242685]]],[[[15.0036336,58.1133774],[15.0036765,58.1131904],[15.0040364,58.1129892],[15.0041807,58.1130713],[15.0042344,58.1133717],[15.0038374,58.1134907],[15.0036336,58.1133774]]],[[[15.0199414,58.0586793],[15.0201774,58.0585204],[15.0205803,58.0584094],[15.0205744,58.0583047],[15.0208212,58.0581855],[15.0211323,58.0582706],[15.0217546,58.0581742],[15.0224841,58.0579358],[15.0231493,58.0580152],[15.0234175,58.0583331],[15.0232995,58.0586453],[15.0228704,58.0589404],[15.0231279,58.0590539],[15.0237775,58.0590281],[15.0239862,58.0593207],[15.0245714,58.0592268],[15.0250483,58.0591334],[15.0254775,58.0588666],[15.0265026,58.058767],[15.0270224,58.0587815],[15.0272585,58.0590653],[15.0272692,58.0595421],[15.0269044,58.0601097],[15.0251449,58.0602345],[15.0247265,58.0600529],[15.0240935,58.0599791],[15.023042,58.0593037],[15.0226129,58.0591277],[15.022291,58.0591675],[15.0222266,58.059474],[15.0215829,58.0599962],[15.0212074,58.0602062],[15.0210894,58.0596499],[15.021937,58.0592299],[15.0215722,58.0589972],[15.0207675,58.059071],[15.0201989,58.0589802],[15.0199414,58.0586793]]],[[[15.0204689,58.0608543],[15.0205709,58.0608057],[15.0207276,58.0607622],[15.0208843,58.0608004],[15.0208271,58.0609149],[15.0207674,58.0610135],[15.0207201,58.0610767],[15.0206505,58.0610109],[15.0205311,58.061003],[15.0204864,58.0609517],[15.0204689,58.0608543]]],[[[15.0258959,58.0535024],[15.0265134,58.0532778],[15.0265563,58.0530224],[15.0262285,58.0529858],[15.0263143,58.0527927],[15.0261427,58.0523613],[15.0263417,58.0521481],[15.026964,58.0520175],[15.0271893,58.0519437],[15.0274087,58.0521626],[15.0276018,58.0525713],[15.027473,58.0527871],[15.0271083,58.0528552],[15.0270546,58.0530028],[15.0273121,58.0532696],[15.0269688,58.0536613],[15.0266255,58.0535194],[15.0263894,58.053491],[15.0259817,58.0535932],[15.0258959,58.0535024]]],[[[15.0276125,58.1081718],[15.0277413,58.1080301],[15.0281549,58.1078796],[15.0287396,58.1077832],[15.0287981,58.1078544],[15.0286055,58.1080581],[15.028208,58.1082001],[15.0282187,58.1083106],[15.028047,58.1084042],[15.0278539,58.1083815],[15.0277895,58.10822],[15.0276125,58.1081718]]],[[[15.0283635,58.0538486],[15.0283957,58.0536556],[15.0288463,58.0534853],[15.0289429,58.0535875],[15.0287927,58.0539452],[15.0285245,58.0540246],[15.0283635,58.0538486]]],[[[15.0311096,58.0524351],[15.0314272,58.0521765],[15.0318778,58.0520346],[15.0323863,58.0519979],[15.0324829,58.0521512],[15.0323327,58.0526281],[15.032794,58.0528098],[15.0328798,58.0530709],[15.0326653,58.0532526],[15.0323005,58.0531958],[15.0319464,58.0530312],[15.0317211,58.0530425],[15.0312812,58.0528041],[15.0311096,58.0524351]]],[[[15.0359268,58.1047055],[15.0364847,58.1042973],[15.0370212,58.1038098],[15.0379546,58.1036511],[15.0384803,58.1037531],[15.0391133,58.1040933],[15.0390275,58.1042747],[15.0385018,58.1045638],[15.0385876,58.1049946],[15.0384374,58.1051193],[15.0386627,58.1055785],[15.0384803,58.1057429],[15.0380404,58.1057825],[15.0379975,58.1061113],[15.0378151,58.1062417],[15.0371606,58.1063381],[15.0365169,58.106083],[15.0360985,58.1055955],[15.0360878,58.1050569],[15.0359268,58.1047055]]],[[[15.0377403,58.102367],[15.0381909,58.101837],[15.0384224,58.102072],[15.0387756,58.1021743],[15.0386039,58.1025371],[15.0386683,58.1028291],[15.0384277,58.102877],[15.0384492,58.1030385],[15.0380621,58.1029793],[15.0379227,58.1028574],[15.0377403,58.102367]]],[[[15.0385232,58.1087301],[15.0386841,58.108475],[15.0390232,58.1082849],[15.0390489,58.1086281],[15.0389524,58.1090815],[15.038609,58.1092005],[15.0385232,58.1087301]]],[[[15.0398214,58.1112577],[15.0401325,58.1104189],[15.040508,58.1101071],[15.0406153,58.109535],[15.0404973,58.1090532],[15.0409265,58.1084013],[15.0420745,58.1081576],[15.0426924,58.1081545],[15.0430293,58.108373],[15.0431795,58.1089341],[15.0425465,58.1093763],[15.0426753,58.1096993],[15.0423212,58.1102715],[15.0424714,58.1105832],[15.0427289,58.1107363],[15.0426967,58.1108666],[15.0424392,58.1109573],[15.0420745,58.1113767],[15.0420101,58.1119832],[15.0413771,58.1120852],[15.0410445,58.1123742],[15.0405724,58.1125443],[15.0402184,58.1124366],[15.0398965,58.1118698],[15.0398214,58.1112577]]],[[[15.0404544,58.1049436],[15.0405295,58.1046091],[15.0407612,58.1044416],[15.0410981,58.1045354],[15.0411518,58.1050399],[15.0414844,58.1053064],[15.0411303,58.1055104],[15.0406797,58.1053914],[15.0406797,58.105142],[15.0404544,58.1049436]]],[[[15.0414629,58.1297297],[15.0415917,58.1293899],[15.0420487,58.1292397],[15.0422461,58.1292992],[15.0424392,58.1297921],[15.0421388,58.1300526],[15.0415702,58.1300017],[15.0414629,58.1297297]]],[[[15.0432361,58.1004579],[15.0436625,58.100421],[15.0437359,58.1005355],[15.0436625,58.1007829],[15.0434319,58.1008402],[15.0433095,58.1006149],[15.0434214,58.1005853],[15.0432361,58.1004579]]],[[[15.0445957,58.0816091],[15.044688,58.0814244],[15.0450893,58.0811609],[15.0454712,58.0812145],[15.0459433,58.0811011],[15.0461686,58.0809536],[15.0465162,58.0808149],[15.0468273,58.0802363],[15.0470312,58.079652],[15.0472565,58.0798449],[15.0472672,58.0807866],[15.0469453,58.0811439],[15.0469775,58.0815297],[15.04613,58.0826074],[15.0450571,58.0826925],[15.0448747,58.0817566],[15.0445957,58.0816091]]],[[[15.046763,58.0881204],[15.0471492,58.087644],[15.0470955,58.0873775],[15.0473702,58.0870851],[15.0472243,58.0866288],[15.0475354,58.0863055],[15.0473852,58.0859766],[15.047986,58.0858632],[15.0484903,58.0856022],[15.0491877,58.0849273],[15.049531,58.0849557],[15.0501275,58.0845839],[15.0502606,58.0849443],[15.0504215,58.0853357],[15.0500889,58.0857043],[15.0497885,58.0862602],[15.0489195,58.0871052],[15.0484259,58.0875533],[15.047986,58.0883416],[15.0477286,58.0888124],[15.0473316,58.0889031],[15.0472779,58.0886706],[15.0474818,58.0884664],[15.0473638,58.0883473],[15.0469024,58.088404],[15.046763,58.0881204]]],[[[15.0496276,58.0926743],[15.0497456,58.0922093],[15.0499601,58.0917897],[15.0503957,58.0915881],[15.050621,58.0916164],[15.0507219,58.0919314],[15.0512369,58.0922036],[15.0509794,58.0926913],[15.0513227,58.0927367],[15.05143,58.0929635],[15.0510759,58.0930259],[15.0505717,58.0933888],[15.0502069,58.0935419],[15.0497563,58.0932584],[15.0498099,58.0930826],[15.0496276,58.0926743]]],[[[15.0499611,58.0447036],[15.0500371,58.0446616],[15.050006,58.0446012],[15.0500509,58.0444915],[15.0501926,58.0444073],[15.0504207,58.0443543],[15.0506315,58.0443415],[15.050749,58.0443836],[15.0508181,58.0443671],[15.050825,58.0443141],[15.0509425,58.0443104],[15.0511049,58.0443689],[15.051136,58.0444768],[15.0511429,58.0445866],[15.0509425,58.0446981],[15.0508976,58.0447951],[15.0508043,58.0448865],[15.0507144,58.0449963],[15.0504449,58.045042],[15.050393,58.04502],[15.0502652,58.0449871],[15.0500751,58.0448792],[15.0501269,58.0448134],[15.0500095,58.0447494],[15.0499611,58.0447036]]],[[[15.0502713,58.0674138],[15.050282,58.0669144],[15.0510717,58.0665197],[15.0516725,58.0665878],[15.0524879,58.06648],[15.05246,58.0672322],[15.0523205,58.067567],[15.0519664,58.067777],[15.0521059,58.0680891],[15.0520952,58.0682933],[15.0516875,58.0684012],[15.0515266,58.0685373],[15.0507219,58.0686679],[15.0503786,58.0685487],[15.0505717,58.0682423],[15.0504537,58.0676635],[15.0502713,58.0674138]]],[[[15.0504574,58.0467278],[15.050571,58.0466437],[15.0506119,58.0465259],[15.0512024,58.0464009],[15.0513205,58.0464369],[15.051484,58.0467663],[15.0515158,58.0469105],[15.0513704,58.0470571],[15.0511388,58.0471821],[15.0508254,58.0472062],[15.0505528,58.047062],[15.0505119,58.0467783],[15.0504574,58.0467278]]],[[[15.0508626,58.0596071],[15.0509969,58.0595084],[15.0511312,58.0594426],[15.0512257,58.0594926],[15.0512928,58.0595452],[15.05136,58.059561],[15.0513774,58.0596228],[15.0513252,58.0596531],[15.0512008,58.0596821],[15.0510118,58.0596663],[15.0508626,58.0596071]]],[[[15.0509794,58.0813935],[15.0510867,58.0808433],[15.0511618,58.0806334],[15.0509901,58.0803044],[15.0514257,58.0803183],[15.0516338,58.0800207],[15.0512583,58.0798676],[15.0512583,58.0796123],[15.0519235,58.0794138],[15.0520952,58.079062],[15.051945,58.0786309],[15.0521917,58.0783189],[15.0528784,58.0779785],[15.053211,58.0779899],[15.0531252,58.0782054],[15.0534148,58.0784324],[15.0532539,58.0786536],[15.0535758,58.0788068],[15.0530608,58.0789259],[15.0531144,58.0792436],[15.052975,58.0797711],[15.053447,58.0798903],[15.0536831,58.0795329],[15.0542517,58.0792549],[15.0545521,58.0795329],[15.0555713,58.0797768],[15.0547452,58.0807525],[15.0546916,58.0812063],[15.0549383,58.0816318],[15.054874,58.081904],[15.0544555,58.0818473],[15.0539727,58.0818927],[15.053608,58.0820458],[15.0532003,58.0820061],[15.0527067,58.0818189],[15.0525458,58.0821196],[15.0520308,58.0820856],[15.0517733,58.0818133],[15.0517197,58.0815126],[15.0509794,58.0813935]]],[[[15.0525593,58.0649937],[15.0527484,58.0650253],[15.0527931,58.0650621],[15.0529971,58.0650016],[15.0530369,58.0650726],[15.052813,58.0651094],[15.0529821,58.065191],[15.0529473,58.0652384],[15.0527285,58.0651963],[15.052619,58.0651173],[15.0525593,58.0649937]]],[[[15.0531811,58.0645438],[15.0532383,58.064524],[15.0532806,58.0645319],[15.0532806,58.0645609],[15.0532259,58.0645832],[15.0531811,58.0645438]]],[[[15.0539148,58.0625152],[15.0540615,58.0622415],[15.0543027,58.0620626],[15.0545713,58.0619718],[15.054626,58.06191],[15.0548225,58.0618705],[15.0549867,58.0619429],[15.0550041,58.0621336],[15.0549668,58.0623152],[15.0548051,58.0624599],[15.0545017,58.0626086],[15.0539148,58.0625152]]],[[[15.0670088,58.0368476],[15.0670337,58.0367265],[15.0672028,58.0365712],[15.067367,58.0366186],[15.0674266,58.0367766],[15.0675709,58.0369056],[15.0674615,58.0370109],[15.0673272,58.0371004],[15.0671282,58.0370346],[15.0671133,58.0369187],[15.0670088,58.0368476]]],[[[15.0715788,58.032537],[15.0716384,58.0323595],[15.0720616,58.032128],[15.0722225,58.0319633],[15.0724263,58.0320826],[15.0731301,58.0321306],[15.0739241,58.032],[15.0740038,58.0317799],[15.0740035,58.0313101],[15.0745077,58.0310488],[15.0750506,58.0309718],[15.0766535,58.0301115],[15.0770569,58.0301254],[15.0772879,58.0302326],[15.0774367,58.0306057],[15.0772865,58.0312135],[15.0770075,58.0318554],[15.0763424,58.0326336],[15.0759668,58.0328665],[15.075484,58.0329062],[15.0752266,58.0326677],[15.0746365,58.0325597],[15.0741215,58.032679],[15.0738855,58.0328778],[15.074209,58.0330788],[15.0743468,58.0332982],[15.0739713,58.0337412],[15.0737996,58.0340934],[15.0736387,58.0339911],[15.0732632,58.0334629],[15.0729971,58.0333065],[15.0723834,58.0330028],[15.0715788,58.032537]]],[[[15.0764175,58.0294866],[15.0767608,58.0291344],[15.0770569,58.0290233],[15.0771256,58.0292935],[15.0769217,58.0294752],[15.0764175,58.0294866]]],[[[15.0775886,58.033865],[15.0775984,58.0338313],[15.0776668,58.0338287],[15.077745,58.0338598],[15.0778721,58.0338404],[15.0780236,58.0338585],[15.0781042,58.0338119],[15.0782191,58.0337602],[15.0782508,58.0338676],[15.0781238,58.0338805],[15.0780798,58.0339348],[15.0780773,58.0339853],[15.078158,58.0340564],[15.0780431,58.0340577],[15.0779381,58.0341017],[15.0778452,58.0341522],[15.077767,58.0341289],[15.077723,58.0340849],[15.0778159,58.0340267],[15.077745,58.033984],[15.0776424,58.0339568],[15.0776522,58.0339051],[15.0775886,58.033865]]],[[[15.0778929,58.0265609],[15.0782685,58.0262172],[15.0786332,58.0258081],[15.0789184,58.0255607],[15.0790793,58.0256033],[15.0791222,58.0258192],[15.0788693,58.0259388],[15.0788854,58.0262115],[15.0786448,58.026393],[15.0782845,58.0265353],[15.0778929,58.0265609]]],[[[15.0806278,58.0272299],[15.0806768,58.0270552],[15.0808575,58.0268159],[15.0811079,58.0266455],[15.0815139,58.0265402],[15.0819631,58.0263901],[15.0821037,58.0264586],[15.0822015,58.0266296],[15.0821721,58.0267952],[15.0823183,58.0268052],[15.0828397,58.0268021],[15.0828011,58.0269643],[15.0826542,58.0270086],[15.0825229,58.0269501],[15.0823018,58.0270452],[15.0819524,58.0271031],[15.0820046,58.0272538],[15.082145,58.0274708],[15.082516,58.0274405],[15.0826664,58.0274589],[15.082996,58.0274537],[15.0831242,58.0276308],[15.0831657,58.027832],[15.0832555,58.0279675],[15.0837255,58.0279601],[15.0841741,58.0280185],[15.0842784,58.028198],[15.0845756,58.0284139],[15.0848866,58.0284761],[15.0849488,58.0286042],[15.0853013,58.0289226],[15.0855017,58.0289372],[15.0854948,58.029047],[15.0856335,58.0291742],[15.0858861,58.0292467],[15.0861445,58.029574],[15.0862343,58.0298445],[15.0861378,58.0301285],[15.0863449,58.0303351],[15.0863416,58.0304864],[15.086262,58.030573],[15.0858803,58.0306341],[15.0857021,58.0306242],[15.0856538,58.0304815],[15.0857436,58.0304339],[15.0857021,58.0303059],[15.0854833,58.0300319],[15.0853566,58.0297899],[15.0851395,58.0295162],[15.085011,58.0294056],[15.0847898,58.0294422],[15.0844429,58.0296363],[15.0841422,58.0298502],[15.0843752,58.0299472],[15.084389,58.0301342],[15.0842491,58.0302135],[15.084171,58.0303481],[15.0842296,58.0304335],[15.0840671,58.030475],[15.0841856,58.0305758],[15.0842066,58.0308102],[15.0839384,58.031009],[15.0836187,58.0310338],[15.0834428,58.0309018],[15.0830964,58.0309031],[15.0829394,58.0310467],[15.0826402,58.0312192],[15.0824312,58.0311062],[15.0823774,58.0309587],[15.0822655,58.0308608],[15.081857,58.0305432],[15.0817225,58.0304257],[15.0817567,58.0302187],[15.0819669,58.0300635],[15.0819376,58.0298927],[15.0817274,58.0297866],[15.0818349,58.0296417],[15.0819327,58.0294916],[15.0818392,58.0293109],[15.0820793,58.0292484],[15.0821531,58.029171],[15.0821428,58.0290336],[15.0817519,58.0290155],[15.081747,58.0287412],[15.0816373,58.0286691],[15.0815244,58.0284981],[15.0813804,58.0284695],[15.081268,58.0284721],[15.0811801,58.0285393],[15.0809635,58.0285462],[15.0809601,58.0282754],[15.0809183,58.0280777],[15.081141,58.0279778],[15.0814165,58.0277236],[15.0812094,58.0276776],[15.0814707,58.0273506],[15.0811263,58.0273982],[15.0809699,58.0275431],[15.0808318,58.027399],[15.0806278,58.0272299]]],[[[15.0832758,58.0150971],[15.0837971,58.0148829],[15.0840391,58.0147337],[15.0843545,58.0145504],[15.0844954,58.0144336],[15.0845934,58.0143947],[15.0847128,58.0142973],[15.084722,58.014187],[15.0848292,58.0140459],[15.0849762,58.0139599],[15.0851476,58.013895],[15.0852303,58.0137815],[15.0851875,58.0136971],[15.0852395,58.0134765],[15.0853375,58.0132656],[15.0853345,58.0130969],[15.0852793,58.0129071],[15.0852701,58.0127433],[15.0852977,58.0125664],[15.0853314,58.0123977],[15.0853191,58.0121398],[15.0852303,58.0119483],[15.085215,58.0118056],[15.0852916,58.0117196],[15.0852548,58.0115671],[15.085114,58.0114081],[15.0851323,58.01134],[15.0851538,58.0112329],[15.0849425,58.0110609],[15.0849639,58.0109393],[15.0849149,58.0108095],[15.0848383,58.0106456],[15.0848873,58.0105321],[15.0849088,58.0104104],[15.0848077,58.0103487],[15.0847557,58.0102741],[15.0848904,58.010154],[15.0849088,58.0100551],[15.0848414,58.0099626],[15.084676,58.0099496],[15.0844892,58.0099967],[15.0842963,58.0099675],[15.0840636,58.009776],[15.084036,58.0095262],[15.0840115,58.0091725],[15.0839717,58.0088367],[15.0839104,58.0086225],[15.0839441,58.0085284],[15.0840115,58.0084067],[15.0841003,58.0083223],[15.0842504,58.0082023],[15.0843545,58.0081277],[15.0845107,58.0080189],[15.084575,58.0079654],[15.0846117,58.0078583],[15.0845872,58.0077788],[15.0845076,58.0077285],[15.0842381,58.0076068],[15.0842779,58.0074559],[15.0844065,58.0072888],[15.0845903,58.0069838],[15.084673,58.0067956],[15.0846944,58.0065976],[15.0847802,58.0063932],[15.0849517,58.0062196],[15.0850925,58.0060654],[15.0850282,58.0059097],[15.0850527,58.0057604],[15.0849608,58.0056744],[15.0850221,58.0055543],[15.0851875,58.0055008],[15.0854602,58.0053933],[15.0856182,58.0053068],[15.0857524,58.0052259],[15.0861315,58.0050571],[15.086238,58.0050054],[15.0863004,58.0049558],[15.0864561,58.0049477],[15.0864304,58.0050249],[15.086441,58.0050867],[15.0864658,58.0051032],[15.0865474,58.0051171],[15.0867527,58.0050948],[15.0869133,58.0050488],[15.0869422,58.0049581],[15.0871028,58.0049193],[15.0870817,58.0048451],[15.0870268,58.0047303],[15.0873567,58.0044058],[15.0876395,58.0041843],[15.0879797,58.0041161],[15.0881398,58.0041803],[15.0883052,58.0041532],[15.0886401,58.004145],[15.0889507,58.0040515],[15.089335,58.0040125],[15.0895561,58.004032],[15.0899983,58.004085],[15.0902456,58.00406],[15.0904432,58.0040223],[15.090759,58.0038507],[15.0910026,58.0036387],[15.0912381,58.0034337],[15.0916961,58.0032203],[15.0924042,58.0030892],[15.092807,58.0030069],[15.0931334,58.0028827],[15.0932413,58.0027419],[15.0931307,58.0025759],[15.0927438,58.0023262],[15.0922173,58.0020486],[15.0917462,58.0019552],[15.0912566,58.0018408],[15.0904379,58.0014503],[15.089993,58.0013191],[15.0895125,58.0011781],[15.0890759,58.000487],[15.0888868,58.0000826],[15.0888715,57.9998814],[15.0890002,57.999659],[15.0890461,57.9995097],[15.0890155,57.9993296],[15.0890859,57.9991624],[15.0889205,57.9988525],[15.0887888,57.9986269],[15.088484,57.998417],[15.0884183,57.9980621],[15.0885285,57.9976402],[15.0889775,57.9971206],[15.089383,57.9966323],[15.0900077,57.9960156],[15.0902282,57.9956439],[15.0901945,57.9953339],[15.0901792,57.9950255],[15.0902649,57.9947317],[15.0900016,57.9945353],[15.0897749,57.9943714],[15.0896157,57.9942432],[15.0895912,57.9940663],[15.0896678,57.9939316],[15.0898301,57.9938212],[15.0900199,57.9937238],[15.0901669,57.9935745],[15.0903936,57.9933943],[15.0904915,57.9931865],[15.090513,57.9930567],[15.0904425,57.9929755],[15.0903599,57.9928684],[15.090415,57.9927272],[15.0906324,57.992573],[15.0908805,57.9925568],[15.0910581,57.9925162],[15.0910642,57.9924009],[15.0917533,57.9922045],[15.0923014,57.9920844],[15.0927485,57.9921331],[15.0930088,57.9921575],[15.0932722,57.9921786],[15.0935172,57.9921656],[15.0937622,57.9920925],[15.0940531,57.992086],[15.0943165,57.9920942],[15.0947391,57.9920081],[15.0951035,57.9919886],[15.0954588,57.9920584],[15.095863,57.9921997],[15.0960498,57.9923263],[15.0965092,57.9924253],[15.0969869,57.9924886],[15.0974187,57.9925275],[15.0978352,57.9924951],[15.0981078,57.9923587],[15.0984507,57.9921834],[15.0989622,57.9918572],[15.0990663,57.9918117],[15.099348,57.991815],[15.0998013,57.9919124],[15.1001688,57.9919335],[15.1007721,57.9918864],[15.1014611,57.9918231],[15.1020766,57.991776],[15.1024809,57.9917468],[15.1029065,57.9917322],[15.1034823,57.991776],[15.1038651,57.9915975],[15.104205,57.9914919],[15.1045602,57.9913751],[15.1048508,57.9913128],[15.1052524,57.9912874],[15.1055923,57.9912988],[15.1058373,57.9913605],[15.1060853,57.9914075],[15.1063058,57.9914481],[15.10656,57.9914481],[15.1070959,57.9913783],[15.1074695,57.9913166],[15.10818,57.9911283],[15.1085598,57.990867],[15.1089916,57.9906787],[15.1091539,57.9905553],[15.109356,57.9904677],[15.109849,57.9904109],[15.1100389,57.9903492],[15.1102288,57.990333],[15.1103758,57.9903768],[15.1105626,57.990518],[15.1108566,57.990643],[15.1112271,57.9906527],[15.1115303,57.9907095],[15.1117692,57.9907582],[15.1120999,57.9907582],[15.1123112,57.9907891],[15.1123418,57.9908605],[15.1122806,57.9909855],[15.1122561,57.9911852],[15.1123602,57.9916137],[15.1127951,57.9915845],[15.1131656,57.9915828],[15.1132667,57.9915455],[15.1133034,57.9914497],[15.1133034,57.9913134],[15.1132422,57.9912209],[15.113135,57.9911397],[15.1129696,57.9910423],[15.1129972,57.9910017],[15.1131503,57.9909806],[15.1132391,57.9909449],[15.1132789,57.9908719],[15.1133861,57.9907891],[15.1134412,57.9909076],[15.1134565,57.9909823],[15.1135423,57.9910553],[15.1136587,57.9911235],[15.113723,57.9911868],[15.113723,57.9912517],[15.1136525,57.9913588],[15.1135209,57.9914903],[15.1136525,57.991565],[15.1138455,57.9917111],[15.114127,57.9919377],[15.1141727,57.9920678],[15.1141809,57.9922106],[15.1139925,57.9926931],[15.1139312,57.9929106],[15.1139741,57.9930827],[15.1142043,57.9932058],[15.1143385,57.9933667],[15.1143967,57.9935485],[15.1146049,57.9936751],[15.1148346,57.9937985],[15.1149418,57.9940744],[15.1148561,57.9949606],[15.1144518,57.9955903],[15.1133494,57.9959263],[15.1126171,57.9968261],[15.1124153,57.9971792],[15.1123862,57.9974743],[15.1126167,57.9977545],[15.1125684,57.9978528],[15.1127482,57.9980001],[15.1127271,57.9981213],[15.1130615,57.998338],[15.1131321,57.9985561],[15.1133198,57.9987718],[15.1132688,57.9988599],[15.1133224,57.9990148],[15.1133251,57.9990887],[15.1133975,57.9991257],[15.1134834,57.9991335],[15.1136161,57.9991157],[15.1136671,57.9990866],[15.11371,57.998958],[15.1136792,57.9988286],[15.1139326,57.99884],[15.1149039,57.9977429],[15.1155379,57.9968663],[15.1156493,57.9965842],[15.1157311,57.9964484],[15.1158518,57.9963731],[15.116002,57.9962885],[15.1163802,57.9961449],[15.116419,57.9961058],[15.1164579,57.996049],[15.116462,57.9959957],[15.1165089,57.9959601],[15.1165961,57.9959431],[15.1167583,57.9959352],[15.1169662,57.9958379],[15.1171741,57.9956943],[15.1180427,57.995051],[15.1185796,57.9946601],[15.1187043,57.9945592],[15.1187043,57.9944689],[15.1186466,57.9944092],[15.1186077,57.9943452],[15.1186641,57.994287],[15.1188183,57.9942088],[15.1189765,57.9941107],[15.1190275,57.9940296],[15.1191106,57.9939714],[15.1191938,57.993879],[15.1193011,57.9938264],[15.1195237,57.9937823],[15.119749,57.9937738],[15.1199368,57.9938448],[15.1201245,57.9939216],[15.1202291,57.9939543],[15.1203364,57.9939415],[15.1206223,57.9936073],[15.1203488,57.9931724],[15.1214801,57.9934852],[15.1214203,57.9932918],[15.1214763,57.9932385],[15.1212398,57.9930357],[15.1216534,57.9929841],[15.1216588,57.9928903],[15.1210137,57.9927431],[15.1207245,57.9925551],[15.1208855,57.9924785],[15.1210324,57.9924991],[15.1212773,57.9923703],[15.1212875,57.9921574],[15.1210032,57.9921119],[15.121052,57.9919012],[15.121239,57.9918112],[15.1211108,57.991651],[15.1213347,57.9915344],[15.1213208,57.9909885],[15.1215933,57.9907782],[15.121641,57.9897976],[15.1217384,57.9894587],[15.1224562,57.9892654],[15.1227029,57.9894389],[15.1233952,57.989112],[15.1245358,57.9889789],[15.1249238,57.9886542],[15.125906,57.9883528],[15.126126,57.9881111],[15.1275744,57.9875991],[15.1286046,57.9874626],[15.1292534,57.9870222],[15.1305194,57.9865389],[15.1310666,57.9861405],[15.1313455,57.9860597],[15.1322183,57.9859544],[15.1340017,57.9854832],[15.1342592,57.9853438],[15.1345489,57.9852502],[15.1356164,57.9855235],[15.1360348,57.9858642],[15.1364801,57.9860236],[15.1389617,57.986266],[15.1394596,57.9862072],[15.1396146,57.9863182],[15.1400443,57.9863424],[15.140262,57.9862598],[15.1407475,57.9861735],[15.1406241,57.9857533],[15.138422,57.9854689],[15.136802,57.9851346],[15.1363892,57.9847546],[15.1363084,57.9845764],[15.1356486,57.9840729],[15.1355091,57.983794],[15.1357774,57.9836234],[15.1360663,57.9835772],[15.1361153,57.9834214],[15.1365337,57.983211],[15.1374725,57.9831484],[15.1383684,57.9826705],[15.1389161,57.9825113],[15.1395646,57.9821386],[15.1401654,57.9812424],[15.1404226,57.9798028],[15.1411348,57.9795515],[15.1436255,57.9801164],[15.1442207,57.9800132],[15.1446984,57.9798325],[15.1449237,57.9795379],[15.146179,57.9792631],[15.1469077,57.9793164],[15.1474342,57.9791101],[15.1480136,57.979246],[15.1485296,57.9797148],[15.1493306,57.9796434],[15.1505563,57.9792696],[15.151339,57.9794414],[15.151597,57.9793774],[15.1518331,57.97944],[15.1524199,57.9800266],[15.1537964,57.9803894],[15.1548106,57.9813848],[15.155452,57.9814689],[15.1558984,57.9813588],[15.1561654,57.980886],[15.1565537,57.9797185],[15.1567771,57.9792468],[15.1563687,57.978746],[15.1564465,57.9785031],[15.1553307,57.9778361],[15.1550631,57.9776031],[15.1550732,57.9774088],[15.1548497,57.9770976],[15.1549444,57.9767315],[15.154644,57.9765907],[15.1545662,57.9758952],[15.1552663,57.9751172],[15.1558886,57.9749223],[15.1562426,57.9749175],[15.156543,57.9748657],[15.1568667,57.9743993],[15.1568054,57.9740014],[15.156822,57.9730286],[15.1571133,57.9727092],[15.1572297,57.9722206],[15.1575944,57.9720724],[15.1573155,57.9716798],[15.1587532,57.9702055],[15.1588926,57.9695967],[15.1603518,57.9690109],[15.1618001,57.9686125],[15.1624439,57.9684936],[15.163021,57.9685367],[15.16327,57.9684373],[15.1638386,57.9678554],[15.1637528,57.9675259],[15.1639888,57.9667856],[15.1638601,57.9662108],[15.1639765,57.9660868],[15.1644298,57.9659385],[15.1650617,57.9652664],[15.165405,57.964732],[15.1658127,57.9645434],[15.1664135,57.9639461],[15.1667569,57.9628084],[15.1674247,57.9620722],[15.1677225,57.9619485],[15.1688812,57.9609997],[15.1690217,57.9604108],[15.1693103,57.9596894],[15.169572,57.9596566],[15.1700421,57.9590124],[15.1711475,57.9574184],[15.1719899,57.9566028],[15.1721994,57.9565258],[15.1726274,57.9561905],[15.1727282,57.9560177],[15.1729211,57.9558763],[15.1729136,57.9556932],[15.1729458,57.9555711],[15.1729948,57.9555275],[15.1730369,57.9554246],[15.1728232,57.9553089],[15.1726347,57.9552283],[15.1726226,57.9551985],[15.1726499,57.9551614],[15.1727039,57.9551367],[15.1727797,57.955124],[15.1728396,57.9551416],[15.1730022,57.9551901],[15.1731318,57.955207],[15.173231,57.9552081],[15.1732883,57.9551776],[15.1734549,57.955044],[15.1735951,57.9548834],[15.173595,57.9548581],[15.1734964,57.9548103],[15.1733009,57.9547434],[15.1732368,57.9546973],[15.173235,57.9546677],[15.1732642,57.9545979],[15.1733524,57.9545416],[15.1734687,57.9545122],[15.1735196,57.9545313],[15.1738151,57.9545963],[15.1742759,57.9542679],[15.1744147,57.9541396],[15.1745956,57.9539171],[15.1746807,57.9538899],[15.1748854,57.9538373],[15.1749753,57.9537762],[15.1750559,57.9534806],[15.1752258,57.9533548],[15.1752881,57.9533521],[15.1754881,57.953358],[15.175552,57.9533483],[15.1756306,57.9533133],[15.1759261,57.9530531],[15.1765586,57.9526443],[15.1766667,57.9526093],[15.1768073,57.9525289],[15.1768528,57.9524399],[15.1768087,57.9521523],[15.1768313,57.9520826],[15.1768639,57.9520337],[15.1769685,57.9519691],[15.1770995,57.9519427],[15.1774472,57.9519475],[15.177729,57.9519087],[15.1778438,57.9519121],[15.1778865,57.9519364],[15.1778999,57.9519922],[15.1779855,57.9520496],[15.1780381,57.9520844],[15.1783591,57.9520194],[15.1788708,57.9520344],[15.1790314,57.952015],[15.1791397,57.9520375],[15.1796921,57.952537],[15.1809726,57.9538947],[15.1808546,57.9540988],[15.1811764,57.9542696],[15.1816388,57.9542505],[15.1823137,57.9543777],[15.183453,57.9550305],[15.1838372,57.9551519],[15.1835943,57.9561928],[15.183408,57.9569564],[15.1829681,57.9577989],[15.1824532,57.9574861],[15.1827482,57.9571952],[15.1825342,57.9570478],[15.1824961,57.9566322],[15.1813481,57.9563419],[15.1808224,57.9564156],[15.1801786,57.9560064],[15.1797709,57.9558982],[15.1790736,57.9561885],[15.1793418,57.9572812],[15.1796921,57.9575552],[15.1800714,57.9576679],[15.1797602,57.9583006],[15.1795993,57.9589782],[15.1807258,57.959513],[15.1808867,57.9598024],[15.1800499,57.9597461],[15.1799641,57.9599624],[15.1804904,57.9602631],[15.1795456,57.961858],[15.1797447,57.9623582],[15.1795456,57.9640315],[15.1789314,57.9643431],[15.1791809,57.9646014],[15.1792023,57.9648865],[15.1788912,57.9653006],[15.1788799,57.9656841],[15.179213,57.9658412],[15.1792667,57.9661542],[15.1787088,57.9666553],[15.1790864,57.9668559],[15.1786326,57.9677735],[15.1780242,57.9683999],[15.1781723,57.9687147],[15.1778719,57.9686982],[15.1776501,57.9688991],[15.1768972,57.9691969],[15.1760051,57.9703936],[15.1760588,57.971071],[15.1757128,57.971172],[15.1757467,57.9713684],[15.1763806,57.9714573],[15.1760024,57.9725603],[15.176209,57.9728343],[15.1766489,57.9731495],[15.1772379,57.9732621],[15.1774964,57.9732556],[15.1777379,57.9735114],[15.1786749,57.9732474],[15.1794813,57.9732163],[15.1819473,57.9746379],[15.1818523,57.9751274],[15.1830942,57.9762588],[15.1836821,57.9763996],[15.1840732,57.9760548],[15.1838264,57.9758557],[15.184159,57.975891],[15.1852035,57.9765805],[15.1855538,57.9764593],[15.1861766,57.9766883],[15.1864765,57.9766075],[15.1869593,57.9768681],[15.1875923,57.9779214],[15.1875172,57.978296],[15.1878988,57.9793031],[15.1891909,57.9800373],[15.1897917,57.9799588],[15.1908002,57.9804918],[15.1909611,57.9809702],[15.1915297,57.9812593],[15.1917471,57.9814795],[15.191858,57.9819806],[15.1916469,57.9822063],[15.1915494,57.9824203],[15.1915012,57.9825558],[15.1910479,57.9827347],[15.1908647,57.9828958],[15.1905899,57.9829086],[15.1902002,57.983147],[15.1901462,57.983338],[15.1902764,57.9834556],[15.1901641,57.9836326],[15.1897701,57.9840027],[15.189124,57.9842251],[15.1887189,57.984537],[15.1885502,57.9846188],[15.1883621,57.9847696],[15.1880969,57.9846929],[15.1880298,57.9846097],[15.1875632,57.9845949],[15.1872965,57.984583],[15.187012,57.9846929],[15.1865294,57.9849903],[15.1867419,57.9852477],[15.1868264,57.985647],[15.1869396,57.9857461],[15.1869348,57.985966],[15.1863906,57.9862073],[15.1859801,57.9862778],[15.1853695,57.9862322],[15.1850687,57.9864619],[15.1852857,57.9866434],[15.1851314,57.986899],[15.1851893,57.987014],[15.184912,57.9871119],[15.1847023,57.9873616],[15.1846846,57.9876685],[15.1848662,57.9880441],[15.1854594,57.9877503],[15.1859945,57.9877476],[15.1866069,57.9875866],[15.1871856,57.9874204],[15.1878381,57.9873253],[15.1880709,57.9871029],[15.1877642,57.986899],[15.1878462,57.9867252],[15.188244,57.9866221],[15.1885646,57.9866331],[15.1887913,57.98672],[15.1891867,57.986784],[15.1892831,57.9869373],[15.1895339,57.9870779],[15.19018,57.9870933],[15.1903054,57.9872211],[15.1904307,57.9872696],[15.1905927,57.9872516],[15.1910817,57.9866715],[15.191535,57.9865156],[15.1915012,57.9862293],[15.1916176,57.9861339],[15.1919786,57.9860324],[15.1923306,57.9858663],[15.192726,57.9857947],[15.1930372,57.9857926],[15.1932178,57.9858126],[15.1933866,57.9859251],[15.1936518,57.986288],[15.1936952,57.9864798],[15.1936088,57.9865686],[15.1932564,57.9866996],[15.1930201,57.9866536],[15.1928706,57.9867737],[15.1926493,57.986848],[15.1925717,57.9870191],[15.1921522,57.9870856],[15.1923209,57.987239],[15.1922052,57.987446],[15.1918725,57.98763],[15.1918518,57.9877328],[15.1923595,57.9878499],[15.1924511,57.9879828],[15.1926348,57.9880331],[15.1927597,57.9884684],[15.1930008,57.9887854],[15.1930539,57.9890666],[15.1931069,57.9892301],[15.1928863,57.9893282],[15.1937259,57.9898748],[15.1939315,57.9900046],[15.1943076,57.9901043],[15.1943365,57.9902858],[15.1944224,57.9904902],[15.1942931,57.9908123],[15.1939325,57.9908806],[15.1940914,57.9912988],[15.1943703,57.9913669],[15.1946085,57.9912231],[15.1951032,57.9911445],[15.1953347,57.9912238],[15.1954986,57.991211],[15.1955468,57.9912902],[15.1954022,57.9913388],[15.1956272,57.9914543],[15.1958795,57.9914564],[15.1960338,57.9915433],[15.1958988,57.9916608],[15.1960676,57.9917196],[15.196193,57.9919036],[15.1959856,57.9919931],[15.1958265,57.9921132],[15.1959615,57.9922538],[15.1956818,57.9923816],[15.1955372,57.9924864],[15.1955335,57.9926404],[15.1953395,57.9927215],[15.1951852,57.992655],[15.1949634,57.992678],[15.1950309,57.9928135],[15.1946114,57.9931917],[15.1945728,57.9935598],[15.1944816,57.9936817],[15.1944763,57.9939866],[15.1946885,57.9943367],[15.1945294,57.9944977],[15.1945535,57.9945897],[15.1943628,57.9947079],[15.1941677,57.995065],[15.19397,57.9951903],[15.1939298,57.9954806],[15.1940954,57.9955659],[15.1940954,57.9958649],[15.1944667,57.9961614],[15.1945101,57.9964501],[15.1947126,57.9966546],[15.1947979,57.9969783],[15.1948959,57.9971631],[15.1951273,57.9972526],[15.1950453,57.9973446],[15.1952575,57.9975337],[15.1953874,57.9978788],[15.1960097,57.9981955],[15.1960579,57.9985175],[15.1959422,57.9986708],[15.1959036,57.9988292],[15.1957059,57.9988573],[15.195595,57.9991665],[15.1956399,57.9993723],[15.1954311,57.9995728],[15.1952778,57.9997296],[15.1945294,57.9999791],[15.1939845,57.9999766],[15.1937482,57.9998846],[15.1933287,57.999928],[15.193213,58.0000507],[15.1927453,58.0000277],[15.1923,57.9999731],[15.1913807,58.0001018],[15.1908744,58.0002142],[15.1906236,58.0003905],[15.1902208,58.0005723],[15.189611,58.0005336],[15.1893699,58.0006358],[15.1888732,58.0007252],[15.1885743,58.0007073],[15.1884296,58.0007763],[15.1881162,58.0007559],[15.1877538,58.0007315],[15.1868143,58.0009552],[15.1867275,58.0008351],[15.1865635,58.0007661],[15.1862742,58.0008172],[15.185927,58.0008581],[15.1853981,58.000822],[15.1849482,58.000715],[15.184165,58.0005918],[15.1834341,58.000623],[15.1829326,58.000738],[15.1825806,58.0008044],[15.1826192,58.0009092],[15.1823347,58.0008964],[15.1823545,58.0009896],[15.1817977,58.0012483],[15.1816954,58.001429],[15.1813817,58.0016205],[15.1810749,58.0016639],[15.1808029,58.001775],[15.1808567,58.0019602],[15.1807339,58.0021914],[15.1803043,58.0023432],[15.1801587,58.0025213],[15.1801884,58.0028491],[15.1804884,58.0030081],[15.1805839,58.0032971],[15.1803111,58.0035428],[15.1799429,58.0035862],[15.1798804,58.0038549],[15.1798065,58.0041571],[15.1796156,58.0044967],[15.1792746,58.0050604],[15.1794133,58.005332],[15.1788854,58.0067388],[15.1783185,58.0072044],[15.1753707,58.0071293],[15.1738402,58.0067388],[15.1723379,58.0062433],[15.171062,58.0065432],[15.170471,58.0069056],[15.1692078,58.0073751],[15.1675165,58.0073666],[15.1665707,58.0076511],[15.1651352,58.0079393],[15.1636927,58.0082006],[15.1623722,58.0083032],[15.160539,58.0082333],[15.1597228,58.0079821],[15.1594131,58.00779],[15.1588462,58.0079402],[15.158932,58.0083295],[15.1585173,58.0087025],[15.1583505,58.0089025],[15.157876,58.0090831],[15.1570552,58.0091269],[15.1566367,58.0092364],[15.1562847,58.0091802],[15.1559327,58.0092389],[15.1549496,58.0092345],[15.1543222,58.0094535],[15.1541694,58.0098022],[15.1540425,58.0102863],[15.1542451,58.0105418],[15.1546115,58.0108943],[15.1543678,58.0111236],[15.1536768,58.011156],[15.1532614,58.0110578],[15.1528467,58.0107257],[15.1523356,58.0104856],[15.1518736,58.010523],[15.1492592,58.0113234],[15.1481115,58.0118599],[15.1480633,58.0120565],[15.147692,58.0121076],[15.1471727,58.0124916],[15.1462937,58.0125623],[15.1460526,58.0124703],[15.1456379,58.0125904],[15.1455222,58.012713],[15.1451316,58.0128816],[15.1443408,58.0129168],[15.1441059,58.0132111],[15.1440543,58.0134194],[15.1429969,58.0134618],[15.1425615,58.013137],[15.1421259,58.0126429],[15.1413166,58.0118627],[15.1412837,58.0110552],[15.1408642,58.0105826],[15.1404949,58.0099495],[15.1405604,58.0097703],[15.1407581,58.0097192],[15.1408931,58.0096094],[15.1407002,58.0094586],[15.1403627,58.0094535],[15.1399866,58.0095199],[15.1397117,58.0093667],[15.1394813,58.0093572],[15.1398178,58.0091623],[15.1396876,58.0090218],[15.1396977,58.0088423],[15.1394595,58.0086062],[15.1390366,58.0083857],[15.1388619,58.0083019],[15.1386798,58.0081532],[15.1382169,58.0079361],[15.1377979,58.0076128],[15.1374457,58.007574],[15.1370342,58.007846],[15.1366335,58.0082118],[15.1371882,58.009086],[15.137392,58.009109],[15.1375949,58.0090652],[15.1377251,58.0088532],[15.1378987,58.0088915],[15.1377699,58.0092357],[15.1377829,58.0095353],[15.1376935,58.0098655],[15.1374465,58.0102024],[15.1371705,58.0104013],[15.1370259,58.0107419],[15.13656,58.0108313],[15.1362158,58.0108713],[15.1354636,58.0111395],[15.1353334,58.0112877],[15.13502,58.0114614],[15.1344618,58.0115495],[15.1340218,58.0117449],[15.1335203,58.011865],[15.1330237,58.0118266],[15.1324579,58.0118443],[15.1314614,58.011796],[15.1309206,58.0117308],[15.1305597,58.0116197],[15.1302547,58.011582],[15.130198,58.0114869],[15.1298219,58.0113541],[15.1294655,58.0111199],[15.1293059,58.0107998],[15.1293252,58.0105494],[15.1290614,58.0099265],[15.1288527,58.0097933],[15.1286236,58.009739],[15.1283662,58.0098303],[15.1282258,58.0098801],[15.1281583,58.0100692],[15.127953,58.0102319],[15.1273884,58.0103437],[15.1262585,58.0104319],[15.1256041,58.0104972],[15.1253953,58.0106593],[15.1245178,58.0109939],[15.1238014,58.0111568],[15.1232882,58.0111829],[15.1229554,58.0112723],[15.1223935,58.0111716],[15.1221261,58.0114205],[15.121944,58.0116801],[15.1217982,58.0119876],[15.1218223,58.012174],[15.1214462,58.0123605],[15.121216,58.0128174],[15.1213256,58.0129506],[15.1217741,58.0130349],[15.1217885,58.0132341],[15.1215129,58.0133996],[15.1213642,58.0133976],[15.121099,58.0133056],[15.1205685,58.0132625],[15.1203082,58.0133976],[15.1202166,58.0135304],[15.1202214,58.0137782],[15.1200827,58.0139409],[15.1191413,58.0141383],[15.1187173,58.014528],[15.1180007,58.0147876],[15.1176272,58.0151676],[15.1166866,58.0159292],[15.1160986,58.0159492],[15.1153604,58.0161144],[15.1145728,58.0158681],[15.1143,58.0159569],[15.1141988,58.0161663],[15.1140156,58.0162787],[15.1141115,58.0163322],[15.1137793,58.0164549],[15.113678,58.0167308],[15.1136156,58.0170498],[15.1130706,58.0174145],[15.1129692,58.0175838],[15.1126847,58.0175915],[15.1123664,58.017737],[15.1123091,58.0180086],[15.1123472,58.0183474],[15.112125,58.018611],[15.1116528,58.0185952],[15.1111272,58.0187305],[15.1108598,58.0189458],[15.1102255,58.0194686],[15.1101242,58.0197623],[15.1098349,58.0200279],[15.1094904,58.0203801],[15.1091591,58.020582],[15.1091309,58.0206638],[15.108803,58.0208093],[15.1089766,58.0209345],[15.1087982,58.0211056],[15.1083908,58.0210651],[15.1080846,58.0212358],[15.1076361,58.0212971],[15.1074818,58.0212001],[15.1069375,58.0211819],[15.1056591,58.0211132],[15.1043929,58.0211795],[15.1040883,58.0217763],[15.1038203,58.0224763],[15.1041858,58.0228376],[15.1046524,58.0229237],[15.1047888,58.0231505],[15.1053918,58.0232344],[15.1058609,58.0230118],[15.1055259,58.0226505],[15.1058426,58.0224957],[15.1066649,58.022486],[15.1069483,58.0228337],[15.1069817,58.0230053],[15.1067015,58.0231699],[15.1073228,58.0232537],[15.1074873,58.0234344],[15.1068964,58.0235731],[15.106805,58.0237989],[15.1068416,58.0240408],[15.1067319,58.024315],[15.1069573,58.0245376],[15.1065736,58.0245311],[15.1062751,58.0246182],[15.106537,58.0248989],[15.106537,58.0251569],[15.1059583,58.0254279],[15.1055563,58.0248569],[15.1050812,58.0246989],[15.1050325,58.0244634],[15.1046548,58.024115],[15.1042832,58.0238763],[15.1040578,58.0236215],[15.1034914,58.0234183],[15.1028396,58.0232924],[15.1025472,58.0233699],[15.102334,58.0234795],[15.1020599,58.0232602],[15.101067,58.0233312],[15.1006406,58.0232279],[15.1008355,58.0235279],[15.100732,58.0237989],[15.1002812,58.0242634],[15.099867,58.0241408],[15.0990386,58.0243763],[15.0984904,58.0243537],[15.0976315,58.0244247],[15.0974975,58.0249569],[15.0968214,58.0252021],[15.0963036,58.0252795],[15.096546,58.0255955],[15.0957952,58.0254426],[15.0954957,58.0255706],[15.0953223,58.0258238],[15.094647,58.0258807],[15.093909,58.025668],[15.0936833,58.0254796],[15.0934046,58.0254204],[15.0928214,58.025451],[15.0923065,58.0255984],[15.0921279,58.0258766],[15.0923863,58.0260563],[15.0920703,58.0262291],[15.0915279,58.0261009],[15.0913646,58.0263295],[15.0909381,58.0263407],[15.090759,58.0264773],[15.090659,58.0268036],[15.090106,58.0269458],[15.0899975,58.0270248],[15.0896676,58.0273149],[15.0898262,58.0278998],[15.0905226,58.0281906],[15.0907764,58.0281731],[15.0908704,58.0282478],[15.09091,58.0283583],[15.0907906,58.028736],[15.0908959,58.029079],[15.0907906,58.0291208],[15.0907959,58.0293913],[15.0908547,58.029593],[15.0907407,58.0296112],[15.0907078,58.0296165],[15.0907011,58.0296088],[15.0906116,58.0295502],[15.0904325,58.0291348],[15.0903719,58.0291194],[15.0903114,58.0291041],[15.0902294,58.0289868],[15.0904203,58.0287096],[15.0902771,58.0286479],[15.0901463,58.0286432],[15.0900949,58.0286609],[15.0900424,58.0286637],[15.089897,58.0287073],[15.0898319,58.0287179],[15.0897719,58.0287102],[15.0897482,58.0286939],[15.0897254,58.0287051],[15.0896987,58.0286533],[15.0893527,58.0286622],[15.0893518,58.0289231],[15.0893179,58.0290741],[15.08931,58.0291096],[15.0891752,58.0292131],[15.0888517,58.0292142],[15.0888503,58.0291036],[15.0885074,58.028997],[15.0883112,58.0288726],[15.0881377,58.0289119],[15.0880153,58.0289758],[15.0878047,58.0291236],[15.0875308,58.0290316],[15.0871926,58.0290077],[15.0871914,58.0288773],[15.0864983,58.0283152],[15.0860329,58.0277572],[15.0860355,58.0274506],[15.0859345,58.0272206],[15.0856465,58.0270164],[15.0854659,58.026988],[15.0855001,58.0267786],[15.0854313,58.0266292],[15.0861078,58.0266171],[15.0862518,58.0264788],[15.0859619,58.0263421],[15.0857914,58.026275],[15.0852956,58.0261779],[15.0853969,58.025923],[15.0857248,58.0257572],[15.0861223,58.025651],[15.0862481,58.0255618],[15.0869855,58.0255834],[15.0868348,58.0257374],[15.0869572,58.0259915],[15.0872771,58.0260763],[15.0873231,58.0258391],[15.0874388,58.0257781],[15.0877604,58.0256539],[15.0879466,58.0254489],[15.0876545,58.0253337],[15.0874968,58.0254257],[15.0871446,58.0255404],[15.0863665,58.024919],[15.0860611,58.0248492],[15.0857905,58.0249228],[15.0855172,58.0250611],[15.0854318,58.0254488],[15.085156,58.0254702],[15.0849461,58.0254243],[15.0848949,58.025308],[15.0850413,58.0251736],[15.0849681,58.025003],[15.0852414,58.0247884],[15.0849827,58.024667],[15.0847875,58.0247419],[15.0847045,58.0240388],[15.0843775,58.0238527],[15.0844006,58.0235902],[15.0847045,58.0232918],[15.0846655,58.0227723],[15.0848399,58.0217529],[15.0849925,58.0215729],[15.0854464,58.0214875],[15.0852805,58.021273],[15.0855001,58.0210274],[15.0856026,58.0206552],[15.0859882,58.0203165],[15.0863104,58.0204277],[15.0862031,58.0207031],[15.0862469,58.0209344],[15.0863527,58.0211923],[15.0865886,58.0213867],[15.0871011,58.0215031],[15.0872036,58.02179],[15.0875062,58.0219192],[15.0880038,58.0215982],[15.0881554,58.0214384],[15.0881798,58.0212446],[15.0884043,58.0210042],[15.0883484,58.0208322],[15.0888425,58.0205962],[15.0885222,58.0201521],[15.0879838,58.0198381],[15.0883531,58.0190963],[15.0887289,58.0187603],[15.0887337,58.0183477],[15.088342,58.0181564],[15.0868997,58.0179007],[15.0869278,58.0176887],[15.0864008,58.0174219],[15.0860331,58.0172015],[15.0860559,58.0169037],[15.0857815,58.0164914],[15.0857686,58.0161587],[15.0855202,58.0158081],[15.0847564,58.0152014],[15.0836835,58.015396],[15.0832758,58.0150971]]],[[[15.0889272,58.0321154],[15.089055,58.0320239],[15.089093,58.0319617],[15.0890723,58.0319178],[15.089214,58.0318428],[15.0892762,58.0318647],[15.0893349,58.0318446],[15.0893488,58.0319032],[15.0894352,58.0319379],[15.0893246,58.0320733],[15.0891207,58.0321593],[15.0891103,58.032227],[15.0890412,58.0322819],[15.0889652,58.0322325],[15.0889721,58.0321886],[15.0889272,58.0321154]]],[[[15.0893246,58.0316873],[15.089328,58.0316086],[15.0893902,58.031583],[15.0893591,58.0315098],[15.0894939,58.0314988],[15.0895354,58.0314202],[15.0896321,58.0313671],[15.0898533,58.0313945],[15.089874,58.0314366],[15.0899051,58.0314787],[15.0898775,58.031508],[15.0898084,58.0315665],[15.0898878,58.0315665],[15.0899293,58.0316251],[15.0900399,58.0316873],[15.0897807,58.0318044],[15.089601,58.0318428],[15.0894663,58.0317989],[15.0894317,58.0317294],[15.0893246,58.0316873]]],[[[15.0904191,58.0312531],[15.0904744,58.0312092],[15.0905954,58.0311854],[15.0906887,58.0312312],[15.090699,58.0312879],[15.0906196,58.0313373],[15.0906679,58.0314086],[15.0905401,58.0314086],[15.0904744,58.031308],[15.0904191,58.0312531]]],[[[15.0926339,58.0281838],[15.0927154,58.0279942],[15.0928514,58.0277158],[15.0932049,58.0276198],[15.0936127,58.0275359],[15.0937079,58.0274711],[15.0936445,58.0273895],[15.0937225,58.027312],[15.0936054,58.0269399],[15.0933175,58.0268469],[15.0932931,58.0265859],[15.0934151,58.026511],[15.0935044,58.0263552],[15.0936671,58.0263024],[15.0940025,58.0262952],[15.0942109,58.0264224],[15.0943424,58.0264008],[15.0944194,58.026468],[15.0946823,58.0264872],[15.0950312,58.0266864],[15.0946007,58.026828],[15.0942517,58.0267488],[15.0941248,58.0268447],[15.0941248,58.0270151],[15.0944013,58.0272191],[15.0948363,58.0272623],[15.0948817,58.0276414],[15.0953802,58.0275886],[15.0957971,58.027615],[15.0959557,58.0277518],[15.0961007,58.0279006],[15.0959194,58.0279438],[15.0959376,58.028023],[15.0958922,58.0280902],[15.095575,58.0280878],[15.0952261,58.0281262],[15.0949315,58.0280038],[15.0948499,58.0281958],[15.0949224,58.0284309],[15.0946868,58.0286805],[15.0947638,58.0288916],[15.0946777,58.0290596],[15.0944919,58.029158],[15.0940841,58.0292204],[15.0938847,58.0293139],[15.0934723,58.02911],[15.0934587,58.0289756],[15.0933907,58.0289228],[15.0932729,58.0286805],[15.0930961,58.0286469],[15.0930599,58.0285365],[15.0928333,58.0284405],[15.0928333,58.0283181],[15.0926339,58.0281838]]],[[[15.0961052,58.0284069],[15.0962775,58.0282677],[15.0962775,58.0281382],[15.0964167,58.0280994],[15.0966819,58.0280994],[15.0968965,58.0282309],[15.0967408,58.0282977],[15.0967744,58.0283557],[15.0967744,58.0284983],[15.0966566,58.0285228],[15.0965977,58.0285963],[15.0962862,58.0286632],[15.0961263,58.0285696],[15.0961052,58.0284069]]],[[[15.0975611,58.0258783],[15.0977101,58.0257735],[15.0978245,58.0257761],[15.0978729,58.0258109],[15.09798,58.0257789],[15.0980232,58.0258466],[15.0980928,58.0258393],[15.0981131,58.0259244],[15.0981879,58.0259678],[15.0981735,58.026058],[15.0980578,58.0261074],[15.0979758,58.0261789],[15.0978694,58.026165],[15.0977315,58.0260929],[15.0975781,58.0260224],[15.0975611,58.0258783]]],[[[15.0998183,58.0259311],[15.1001168,58.0257053],[15.1001046,58.0254569],[15.100196,58.0252827],[15.1004031,58.0252311],[15.100814,58.025381],[15.1011873,58.0254589],[15.1014362,58.0255787],[15.1018945,58.0256985],[15.1020925,58.0258243],[15.1016456,58.0259831],[15.1015268,58.0261059],[15.1016173,58.0263576],[15.1011081,58.0264984],[15.1004972,58.0262527],[15.1002482,58.0262976],[15.1001407,58.0265223],[15.0998183,58.0262917],[15.0998183,58.0261569],[15.0998183,58.0259311]]],[[[15.1013095,58.0243315],[15.1013899,58.024244],[15.1015645,58.0242756],[15.1016525,58.0242472],[15.1018406,58.024286],[15.1018968,58.0243494],[15.10187,58.0244115],[15.1019442,58.0245021],[15.1017795,58.0245771],[15.1016394,58.0245768],[15.1015059,58.0245163],[15.1013593,58.0244503],[15.1013095,58.0243315]]],[[[15.1014081,58.024944],[15.1016408,58.0248143],[15.1017227,58.0248228],[15.1017887,58.0248604],[15.1020294,58.0248666],[15.1020355,58.0249924],[15.1019451,58.0250648],[15.1019442,58.025173],[15.1016543,58.025211],[15.1015262,58.0252852],[15.1014246,58.0250286],[15.1014081,58.024944]]],[[[15.1051479,58.0305076],[15.1052481,58.0304472],[15.1052308,58.0303795],[15.1053068,58.0303502],[15.1053967,58.0303776],[15.1053967,58.0304252],[15.1055038,58.0304563],[15.1055073,58.0305222],[15.1054001,58.0305551],[15.1053967,58.0306283],[15.1053448,58.0306356],[15.1052826,58.0305643],[15.1051824,58.030546],[15.1051479,58.0305076]]],[[[15.1091109,58.0209545],[15.1092001,58.0209111],[15.1091519,58.0208919],[15.1092001,58.0208306],[15.1093062,58.0208013],[15.109393,58.0208268],[15.1094629,58.0208294],[15.1095521,58.0207719],[15.1097233,58.0208064],[15.1096847,58.0208983],[15.1095256,58.0208855],[15.1095159,58.0209187],[15.1095207,58.0209571],[15.1097088,58.020929],[15.1098366,58.0209494],[15.109839,58.0210643],[15.1098269,58.0211575],[15.1097474,58.0211652],[15.1097016,58.0212316],[15.1096148,58.0212622],[15.109487,58.0211562],[15.1094026,58.021146],[15.1092555,58.0210707],[15.1091519,58.0210081],[15.1091109,58.0209545]]],[[[15.1113255,58.0315383],[15.1114111,58.0314283],[15.1114673,58.0313507],[15.1115235,58.031242],[15.1114697,58.0312019],[15.1115332,58.0311954],[15.1116065,58.031273],[15.111736,58.031317],[15.1117018,58.0313972],[15.1116994,58.0315059],[15.1117287,58.0316029],[15.111609,58.0315952],[15.1115088,58.0316857],[15.1114013,58.0316275],[15.1114624,58.0315667],[15.1113255,58.0315383]]],[[[15.1190508,58.0177779],[15.1190967,58.0177],[15.1193042,58.0176125],[15.1191082,58.0175147],[15.1191604,58.0174413],[15.1192274,58.0174105],[15.1191375,58.0173373],[15.1191548,58.0172933],[15.1190613,58.0172276],[15.1190542,58.0169951],[15.1192101,58.0169273],[15.1194577,58.0168983],[15.1195615,58.0169262],[15.1196063,58.0169201],[15.1196386,58.0169657],[15.1195982,58.0169935],[15.119583,58.0170626],[15.1197285,58.017103],[15.1199047,58.0170956],[15.1198895,58.0171451],[15.1197904,58.0172726],[15.1196663,58.0174965],[15.119683,58.017653],[15.1195143,58.0177187],[15.1195395,58.0177753],[15.1195982,58.0178762],[15.1194442,58.0179358],[15.1193232,58.0181986],[15.1191018,58.0182418],[15.1191314,58.0180975],[15.1190542,58.0179624],[15.119085,58.017862],[15.1190508,58.0177779]]],[[[15.1203955,58.0156617],[15.1205902,58.0156829],[15.1209654,58.0157654],[15.1210503,58.0158929],[15.1213547,58.0160578],[15.1217524,58.0159154],[15.1221121,58.0160145],[15.1223242,58.0162852],[15.1224834,58.0163899],[15.1226382,58.016367],[15.1229222,58.0162111],[15.1233272,58.0161447],[15.1234285,58.0160809],[15.1237274,58.0160732],[15.123858,58.0159546],[15.1240068,58.0157787],[15.1240631,58.0156314],[15.1244409,58.0155792],[15.1249165,58.015767],[15.1250187,58.0158645],[15.1252097,58.0159368],[15.1258166,58.0158429],[15.1262769,58.0158393],[15.1270334,58.0154701],[15.1279579,58.015283],[15.1281829,58.0152902],[15.1285648,58.0152866],[15.1286671,58.0152035],[15.1291308,58.0152071],[15.129224,58.0151102],[15.129158,58.0150193],[15.1286943,58.0148351],[15.1283261,58.0147231],[15.1282469,58.0146117],[15.1280792,58.0144818],[15.1280586,58.0143666],[15.1279329,58.0142699],[15.1282726,58.0141242],[15.1288942,58.0140127],[15.1292194,58.0140837],[15.129274,58.0142463],[15.1295195,58.0143185],[15.1294581,58.0144775],[15.129724,58.0146075],[15.1302628,58.0146725],[15.1303514,58.014799],[15.1306252,58.0147853],[15.1308288,58.0149723],[15.1309242,58.0153227],[15.1311776,58.0154272],[15.1311336,58.0156006],[15.1311974,58.0158594],[15.1314524,58.0160963],[15.1318653,58.0162113],[15.1321108,58.0162763],[15.132337,58.0162386],[15.1325716,58.0161529],[15.1326768,58.0159621],[15.132629,58.0158248],[15.132479,58.015702],[15.1325336,58.01559],[15.132745,58.015572],[15.1329223,58.0156478],[15.1331541,58.0156117],[15.1332472,58.015444],[15.1337977,58.0154115],[15.1340776,58.015395],[15.1343597,58.0154387],[15.1345605,58.015412],[15.1351038,58.0154822],[15.1351587,58.0154023],[15.1354288,58.015399],[15.1357252,58.0155983],[15.1358887,58.0156803],[15.1361069,58.0157526],[15.1361069,58.0159223],[15.1362333,58.0160229],[15.136073,58.0163913],[15.1359364,58.0165215],[15.1358729,58.0166489],[15.1359314,58.0167952],[15.1357565,58.0170454],[15.1359428,58.0171759],[15.1359782,58.0173171],[15.1355604,58.017305],[15.1357045,58.0176019],[15.1358326,58.0177576],[15.135715,58.0179547],[15.1353227,58.0181437],[15.1350429,58.0183874],[15.1346066,58.0182918],[15.1343953,58.0183032],[15.1341323,58.0184705],[15.1346087,58.0186894],[15.134805,58.0187447],[15.1348317,58.0188913],[15.134331,58.0192414],[15.1338214,58.0191602],[15.1338342,58.0189515],[15.1336987,58.0187494],[15.1335208,58.0189873],[15.1329349,58.0191602],[15.1323647,58.0194636],[15.1321369,58.019493],[15.132079,58.0194215],[15.1319103,58.0193653],[15.1317463,58.0190001],[15.1317752,58.0187038],[15.131944,58.0186272],[15.1316113,58.0186042],[15.1314136,58.0187575],[15.1314471,58.0188109],[15.1311291,58.0189873],[15.1310568,58.0192631],[15.1306035,58.0195645],[15.1307482,58.0199373],[15.1308543,58.0201365],[15.130582,58.0204078],[15.1301599,58.0203996],[15.1300345,58.0202872],[15.1298127,58.0203153],[15.1296198,58.0202515],[15.1292687,58.0202777],[15.1290171,58.0200599],[15.1289303,58.0198428],[15.1287615,58.0196411],[15.1285831,58.0197458],[15.1283451,58.0197877],[15.12826,58.0199016],[15.1280479,58.0198658],[15.1278302,58.0199186],[15.1276043,58.0198633],[15.1273184,58.0196753],[15.1273069,58.0194544],[15.127638,58.0194061],[15.1277682,58.0194215],[15.1281829,58.0193116],[15.1284577,58.0192018],[15.1283445,58.0190683],[15.1284336,58.0188545],[15.1279514,58.0186425],[15.127343,58.0184587],[15.1270449,58.0183105],[15.1267555,58.0182323],[15.126773,58.0179781],[15.1264087,58.0177975],[15.1262637,58.0179233],[15.1259839,58.0177225],[15.1260547,58.0176062],[15.1257574,58.0174488],[15.1256457,58.0172488],[15.1255522,58.0170814],[15.1252738,58.0172301],[15.1251534,58.0175692],[15.1252549,58.0177075],[15.1252407,58.0180074],[15.1253752,58.0182024],[15.1255309,58.0183336],[15.1254698,58.0186],[15.1253235,58.0188673],[15.1250486,58.0190501],[15.1241596,58.0184817],[15.1236756,58.0183753],[15.1232409,58.0180224],[15.1217369,58.0172838],[15.1216507,58.0168507],[15.121383,58.0166136],[15.1211252,58.0163998],[15.1209937,58.0162603],[15.1207505,58.0161031],[15.120484,58.0159266],[15.1203955,58.0156617]]],[[[15.1206284,58.0237065],[15.120818,58.0235419],[15.1207969,58.0233384],[15.1210497,58.0233021],[15.1210181,58.0233997],[15.1211023,58.0235475],[15.1212603,58.0237232],[15.1217395,58.0237762],[15.1222135,58.0238236],[15.1228191,58.0240746],[15.1229718,58.0240495],[15.1231456,58.0241778],[15.1233879,58.0241973],[15.12343,58.0242698],[15.123667,58.024334],[15.123588,58.0246658],[15.123846,58.0248164],[15.1239566,58.0249865],[15.1237986,58.0250395],[15.1234616,58.0250311],[15.1227612,58.0249893],[15.1224821,58.0249391],[15.1221608,58.024967],[15.122045,58.0250339],[15.1218554,58.0249531],[15.1216921,58.0249531],[15.1215552,58.0248778],[15.121155,58.0247746],[15.1209812,58.024822],[15.1207548,58.024861],[15.1207811,58.0247411],[15.1209865,58.0246324],[15.1211813,58.0244985],[15.1211287,58.0244009],[15.1213393,58.0242726],[15.1215342,58.0241834],[15.1213656,58.0240105],[15.1210233,58.0240356],[15.1208074,58.0239101],[15.1206284,58.0237065]]],[[[15.1208135,58.0188461],[15.1208242,58.0186231],[15.1210173,58.0184867],[15.1218435,58.018562],[15.1223477,58.0187154],[15.1227661,58.0190223],[15.1231738,58.0194186],[15.1236137,58.0197254],[15.1236244,58.0199868],[15.1236352,58.0203221],[15.1233348,58.0203562],[15.1230129,58.0204485],[15.122734,58.0206403],[15.1224443,58.0207369],[15.1221546,58.0206857],[15.1216182,58.0203562],[15.1212641,58.0201232],[15.1209959,58.0199243],[15.1208993,58.0196175],[15.1211032,58.0192481],[15.1210388,58.0190393],[15.1208135,58.0188461]]],[[[15.121253,58.0209953],[15.1213122,58.0208004],[15.1214347,58.020893],[15.121595,58.0209711],[15.1217216,58.0210628],[15.1218144,58.0211633],[15.1217511,58.0213331],[15.1216077,58.0213755],[15.1214811,58.0212795],[15.1215739,58.0212035],[15.1215022,58.0211521],[15.1214042,58.0210162],[15.121253,58.0209953]]],[[[15.1221223,58.0211298],[15.1223696,58.0211225],[15.1226713,58.0212616],[15.1225537,58.0213321],[15.1226791,58.0213632],[15.1227771,58.02133],[15.1229064,58.0213508],[15.1230357,58.0213051],[15.1230474,58.021218],[15.1233217,58.0211786],[15.123545,58.021245],[15.1236312,58.0212035],[15.123831,58.0212574],[15.1236586,58.0214006],[15.1239681,58.0215126],[15.1239015,58.0215853],[15.1240034,58.0216662],[15.1241444,58.0216205],[15.1241797,58.0216662],[15.1240112,58.0218259],[15.1240386,58.0219152],[15.1237526,58.0219919],[15.1235998,58.0219318],[15.1235763,58.0218363],[15.1234784,58.0218156],[15.1232237,58.0219235],[15.123212,58.0220583],[15.1233843,58.0221455],[15.1236116,58.0221642],[15.1237252,58.0221061],[15.1237879,58.0221579],[15.1237526,58.0223136],[15.1236429,58.022409],[15.1236351,58.0224795],[15.1233569,58.0225999],[15.1230004,58.0226476],[15.1226556,58.0227265],[15.1226791,58.0225563],[15.1227653,58.0224961],[15.1228789,58.0224567],[15.1229534,58.0223384],[15.1228606,58.0223295],[15.1228015,58.022229],[15.1229154,58.0221284],[15.1230631,58.0221195],[15.1231179,58.0219475],[15.1230335,58.0217933],[15.1227804,58.021838],[15.1226285,58.0218358],[15.1224387,58.021867],[15.1222573,58.0218201],[15.1221729,58.0216481],[15.1222067,58.0215788],[15.1222067,58.0214761],[15.1222193,58.0213577],[15.1221392,58.0212795],[15.1221603,58.0212057],[15.1221223,58.0211298]]],[[[15.1228733,57.9872425],[15.123399,57.9869638],[15.1241071,57.9865372],[15.1251049,57.9866794],[15.1260812,57.9870206],[15.1258516,57.9872848],[15.1253517,57.9875837],[15.1251371,57.9882093],[15.1243818,57.9885474],[15.1236887,57.9885733],[15.1233347,57.9881979],[15.122927,57.9879818],[15.1228733,57.9872425]]],[[[15.1336658,58.0252459],[15.1336734,58.0250768],[15.1342361,58.024654],[15.1344566,58.0246983],[15.1346467,58.0246057],[15.1345098,58.0244768],[15.134814,58.0244446],[15.1350193,58.0243077],[15.1350193,58.0241507],[15.1354603,58.0240218],[15.1355288,58.0238929],[15.1358177,58.023909],[15.1359394,58.0238124],[15.1363862,58.0237742],[15.1368692,58.0238176],[15.1372704,58.0241168],[15.1376716,58.0240387],[15.1382856,58.0240647],[15.1387114,58.0242729],[15.1388997,58.024481],[15.1389079,58.0248192],[15.1391535,58.0249319],[15.1390389,58.025114],[15.1391863,58.0252137],[15.1387681,58.0253385],[15.1387681,58.0255278],[15.1392623,58.0257372],[15.1391787,58.0261479],[15.1391102,58.0262526],[15.138578,58.0262969],[15.1382054,58.0262969],[15.1376959,58.0263734],[15.1373233,58.0263734],[15.1370724,58.0264781],[15.1367682,58.0263452],[15.1366694,58.0261881],[15.1364869,58.0261116],[15.1362359,58.0261439],[15.1360915,58.0261116],[15.1361979,58.0260069],[15.1360306,58.0259586],[15.1359166,58.0260633],[15.1357645,58.02616],[15.1353615,58.0261197],[15.1350573,58.0260392],[15.1345098,58.0259908],[15.1342285,58.0259707],[15.1342285,58.0258258],[15.134008,58.0256929],[15.1338635,58.0256929],[15.1338179,58.0256123],[15.1339091,58.0255278],[15.1339091,58.0254311],[15.1336658,58.0252459]]],[[[15.1352027,58.0266182],[15.13526,58.0265315],[15.1354729,58.0265011],[15.1355281,58.0265822],[15.1354295,58.0266081],[15.1352027,58.0266182]]],[[[15.1357148,58.0265014],[15.1358376,58.0264233],[15.1360423,58.0265577],[15.13664,58.0265534],[15.137385,58.0266098],[15.1379418,58.0266098],[15.1381465,58.0267268],[15.1384903,58.0269306],[15.1387441,58.0270563],[15.1389161,58.0273381],[15.13926,58.0274638],[15.1391126,58.0276156],[15.1391617,58.0280361],[15.138998,58.0281792],[15.138998,58.0283829],[15.138998,58.0287211],[15.1383511,58.0289855],[15.1380892,58.0288165],[15.1379254,58.0288728],[15.1377698,58.0288034],[15.1378927,58.0285217],[15.1374096,58.0285303],[15.1370985,58.0284523],[15.1370248,58.0285607],[15.136861,58.0285737],[15.1367055,58.028448],[15.1368201,58.0284133],[15.1368856,58.0283439],[15.1366154,58.0282745],[15.1366072,58.0280318],[15.1364598,58.027854],[15.1362715,58.027815],[15.1363616,58.0276546],[15.1361242,58.0275029],[15.1362633,58.0273858],[15.1361078,58.0272297],[15.1359113,58.0272514],[15.1359113,58.0270693],[15.1360832,58.0269046],[15.1359358,58.0268916],[15.1360095,58.0266878],[15.1358622,58.0266184],[15.1357148,58.0265014]]],[[[15.1380555,58.0194459],[15.1380995,58.0194019],[15.1381637,58.0194],[15.1381013,58.019455],[15.1380555,58.0194459]]],[[[15.1424922,58.0181722],[15.1425018,58.018109],[15.1425712,58.0181364],[15.1426051,58.0181364],[15.1426906,58.0181748],[15.1426599,58.0182372],[15.1425551,58.0182372],[15.1424922,58.0181722]]],[[[15.1431165,58.0187995],[15.1431322,58.0187709],[15.1431907,58.0187738],[15.1432359,58.0188029],[15.1431956,58.0188234],[15.1431746,58.0188524],[15.1431536,58.0188251],[15.1431165,58.0187995]]],[[[15.1450168,58.0201781],[15.1450607,58.0199952],[15.14518,58.0199055],[15.1453212,58.0199753],[15.1454688,58.0199903],[15.1454688,58.02007],[15.1451769,58.0201764],[15.1451769,58.0203393],[15.1452616,58.0204922],[15.1450827,58.0203393],[15.1450168,58.0201781]]],[[[15.1451381,58.0210463],[15.1452848,58.0210101],[15.1454462,58.0210127],[15.1460772,58.0208495],[15.1462728,58.0206941],[15.1465516,58.020764],[15.1468304,58.0207459],[15.1472314,58.020764],[15.1475689,58.020878],[15.1475053,58.0210204],[15.147295,58.0210852],[15.1469282,58.0211266],[15.1475835,58.0214634],[15.1475395,58.0215592],[15.1472559,58.0215592],[15.1471238,58.0216706],[15.1469037,58.0217353],[15.1466445,58.0216706],[15.1463706,58.0217587],[15.1461505,58.0217043],[15.1461407,58.021624],[15.1457593,58.0214789],[15.1455343,58.0215281],[15.1452261,58.0214142],[15.1451821,58.0213183],[15.1453729,58.0212484],[15.1452115,58.0211785],[15.1451381,58.0210463]]],[[[15.150339,58.0137215],[15.1503867,58.0135764],[15.15053,58.0134498],[15.1506055,58.013294],[15.1508031,58.013208],[15.1509114,58.0131162],[15.1510588,58.0131093],[15.1512083,58.0131513],[15.1513414,58.0132342],[15.1513974,58.0133369],[15.1513974,58.0134544],[15.1513881,58.0135694],[15.1515142,58.0136782],[15.1515422,58.0137933],[15.1515422,58.0138947],[15.1514184,58.0139838],[15.1512036,58.0140456],[15.1511619,58.0140129],[15.1509911,58.0139702],[15.1508277,58.0138477],[15.1506035,58.0138663],[15.1504774,58.0138118],[15.1505124,58.0137215],[15.150339,58.0137215]]],[[[15.1535357,58.0195143],[15.1535601,58.0194082],[15.153609,58.0193616],[15.1537165,58.0192995],[15.153824,58.0192193],[15.1539706,58.0192141],[15.1540977,58.0191235],[15.1542883,58.0192374],[15.1542883,58.0193513],[15.154127,58.0193797],[15.1539364,58.019447],[15.1537996,58.0195299],[15.1537458,58.019667],[15.1538093,58.0197447],[15.1536432,58.0197473],[15.1536481,58.0196903],[15.1536872,58.0196049],[15.1535699,58.0195609],[15.1535357,58.0195143]]],[[[15.1558588,58.0198811],[15.1559297,58.0198262],[15.156023,58.019818],[15.1559971,58.0197658],[15.1560213,58.0197247],[15.156099,58.0196679],[15.156175,58.0196945],[15.1562649,58.0197466],[15.1563565,58.0197805],[15.1563202,58.0198235],[15.1563133,58.0198619],[15.1562355,58.0199123],[15.1561336,58.0199159],[15.156023,58.0198958],[15.1559366,58.0199132],[15.1558588,58.0198811]]],[[[15.1563275,58.0203534],[15.1564741,58.020224],[15.1567323,58.0202353],[15.1570304,58.0203388],[15.1572992,58.0204268],[15.15748,58.0204268],[15.1576169,58.0204579],[15.1576364,58.0205148],[15.1579345,58.020595],[15.1580078,58.0206701],[15.1581642,58.0207193],[15.158218,58.0207814],[15.1584232,58.0208202],[15.1587458,58.0208228],[15.1587653,58.0207633],[15.1589022,58.0207581],[15.1590146,58.020683],[15.1591319,58.0206261],[15.1592394,58.0205614],[15.1591608,58.0204977],[15.1591706,58.0204162],[15.1592646,58.0203269],[15.1592817,58.0202803],[15.1593453,58.0202725],[15.1593892,58.0202544],[15.1595212,58.0202577],[15.1596092,58.0202836],[15.1597069,58.0202855],[15.1597924,58.0202758],[15.1599476,58.0202454],[15.1601186,58.0202706],[15.1601296,58.0203146],[15.1601492,58.0203948],[15.1601492,58.0204725],[15.1600563,58.0204492],[15.1599977,58.0204725],[15.1600563,58.020589],[15.1599733,58.0206304],[15.1600123,58.0207054],[15.1600514,58.0207701],[15.1599928,58.0208167],[15.1600075,58.0208607],[15.159939,58.0209332],[15.1599733,58.0210316],[15.1598511,58.021016],[15.1596312,58.021029],[15.1593624,58.0210549],[15.1591718,58.021073],[15.1591034,58.0210212],[15.1589128,58.0210134],[15.1588443,58.0209332],[15.1587026,58.0209099],[15.158556,58.0209021],[15.1584729,58.0209461],[15.1584094,58.0210652],[15.1583752,58.0211429],[15.1583019,58.0210445],[15.1581699,58.0210937],[15.1581601,58.0212153],[15.1579842,58.021148],[15.1579207,58.0211584],[15.1578914,58.021337],[15.157559,58.0213913],[15.1571485,58.021425],[15.1568602,58.021324],[15.1567624,58.0213033],[15.1566745,58.0212412],[15.1565279,58.021249],[15.1564839,58.0211869],[15.1564399,58.0210833],[15.1565034,58.0210341],[15.1564008,58.0209591],[15.1564008,58.0208219],[15.156347,58.0206951],[15.156391,58.02062],[15.1563422,58.0205217],[15.1563275,58.0203534]]],[[[15.1615117,58.0140494],[15.1615542,58.0139782],[15.161717,58.013832],[15.1618657,58.0137795],[15.1617736,58.0136295],[15.1620072,58.0136032],[15.1622125,58.013562],[15.1622904,58.0134308],[15.1625452,58.0133933],[15.1627788,58.0134345],[15.162977,58.0133783],[15.1630831,58.0132658],[15.1631256,58.013097],[15.1632743,58.013082],[15.1632389,58.0129321],[15.1632955,58.0128196],[15.1632106,58.0126996],[15.1633734,58.0125683],[15.1633734,58.0124521],[15.1636423,58.0123246],[15.1638901,58.0123734],[15.1640741,58.0122984],[15.1639679,58.0122046],[15.1642004,58.0119693],[15.1648482,58.0119168],[15.1651996,58.0120134],[15.1656597,58.0119984],[15.165957,58.0120284],[15.1664666,58.0120546],[15.1666931,58.0121746],[15.1672311,58.0123059],[15.1675779,58.0123246],[15.1680663,58.0123584],[15.168484,58.0124409],[15.1688662,58.0124708],[15.1690573,58.0125533],[15.1693475,58.0126396],[15.1696519,58.0127333],[15.1696165,58.0129995],[15.1699209,58.0130333],[15.1701686,58.0130145],[15.1704871,58.013367],[15.1705933,58.0135957],[15.1703597,58.0136932],[15.1700554,58.013682],[15.1696023,58.0137457],[15.1690998,58.0138282],[15.1690078,58.0136932],[15.1689228,58.0137195],[15.168668,58.0136857],[15.1684132,58.0136295],[15.1683353,58.0139144],[15.1681937,58.0141244],[15.1679814,58.0142669],[15.1679814,58.0144056],[15.1678257,58.0145069],[15.1678257,58.0146531],[15.1679743,58.0148293],[15.1681584,58.0148368],[15.1684203,58.0149305],[15.1684132,58.0151668],[15.1683707,58.0153055],[15.1681513,58.0151893],[15.1679389,58.0151893],[15.1675567,58.015238],[15.1672098,58.015178],[15.1666153,58.0151293],[15.1660561,58.0151518],[15.1658437,58.0151293],[15.1654615,58.0151293],[15.1649589,58.0151255],[15.1647749,58.0150805],[15.164513,58.0150805],[15.1642157,58.0150693],[15.1642157,58.0152118],[15.1639679,58.0152455],[15.1637981,58.015133],[15.1635928,58.0151105],[15.1634512,58.0151105],[15.1633167,58.015073],[15.163253,58.0149493],[15.1631256,58.014953],[15.1627859,58.0147543],[15.1624107,58.0146231],[15.1621346,58.0145744],[15.1619718,58.0144731],[15.1617383,58.0143831],[15.161533,58.0143269],[15.1615684,58.0142257],[15.1616675,58.0141657],[15.1615117,58.0140494]]],[[[15.161643,58.028261],[15.161719,58.0282207],[15.161871,58.0283195],[15.1618987,58.0284805],[15.1617674,58.0284622],[15.1616637,58.0283634],[15.161643,58.028261]]],[[[15.1694915,58.0177328],[15.1695836,58.0176226],[15.1695665,58.0175341],[15.16972,58.0174962],[15.169662,58.0174619],[15.169679,58.0174131],[15.1697302,58.017368],[15.1696654,58.0173354],[15.16987,58.017265],[15.1699825,58.0171747],[15.1699586,58.0171404],[15.1699825,58.0170826],[15.170095,58.017079],[15.1702041,58.0169941],[15.1703166,58.016837],[15.1702416,58.0167846],[15.170286,58.0167304],[15.170245,58.0166745],[15.1703576,58.01666],[15.1704394,58.0165914],[15.1703712,58.0165282],[15.1705621,58.0165011],[15.1706167,58.0164072],[15.1707769,58.016353],[15.1709781,58.0163422],[15.1710122,58.0163042],[15.1709713,58.0162284],[15.1711895,58.0162501],[15.1712782,58.0162121],[15.1712611,58.0161688],[15.1714691,58.0161598],[15.1714827,58.0161128],[15.1716294,58.0160135],[15.1716157,58.0159683],[15.1717623,58.0158618],[15.1717214,58.0157823],[15.17166,58.0157101],[15.1716328,58.0156631],[15.1714145,58.0156342],[15.1714214,58.0155222],[15.1715032,58.0154717],[15.1714486,58.0154355],[15.1715407,58.0152874],[15.1716566,58.0152423],[15.1716771,58.0151845],[15.1715782,58.0151339],[15.171718,58.0150996],[15.1716294,58.0150599],[15.1716225,58.0149443],[15.1715237,58.0149118],[15.1714316,58.0148468],[15.1714861,58.014789],[15.1713941,58.014751],[15.1713429,58.0146824],[15.1714077,58.0146102],[15.1714486,58.0145144],[15.1714555,58.0144386],[15.1715168,58.0143429],[15.1715032,58.0142616],[15.1715918,58.014202],[15.1714555,58.014025],[15.1715475,58.013913],[15.1714623,58.0138678],[15.1713191,58.0139004],[15.1713054,58.0138155],[15.1714111,58.0137812],[15.1714861,58.0137125],[15.1715612,58.0136349],[15.1717316,58.0135987],[15.171776,58.0135265],[15.1718101,58.0134524],[15.1716771,58.0134434],[15.1715714,58.0134127],[15.1715305,58.0134308],[15.1714486,58.0133838],[15.1714896,58.0132718],[15.1714691,58.0132032],[15.1716362,58.0131291],[15.1716157,58.0130822],[15.1717419,58.0130027],[15.1719158,58.0130208],[15.1720078,58.0130876],[15.172018,58.0131743],[15.1720112,58.0132628],[15.1721033,58.0132989],[15.1722158,58.01327],[15.1723249,58.0132249],[15.1723897,58.0132194],[15.1723692,58.0131472],[15.1724681,58.0130858],[15.1725738,58.0130479],[15.1724715,58.0129846],[15.1724749,58.0129359],[15.1725261,58.0128997],[15.1725227,58.0128474],[15.1727477,58.0128076],[15.1727443,58.0127372],[15.1726932,58.0127245],[15.1726829,58.0126794],[15.1727648,58.0125963],[15.1727477,58.0125042],[15.1728364,58.01245],[15.1728057,58.0123904],[15.1726522,58.0123163],[15.1726522,58.0122206],[15.1726591,58.0121285],[15.172775,58.012105],[15.1728023,58.0120707],[15.1728023,58.0120039],[15.1727784,58.0119497],[15.1729216,58.0119461],[15.1729693,58.0119099],[15.1729727,58.0118124],[15.1730853,58.0117799],[15.1730955,58.0117347],[15.1732251,58.0116824],[15.1732762,58.0116083],[15.1733751,58.0115776],[15.1735694,58.0115794],[15.1736274,58.0116137],[15.1737467,58.0116101],[15.1738388,58.0116318],[15.1739206,58.0116119],[15.1740366,58.011639],[15.1741082,58.01163],[15.1742718,58.0116715],[15.1745105,58.0117329],[15.1745923,58.0116824],[15.1747253,58.0116806],[15.1748617,58.0116517],[15.1748787,58.0116336],[15.1750015,58.0116191],[15.1749912,58.0116986],[15.1751549,58.0117257],[15.1751617,58.0117492],[15.1752538,58.0118612],[15.1753083,58.0119641],[15.1754891,58.0119605],[15.1756493,58.0119804],[15.1757618,58.0118774],[15.17598,58.011872],[15.1761028,58.0118395],[15.1764301,58.0118612],[15.176662,58.0119587],[15.1767949,58.0119714],[15.1767813,58.0120129],[15.176945,58.0120671],[15.1770711,58.0120653],[15.1772893,58.0121249],[15.1772484,58.0121448],[15.1773575,58.012208],[15.1774598,58.0121953],[15.1776576,58.01217],[15.1778383,58.0121068],[15.1779304,58.0120779],[15.1780872,58.0121303],[15.1781997,58.012208],[15.1783907,58.0122477],[15.1784418,58.0123272],[15.178244,58.0123597],[15.1782406,58.0124139],[15.1781213,58.0124897],[15.1779951,58.0125602],[15.1779781,58.0126198],[15.1779781,58.0127083],[15.1781179,58.0128221],[15.1781247,58.0129214],[15.178019,58.0130171],[15.1779338,58.0130984],[15.1779713,58.0131905],[15.1778792,58.0132339],[15.1777428,58.0133097],[15.1777394,58.0133856],[15.1774598,58.0134235],[15.177303,58.013494],[15.1770609,58.013512],[15.1768631,58.0136041],[15.1764983,58.0136385],[15.1762153,58.0136132],[15.1761573,58.0135482],[15.1760107,58.0135301],[15.1757891,58.013456],[15.1756084,58.0133784],[15.1754277,58.0133441],[15.1752163,58.0134037],[15.1748958,58.0133874],[15.1747014,58.0133386],[15.1747321,58.0133784],[15.1748685,58.0134651],[15.1749708,58.013512],[15.1750935,58.0135753],[15.1752265,58.0136981],[15.1752742,58.013783],[15.1753458,58.0137631],[15.1755197,58.0137721],[15.1755095,58.0138263],[15.1756902,58.0139112],[15.1757959,58.0141081],[15.1760516,58.0142562],[15.1762767,58.0143627],[15.176321,58.0144765],[15.176263,58.0145199],[15.1764301,58.0146752],[15.1764301,58.0147673],[15.1763824,58.0148395],[15.1763585,58.0150256],[15.1764199,58.0152098],[15.1764949,58.0152838],[15.176529,58.0154717],[15.1764983,58.0155439],[15.1765767,58.0156432],[15.1767506,58.015766],[15.1768222,58.0158997],[15.1768972,58.015981],[15.1769927,58.0160261],[15.1769791,58.0160893],[15.1771461,58.0161886],[15.1774496,58.0162157],[15.177453,58.0162862],[15.1774701,58.0163548],[15.1774598,58.0164036],[15.1774973,58.016465],[15.1776508,58.016465],[15.1777871,58.0165228],[15.1777974,58.0166907],[15.1776883,58.016763],[15.1775041,58.0167142],[15.1774087,58.0166492],[15.1774257,58.0165787],[15.1773746,58.0164884],[15.177395,58.0163945],[15.1772109,58.0163819],[15.1769722,58.0163584],[15.1768461,58.016362],[15.1766074,58.016344],[15.1764915,58.0163783],[15.1765494,58.0164577],[15.176604,58.016586],[15.1765665,58.0166889],[15.176396,58.0166708],[15.1761232,58.0166131],[15.1759528,58.0166474],[15.1756834,58.0166727],[15.1754891,58.0167666],[15.1754925,58.0168641],[15.1753799,58.0169056],[15.1750253,58.016893],[15.1747833,58.0169255],[15.1745548,58.0168569],[15.1743639,58.0167756],[15.1742002,58.0167214],[15.1739854,58.0165842],[15.1738422,58.0165571],[15.1736649,58.0164975],[15.1734194,58.0164614],[15.1732626,58.0165101],[15.1732148,58.0166654],[15.1730375,58.0167268],[15.1730034,58.0168316],[15.1729421,58.0168496],[15.1727784,58.017014],[15.1727273,58.0171115],[15.1727579,58.0171928],[15.1729898,58.017265],[15.1731057,58.0172777],[15.1733342,58.01733],[15.1734774,58.0173842],[15.1736103,58.0174691],[15.173549,58.0174817],[15.173566,58.0175413],[15.1736513,58.0176316],[15.1738217,58.0176677],[15.173699,58.0177093],[15.1737433,58.0177905],[15.1736956,58.0178285],[15.1736819,58.0178736],[15.1737774,58.0179657],[15.173774,58.0180271],[15.1735899,58.0180235],[15.1734774,58.0180416],[15.1734706,58.0181246],[15.1733069,58.0181355],[15.1731739,58.0181481],[15.1730853,58.0181933],[15.1729455,58.0182167],[15.1728705,58.0182763],[15.172925,58.0183612],[15.1728261,58.0183793],[15.1726863,58.0183215],[15.1725329,58.0183179],[15.172434,58.018345],[15.172226,58.018372],[15.172342,58.0184371],[15.1721783,58.0184407],[15.1720897,58.0183883],[15.171984,58.0183666],[15.1718544,58.0183666],[15.1716225,58.0183359],[15.1715475,58.0182799],[15.1714043,58.0182511],[15.1712645,58.0182511],[15.1710088,58.0182023],[15.170794,58.018159],[15.1705349,58.0181337],[15.1703882,58.0180994],[15.1702416,58.0180416],[15.1700814,58.0180073],[15.1699757,58.0180073],[15.169795,58.0179711],[15.1697268,58.0179152],[15.1695938,58.0178754],[15.1694949,58.0178194],[15.1694915,58.0177328]]],[[[15.1731719,57.9534954],[15.1732635,57.953439],[15.1732733,57.9534355],[15.1733307,57.9534359],[15.1733709,57.9534489],[15.1734038,57.9534702],[15.1733893,57.9535225],[15.17335,57.9535287],[15.1731719,57.9534954]]],[[[15.1739254,57.9533274],[15.173943,57.9532394],[15.1743814,57.9530339],[15.1744085,57.9530374],[15.1744702,57.95307],[15.1744768,57.9530791],[15.1739254,57.9533274]]],[[[15.1740916,58.0241647],[15.1741556,58.0237885],[15.1743342,58.0232867],[15.1748917,58.0230292],[15.1754229,58.023053],[15.1756405,58.0229038],[15.1754224,58.0225533],[15.1759413,58.022192],[15.1767221,58.0221683],[15.1769782,58.0220869],[15.177235,58.0219611],[15.1773738,58.0221695],[15.1774281,58.0223708],[15.1778385,58.0225018],[15.1781686,58.022958],[15.1785654,58.0230733],[15.1785974,58.0231784],[15.178527,58.0232902],[15.1786486,58.0234563],[15.1788406,58.023541],[15.1789592,58.0236944],[15.1790326,58.0238935],[15.178911,58.0240732],[15.1790006,58.0242189],[15.1792631,58.0243341],[15.1789942,58.0243714],[15.1788598,58.0245748],[15.1791479,58.0247409],[15.1791991,58.0248256],[15.1791415,58.0249815],[15.1794154,58.0253239],[15.1799031,58.0259407],[15.1803959,58.0262152],[15.1804443,58.0264526],[15.1802039,58.0266422],[15.1799863,58.0269608],[15.1797751,58.0269981],[15.1796855,58.026893],[15.1795319,58.0268286],[15.1792311,58.0269133],[15.1786275,58.0269681],[15.1783094,58.0269167],[15.178047,58.0268117],[15.1770871,58.0266174],[15.1767157,58.0264829],[15.1765237,58.0263033],[15.1759349,58.0260525],[15.1753973,58.0256356],[15.1752885,58.0255204],[15.1750389,58.0249834],[15.1742708,58.0244392],[15.1740916,58.0241647]]],[[[15.1769913,58.0105163],[15.1770998,58.0104959],[15.177148,58.0104256],[15.1771962,58.0104218],[15.1773168,58.0103924],[15.1774277,58.0104167],[15.1775555,58.0104767],[15.1776808,58.0105048],[15.1778038,58.0105508],[15.1779268,58.0106338],[15.1780353,58.0106632],[15.178151,58.0106606],[15.1782378,58.0107232],[15.1782884,58.0107871],[15.1781992,58.0108101],[15.1781245,58.0108918],[15.1781293,58.0110068],[15.1781679,58.0110553],[15.1781028,58.0111089],[15.1780859,58.0111651],[15.1779702,58.0111702],[15.1779991,58.0112009],[15.1779219,58.0112226],[15.1778496,58.0111996],[15.1778327,58.0111383],[15.1777725,58.0111575],[15.1777267,58.0111447],[15.1777387,58.0110808],[15.1776157,58.0110489],[15.177582,58.010994],[15.1774904,58.010962],[15.1774856,58.0109199],[15.1774012,58.010902],[15.177271,58.0108152],[15.1773168,58.0107922],[15.1773288,58.0107628],[15.1772011,58.0107321],[15.1771673,58.0107436],[15.1771094,58.0107015],[15.1771215,58.0106402],[15.1770226,58.0106083],[15.1770251,58.0105738],[15.1769913,58.0105163]]],[[[15.177244,58.0116201],[15.1773411,58.0116183],[15.1774434,58.0116509],[15.1775559,58.0116644],[15.1775951,58.0116346],[15.1776412,58.0116138],[15.1777435,58.0116382],[15.1777895,58.0116644],[15.1778014,58.0116933],[15.1777179,58.0116825],[15.1776599,58.0117023],[15.1777401,58.0117366],[15.1778219,58.0117791],[15.1779225,58.0118044],[15.1779668,58.0118459],[15.1779821,58.0118848],[15.1779361,58.0119028],[15.1779566,58.0119408],[15.1779344,58.0119651],[15.1778594,58.0119362],[15.1778253,58.0119019],[15.1777707,58.0118793],[15.1776719,58.0118559],[15.1775883,58.0118279],[15.1775321,58.0117845],[15.1774417,58.011789],[15.1773565,58.0117484],[15.1772627,58.0117068],[15.1772781,58.0116581],[15.177244,58.0116201]]],[[[15.1803923,58.0076348],[15.1804907,58.0074478],[15.1811719,58.0072087],[15.181295,58.0070739],[15.1813688,58.0069565],[15.1816232,58.0069652],[15.181812,58.0070217],[15.1820335,58.006913],[15.1822633,58.006913],[15.1825588,58.0066956],[15.1828049,58.0066174],[15.1829034,58.0063826],[15.1832071,58.0063565],[15.183601,58.0062869],[15.1840031,58.0062347],[15.1840113,58.006126],[15.183921,58.0060608],[15.1842493,58.0060043],[15.1845611,58.0058217],[15.1849797,58.0057434],[15.1853407,58.0057043],[15.1858085,58.0058434],[15.1861778,58.0058173],[15.1869,58.0058043],[15.1873185,58.0059608],[15.1877698,58.0061],[15.188295,58.0062782],[15.1885412,58.0064565],[15.1886397,58.0066522],[15.1887054,58.007213],[15.188771,58.0075522],[15.1886808,58.0077913],[15.1886479,58.0080652],[15.1884264,58.0083087],[15.1882868,58.0083695],[15.1882294,58.0085608],[15.1880489,58.0087782],[15.1879586,58.0089434],[15.1877288,58.0090565],[15.1875154,58.0092521],[15.1873021,58.0094347],[15.1872118,58.0096173],[15.1870559,58.0097086],[15.1868835,58.0097391],[15.1866702,58.0097434],[15.1864978,58.0096608],[15.1865225,58.0095782],[15.1863009,58.0095391],[15.1859644,58.0094825],[15.1856608,58.0093912],[15.1854884,58.0092478],[15.1854967,58.0090956],[15.1851356,58.0089217],[15.184873,58.0088304],[15.1845775,58.0088565],[15.1843642,58.0087391],[15.1841344,58.0085652],[15.1841016,58.008413],[15.1837487,58.0083739],[15.183322,58.0082348],[15.1830511,58.0081043],[15.1826408,58.0079652],[15.1823864,58.0080956],[15.1820335,58.0079783],[15.1817791,58.0078522],[15.1814427,58.0078261],[15.1810159,58.0077826],[15.1806138,58.0077],[15.1803923,58.0076348]]],[[[15.1826898,57.954251],[15.182719,57.9541823],[15.1829586,57.9541342],[15.1833894,57.9541754],[15.1836096,57.9541926],[15.1838461,57.9544607],[15.1839238,57.9545861],[15.1839594,57.9546686],[15.1839108,57.9546944],[15.18371,57.9546669],[15.1835125,57.9545999],[15.1833894,57.9545002],[15.1832955,57.9544314],[15.1832534,57.9544297],[15.183276,57.9544864],[15.1833084,57.9545724],[15.1832339,57.9545964],[15.1831951,57.9545517],[15.1828809,57.9543833],[15.182706,57.9543266],[15.1826898,57.954251]]],[[[15.1891867,57.9859864],[15.1893506,57.9859123],[15.1893699,57.9858612],[15.189529,57.9858688],[15.1895965,57.9858458],[15.1897219,57.9858791],[15.1898955,57.9858739],[15.189963,57.98592],[15.1901028,57.9859378],[15.1902716,57.9859174],[15.1904163,57.9859123],[15.1905465,57.9858816],[15.1906622,57.9859021],[15.1908454,57.9858714],[15.1910383,57.9858637],[15.1910913,57.9859251],[15.1910142,57.9860145],[15.1911251,57.9861117],[15.1910528,57.986265],[15.1909419,57.9863698],[15.1908261,57.9863571],[15.1908213,57.9864465],[15.1907249,57.9865462],[15.1906429,57.9866331],[15.1904163,57.9865769],[15.1902957,57.9865386],[15.1900209,57.9865692],[15.1898425,57.9865795],[15.1896737,57.9865104],[15.1895676,57.986398],[15.1894133,57.9862829],[15.1892735,57.9862088],[15.1892156,57.9860836],[15.1891867,57.9859864]]],[[[15.1947611,57.9907484],[15.1948286,57.9907127],[15.1949082,57.9907101],[15.1950167,57.9906603],[15.195048,57.9907037],[15.1951059,57.9907203],[15.1951083,57.9907663],[15.195171,57.9907855],[15.1951999,57.9908136],[15.1951276,57.9908609],[15.1951758,57.9909312],[15.1950384,57.9909631],[15.1949877,57.9909197],[15.194925,57.9909082],[15.1948455,57.9908507],[15.1947635,57.9908123],[15.1947611,57.9907484]]],[[[15.1957094,57.9884641],[15.195764,57.9884098],[15.1957469,57.9883755],[15.1957946,57.9883321],[15.1958424,57.9882797],[15.1959276,57.9882815],[15.1959174,57.9882436],[15.1958253,57.9882146],[15.1958867,57.988193],[15.1958697,57.9881767],[15.1958901,57.9881225],[15.1958117,57.9880646],[15.1958901,57.9879688],[15.1958799,57.9879453],[15.1959003,57.9878983],[15.1958935,57.9878568],[15.1959992,57.987826],[15.1960435,57.9877953],[15.1961597,57.9878718],[15.1963237,57.9878565],[15.1963719,57.9878105],[15.1964442,57.9878079],[15.1964008,57.9878616],[15.1964683,57.9878769],[15.1966323,57.9878974],[15.1966564,57.9879536],[15.1967383,57.9879945],[15.1968107,57.9879843],[15.1969071,57.9880149],[15.1969891,57.9879766],[15.1970904,57.9879792],[15.1971289,57.9878999],[15.1972254,57.9878871],[15.1972591,57.987813],[15.1972205,57.9877849],[15.1973266,57.9877338],[15.1974568,57.9877312],[15.1975533,57.9876673],[15.197612,57.9876869],[15.1976529,57.987723],[15.1977654,57.9877321],[15.1977961,57.9877899],[15.1978472,57.9878514],[15.1979734,57.9878676],[15.1980689,57.9878983],[15.1981064,57.987949],[15.1982291,57.9880194],[15.1983996,57.9880393],[15.1985087,57.9879959],[15.1985087,57.98792],[15.198628,57.9879345],[15.1986621,57.9880122],[15.1987031,57.9880538],[15.1987849,57.9880755],[15.1988872,57.9881478],[15.198894,57.9881984],[15.1988974,57.9882888],[15.1989724,57.9883339],[15.1989792,57.9884026],[15.1989145,57.9884659],[15.1988292,57.9885056],[15.1988701,57.9885761],[15.1987917,57.988652],[15.1986928,57.9887171],[15.1986519,57.988793],[15.1985496,57.9888581],[15.1985701,57.9889051],[15.1985667,57.988981],[15.198478,57.9890388],[15.1985394,57.9891653],[15.1985735,57.989272],[15.1986178,57.9894166],[15.1984917,57.9895015],[15.1984576,57.9895792],[15.1983791,57.9896768],[15.1984269,57.9897545],[15.1984269,57.9898413],[15.1984678,57.9899118],[15.1984235,57.9899732],[15.1984917,57.9900564],[15.1982734,57.9900419],[15.1981677,57.9899877],[15.1980689,57.9899118],[15.1979086,57.9898594],[15.197762,57.9898539],[15.1975165,57.9898214],[15.1973665,57.9897347],[15.197346,57.9895648],[15.197271,57.9895051],[15.1972506,57.9893858],[15.1972778,57.9892955],[15.1971721,57.9892593],[15.1972676,57.9892232],[15.1972437,57.9891653],[15.1972403,57.9890515],[15.1971585,57.9889774],[15.197179,57.9889177],[15.1970767,57.9888762],[15.1969335,57.9888256],[15.1970119,57.9887551],[15.1970051,57.98869],[15.196913,57.9887063],[15.1967664,57.9887587],[15.1967459,57.9888021],[15.196613,57.9888707],[15.1963981,57.988887],[15.1961595,57.9888382],[15.1960572,57.9888039],[15.1958901,57.9887316],[15.1958969,57.9887099],[15.1958356,57.9886611],[15.1958356,57.9886123],[15.1957094,57.9885924],[15.1957946,57.9885183],[15.1957094,57.9884641]]],[[[15.1965151,57.99288],[15.1965935,57.9928493],[15.1965424,57.9928339],[15.1965441,57.9927409],[15.1965833,57.9927111],[15.1965969,57.9926767],[15.1966395,57.9926532],[15.1968015,57.9926586],[15.1968356,57.9925999],[15.1969481,57.9926379],[15.1970351,57.9926876],[15.1970248,57.9927743],[15.1971135,57.9927951],[15.1971714,57.9928484],[15.1970879,57.992918],[15.1970606,57.9929614],[15.197122,57.9930029],[15.1970453,57.9930707],[15.1971271,57.993143],[15.1970947,57.9931936],[15.1969924,57.9932053],[15.196914,57.9931656],[15.1968867,57.9931755],[15.1967623,57.9931394],[15.1967896,57.9931086],[15.1966395,57.9930734],[15.1966327,57.9930508],[15.196585,57.9930101],[15.1965935,57.9929614],[15.1965867,57.9929098],[15.1965151,57.99288]]],[[[15.1966665,58.0568579],[15.196924,58.0566252],[15.1968811,58.056313],[15.1973532,58.0560178],[15.1979111,58.0560405],[15.1972244,58.0573574],[15.1966665,58.0568579]]],[[[15.1968811,58.0593952],[15.1970528,58.0588332],[15.1973961,58.0580386],[15.197954,58.0581237],[15.1982544,58.0583962],[15.1980828,58.0592192],[15.1968811,58.0593952]]],[[[15.1976965,58.0552458],[15.1980398,58.0549279],[15.1984261,58.054065],[15.1985977,58.0536563],[15.1992844,58.0532703],[15.1995848,58.0521576],[15.199971,58.052044],[15.2000998,58.0526799],[15.2004431,58.0535655],[15.201001,58.0539458],[15.2005289,58.0544681],[15.2005289,58.0550358],[15.2007864,58.0550585],[15.2000998,58.0564265],[15.1987694,58.0564265],[15.1986407,58.0556318],[15.1984261,58.0554502],[15.1978682,58.0557907],[15.1976965,58.0552458]]],[[[15.1985119,58.0262605],[15.1985548,58.025806],[15.1988552,58.0253742],[15.199499,58.0252321],[15.2000139,58.0257548],[15.2004581,58.026173],[15.2005718,58.0265332],[15.2001856,58.0273058],[15.1995848,58.027533],[15.1990698,58.0272319],[15.1985977,58.0272831],[15.1985119,58.0270331],[15.1988552,58.0265559],[15.1985119,58.0262605]]],[[[15.2013268,58.02811],[15.2014735,58.0279302],[15.2019248,58.0270191],[15.2018355,58.0268856],[15.2020612,58.0268473],[15.202362,58.0268722],[15.2027099,58.0268424],[15.2031895,58.0266531],[15.2033681,58.0264316],[15.2034951,58.026454],[15.2037772,58.0262847],[15.203937,58.0260457],[15.2044495,58.0257893],[15.2048679,58.0256175],[15.204976,58.0254706],[15.2052628,58.025386],[15.2054932,58.0252416],[15.2057282,58.02502],[15.2057659,58.0251445],[15.205921,58.0251494],[15.2063347,58.0250225],[15.2067014,58.0248407],[15.2068942,58.0244598],[15.206772,58.0243378],[15.2068425,58.0242557],[15.2070305,58.0241934],[15.2070382,58.0241345],[15.2073455,58.024049],[15.2075853,58.0241884],[15.207764,58.0242905],[15.2078862,58.0242606],[15.2080723,58.0243486],[15.2082012,58.0245196],[15.2083328,58.0245893],[15.2085068,58.0245345],[15.2086008,58.02442],[15.208897,58.0243353],[15.2091885,58.0241561],[15.2094767,58.0241281],[15.2097762,58.0242158],[15.2098914,58.0243575],[15.2098044,58.024527],[15.2098373,58.0247611],[15.2101006,58.0251071],[15.2101241,58.0252988],[15.2102604,58.0255104],[15.2102369,58.0257718],[15.2102792,58.0260606],[15.2100552,58.0265239],[15.2097574,58.0266755],[15.2098185,58.0267801],[15.209621,58.0269424],[15.2092167,58.0272332],[15.2090851,58.0274075],[15.2088782,58.0274971],[15.2091039,58.027756],[15.2095176,58.028097],[15.2095458,58.028226],[15.2100394,58.0282464],[15.2102275,58.0283136],[15.2103403,58.0283883],[15.2107117,58.0283012],[15.2108763,58.0280423],[15.2110502,58.0279551],[15.2112477,58.0280248],[15.2112853,58.0281667],[15.2110918,58.0283543],[15.2112759,58.0285526],[15.2119811,58.0286447],[15.2124144,58.0283199],[15.2128885,58.0279153],[15.2131471,58.0277759],[15.2134245,58.0277037],[15.2134342,58.0274972],[15.213436,58.0273492],[15.2137112,58.0270614],[15.213904,58.0268025],[15.2140921,58.0265685],[15.2141814,58.026439],[15.2144117,58.0262772],[15.2146844,58.0261826],[15.2150464,58.0262598],[15.2153896,58.0261751],[15.2156576,58.025971],[15.2158974,58.0259287],[15.2160504,58.0258165],[15.216203,58.0257743],[15.2162547,58.0256822],[15.2163863,58.0256349],[15.2164145,58.025488],[15.2165133,58.0253262],[15.2164475,58.0252067],[15.2164851,58.025132],[15.2166966,58.025137],[15.2169223,58.0251021],[15.2170069,58.0250299],[15.2170069,58.024893],[15.2171292,58.0248382],[15.2173501,58.024786],[15.2174959,58.0248681],[15.2175711,58.0250772],[15.2174912,58.025381],[15.2171126,58.0257875],[15.2169928,58.0259162],[15.2171668,58.0260805],[15.2173078,58.0260955],[15.2173454,58.0263419],[15.2170445,58.026561],[15.2169082,58.0268697],[15.2168377,58.0274448],[15.2167436,58.0277361],[15.2165086,58.0279078],[15.2165744,58.0281045],[15.2167295,58.0281418],[15.2167342,58.0282563],[15.2169505,58.0284829],[15.2171856,58.0285501],[15.2170774,58.0287169],[15.2173219,58.0289061],[15.2175997,58.0290091],[15.2176402,58.0291213],[15.2180224,58.0292297],[15.2183468,58.0291799],[15.2183656,58.0293268],[15.2185537,58.0293492],[15.2184315,58.0294064],[15.2188358,58.0294811],[15.2187888,58.0295558],[15.2189721,58.029623],[15.2188212,58.029735],[15.2190238,58.0298072],[15.2189909,58.0301632],[15.2187888,58.03033],[15.2183985,58.0306556],[15.2172749,58.031246],[15.2171567,58.0314161],[15.2169505,58.0314924],[15.2168988,58.0315995],[15.2166731,58.0316219],[15.2166778,58.0317164],[15.216974,58.0317737],[15.2171997,58.0319479],[15.2172843,58.0321172],[15.2175476,58.0320898],[15.2177262,58.0322516],[15.2178203,58.0325279],[15.2177921,58.0327196],[15.2176792,58.0328764],[15.2176292,58.0332052],[15.2177309,58.0332746],[15.2176275,58.033424],[15.2176463,58.0335061],[15.2173032,58.0335655],[15.2163534,58.03376],[15.2163863,58.0335434],[15.2161278,58.0334737],[15.2160478,58.0332572],[15.2155683,58.0330133],[15.2154226,58.0330058],[15.2150783,58.0333392],[15.2149101,58.033974],[15.2147579,58.0341872],[15.2137479,58.0345152],[15.2136031,58.0347008],[15.2133304,58.0349298],[15.2126675,58.0351837],[15.2127486,58.0353101],[15.2123093,58.0355002],[15.2119399,58.0359217],[15.2115956,58.036],[15.2114499,58.0361394],[15.2113793,58.0362614],[15.2109797,58.0364231],[15.211149,58.0366222],[15.2104579,58.0367243],[15.2104438,58.0368985],[15.2102839,58.0370503],[15.2101006,58.0370304],[15.2100488,58.0372519],[15.2095223,58.0376974],[15.2090851,58.0378318],[15.2087231,58.038107],[15.2081777,58.0381976],[15.2076934,58.0381528],[15.2074675,58.0382758],[15.2069976,58.0384191],[15.206692,58.038673],[15.2068143,58.0387377],[15.2060935,58.0389805],[15.2053051,58.0392031],[15.204929,58.0392255],[15.2039446,58.0387565],[15.203575,58.0385436],[15.2033916,58.0383022],[15.2030814,58.0381752],[15.2029534,58.0379771],[15.2029544,58.03768],[15.2032083,58.0372544],[15.2031472,58.0370727],[15.2033446,58.0367467],[15.2032036,58.0365849],[15.2029,58.0362562],[15.2028172,58.0360342],[15.2027146,58.0357785],[15.2026112,58.0356815],[15.2026206,58.0355396],[15.2024467,58.0353405],[15.202395,58.0351588],[15.2024984,58.0350543],[15.2024561,58.034666],[15.2023526,58.0346461],[15.2023432,58.0346087],[15.2024232,58.0345739],[15.2022915,58.0341035],[15.2023667,58.0338471],[15.2025266,58.0337276],[15.2024796,58.0334663],[15.2025279,58.0332384],[15.2027711,58.0328988],[15.2028698,58.0326822],[15.2028651,58.032503],[15.2029732,58.0323238],[15.202898,58.0321545],[15.2029168,58.0319853],[15.2031848,58.0317886],[15.2033681,58.0315571],[15.2034293,58.0313555],[15.2032784,58.0312686],[15.202945,58.0313082],[15.2027758,58.0313107],[15.2026958,58.0311912],[15.2027758,58.0310668],[15.202677,58.0309971],[15.2024326,58.0305391],[15.202489,58.03032],[15.2023573,58.0302204],[15.2023432,58.0300561],[15.2021671,58.0298802],[15.2018355,58.0297773],[15.201461,58.0292559],[15.2015534,58.0291426],[15.2014829,58.0289758],[15.2013606,58.0288911],[15.2013794,58.028692],[15.2014735,58.0286273],[15.2014876,58.0283982],[15.2013268,58.02811]]],[[[15.2018475,58.0528761],[15.2018665,58.0517539],[15.2031366,58.0517599],[15.2031441,58.051311],[15.2044142,58.051317],[15.2048451,58.0508701],[15.2061189,58.0506517],[15.206134,58.0497539],[15.2078536,58.0481908],[15.2083107,58.0461727],[15.2103894,58.0454923],[15.2125561,58.0438905],[15.2125697,58.0446214],[15.2129186,58.0491123],[15.212057,58.0500061],[15.2112103,58.0500022],[15.2077973,58.0515574],[15.2077748,58.0529041],[15.2064934,58.0535715],[15.2056014,58.0562608],[15.2034843,58.0562508],[15.2026489,58.0555735],[15.2026905,58.0531046],[15.2018475,58.0528761]]],[[[15.2025846,58.0233891],[15.2027158,58.0232525],[15.2028199,58.0230512],[15.2028064,58.0229458],[15.2029512,58.0228595],[15.203096,58.0227636],[15.2031096,58.0226462],[15.2032453,58.0224904],[15.2033359,58.022651],[15.2035033,58.0227588],[15.2035169,58.0229098],[15.2036979,58.0230824],[15.2036572,58.0231303],[15.2037794,58.0232166],[15.2036934,58.0232645],[15.2034807,58.0232717],[15.2033359,58.0233196],[15.2033223,58.0234371],[15.2032589,58.0236049],[15.2031684,58.0236168],[15.2030236,58.0237055],[15.2029104,58.0237942],[15.203001,58.0238901],[15.2028471,58.0239188],[15.2028154,58.0238541],[15.2028652,58.0237534],[15.202915,58.023612],[15.2028154,58.0235377],[15.2026706,58.0236049],[15.2025891,58.0235569],[15.2026027,58.0234898],[15.2025846,58.0233891]]],[[[15.2025994,58.0199549],[15.2026634,58.0198396],[15.202657,58.0197142],[15.2028618,58.0197006],[15.2030794,58.0195176],[15.2032458,58.0195176],[15.2032842,58.019643],[15.2034442,58.0197278],[15.2032906,58.0197752],[15.2033226,58.0198837],[15.2032522,58.019921],[15.2032714,58.0200261],[15.203137,58.0201278],[15.203041,58.0202633],[15.202817,58.0201854],[15.2027018,58.0201684],[15.2026762,58.0200667],[15.2025994,58.0199549]]],[[[15.2039006,58.0181099],[15.2039688,58.0180521],[15.2039074,58.0179943],[15.203962,58.0179438],[15.2039552,58.0179004],[15.204037,58.0178137],[15.2039893,58.0177559],[15.2040916,58.0176873],[15.2041316,58.0175556],[15.204093,58.0174637],[15.2042281,58.0174382],[15.2042281,58.0173513],[15.2044016,58.0172798],[15.204392,58.0172083],[15.2044692,58.0171061],[15.2046138,58.0170295],[15.2046717,58.0168763],[15.2048549,58.0167945],[15.2048549,58.0166719],[15.2049417,58.0165391],[15.2051346,58.0164778],[15.205319,58.016434],[15.2053258,58.0165062],[15.2053736,58.0165748],[15.2055031,58.0166146],[15.2057486,58.0165821],[15.2059532,58.0166073],[15.2060146,58.0166543],[15.205885,58.0167482],[15.2058509,58.016871],[15.2059668,58.0169505],[15.206035,58.0169794],[15.2062123,58.0168999],[15.2062396,58.0170299],[15.2060009,58.017113],[15.2060009,58.0170733],[15.2058441,58.0171022],[15.2057691,58.0172178],[15.2058168,58.0172467],[15.2059464,58.0173189],[15.2059123,58.0174056],[15.2058918,58.0175031],[15.2060419,58.0175826],[15.2061782,58.0175573],[15.2063828,58.0175645],[15.2062533,58.017644],[15.2060896,58.0177343],[15.2059532,58.0178968],[15.205735,58.0179871],[15.2055713,58.017904],[15.2055236,58.0178498],[15.205094,58.0179076],[15.2050053,58.0180015],[15.2047598,58.0181171],[15.2045689,58.0181966],[15.2044393,58.0182074],[15.2044121,58.0181352],[15.2042961,58.0181605],[15.2040984,58.018193],[15.2039688,58.0181821],[15.2039006,58.0181099]]],[[[15.2054281,58.0164195],[15.2054349,58.0163148],[15.2055918,58.016275],[15.2056668,58.0163039],[15.2056941,58.0163798],[15.2055713,58.0164087],[15.2055304,58.0164773],[15.2054281,58.0164195]]],[[[15.2076197,57.9255091],[15.2077071,57.9253179],[15.2081684,57.9249968],[15.2081405,57.9245068],[15.2082348,57.9242191],[15.208455,57.924466],[15.2082733,57.9251007],[15.2078713,57.9254664],[15.2080076,57.9258079],[15.2076197,57.9255091]]],[[[15.2077138,58.0149766],[15.2077572,58.0148821],[15.2077282,58.0147595],[15.207844,58.0146318],[15.2079886,58.014596],[15.2081285,58.014504],[15.2080561,58.0144121],[15.2081863,58.0143712],[15.2083069,58.014195],[15.2083551,58.0141132],[15.2083406,58.0139574],[15.2082249,58.0138476],[15.2082924,58.0137889],[15.2081719,58.0136663],[15.2079308,58.0136458],[15.2077716,58.013559],[15.2079066,58.0135309],[15.2080899,58.0135717],[15.2083406,58.0135079],[15.2086444,58.0134875],[15.208654,58.0135488],[15.2086106,58.0136254],[15.2085528,58.013771],[15.2085962,58.0138553],[15.2087553,58.013891],[15.2086782,58.0140417],[15.208654,58.014218],[15.2086106,58.0143304],[15.2086348,58.0144887],[15.2086348,58.0146726],[15.2085046,58.0147773],[15.208302,58.0148157],[15.2082731,58.0149102],[15.2081622,58.0150047],[15.2080802,58.015117],[15.2081043,58.0152167],[15.2079645,58.0152499],[15.2078681,58.0151145],[15.2077572,58.0150685],[15.2077138,58.0149766]]],[[[15.2087696,58.016145],[15.2088173,58.0160981],[15.2088446,58.0160005],[15.209056,58.0159355],[15.2091855,58.0158813],[15.2092537,58.0157513],[15.2093287,58.0157043],[15.2093105,58.0157616],[15.2092575,58.0158191],[15.2092044,58.0159162],[15.2092401,58.0159897],[15.2091242,58.0160511],[15.2090492,58.0161306],[15.2089128,58.0162425],[15.2087696,58.0162895],[15.2087696,58.016145]]],[[[15.2088076,58.0629304],[15.2094063,58.0623977],[15.2100731,58.0624121],[15.2108351,58.0626424],[15.21108,58.0629016],[15.2119372,58.0630167],[15.2121278,58.0636502],[15.2119372,58.0652697],[15.2115971,58.065464],[15.2108759,58.0655432],[15.2097601,58.0658959],[15.2091614,58.0659966],[15.2090797,58.0647802],[15.2088076,58.0642692],[15.2092022,58.0633119],[15.2088076,58.0629304]]],[[[15.2105044,58.0141506],[15.210547,58.0141099],[15.2105845,58.0140621],[15.2106749,58.0140612],[15.2106749,58.0140151],[15.2107396,58.0140007],[15.2107772,58.014016],[15.210772,58.0140548],[15.2107124,58.0141018],[15.2107226,58.014128],[15.2106783,58.0141713],[15.2106902,58.0142165],[15.2106203,58.0142354],[15.2105265,58.0141975],[15.2105044,58.0141506]]],[[[15.2106302,58.011],[15.2106423,58.0109425],[15.2107074,58.0109233],[15.2107291,58.0108863],[15.2108159,58.010871],[15.2108978,58.0109067],[15.2109412,58.0109438],[15.2109678,58.0109898],[15.2108858,58.011023],[15.210881,58.0110843],[15.2109437,58.0111315],[15.2109123,58.0111762],[15.2107869,58.0111865],[15.2107122,58.0111635],[15.2107098,58.0111111],[15.2106857,58.0110498],[15.2106302,58.011]]],[[[15.2109724,58.0135069],[15.2109792,58.0134654],[15.2110508,58.0133931],[15.211119,58.0133606],[15.2111395,58.0133082],[15.2111054,58.0132649],[15.2112076,58.0132324],[15.2112008,58.0131926],[15.2112383,58.0131457],[15.2111974,58.0131204],[15.2112383,58.0130337],[15.2113202,58.0130373],[15.2114293,58.0130301],[15.2114531,58.0129596],[15.2115145,58.0129434],[15.2115316,58.0128874],[15.211625,58.0128832],[15.2116796,58.0128434],[15.2115296,58.0128434],[15.2116387,58.0127712],[15.211741,58.0126772],[15.2118092,58.0126917],[15.211891,58.0126195],[15.2120123,58.0126905],[15.2121248,58.0127429],[15.2121282,58.0128025],[15.2120498,58.0129091],[15.2121214,58.0129596],[15.212176,58.0130066],[15.212118,58.0130517],[15.2120328,58.0130861],[15.2120294,58.0131439],[15.2121044,58.0131962],[15.2121112,58.0132342],[15.2122067,58.0133191],[15.2122817,58.0133931],[15.2122101,58.0134762],[15.2120055,58.0135232],[15.2118589,58.0135268],[15.211743,58.0134798],[15.21161,58.0134888],[15.2114838,58.0135232],[15.2113099,58.0135322],[15.2112111,58.0135484],[15.2112076,58.0136062],[15.2111395,58.0136135],[15.2110542,58.0135665],[15.2110372,58.0135159],[15.2109724,58.0135069]]],[[[15.2111896,58.0114789],[15.2112474,58.0114138],[15.2113053,58.0113602],[15.2113439,58.0113116],[15.21145,58.0112848],[15.2115151,58.0112363],[15.2116139,58.0111954],[15.2115657,58.011175],[15.2116597,58.0111366],[15.2116019,58.0111162],[15.2116043,58.0110651],[15.2117634,58.0110357],[15.2117296,58.0110025],[15.2117971,58.0109566],[15.2118116,58.0108799],[15.2119177,58.0108288],[15.2118984,58.0107726],[15.2120286,58.0107318],[15.2121347,58.0106832],[15.2122166,58.0105964],[15.2121925,58.0105402],[15.2122745,58.0104508],[15.2123203,58.0104418],[15.2122769,58.0104176],[15.2122359,58.0103511],[15.2122239,58.0102413],[15.2122721,58.0101481],[15.2122842,58.0100791],[15.2122625,58.0100663],[15.2122673,58.0100357],[15.2123444,58.0100203],[15.2124312,58.00989],[15.2125711,58.0097981],[15.212641,58.009784],[15.2127302,58.0098019],[15.2127181,58.0097151],[15.2127615,58.0097342],[15.2128435,58.0097317],[15.2128531,58.0096921],[15.2127977,58.0096729],[15.2127784,58.009632],[15.2128676,58.0095695],[15.2129255,58.0095656],[15.2129592,58.0095107],[15.2130026,58.0094366],[15.212952,58.0094047],[15.2130798,58.0093255],[15.213181,58.0093178],[15.2132871,58.009231],[15.2133643,58.0091633],[15.2134438,58.0091633],[15.2134776,58.0091952],[15.2134414,58.0092412],[15.2134342,58.0092833],[15.2134776,58.0093012],[15.2134752,58.0093881],[15.2134294,58.0094698],[15.2134053,58.0095477],[15.2133016,58.0095669],[15.2132365,58.0095924],[15.2132702,58.0096384],[15.2133088,58.0096142],[15.2133884,58.0096295],[15.2133884,58.0096716],[15.2133209,58.0097266],[15.2133498,58.0097649],[15.2133209,58.0098568],[15.2133522,58.009922],[15.2133691,58.0099641],[15.2134535,58.0099654],[15.213533,58.009982],[15.2134872,58.0100586],[15.2134221,58.0101391],[15.2132944,58.010217],[15.2131979,58.0102656],[15.2131618,58.0103396],[15.2131087,58.0104291],[15.213034,58.0104993],[15.2129375,58.0104916],[15.212858,58.0105504],[15.212817,58.0106206],[15.2127013,58.0107164],[15.2126241,58.0107905],[15.2125397,58.0108109],[15.212436,58.010871],[15.2123854,58.0109374],[15.2123276,58.0109821],[15.2123251,58.0110421],[15.2123444,58.0111009],[15.212289,58.0111341],[15.2121708,58.0111379],[15.2121733,58.0111877],[15.2121419,58.0112324],[15.2121154,58.0113321],[15.2121082,58.0113934],[15.2120816,58.0114636],[15.2120431,58.0115402],[15.2119225,58.0115581],[15.2118502,58.0115926],[15.2117465,58.0115939],[15.211679,58.0116194],[15.2116573,58.0116692],[15.2114934,58.0116948],[15.211421,58.0116705],[15.2113415,58.0116782],[15.211274,58.0116309],[15.2112715,58.0115734],[15.2112715,58.0115198],[15.2111896,58.0114789]]],[[[15.2117508,57.9904745],[15.211811,57.9903876],[15.2118978,57.9903595],[15.2118834,57.9902994],[15.212016,57.9902854],[15.2120208,57.9902304],[15.2121052,57.9902036],[15.2120955,57.990155],[15.2121341,57.990132],[15.212204,57.9901755],[15.2122498,57.990224],[15.212421,57.9902291],[15.2125657,57.9902381],[15.2126645,57.9902164],[15.21272,57.9902164],[15.2127851,57.9902547],[15.2128092,57.9902943],[15.2129321,57.9903275],[15.2130455,57.9903889],[15.2132094,57.9904732],[15.2132649,57.9905397],[15.2132817,57.9906125],[15.2131901,57.9906624],[15.2132142,57.9906943],[15.2132022,57.9907403],[15.2130262,57.9907199],[15.2129225,57.990647],[15.2128912,57.9905793],[15.2128285,57.9905269],[15.2127296,57.9905103],[15.2126476,57.9904541],[15.2125199,57.9904362],[15.2123945,57.9904911],[15.2122908,57.9905192],[15.2121703,57.9905703],[15.2121486,57.99061],[15.2120425,57.9907058],[15.2120087,57.9907684],[15.2119629,57.9906879],[15.2119629,57.9906279],[15.211893,57.9905908],[15.21184,57.9905205],[15.2117508,57.9904745]]],[[[15.212841,58.0081385],[15.2128795,58.0080683],[15.2129398,58.008067],[15.2130242,58.0080287],[15.2129591,58.0080069],[15.2129591,58.0079469],[15.2130121,58.0078639],[15.2130917,58.0077923],[15.2132773,58.007731],[15.2133738,58.0077387],[15.213475,58.0077579],[15.2134919,58.007694],[15.2135401,58.0076953],[15.2136004,58.0076761],[15.2136366,58.0076416],[15.2137089,58.0076633],[15.2138391,58.0076582],[15.2139669,58.007634],[15.2140223,58.0076621],[15.2140802,58.0076557],[15.2140802,58.0076212],[15.2141911,58.0076135],[15.2142924,58.0076327],[15.2144009,58.0076378],[15.2144202,58.0076876],[15.2144732,58.007717],[15.2144226,58.0077604],[15.2142972,58.0077847],[15.2142273,58.0078256],[15.2141935,58.007883],[15.2141935,58.0079507],[15.2140754,58.0080261],[15.2139404,58.0081078],[15.2137403,58.0081858],[15.2136486,58.0082126],[15.2133883,58.0081704],[15.2132822,58.0081692],[15.2132291,58.008196],[15.2131255,58.0082088],[15.213029,58.0082036],[15.212976,58.0082343],[15.2129061,58.0082305],[15.2128964,58.0081615],[15.212841,58.0081385]]],[[[15.2131141,58.0244585],[15.2131307,58.0243159],[15.2132138,58.0242121],[15.2132038,58.0241645],[15.2133169,58.024073],[15.2131573,58.0239902],[15.2132105,58.0239427],[15.2132072,58.0238829],[15.2132138,58.0238036],[15.2133135,58.0236839],[15.2133268,58.0236065],[15.2133767,58.0236065],[15.2134831,58.0235308],[15.2134698,58.0233653],[15.2135163,58.0232878],[15.2134931,58.0232244],[15.2134698,58.0231434],[15.2135396,58.0231188],[15.2135429,58.0230484],[15.2137091,58.0229674],[15.2138321,58.0228829],[15.2138621,58.0227931],[15.214005,58.0227737],[15.214118,58.0227368],[15.2142045,58.0226663],[15.2143807,58.0226646],[15.2144272,58.0225713],[15.2145103,58.0225097],[15.2145103,58.0225906],[15.2146134,58.0226663],[15.2147597,58.0227597],[15.2148827,58.0227597],[15.2150156,58.0227685],[15.2151087,58.0228776],[15.2151386,58.022978],[15.2151287,58.0231153],[15.2150888,58.0231945],[15.2149558,58.0232473],[15.2149192,58.0234375],[15.2149126,58.0235202],[15.2150821,58.0235765],[15.2153547,58.0236311],[15.2154977,58.0235836],[15.2156273,58.0234779],[15.2156506,58.0237121],[15.2156074,58.0238318],[15.2155376,58.0239638],[15.2155143,58.024036],[15.2154013,58.0241628],[15.2153547,58.0243652],[15.2154445,58.0244568],[15.215481,58.0245765],[15.215368,58.0246451],[15.2152783,58.0247384],[15.2153115,58.0248053],[15.2154079,58.0248141],[15.2153015,58.0248846],[15.215368,58.024999],[15.2157038,58.0249955],[15.2156838,58.0250993],[15.2156074,58.0252719],[15.2154146,58.0253528],[15.2152284,58.0254127],[15.2152051,58.0255447],[15.2150555,58.0256046],[15.214896,58.0257366],[15.2148328,58.0258123],[15.2147962,58.0259038],[15.2146499,58.0260253],[15.2145901,58.0259619],[15.2146333,58.0258581],[15.2146932,58.0257137],[15.2149126,58.0256486],[15.2149824,58.0255641],[15.2149525,58.0254303],[15.2149259,58.0253211],[15.2147297,58.025337],[15.2144871,58.0253546],[15.2143607,58.025418],[15.2140283,58.0254585],[15.2138521,58.0254268],[15.213636,58.025469],[15.2134798,58.0254514],[15.2133701,58.0253476],[15.2133767,58.0252437],[15.2132836,58.0251046],[15.2132072,58.0249673],[15.2132038,58.0248564],[15.2132836,58.0247437],[15.2131573,58.0247226],[15.2131573,58.0246047],[15.2131473,58.0245061],[15.2131141,58.0244585]]],[[[15.2131996,57.9893476],[15.2133032,57.9893297],[15.2133322,57.989285],[15.2135251,57.9893054],[15.2136649,57.9892978],[15.2137203,57.989322],[15.2137637,57.9893655],[15.2136601,57.9894179],[15.2135347,57.9894511],[15.2136408,57.989515],[15.2136986,57.9895738],[15.213648,57.9896415],[15.2135443,57.9896722],[15.2133876,57.9896339],[15.2133322,57.9895572],[15.2132478,57.9895355],[15.2132333,57.9894703],[15.2132068,57.9894243],[15.2131996,57.9893476]]],[[[15.2135403,58.0111466],[15.2137585,58.0109299],[15.2137989,58.011013],[15.2137853,58.0110853],[15.2138399,58.0111629],[15.213966,58.0112731],[15.2139183,58.0113038],[15.2138944,58.0113598],[15.2137636,58.0114878],[15.2136961,58.0114904],[15.2137058,58.0113626],[15.2135949,58.0112911],[15.2135403,58.0111466]]],[[[15.2135661,58.0089222],[15.2135763,58.0088906],[15.2136189,58.0089059],[15.2136496,58.008905],[15.2136479,58.0088743],[15.213682,58.0088698],[15.213711,58.0088815],[15.2137519,58.0088897],[15.2138031,58.0089222],[15.2137962,58.0089411],[15.2137212,58.0089511],[15.2137298,58.0089755],[15.2137212,58.0090161],[15.2137212,58.0090522],[15.2137093,58.0090775],[15.2136496,58.0090847],[15.2136462,58.0090459],[15.2136582,58.0090125],[15.2136667,58.0089646],[15.2136377,58.0089375],[15.2135848,58.0089655],[15.2135661,58.0089222]]],[[[15.2159812,58.0223245],[15.21604,58.022256],[15.2161411,58.0222199],[15.2161693,58.0221726],[15.2162774,58.0221427],[15.2163503,58.0220929],[15.2163244,58.0220357],[15.216268,58.0220394],[15.216268,58.0219747],[15.2163409,58.0219498],[15.2163338,58.0219896],[15.2164161,58.022078],[15.2164067,58.0220992],[15.2163056,58.0221627],[15.2162375,58.0222075],[15.2161387,58.022256],[15.2160729,58.0223058],[15.2159812,58.0223245]]],[[[15.2166673,58.0384718],[15.2166882,58.0382989],[15.2169023,58.0381981],[15.2169494,58.0378447],[15.2171468,58.0377352],[15.217222,58.0374913],[15.2176546,58.037098],[15.2179837,58.0365405],[15.2182966,58.0365061],[15.2186325,58.0364012],[15.2188581,58.036431],[15.2189833,58.0365461],[15.219065,58.0370333],[15.2189804,58.0373369],[15.2188205,58.037322],[15.2188111,58.037765],[15.2186983,58.0380388],[15.2187735,58.0383573],[15.2185478,58.0388003],[15.2183222,58.0392035],[15.2183974,58.0394573],[15.2182402,58.0395237],[15.2181341,58.0393727],[15.2179555,58.0391637],[15.2175417,58.0391338],[15.2172032,58.0389944],[15.2169515,58.0388516],[15.2166673,58.0384718]]],[[[15.2174444,58.0104952],[15.2174673,58.0104703],[15.2175348,58.0104838],[15.2175517,58.0105112],[15.2175263,58.0105431],[15.2174829,58.0105591],[15.2174564,58.010531],[15.2174444,58.0104952]]],[[[15.2178132,58.0257606],[15.2179166,58.0257158],[15.2179237,58.0256723],[15.2178767,58.0256212],[15.2180906,58.0255677],[15.2181835,58.0255166],[15.2183032,58.0255201],[15.2182998,58.0256001],[15.2183492,58.0256598],[15.2182622,58.0257071],[15.2182481,58.0257581],[15.218194,58.0258752],[15.2182387,58.025971],[15.2181588,58.0259835],[15.2180694,58.025961],[15.2179331,58.0259685],[15.2178461,58.0259001],[15.2178367,58.0257967],[15.2178132,58.0257606]]],[[[15.2179662,58.033644],[15.2180161,58.0335868],[15.2181324,58.033526],[15.218159,58.0334644],[15.2182239,58.0334336],[15.2182737,58.0334486],[15.2183535,58.033431],[15.2184316,58.033475],[15.2184449,58.0335577],[15.218558,58.0335832],[15.2184516,58.0336431],[15.2183851,58.0336739],[15.2182588,58.0336712],[15.2182039,58.0337064],[15.2180626,58.0336809],[15.2179662,58.033644]]],[[[15.2186035,58.026411],[15.2186334,58.0262983],[15.2186367,58.026212],[15.2187564,58.0260272],[15.2188262,58.0259867],[15.2188429,58.0260096],[15.2189659,58.0260114],[15.219152,58.0260254],[15.2192883,58.0260888],[15.2193914,58.0262279],[15.2196839,58.026286],[15.2198801,58.0262965],[15.2198967,58.0261363],[15.2201194,58.0262015],[15.2203089,58.0262648],[15.2203222,58.0263705],[15.2203787,58.0265236],[15.2203056,58.0266292],[15.2201826,58.026675],[15.2201194,58.0267965],[15.2200928,58.0268863],[15.2198136,58.0268264],[15.2199266,58.0267419],[15.2198734,58.0266891],[15.219674,58.0266873],[15.2195742,58.026624],[15.2195244,58.0265553],[15.2192784,58.0266099],[15.2192551,58.0266961],[15.2189393,58.0267665],[15.2187498,58.026712],[15.21868,58.02658],[15.2186035,58.026411]]],[[[15.2186228,58.0334944],[15.2186577,58.0334768],[15.2186477,58.0334609],[15.2186893,58.0334292],[15.2187558,58.0334504],[15.2187491,58.0334882],[15.2186594,58.0335137],[15.2186228,58.0334944]]],[[[15.2186585,58.0315476],[15.218668,58.0314704],[15.2186727,58.0314057],[15.2188043,58.0313161],[15.2187949,58.0312713],[15.2188842,58.0312464],[15.2189971,58.0311917],[15.2191099,58.0311692],[15.2191193,58.0312141],[15.2191898,58.0312439],[15.2191851,58.0313783],[15.2190911,58.0314007],[15.2190488,58.0314281],[15.2191005,58.0315078],[15.2190629,58.0315551],[15.2189594,58.0315501],[15.2188795,58.03157],[15.2188654,58.0316248],[15.2186915,58.0317069],[15.2186821,58.0315999],[15.2186585,58.0315476]]],[[[15.2192705,58.0176275],[15.2193598,58.0175702],[15.2192799,58.0174482],[15.2193927,58.0173536],[15.2194491,58.0172615],[15.2196513,58.017244],[15.2197406,58.0171992],[15.2198675,58.0172117],[15.2199522,58.0171469],[15.2199239,58.017],[15.2200462,58.0169876],[15.2201543,58.0170647],[15.2202436,58.0171594],[15.2200368,58.0172714],[15.2201308,58.0172814],[15.2202436,58.017381],[15.2201496,58.0174208],[15.2201308,58.0175453],[15.2199663,58.0176225],[15.2199475,58.0179139],[15.2198863,58.0180484],[15.2198252,58.0181928],[15.2196795,58.0182077],[15.2195666,58.01827],[15.2195196,58.0182177],[15.2194585,58.0182003],[15.2194773,58.0180558],[15.2194444,58.0179114],[15.2193786,58.0178541],[15.2194068,58.0177421],[15.2193363,58.0177197],[15.2193504,58.0176748],[15.2192705,58.0176275]]],[[[15.2199352,58.0252714],[15.2200575,58.0251669],[15.2201139,58.0250723],[15.2200199,58.0249876],[15.2201891,58.0248133],[15.22049,58.024659],[15.2204524,58.0248631],[15.220537,58.0250125],[15.2208755,58.0253063],[15.2209225,58.0254557],[15.2206969,58.0255353],[15.2205558,58.0255154],[15.2200763,58.0256548],[15.2200199,58.0254258],[15.2199352,58.0252714]]],[[[15.2219756,58.0255801],[15.2220509,58.0254706],[15.2222483,58.0255851],[15.2222389,58.0256897],[15.2220979,58.0257644],[15.2219944,58.0257494],[15.2219756,58.0255801]]],[[[15.2222953,58.0253312],[15.2223235,58.0252366],[15.2225586,58.0251918],[15.2226526,58.0250723],[15.2228595,58.0251171],[15.2228877,58.0251918],[15.2226997,58.0252814],[15.2225868,58.025371],[15.2222953,58.0253312]]],[[[15.2230382,58.0252764],[15.2230758,58.0251171],[15.2232544,58.0250225],[15.2233579,58.025142],[15.2231792,58.0252465],[15.2230382,58.0252764]]],[[[15.2373399,58.0167639],[15.237381,58.0166736],[15.2374286,58.0166342],[15.237486,58.0166043],[15.237501,58.0165701],[15.2376137,58.0165571],[15.2376302,58.0165157],[15.2379574,58.0165248],[15.2382172,58.016557],[15.2382996,58.0166262],[15.2382732,58.0166473],[15.2383224,58.0167305],[15.2383398,58.0169064],[15.2383363,58.0170073],[15.238097,58.017289],[15.2381169,58.0173114],[15.2379418,58.017354],[15.237925,58.0174715],[15.2377948,58.0175649],[15.2376461,58.0175332],[15.2376345,58.0175938],[15.2375276,58.0176131],[15.2374074,58.0175558],[15.2373654,58.0174522],[15.2373424,58.0172997],[15.2374214,58.0172909],[15.2374935,58.0172563],[15.2374953,58.0171635],[15.2374589,58.0170482],[15.237488,58.0170351],[15.2374495,58.0168942],[15.2373947,58.016829],[15.237362,58.0167906],[15.2373399,58.0167639]]],[[[15.2406008,58.0068595],[15.2406125,58.0067972],[15.2407512,58.0066938],[15.2408499,58.0066179],[15.2408546,58.0065855],[15.2409252,58.0065643],[15.2410403,58.0064497],[15.2411461,58.0064859],[15.2412425,58.0065681],[15.2413718,58.0065805],[15.241621,58.0065693],[15.2416398,58.0065382],[15.2417996,58.0064622],[15.2418278,58.0065419],[15.2418819,58.0065681],[15.2419548,58.0065394],[15.2420488,58.0065979],[15.2421076,58.0066826],[15.2422016,58.006801],[15.2418584,58.0068508],[15.2417009,58.006994],[15.241541,58.0070451],[15.2414752,58.0070064],[15.2413788,58.0070064],[15.2413483,58.0069653],[15.2412331,58.0069193],[15.2411203,58.0069915],[15.240991,58.0069878],[15.2406525,58.0069056],[15.2406008,58.0068595]]],[[[15.248876,58.016274],[15.2489691,58.0160979],[15.2489492,58.0159148],[15.2489425,58.0156119],[15.2491819,58.0155521],[15.2491952,58.0153654],[15.2490223,58.0152527],[15.2489891,58.0151259],[15.2492816,58.0150449],[15.2496539,58.0150731],[15.2499398,58.0150801],[15.2500329,58.0151893],[15.2498866,58.0153126],[15.2501592,58.0155943],[15.2501127,58.0159183],[15.2500994,58.016186],[15.2497803,58.0162705],[15.2495874,58.0164255],[15.2492882,58.0164149],[15.2489891,58.0164642],[15.248876,58.016274]]],[[[15.2527302,58.0120613],[15.2530693,58.0119662],[15.2535081,58.0119627],[15.2537408,58.0120367],[15.253907,58.0120332],[15.2543192,58.0118958],[15.254399,58.0119698],[15.2541464,58.0120332],[15.253927,58.0120719],[15.253794,58.0121177],[15.2537342,58.0123325],[15.2535546,58.0123255],[15.2534616,58.0122797],[15.2533485,58.0123149],[15.2532355,58.0123149],[15.2531092,58.0122198],[15.2529496,58.0121318],[15.2529828,58.0120578],[15.2527302,58.0120613]]],[[[15.2613124,57.9860563],[15.2613823,57.985904],[15.2614855,57.9857877],[15.2615365,57.98577],[15.2616546,57.9857884],[15.2619287,57.9855472],[15.2619797,57.9855295],[15.262115,57.9855211],[15.262199,57.9855573],[15.2622825,57.9856295],[15.2623461,57.9858902],[15.2624294,57.9859713],[15.2624621,57.9860433],[15.2624441,57.9861151],[15.2623069,57.9862491],[15.2622218,57.9862847],[15.2620524,57.9863109],[15.2619678,57.9863105],[15.2616956,57.9864261],[15.2615431,57.9864524],[15.2615094,57.9864433],[15.2613762,57.986308],[15.2613124,57.9860563]]],[[[15.2619033,58.0099849],[15.2620303,58.0098579],[15.262035,58.0097707],[15.2622418,58.0097907],[15.2625192,58.0097932],[15.2627167,58.0097483],[15.2628436,58.0098405],[15.2628436,58.0099301],[15.2626744,58.0100123],[15.2626932,58.010112],[15.2626368,58.0101568],[15.262618,58.010234],[15.2627026,58.0102763],[15.2626791,58.010381],[15.2625897,58.0104084],[15.2624534,58.0104631],[15.2623876,58.0105179],[15.2622889,58.0105155],[15.2622559,58.0104034],[15.2622606,58.0103262],[15.2621243,58.0102216],[15.2620726,58.0100796],[15.2619033,58.0099849]]],[[[15.2650568,58.0150782],[15.2652026,58.0150607],[15.2653295,58.0150458],[15.2653436,58.0149661],[15.2654705,58.0149088],[15.2655411,58.0149586],[15.2655223,58.0150209],[15.2654517,58.0151031],[15.265212,58.015123],[15.2650568,58.0150782]]],[[[15.26522,58.0265869],[15.265267,58.0265446],[15.2653375,58.0264724],[15.2652905,58.0263952],[15.2654785,58.0263604],[15.2655632,58.0263031],[15.2654268,58.0262633],[15.2654174,58.0261737],[15.2652858,58.0261587],[15.2653563,58.0260019],[15.2654879,58.0259546],[15.2655067,58.025855],[15.265582,58.0257554],[15.2657183,58.0257206],[15.265864,58.0257305],[15.2659299,58.0258351],[15.2659675,58.0258575],[15.2659957,58.0259247],[15.2662214,58.0259571],[15.2662261,58.0260218],[15.2661461,58.0261513],[15.266085,58.0261836],[15.2660756,58.0262284],[15.2661884,58.0263131],[15.2661978,58.0263803],[15.2662025,58.026455],[15.2663624,58.0265247],[15.2663577,58.0266367],[15.2663013,58.0266815],[15.2660756,58.0266342],[15.265944,58.0267015],[15.2659722,58.0267861],[15.2659299,58.0268707],[15.2659628,58.0269504],[15.2657653,58.0268981],[15.265582,58.0269703],[15.2654315,58.026918],[15.2653469,58.0268633],[15.2653516,58.0267985],[15.2652999,58.0267089],[15.265267,58.0266467],[15.26522,58.0265869]]],[[[15.2670651,57.9800921],[15.2670654,57.9800742],[15.2672697,57.9799763],[15.2673193,57.9800483],[15.26742,57.9800936],[15.2672674,57.9801289],[15.2670651,57.9800921]]],[[[15.2674856,57.9802286],[15.2674859,57.9802106],[15.267521,57.980121],[15.267708,57.9800499],[15.2677925,57.9800503],[15.2678428,57.9800775],[15.2678584,57.9801673],[15.2676376,57.9802382],[15.2675192,57.9802377],[15.2674856,57.9802286]]],[[[15.2676477,58.0245936],[15.2676524,58.0244816],[15.2677464,58.0244094],[15.2677511,58.0243596],[15.2678922,58.0242077],[15.2680708,58.0240758],[15.2681931,58.0239164],[15.2683341,58.0239089],[15.2684658,58.0238293],[15.2685034,58.0237546],[15.2687572,58.0236799],[15.2690299,58.0236849],[15.2690111,58.0236201],[15.269218,58.0235903],[15.2695471,58.0235156],[15.2697116,58.0234434],[15.2697398,58.0232865],[15.2699373,58.0232218],[15.2701677,58.0231222],[15.2703275,58.0231322],[15.2704027,58.0231844],[15.2703886,58.0232716],[15.2705203,58.0232815],[15.2707459,58.0233463],[15.2707083,58.023406],[15.2706425,58.0234732],[15.2706566,58.0235405],[15.2706143,58.0235977],[15.2706707,58.0236799],[15.2706002,58.0237297],[15.2705908,58.0238417],[15.2705297,58.0238816],[15.2704686,58.0239737],[15.2704733,58.0240683],[15.2705015,58.0241156],[15.2704592,58.0241654],[15.270351,58.0241828],[15.2701536,58.0243422],[15.2698198,58.0244542],[15.269768,58.0245065],[15.2696552,58.0244816],[15.2695236,58.0244841],[15.2693825,58.0245961],[15.269171,58.0246957],[15.2689641,58.0247131],[15.2689359,58.0247978],[15.2687902,58.0248127],[15.2686256,58.0248774],[15.2686209,58.0249546],[15.2685269,58.0250144],[15.2684328,58.0250841],[15.2683012,58.025099],[15.2681837,58.0250691],[15.2681602,58.0250168],[15.2680003,58.0249621],[15.2679345,58.02486],[15.2677935,58.0248351],[15.2677558,58.0247405],[15.2676477,58.0245936]]],[[[15.2677467,57.9797269],[15.2677819,57.9796283],[15.2678844,57.9795569],[15.2679695,57.9795213],[15.2680372,57.9795126],[15.2682228,57.9795314],[15.2682224,57.9795583],[15.2681542,57.9796029],[15.2681708,57.9796209],[15.268255,57.9796392],[15.268305,57.9796843],[15.2683214,57.9797203],[15.268286,57.9798279],[15.2681841,57.9798634],[15.26783,57.979808],[15.2677467,57.9797269]]],[[[15.2693761,57.9792669],[15.2694454,57.9791504],[15.26953,57.9791508],[15.2696481,57.9791603],[15.269748,57.9792595],[15.2696463,57.979286],[15.2696963,57.9793311],[15.2696779,57.9794298],[15.2696264,57.9794834],[15.2695756,57.9794922],[15.2694248,57.9794018],[15.2693761,57.9792669]]],[[[15.2708588,58.0258907],[15.2709904,58.0258309],[15.2709199,58.0258011],[15.270934,58.0257214],[15.2710609,58.025587],[15.2711126,58.0254998],[15.2711879,58.0253729],[15.2711503,58.0252583],[15.2711456,58.0251787],[15.2713242,58.0251787],[15.2713571,58.0251388],[15.2713383,58.0250517],[15.2714935,58.0249944],[15.2715828,58.0249521],[15.2715546,58.0248301],[15.2716627,58.0248152],[15.2718132,58.0246857],[15.2717991,58.0246061],[15.2716486,58.0245886],[15.2715499,58.0245438],[15.2717285,58.0244293],[15.2718179,58.0243297],[15.2719589,58.0243471],[15.2720529,58.0243173],[15.2720811,58.0242426],[15.2721423,58.0241654],[15.2721705,58.0242376],[15.2722833,58.0243272],[15.272462,58.0242948],[15.2725701,58.0242301],[15.2726735,58.0242451],[15.2728099,58.0242799],[15.2729462,58.0243372],[15.2729697,58.0243994],[15.2728804,58.0244716],[15.272824,58.0245687],[15.2727864,58.0246334],[15.2726829,58.0247256],[15.2726923,58.0248326],[15.2726594,58.0249496],[15.2725889,58.0250144],[15.2725325,58.0250766],[15.2724949,58.0251687],[15.2723209,58.0252459],[15.2722645,58.0253305],[15.2721093,58.0253778],[15.2719683,58.0254849],[15.2718179,58.0256343],[15.2717144,58.0256741],[15.2717614,58.0257189],[15.2717614,58.0258085],[15.2716815,58.0259081],[15.2717473,58.0259231],[15.2717755,58.0260102],[15.2716721,58.0260799],[15.2716439,58.0261745],[15.2717238,58.0262268],[15.2717567,58.0262716],[15.2715687,58.0262492],[15.2714888,58.0262492],[15.2713195,58.0263015],[15.271155,58.0263239],[15.2710797,58.0262691],[15.271028,58.0261845],[15.2710186,58.0261197],[15.2709152,58.02606],[15.2709293,58.0259903],[15.2708823,58.0259529],[15.2708588,58.0258907]]],[[[15.2718429,58.026885],[15.2718946,58.0268589],[15.2718969,58.0267929],[15.2719298,58.0267294],[15.2719181,58.0266722],[15.2719581,58.0266162],[15.2719369,58.0265726],[15.2720497,58.0265128],[15.2721014,58.026427],[15.2721438,58.0263909],[15.2722448,58.0263996],[15.2723459,58.0263859],[15.2724,58.0264046],[15.2724188,58.0264357],[15.2724141,58.0264792],[15.2723671,58.0265228],[15.2724376,58.0265701],[15.2724188,58.0266162],[15.2724305,58.0266572],[15.2724682,58.026707],[15.272407,58.0267705],[15.2722778,58.026834],[15.2723177,58.0268502],[15.2723365,58.0269025],[15.2722801,58.0269373],[15.2721438,58.0269435],[15.2720121,58.0269622],[15.2718711,58.0269273],[15.2718429,58.026885]]],[[[15.2855153,57.9897071],[15.2855708,57.9894948],[15.2859097,57.9892531],[15.2860514,57.9890799],[15.2862055,57.9891289],[15.2860884,57.9893968],[15.2862609,57.9895601],[15.286341,57.9898312],[15.2861685,57.9900337],[15.2859343,57.9899129],[15.2857063,57.9897789],[15.2855153,57.9897071]]],[[[15.285531,57.993038],[15.2855787,57.9929657],[15.285664,57.9928283],[15.2858618,57.9928265],[15.2859641,57.9929133],[15.2859573,57.9929928],[15.2858857,57.9930977],[15.2857595,57.9931827],[15.285664,57.9932514],[15.2855583,57.9932279],[15.2855344,57.9931266],[15.285531,57.993038]]],[[[15.2864951,57.9923299],[15.2866492,57.9921894],[15.2866492,57.9920163],[15.2867231,57.9918171],[15.2869634,57.9916113],[15.2871853,57.991608],[15.2872962,57.9918759],[15.2871914,57.992049],[15.2872099,57.9921568],[15.2874071,57.9922155],[15.2875858,57.9923429],[15.2874934,57.9925454],[15.2872654,57.9927251],[15.2869819,57.9928524],[15.2867108,57.9928557],[15.2865752,57.9928002],[15.2866183,57.992663],[15.2866368,57.9925128],[15.2865074,57.9924344],[15.2864951,57.9923299]]],[[[15.2871483,57.9910985],[15.2875735,57.9908862],[15.2879617,57.9908078],[15.2883437,57.990798],[15.2882883,57.9909287],[15.2880972,57.9910691],[15.288202,57.9911932],[15.2883869,57.9912618],[15.2883869,57.9914153],[15.2881897,57.9916146],[15.288202,57.991791],[15.2878939,57.9918857],[15.2878323,57.991804],[15.2876536,57.9916864],[15.2879432,57.9915231],[15.2878384,57.9913467],[15.2877029,57.9911704],[15.2874009,57.9911377],[15.2871483,57.9910985]]],[[[15.292207,57.9821574],[15.2922499,57.9819412],[15.2924538,57.9817649],[15.292604,57.981799],[15.2924538,57.9819754],[15.2925074,57.9821005],[15.2923894,57.9822257],[15.292207,57.9821574]]],[[[15.2978868,57.975242],[15.2980301,57.9748417],[15.2983342,57.9747083],[15.2983587,57.9747917],[15.2985754,57.9749881],[15.2983097,57.9749955],[15.2978868,57.975242]]],[[[15.2985509,57.9752013],[15.2986767,57.9750678],[15.2988235,57.9750456],[15.2989563,57.9750864],[15.2989179,57.9752773],[15.2986977,57.9753162],[15.2985509,57.9752013]]],[[[15.2992569,57.9770509],[15.2996483,57.9764949],[15.2999489,57.9764801],[15.2999839,57.9768396],[15.3001167,57.9770101],[15.2994247,57.9771436],[15.2992569,57.9770509]]],[[[15.2995575,57.974497],[15.2995994,57.9743765],[15.2997532,57.9742616],[15.2997812,57.9740799],[15.3004277,57.9739539],[15.3012526,57.9739984],[15.3018153,57.9739446],[15.3016056,57.9743969],[15.3000223,57.9746471],[15.2995575,57.974497]]],[[[15.3027221,57.9747327],[15.3027804,57.9740525],[15.3035967,57.9728465],[15.304413,57.9723054],[15.3052876,57.9723208],[15.3059582,57.9728156],[15.3070661,57.973063],[15.3080865,57.9724754],[15.3092818,57.9721353],[15.309515,57.9729393],[15.3079698,57.9747173],[15.3063664,57.9758304],[15.3046754,57.9760004],[15.3033926,57.9756758],[15.3027221,57.9747327]]],[[[15.3104455,57.9606447],[15.3104818,57.9604928],[15.3104818,57.9604495],[15.310709,57.9603193],[15.3109179,57.960276],[15.3110269,57.9602061],[15.3111768,57.9600832],[15.3113676,57.9600205],[15.311616,57.9600831],[15.3118353,57.9600965],[15.3120252,57.960195],[15.3122994,57.9602644],[15.3122319,57.960374],[15.3120505,57.9603942],[15.3120631,57.9604255],[15.3118691,57.9604501],[15.3120083,57.9605128],[15.311983,57.9605911],[15.3117847,57.9606359],[15.3116497,57.9609469],[15.3115316,57.9609156],[15.3112447,57.9610006],[15.310806,57.9609626],[15.3106288,57.9608664],[15.3106288,57.9607903],[15.3104455,57.9606447]]],[[[15.3105502,57.9575048],[15.3106906,57.9574821],[15.3107578,57.9574011],[15.3109043,57.9573493],[15.3109043,57.9572812],[15.3110325,57.9572748],[15.3110325,57.9572294],[15.3112828,57.9571841],[15.3116003,57.9571808],[15.3117468,57.9570707],[15.311814,57.9570707],[15.3119361,57.9570415],[15.3119911,57.9569897],[15.3120643,57.9569897],[15.3119544,57.9568925],[15.3119544,57.956818],[15.3119972,57.956763],[15.3119239,57.9567565],[15.3118812,57.9566399],[15.3119727,57.9565427],[15.3119117,57.9564358],[15.3119117,57.9563062],[15.3118445,57.9562641],[15.31193,57.956154],[15.3119544,57.9560762],[15.3121254,57.9560414],[15.3121977,57.9559402],[15.3120267,57.9559053],[15.3120728,57.95586],[15.3122766,57.95586],[15.3124278,57.9559507],[15.3125198,57.9559507],[15.3129011,57.9561006],[15.3132363,57.9561146],[15.3136702,57.9561216],[15.3138745,57.9561486],[15.3139539,57.9562057],[15.3141127,57.9562569],[15.3140617,57.956308],[15.3142431,57.9564344],[15.3144075,57.9565998],[15.3143849,57.9566991],[15.3144699,57.9568164],[15.3145153,57.9570511],[15.3146797,57.9570721],[15.3146797,57.9572737],[15.3145777,57.9573399],[15.3145777,57.9574151],[15.3144472,57.9577129],[15.3142204,57.9578002],[15.3141751,57.9578453],[15.3140617,57.9578754],[15.3140276,57.9579957],[15.3138972,57.9579957],[15.3138745,57.9581642],[15.3136761,57.9582604],[15.3136307,57.9584409],[15.3135683,57.9585041],[15.3136024,57.9586756],[15.3135286,57.9587749],[15.3136024,57.9588952],[15.3137725,57.9589945],[15.3135854,57.9590667],[15.3137101,57.9591479],[15.3138689,57.9592321],[15.3138235,57.9593284],[15.3137328,57.9593284],[15.3137158,57.9593915],[15.313574,57.9593254],[15.3133642,57.9590847],[15.3132395,57.9590005],[15.3130127,57.9589764],[15.3128596,57.9589102],[15.3127348,57.9588832],[15.3124967,57.9587628],[15.3122698,57.9586094],[15.3122018,57.9584439],[15.3121281,57.9584259],[15.3120033,57.9582274],[15.3118559,57.958116],[15.3116064,57.9580619],[15.3114782,57.9580165],[15.3114782,57.9580878],[15.3113927,57.9580716],[15.3112523,57.9579356],[15.311179,57.9579356],[15.3111729,57.9578384],[15.3109531,57.9577283],[15.311002,57.9576959],[15.3110997,57.9576376],[15.311063,57.9576084],[15.3109104,57.9576181],[15.3106967,57.9575112],[15.3106112,57.9576278],[15.3105502,57.9575793],[15.3105502,57.9575048]]],[[[15.3111351,57.961437],[15.3111393,57.9613319],[15.3111519,57.96122],[15.3113291,57.961249],[15.3117003,57.9612021],[15.31181,57.9611931],[15.3118142,57.9612826],[15.3116455,57.9612916],[15.3116497,57.9613609],[15.3115696,57.9613923],[15.3115569,57.9614728],[15.3114346,57.9614505],[15.3112321,57.9614214],[15.3111351,57.961437]]],[[[15.3137296,57.9595386],[15.313775,57.9594976],[15.3138341,57.9594398],[15.3139567,57.9594398],[15.3141838,57.9594036],[15.3142111,57.9594783],[15.3142111,57.9595844],[15.3140975,57.9595651],[15.3140248,57.9596229],[15.3141248,57.9596543],[15.3140793,57.9597193],[15.3141066,57.9597796],[15.3139158,57.9597796],[15.3138477,57.9596952],[15.3137341,57.9596591],[15.3137296,57.9595386]]],[[[15.3157253,57.9565614],[15.3158055,57.9564741],[15.3158856,57.9564517],[15.316008,57.9563778],[15.316278,57.9563465],[15.3162994,57.956408],[15.3163739,57.956435],[15.3165306,57.9564142],[15.3164953,57.9564454],[15.3168244,57.9564433],[15.3170203,57.95646],[15.3171849,57.9564163],[15.3173769,57.9564433],[15.3176041,57.9564329],[15.3178039,57.9564059],[15.3180351,57.9564101],[15.3181761,57.9564662],[15.3183759,57.9564662],[15.3184582,57.956593],[15.3185562,57.9566346],[15.3185209,57.9567323],[15.3181957,57.9568196],[15.3178901,57.9568591],[15.3178039,57.9569318],[15.3179371,57.95699],[15.3178431,57.9570441],[15.3176668,57.9570025],[15.3172672,57.9570462],[15.3168558,57.9570254],[15.3164875,57.9570067],[15.3163504,57.9570129],[15.3161897,57.9569048],[15.31608,57.9568923],[15.3159155,57.9568279],[15.3159116,57.9567219],[15.3158489,57.9566845],[15.3158645,57.9566263],[15.3157253,57.9565614]]],[[[15.3255954,57.9659589],[15.3257103,57.9658267],[15.3262321,57.9657627],[15.3266643,57.9657709],[15.326678,57.9658608],[15.3264326,57.9659868],[15.3261698,57.9660488],[15.3255954,57.9659589]]],[[[15.3312071,58.0063588],[15.3313139,58.0062372],[15.3312467,58.006122],[15.3313614,58.0060298],[15.3314325,58.0059355],[15.331393,58.0058161],[15.3315551,58.0056716],[15.331741,58.0055542],[15.3319426,58.0053908],[15.3321443,58.0053259],[15.3324646,58.0052525],[15.3327612,58.0051478],[15.3327651,58.0051415],[15.3329747,58.0051268],[15.3330815,58.0050409],[15.3333939,58.0050095],[15.3335402,58.0051897],[15.3337023,58.0054181],[15.3338249,58.00546],[15.3340582,58.0055249],[15.3340463,58.0054369],[15.3342401,58.0054537],[15.3344497,58.0055396],[15.3346948,58.0054998],[15.3348886,58.0054809],[15.3349756,58.0055521],[15.3348055,58.0056338],[15.3346039,58.0056318],[15.3343864,58.0057051],[15.334157,58.0057721],[15.3340463,58.005923],[15.3340819,58.0061932],[15.3341452,58.00643],[15.3343587,58.0066646],[15.3345564,58.0068511],[15.3349874,58.007025],[15.3351535,58.0071737],[15.3353591,58.0071297],[15.3356478,58.0070334],[15.3359839,58.0070061],[15.3362133,58.0070983],[15.3363121,58.0072659],[15.3363754,58.0075236],[15.3363794,58.0078001],[15.3362963,58.0078986],[15.3360156,58.0079217],[15.3358178,58.0077729],[15.335806,58.0077582],[15.335889,58.007708],[15.3356359,58.0076011],[15.3356162,58.0076011],[15.3352959,58.007532],[15.3351021,58.0074608],[15.3349123,58.0076535],[15.3346869,58.0078169],[15.3344497,58.00793],[15.3341333,58.0080201],[15.3338288,58.0080076],[15.3337616,58.0080893],[15.3336113,58.0080955],[15.3334571,58.0079447],[15.3331843,58.0078756],[15.3329589,58.0077771],[15.3328521,58.0076828],[15.3325635,58.0076451],[15.3321364,58.0075341],[15.3318517,58.0074691],[15.331654,58.0073099],[15.331654,58.0071214],[15.3314839,58.0070124],[15.3313297,58.0068993],[15.3312585,58.0066688],[15.3312941,58.0065683],[15.3312071,58.0063588]]],[[[15.333382,58.0046303],[15.3334571,58.0045423],[15.3336193,58.0044291],[15.3337695,58.0043642],[15.3337577,58.004272],[15.3336707,58.0041966],[15.3337656,58.004119],[15.3338012,58.0041777],[15.3338447,58.004295],[15.333904,58.0043788],[15.3338367,58.0044857],[15.3338565,58.0046491],[15.3337537,58.0047497],[15.3335599,58.0047183],[15.333382,58.0046303]]],[[[15.3376345,58.0210574],[15.3376745,58.0209301],[15.3379263,58.0208907],[15.338058,58.0209241],[15.3379893,58.0210271],[15.3380007,58.021112],[15.3378806,58.0211575],[15.3377489,58.0211332],[15.3376345,58.0210574]]],[[[15.3376913,57.8975882],[15.3385327,57.8967261],[15.3390709,57.8964239],[15.3393135,57.8964843],[15.3395636,57.8968993],[15.3397077,57.8969678],[15.3388814,57.8982086],[15.3387601,57.8982932],[15.3384038,57.8981562],[15.337805,57.8980797],[15.3376913,57.8975882]]],[[[15.3381819,58.00817],[15.3382259,58.0080942],[15.3383324,58.0079988],[15.3383728,58.0080455],[15.3384426,58.0080591],[15.3384426,58.0081331],[15.3383214,58.0081876],[15.3381819,58.00817]]],[[[15.3383214,58.0071233],[15.3384536,58.0069987],[15.3384573,58.0069948],[15.3385014,58.0070513],[15.3385087,58.0071077],[15.3384316,58.0071213],[15.3383214,58.0071233]]],[[[15.3387034,58.0069754],[15.3388319,58.0067361],[15.3388356,58.0067322],[15.3390339,58.0066913],[15.3392249,58.0066563],[15.339302,58.006557],[15.3394929,58.0066368],[15.3396655,58.0066952],[15.3397574,58.0067944],[15.3399851,58.0068314],[15.3403009,58.0068139],[15.3405396,58.0067905],[15.3406571,58.0068917],[15.3406388,58.0070493],[15.3405029,58.007098],[15.3405139,58.0072225],[15.3404111,58.0074385],[15.3402531,58.007633],[15.340143,58.0076467],[15.3399667,58.0076661],[15.3399777,58.007812],[15.339974,58.007812],[15.3397243,58.0076914],[15.3397427,58.0075533],[15.3395297,58.0075844],[15.3392469,58.0074968],[15.3390376,58.007312],[15.3388649,58.0070843],[15.3387034,58.0069754]]],[[[15.3407774,58.0170642],[15.3409329,58.0170081],[15.3411191,58.0169843],[15.3411261,58.0169307],[15.3412181,58.016882],[15.3414302,58.0168932],[15.3414938,58.0169519],[15.3413595,58.0170205],[15.3413736,58.0171179],[15.3412534,58.0171167],[15.3411827,58.0171828],[15.3409612,58.0171541],[15.340914,58.0171042],[15.3407774,58.0170642]]],[[[15.3411985,58.0150651],[15.341202,58.0149612],[15.3413052,58.0148773],[15.3412846,58.0148226],[15.3413706,58.0148408],[15.3415324,58.0147788],[15.3415841,58.0147478],[15.3417596,58.014684],[15.3417837,58.0147843],[15.3418147,58.0148171],[15.3416632,58.0148809],[15.3416529,58.0149375],[15.3414946,58.0150414],[15.3413913,58.0151253],[15.3412846,58.0151052],[15.3411985,58.0150651]]],[[[15.3413648,58.0011954],[15.3414092,58.0011213],[15.3413887,58.0010363],[15.3415012,58.0009062],[15.3416343,58.0007146],[15.3418832,58.0006351],[15.3419719,58.0004561],[15.3422311,58.0003043],[15.3425552,58.0001688],[15.3428212,58.000185],[15.3430088,58.0001489],[15.3432782,58.00012],[15.3434385,58.0000784],[15.3438819,58.0000567],[15.3440729,57.9999989],[15.3445095,57.999876],[15.3449495,57.9998253],[15.3449666,57.9997296],[15.34512,57.9996735],[15.3452599,57.9996048],[15.3457715,57.9995687],[15.3457749,57.9994313],[15.3460955,57.999359],[15.3463616,57.9993518],[15.3466856,57.9992415],[15.346805,57.9992199],[15.3467811,57.9991367],[15.3470267,57.9989433],[15.347013,57.9988728],[15.347129,57.9988023],[15.3470846,57.9987282],[15.3470949,57.9986053],[15.3473166,57.9985005],[15.3473848,57.9985439],[15.3475621,57.9985402],[15.3476713,57.9985927],[15.3478486,57.9986758],[15.348009,57.9988078],[15.3479373,57.9988728],[15.3478418,57.9989017],[15.3479032,57.9989813],[15.347835,57.9990246],[15.3475792,57.9990246],[15.3474257,57.9990463],[15.34732,57.9991168],[15.347071,57.9991006],[15.3470846,57.9992596],[15.346938,57.9993319],[15.347013,57.9993807],[15.3471494,57.9994801],[15.3474394,57.9995145],[15.3478998,57.9995398],[15.3481761,57.9995506],[15.3481897,57.9996157],[15.3483773,57.9997061],[15.3486706,57.9997765],[15.348906,57.9999248],[15.3489981,58.0000459],[15.3489469,58.0002664],[15.348773,58.000411],[15.3485615,58.0004073],[15.3483875,58.0003368],[15.3481249,58.0002338],[15.3479032,58.0002284],[15.3475553,58.0003061],[15.3473234,58.0003423],[15.3472722,58.0004887],[15.3470232,58.0005682],[15.3467163,58.0006206],[15.3464161,58.0005899],[15.3461058,58.0006459],[15.3458329,58.0007092],[15.3457272,58.0007977],[15.3458397,58.0009387],[15.3460409,58.0009984],[15.3463479,58.0010652],[15.346365,58.0011574],[15.3462592,58.0013146],[15.3461194,58.0014086],[15.3459489,58.0014448],[15.3457544,58.0013345],[15.3455873,58.0012839],[15.3453895,58.0013092],[15.3449427,58.0013508],[15.3446562,58.001358],[15.3444754,58.001414],[15.344397,58.0014791],[15.344455,58.0015622],[15.3444379,58.0017014],[15.344588,58.0017954],[15.3448642,58.001884],[15.3450245,58.0020285],[15.3449154,58.0022255],[15.3445982,58.0022291],[15.3443185,58.002202],[15.3439809,58.00224],[15.3436637,58.0023087],[15.3435375,58.0023972],[15.3433635,58.002399],[15.3431452,58.0024514],[15.3428348,58.0024099],[15.34262,58.0023629],[15.3425211,58.0021984],[15.3424494,58.0020954],[15.3424358,58.0019309],[15.3422857,58.0018858],[15.3421561,58.0019508],[15.3420708,58.0018225],[15.3421527,58.0017303],[15.3420265,58.00164],[15.3420879,58.0015369],[15.3422925,58.0014845],[15.3424869,58.0013833],[15.3424767,58.0012785],[15.342238,58.0012496],[15.3419071,58.0012514],[15.3416615,58.0013201],[15.3414569,58.0013291],[15.3413648,58.0011954]]],[[[15.3416022,58.0167422],[15.3417059,58.0166673],[15.3417012,58.0165849],[15.3418544,58.0165599],[15.3419533,58.0165949],[15.3418991,58.0166623],[15.3418968,58.0167197],[15.3419816,58.0167509],[15.3419887,58.0168233],[15.3421372,58.0168233],[15.3422079,58.0168882],[15.3422409,58.0169831],[15.3422149,58.017078],[15.3420735,58.0171291],[15.3420759,58.0170542],[15.3419769,58.0170467],[15.3417695,58.0170879],[15.3417389,58.0170318],[15.3418473,58.0169743],[15.3419039,58.0169082],[15.3418779,58.0168483],[15.3416588,58.0168021],[15.3416022,58.0167422]]],[[[15.3417048,58.0123656],[15.3417064,58.0123144],[15.341895,58.0123102],[15.341971,58.012348],[15.3420217,58.0124294],[15.3419108,58.0124151],[15.3417904,58.0124151],[15.3417048,58.0123656]]],[[[15.3418698,58.0141826],[15.3420281,58.0140695],[15.3420247,58.0140349],[15.3422071,58.0140111],[15.3422794,58.0139765],[15.3425376,58.014033],[15.3425892,58.0139966],[15.3427063,58.0140349],[15.3427235,58.0141279],[15.3428922,58.0140987],[15.3427373,58.0142117],[15.3424997,58.0143138],[15.3422898,58.014416],[15.3422898,58.014312],[15.3421658,58.0143722],[15.3419662,58.014354],[15.3419558,58.0142537],[15.3418698,58.0141826]]],[[[15.3420243,58.01379],[15.3420614,58.0137416],[15.3421502,58.013739],[15.3422539,58.0136893],[15.3421971,58.0136305],[15.3423353,58.013532],[15.3425479,58.0134982],[15.3427764,58.0134334],[15.343098,58.0133799],[15.3432495,58.0132377],[15.343478,58.0132335],[15.3435285,58.0130843],[15.3435897,58.0129604],[15.3437146,58.0128872],[15.3439206,58.0128796],[15.3442457,58.0128604],[15.3445863,58.0129559],[15.3447886,58.0130212],[15.3448429,58.0130866],[15.3447615,58.0132226],[15.3449293,58.0133873],[15.3448726,58.013556],[15.3446924,58.0136553],[15.3444826,58.0137364],[15.3443123,58.0137325],[15.344258,58.0136815],[15.3441691,58.0136606],[15.3440161,58.0136972],[15.3439174,58.01359],[15.3438359,58.0134618],[15.3437323,58.0134305],[15.3436805,58.0135168],[15.3436706,58.013654],[15.3434188,58.0137103],[15.3431276,58.0136789],[15.3431276,58.0137795],[15.3430437,58.0137992],[15.3428907,58.0137103],[15.3426586,58.013671],[15.3423106,58.0137482],[15.3420243,58.01379]]],[[[15.3432136,57.9938138],[15.3432715,57.9936873],[15.3432272,57.9935716],[15.3432204,57.9934251],[15.3433636,57.9932914],[15.3434625,57.9932172],[15.3434387,57.9931485],[15.3435103,57.99306],[15.3436228,57.992966],[15.3436842,57.992872],[15.3436911,57.9928177],[15.3437388,57.9927635],[15.3438275,57.9927418],[15.3438241,57.9926821],[15.3439605,57.9925972],[15.344172,57.9925972],[15.3442504,57.9925574],[15.3442743,57.9924941],[15.3445096,57.9925032],[15.3449155,57.9924815],[15.345069,57.9925393],[15.3453555,57.992467],[15.3454374,57.9925918],[15.3455192,57.9926731],[15.3456727,57.9926604],[15.3458944,57.992684],[15.3461297,57.9927599],[15.3463037,57.99274],[15.3465834,57.9927852],[15.3468528,57.9927689],[15.3469893,57.9926333],[15.3471666,57.9927147],[15.3473815,57.9927617],[15.3474633,57.9928539],[15.347743,57.9929153],[15.3477908,57.9930979],[15.3477362,57.9933564],[15.3475725,57.9935047],[15.3473201,57.9936294],[15.3472007,57.9935463],[15.347153,57.9934143],[15.3469381,57.9932896],[15.3465595,57.9932896],[15.345966,57.9934649],[15.3454374,57.9935987],[15.3452157,57.993624],[15.3451884,57.993774],[15.345052,57.9938753],[15.3448405,57.9940488],[15.3446529,57.9940651],[15.3444107,57.9942007],[15.3441549,57.9942983],[15.3440901,57.9943923],[15.3439707,57.9944013],[15.3438445,57.9944863],[15.3437081,57.9944953],[15.3436399,57.9944212],[15.3436433,57.9943254],[15.3435239,57.9942621],[15.3434557,57.99415],[15.3433943,57.9940452],[15.343292,57.9940217],[15.3432238,57.9939078],[15.3432136,57.9938138]]],[[[15.3433741,58.0141698],[15.3434671,58.0141005],[15.3436805,58.0140385],[15.3438182,58.0140312],[15.3438974,58.0140312],[15.3440798,58.0139801],[15.3441693,58.0139801],[15.3442829,58.0139801],[15.3443724,58.014013],[15.3443208,58.0140841],[15.3441831,58.014044],[15.3441039,58.0140841],[15.3439387,58.0141005],[15.3438216,58.014075],[15.343622,58.0141497],[15.3436185,58.014188],[15.3435394,58.0142117],[15.3434258,58.0142081],[15.3433741,58.0141698]]],[[[15.3464398,58.011949],[15.3464436,58.0118715],[15.3465552,58.0118124],[15.346509,58.0117288],[15.3465821,58.011684],[15.3465591,58.0115861],[15.3465825,58.0114394],[15.3467068,58.0113208],[15.3467068,58.0112726],[15.3468849,58.0111123],[15.3470548,58.0109543],[15.3469802,58.0109214],[15.3470506,58.0108116],[15.3470092,58.0107743],[15.3470175,58.010658],[15.3469761,58.010579],[15.346831,58.010579],[15.3467606,58.0105241],[15.3466487,58.0104143],[15.3466902,58.0103222],[15.3468062,58.0102453],[15.3469738,58.0102195],[15.3471656,58.0101675],[15.3473173,58.0101155],[15.3474244,58.0101013],[15.3476296,58.0099572],[15.3480534,58.0099146],[15.348129,58.0099247],[15.3480897,58.0099663],[15.3481433,58.0100477],[15.3480396,58.0100932],[15.3480611,58.0101443],[15.3479717,58.0102314],[15.3477966,58.010256],[15.3476894,58.0103147],[15.3477609,58.0103639],[15.3479682,58.0103488],[15.3481218,58.0103696],[15.3482898,58.0103904],[15.348422,58.0104377],[15.34859,58.0104131],[15.3487008,58.0104567],[15.3488652,58.0105494],[15.3490403,58.0106384],[15.3492619,58.010699],[15.3494227,58.0106687],[15.349487,58.0106952],[15.349462,58.0107956],[15.3495656,58.010841],[15.3496085,58.0109129],[15.3498229,58.0109906],[15.3499373,58.0109906],[15.3500123,58.0110644],[15.3499909,58.0111761],[15.3500624,58.0112386],[15.3500159,58.0112878],[15.3499837,58.0114108],[15.3501017,58.0115774],[15.3500266,58.0116096],[15.3501053,58.0116551],[15.3500195,58.0117686],[15.3499087,58.0117194],[15.349705,58.0117459],[15.349705,58.0117952],[15.3496478,58.0118444],[15.3497157,58.011905],[15.3495263,58.011958],[15.3496478,58.0120072],[15.3496014,58.0120753],[15.3493977,58.0120602],[15.3492726,58.0120905],[15.3491403,58.0122211],[15.3489224,58.0121511],[15.3487794,58.0121],[15.3486829,58.0120204],[15.3485328,58.0121056],[15.3484649,58.0122154],[15.3483649,58.0123139],[15.3484685,58.0124142],[15.348447,58.0124956],[15.3483112,58.0124786],[15.3483112,58.0124237],[15.3480468,58.0124331],[15.3478395,58.0124066],[15.347718,58.0124578],[15.3476179,58.0124104],[15.3476179,58.0123214],[15.3475072,58.0122628],[15.3472248,58.0121814],[15.3471748,58.0122041],[15.3470426,58.0122325],[15.3470104,58.0121189],[15.3468532,58.0121719],[15.3467281,58.0121719],[15.3467067,58.0120564],[15.3465629,58.0120448],[15.3464398,58.011949]]],[[[15.3472191,58.0057124],[15.3472829,58.0056715],[15.3473387,58.0056377],[15.3475142,58.0056377],[15.3476179,58.0056152],[15.3477349,58.0056152],[15.3477455,58.0055701],[15.3478652,58.0056096],[15.3479529,58.0056391],[15.3480513,58.0056687],[15.3482082,58.0056462],[15.3481975,58.0056096],[15.3481284,58.0055856],[15.3481098,58.0055053],[15.3482135,58.0055518],[15.3482666,58.0055969],[15.3484182,58.0056152],[15.3485139,58.0056081],[15.3486256,58.0056251],[15.3487319,58.0056053],[15.3488649,58.0056053],[15.3489313,58.0056391],[15.3490457,58.0056631],[15.3490984,58.0057286],[15.3491888,58.0057483],[15.3491808,58.005792],[15.3491595,58.0058596],[15.3492473,58.0059117],[15.3491962,58.0059519],[15.3492505,58.0059689],[15.3493097,58.0060356],[15.3491468,58.0060369],[15.3490653,58.0060251],[15.3490085,58.0060369],[15.3488924,58.0060408],[15.348848,58.0060199],[15.3487714,58.0060395],[15.3486751,58.0059859],[15.3485665,58.0060134],[15.348485,58.005982],[15.3484085,58.0060199],[15.3482751,58.0060434],[15.3481936,58.0060304],[15.3481171,58.0060434],[15.3480208,58.006016],[15.3479492,58.0060238],[15.3479121,58.0060565],[15.3477714,58.0060304],[15.3477418,58.0060644],[15.3476726,58.0060578],[15.3476726,58.0060225],[15.3475887,58.0060068],[15.3475833,58.0059716],[15.3475116,58.0059519],[15.3474318,58.0059744],[15.3473893,58.0059547],[15.3473573,58.0058843],[15.3472935,58.0058617],[15.3473308,58.0058068],[15.3472616,58.0057786],[15.3473148,58.0057434],[15.3472191,58.0057124]]],[[[15.3482084,57.9975637],[15.3483454,57.9974964],[15.3484748,57.9974063],[15.3488301,57.9974292],[15.348896,57.997362],[15.3491193,57.9972961],[15.3492944,57.9973969],[15.3492868,57.9975099],[15.3492056,57.9976336],[15.3490407,57.9976793],[15.3490661,57.9977493],[15.3489595,57.9978582],[15.3490432,57.9979564],[15.3488377,57.9980007],[15.3485408,57.9979389],[15.3483099,57.9979281],[15.348216,57.9978353],[15.3482084,57.9975637]]],[[[15.3485414,58.0076872],[15.348548,58.0075255],[15.348548,58.007522],[15.3487404,58.0074587],[15.3489262,58.0073075],[15.3490655,58.0071564],[15.3494039,58.0070333],[15.3497224,58.0068681],[15.3498485,58.006738],[15.3498684,58.0065728],[15.3500143,58.006492],[15.3502731,58.0064322],[15.3506181,58.0062248],[15.3505783,58.0059928],[15.3505186,58.005803],[15.350512,58.005803],[15.3502797,58.0056096],[15.3502797,58.0056061],[15.3503129,58.0055041],[15.3501205,58.005469],[15.3500475,58.0053811],[15.3501603,58.005237],[15.350293,58.005142],[15.3505849,58.0051069],[15.3505783,58.0049417],[15.3505319,58.0047132],[15.3505252,58.0047096],[15.3503063,58.0048327],[15.3501338,58.0047799],[15.3501139,58.0045022],[15.3502466,58.0042772],[15.3502399,58.0042737],[15.3502266,58.0040065],[15.3500143,58.0039608],[15.3500077,58.0039608],[15.3501537,58.0038378],[15.3501205,58.0036901],[15.3501271,58.0036831],[15.3503328,58.0035636],[15.3505186,58.0035108],[15.3505186,58.0035073],[15.3508636,58.0032436],[15.3510759,58.0031417],[15.3513413,58.00298],[15.3516863,58.0028112],[15.351892,58.0026952],[15.3518987,58.0026881],[15.3520778,58.002551],[15.3523299,58.0025124],[15.3528143,58.0023682],[15.3531394,58.0022135],[15.3531394,58.00221],[15.3533252,58.0020729],[15.3536038,58.0017494],[15.3537498,58.0014928],[15.3540645,58.0016768],[15.3544533,58.0018232],[15.3548251,58.0021431],[15.3552241,58.0023329],[15.3553094,58.0025281],[15.3554765,58.0026419],[15.35563,58.0027576],[15.3556198,58.0029293],[15.3559745,58.003063],[15.3559574,58.0032636],[15.3557767,58.0035456],[15.3554595,58.0036179],[15.3552514,58.0037353],[15.3551695,58.0039359],[15.3552037,58.0041383],[15.3549785,58.0042667],[15.354883,58.0044871],[15.3544601,58.0045685],[15.3541293,58.0045974],[15.3538087,58.0045865],[15.353679,58.0046498],[15.3537507,58.0047962],[15.3537473,58.0048034],[15.3535801,58.0049154],[15.35328,58.0048106],[15.3532732,58.0045775],[15.3532698,58.0043805],[15.3531777,58.0042414],[15.3528366,58.0042197],[15.3524409,58.0043841],[15.3524409,58.0043859],[15.3525364,58.0046173],[15.352533,58.004807],[15.3524546,58.0050672],[15.3523079,58.0051016],[15.3519191,58.0052678],[15.3519157,58.0052678],[15.3520317,58.0053781],[15.3520146,58.0055841],[15.3518372,58.0057142],[15.3517315,58.0059003],[15.3517349,58.0059003],[15.3517622,58.0060214],[15.3518509,58.0061136],[15.352001,58.006213],[15.3519737,58.0062581],[15.3518338,58.0062636],[15.35196,58.0063973],[15.3520965,58.0064316],[15.3522499,58.0066159],[15.3521681,58.006737],[15.3522875,58.0068491],[15.352325,58.0070153],[15.3523045,58.0072972],[15.3521954,58.007449],[15.3520214,58.0076062],[15.3518202,58.007702],[15.3519089,58.0078086],[15.3517758,58.0078791],[15.3515644,58.0080254],[15.3514928,58.0080905],[15.35152,58.0081736],[15.3517486,58.008273],[15.3519259,58.0082766],[15.3521033,58.0082296],[15.352325,58.0082369],[15.3526797,58.0082929],[15.3529423,58.0082658],[15.3531026,58.008311],[15.3533891,58.0083326],[15.3535733,58.0082983],[15.3537302,58.0083417],[15.3538939,58.0086958],[15.3540065,58.0088133],[15.3541156,58.0090265],[15.354044,58.0090609],[15.3542111,58.0092885],[15.3545249,58.0094548],[15.3547091,58.0094999],[15.354808,58.0097583],[15.3546306,58.0098306],[15.3547193,58.0101251],[15.3549308,58.0103094],[15.3552923,58.0103618],[15.3553947,58.0104522],[15.3552719,58.0106094],[15.3547193,58.01051],[15.3547193,58.0105082],[15.354351,58.0106799],[15.3543476,58.0106799],[15.3541259,58.0108009],[15.3537473,58.0110141],[15.3535597,58.0109075],[15.353396,58.0109256],[15.3529526,58.0108804],[15.3527786,58.0107413],[15.3525126,58.0106943],[15.3523625,58.0104413],[15.3523625,58.0104197],[15.3523147,58.0102697],[15.3521544,58.0102209],[15.3518986,58.0103438],[15.3517349,58.0102028],[15.3517417,58.0101017],[15.3520692,58.0099463],[15.3526047,58.0097999],[15.3526081,58.0097999],[15.3527888,58.0096626],[15.3529423,58.0096102],[15.353147,58.0095885],[15.353222,58.0094566],[15.3533277,58.0092831],[15.3532459,58.0091133],[15.3530583,58.009041],[15.3529048,58.0091241],[15.3526422,58.0091078],[15.352516,58.0090229],[15.3522056,58.0089832],[15.35181,58.0089127],[15.3515542,58.0089542],[15.3515371,58.008835],[15.3512199,58.0088458],[15.3510698,58.0087121],[15.3511926,58.0085856],[15.3511858,58.0083959],[15.3512267,58.0082007],[15.3512267,58.0080869],[15.3512199,58.0079532],[15.3511687,58.0078737],[15.3509846,58.0079206],[15.3508686,58.0078213],[15.3509095,58.0076875],[15.3508106,58.0076116],[15.3505719,58.0076062],[15.3500057,58.0074743],[15.3499988,58.0074761],[15.3497567,58.0075538],[15.3495077,58.007552],[15.3494293,58.0074761],[15.3492894,58.0074327],[15.3490131,58.00744],[15.348829,58.0076008],[15.3486608,58.0077715],[15.348548,58.0076977],[15.3485414,58.0076872]]],[[[15.3490139,58.005441],[15.3490341,58.0054275],[15.3491085,58.005442],[15.3491491,58.0054874],[15.3490912,58.0055116],[15.3490596,58.0054707],[15.349019,58.0054556],[15.3490139,58.005441]]],[[[15.3520987,58.0060276],[15.3521708,58.0059693],[15.3521708,58.0059111],[15.3523298,58.0058893],[15.352425,58.0059366],[15.3525246,58.0059366],[15.3525074,58.0060603],[15.3524147,58.0060894],[15.3522361,58.0061349],[15.3520987,58.0060276]]],[[[15.3528955,58.0057783],[15.3529058,58.0057182],[15.353184,58.0056745],[15.3533248,58.0057146],[15.3534278,58.0056873],[15.3535412,58.0057073],[15.3536064,58.0056472],[15.3538022,58.0057109],[15.3536991,58.0057564],[15.353761,58.0058019],[15.3538743,58.0058019],[15.354022,58.0058401],[15.353864,58.0059802],[15.3536888,58.0059311],[15.3536408,58.0058401],[15.3533797,58.005902],[15.3534107,58.0059802],[15.3531737,58.0060348],[15.352947,58.0059548],[15.3529058,58.0058692],[15.3529676,58.0058292],[15.3528955,58.0057783]]],[[[15.3545843,57.9984847],[15.3546502,57.9982961],[15.3546903,57.9981824],[15.3548246,57.9981162],[15.3550792,57.9980713],[15.3552701,57.9981025],[15.3553643,57.9981899],[15.3553148,57.9982861],[15.3554067,57.998331],[15.355673,57.9983598],[15.3560242,57.998391],[15.3564531,57.9984609],[15.3566888,57.9985733],[15.3567336,57.9986807],[15.3569551,57.9989405],[15.3573958,57.9990691],[15.3577799,57.9990529],[15.3578577,57.9991328],[15.3579166,57.9993639],[15.3579025,57.9995774],[15.3579402,57.9996911],[15.3580439,57.9997972],[15.3580839,57.9999334],[15.3581782,58.000077],[15.3583738,58.0001956],[15.3584327,58.000328],[15.3583927,58.0004691],[15.3583526,58.0006065],[15.358296,58.0007976],[15.3580297,58.0008625],[15.3580981,58.0009312],[15.3581546,58.0010398],[15.3578648,58.0011123],[15.3576574,58.001101],[15.3573958,58.0011197],[15.3571554,58.0010561],[15.3569504,58.0010323],[15.35671,58.0009487],[15.3565851,58.000835],[15.3565191,58.0007201],[15.3565309,58.0005615],[15.356446,58.0003617],[15.3564437,58.0002331],[15.3561326,57.999997],[15.3559464,57.9997485],[15.3558663,57.9996286],[15.3556919,57.9994525],[15.3557084,57.9992939],[15.355772,57.9991703],[15.355838,57.9990429],[15.3556848,57.9989555],[15.3555199,57.9989068],[15.3554421,57.9988918],[15.35523,57.9988893],[15.3551074,57.9988306],[15.3549095,57.9986995],[15.3548364,57.9986845],[15.3547869,57.9986033],[15.3546338,57.9985883],[15.3545843,57.9984847]]],[[[15.3546868,57.9034935],[15.3546944,57.9033324],[15.3554069,57.9033727],[15.3554069,57.903703],[15.3546868,57.9034935]]],[[[15.3554421,57.9978752],[15.3554869,57.997784],[15.3556707,57.9977128],[15.3557108,57.9976117],[15.3558663,57.9976816],[15.35597,57.9977565],[15.3560855,57.9977578],[15.3562009,57.9977028],[15.3563023,57.9976916],[15.356479,57.9975942],[15.356677,57.9975517],[15.3567336,57.9975979],[15.3568915,57.9976154],[15.3568561,57.9977491],[15.3566935,57.9978552],[15.3564743,57.9978977],[15.356307,57.9978777],[15.3561562,57.997829],[15.3558663,57.9978802],[15.3557909,57.9979838],[15.3555034,57.9979426],[15.3554421,57.9978752]]],[[[15.3591204,57.994766],[15.3593801,57.9945787],[15.3596569,57.9944275],[15.3602657,57.9943214],[15.3608491,57.9942402],[15.3610705,57.9941206],[15.361377,57.9941387],[15.3615005,57.99401],[15.3617176,57.9938272],[15.3616793,57.9936986],[15.3618752,57.9936038],[15.3620199,57.9935925],[15.3622967,57.9934842],[15.362352,57.9931141],[15.3621775,57.9930058],[15.3621179,57.9928208],[15.3619603,57.9928185],[15.3617687,57.9927057],[15.3618752,57.9926064],[15.36179,57.99248],[15.3619305,57.9923739],[15.3620838,57.992155],[15.3621988,57.9919248],[15.3617304,57.9919609],[15.3610151,57.99197],[15.3607298,57.9918368],[15.3605212,57.9916721],[15.3605468,57.9915164],[15.3607298,57.9913584],[15.3610236,57.9911056],[15.3612408,57.9910582],[15.3614877,57.9910785],[15.3618113,57.9909995],[15.3623435,57.9908709],[15.3628502,57.990731],[15.3630929,57.9907423],[15.363442,57.9909228],[15.3634037,57.9910131],[15.3637826,57.991329],[15.3639487,57.9916608],[15.3639529,57.9919068],[15.3641871,57.9920783],[15.3645916,57.9921437],[15.3649791,57.9923559],[15.3653708,57.9927598],[15.3656177,57.9929584],[15.3657667,57.9929291],[15.3659243,57.9927711],[15.366167,57.9926696],[15.3661329,57.9930103],[15.3658562,57.9930667],[15.3656348,57.993166],[15.3656348,57.993324],[15.3657284,57.9935],[15.3659924,57.9935767],[15.3661627,57.9937844],[15.3662351,57.9940439],[15.3663245,57.9942131],[15.3663543,57.9944704],[15.3662351,57.9944501],[15.3660563,57.9944794],[15.3658476,57.9946419],[15.3656901,57.9946216],[15.365507,57.9946938],[15.3654772,57.9948337],[15.3654687,57.9951045],[15.3651792,57.9954181],[15.3649876,57.9956957],[15.3647279,57.9959687],[15.3645575,57.996323],[15.3644085,57.9967043],[15.364234,57.9969029],[15.3640296,57.9969187],[15.3637443,57.9969187],[15.3636251,57.997027],[15.3636038,57.9972188],[15.3629779,57.9970902],[15.3628161,57.9970451],[15.3625223,57.9970315],[15.3623818,57.9969616],[15.3623307,57.9967608],[15.3625053,57.9966412],[15.3623435,57.9966051],[15.3623052,57.996393],[15.362071,57.9961921],[15.3615856,57.9961267],[15.3610875,57.9961222],[15.3604744,57.9962169],[15.3599677,57.9963207],[15.3597718,57.9962734],[15.3598527,57.9960612],[15.3599932,57.9960567],[15.3601125,57.9960071],[15.3601465,57.9958672],[15.3602317,57.995646],[15.3603211,57.9954069],[15.360121,57.9954114],[15.3601465,57.9954881],[15.359989,57.9955219],[15.3594653,57.9956054],[15.3594823,57.9956754],[15.3594781,57.9957589],[15.3592481,57.995707],[15.3591289,57.9954407],[15.3592524,57.9952895],[15.3591204,57.9951609],[15.3592779,57.9950797],[15.359329,57.9949533],[15.3591332,57.9949285],[15.3591204,57.994766]]],[[[15.3613485,57.9990508],[15.3614753,57.99895],[15.3614868,57.9988034],[15.3616136,57.9987393],[15.361602,57.9986232],[15.3620458,57.9986171],[15.3621668,57.9986996],[15.3623742,57.9987607],[15.362622,57.9987057],[15.3627085,57.9986416],[15.3627142,57.9985011],[15.3629102,57.9984797],[15.3630081,57.9985347],[15.3629678,57.9986171],[15.3629217,57.9987546],[15.363158,57.9988737],[15.3632502,57.9989408],[15.3631868,57.9990264],[15.3629736,57.9990264],[15.3627546,57.9991088],[15.3625817,57.9991913],[15.3627315,57.9992493],[15.3626048,57.9993684],[15.3627834,57.9995547],[15.3627949,57.9996371],[15.3625529,57.9997807],[15.3623281,57.9997807],[15.3621092,57.9998142],[15.3619248,57.9998051],[15.3617346,57.999744],[15.3616078,57.9996096],[15.3615329,57.9995333],[15.3616193,57.9994569],[15.3616481,57.9993165],[15.3617461,57.9992523],[15.3613485,57.9990508]]],[[[15.3614693,57.9831069],[15.361751,57.9830562],[15.3620699,57.9830562],[15.3622984,57.9827293],[15.3624738,57.9823714],[15.3625801,57.9819825],[15.3624153,57.9819318],[15.3623728,57.9817374],[15.3626067,57.9815908],[15.3629203,57.9815288],[15.3632764,57.9814528],[15.3634996,57.9812527],[15.3637813,57.9809765],[15.3639939,57.9807962],[15.3643713,57.9807003],[15.364637,57.9805735],[15.3648124,57.9804664],[15.3649825,57.9803903],[15.365716,57.9803847],[15.3664016,57.9805707],[15.36688,57.9808441],[15.3669385,57.9810723],[15.3670979,57.9812414],[15.3674912,57.9812639],[15.367656,57.9814049],[15.3675338,57.9815373],[15.3678739,57.9817205],[15.3678739,57.9818585],[15.3680599,57.9820361],[15.3678154,57.9821939],[15.3678686,57.9824081],[15.3679855,57.9827208],[15.3683629,57.9826814],[15.3687987,57.9828589],[15.3690858,57.98309],[15.3688041,57.9832872],[15.368432,57.9835042],[15.3686127,57.9836338],[15.3685808,57.9838508],[15.3682513,57.9839072],[15.3678314,57.9840002],[15.367369,57.9840058],[15.3669916,57.9840819],[15.3669172,57.9842481],[15.3670076,57.9843298],[15.366981,57.9846116],[15.3664335,57.9846229],[15.3661731,57.9847384],[15.3659499,57.9849526],[15.3656788,57.9850117],[15.3654609,57.9849836],[15.3650144,57.9850991],[15.3643766,57.9852569],[15.363978,57.985209],[15.3637335,57.985209],[15.3635102,57.985409],[15.3631913,57.9854203],[15.3624419,57.9852851],[15.3624153,57.9851667],[15.3626067,57.984961],[15.3624738,57.9848821],[15.3624313,57.9846764],[15.3626067,57.9845806],[15.3625163,57.9845186],[15.3625748,57.9842932],[15.3626333,57.9841749],[15.3625642,57.9839776],[15.3626705,57.9838593],[15.3624738,57.983755],[15.3624844,57.9836226],[15.3626173,57.9835408],[15.3626492,57.9834817],[15.3625216,57.983383],[15.3622506,57.9833295],[15.3617563,57.9832703],[15.3614693,57.9833211],[15.3614693,57.9831069]]],[[[15.3676763,57.9845919],[15.3677119,57.9845185],[15.367795,57.9844011],[15.368139,57.9843571],[15.3683525,57.9843634],[15.3685186,57.9844871],[15.3684277,57.984703],[15.3681548,57.9846632],[15.3681311,57.9847282],[15.3682537,57.9849168],[15.3684198,57.9850028],[15.3689615,57.985095],[15.3689971,57.9852397],[15.3691553,57.9854535],[15.3694993,57.9853382],[15.3697524,57.9851348],[15.3700094,57.9850133],[15.3702822,57.9851495],[15.3702783,57.9852774],[15.3704523,57.9854933],[15.3705907,57.9856589],[15.3706342,57.9861641],[15.3704127,57.9860195],[15.3701913,57.9860111],[15.3697603,57.9860048],[15.3694241,57.9860195],[15.3693569,57.9860153],[15.3692739,57.9859063],[15.3691473,57.9857386],[15.3688982,57.9855981],[15.3689417,57.9855017],[15.368744,57.9853571],[15.3686096,57.9852019],[15.3682497,57.9850699],[15.3679808,57.9850447],[15.3677515,57.9849336],[15.3677752,57.9848204],[15.367795,57.9847261],[15.3676763,57.9845919]]]]}}]}
