{"type":"FeatureCollection","pike":{"schemaVersion":1,"lakeId":"vattern","purpose":"non-interactive outside-lake focus mask","source":"https://www.openstreetmap.org/relation/253599","osmObjectType":"relation","osmObjectId":253599,"sourceVersion":105,"sourceTimestamp":"2026-06-29T11:17:07Z","outerRingCount":1,"innerRingCount":287,"vertexCount":24787},"features":[{"type":"Feature","properties":{"kind":"outside-lake-focus-mask"},"geometry":{"type":"Polygon","coordinates":[[[5,54],[30,54],[30,71],[5,71],[5,54]],[[14.1098639,57.8849222],[14.1105163,57.8857747],[14.110697,57.8860108],[14.1110795,57.8872913],[14.1112268,57.8886013],[14.1112596,57.8894414],[14.1116952,57.8899793],[14.1122496,57.8911592],[14.1126455,57.8914473],[14.113675,57.8921964],[14.1138634,57.8932452],[14.113709,57.8945745],[14.1140189,57.8952209],[14.1146412,57.8958388],[14.1150253,57.8960449],[14.1160453,57.8975893],[14.1164098,57.8978666],[14.1166532,57.8986057],[14.1173134,57.8993604],[14.1176855,57.900193],[14.1182656,57.9006143],[14.1198825,57.9028562],[14.1218458,57.9076092],[14.1224219,57.909896],[14.1240335,57.9135561],[14.1240682,57.9146954],[14.1242884,57.9153115],[14.1244159,57.9158887],[14.1244426,57.9162225],[14.1248512,57.9163581],[14.1248484,57.9163815],[14.1248171,57.9166416],[14.1252175,57.9173483],[14.1249854,57.9195336],[14.1253866,57.9212665],[14.1251191,57.9233403],[14.125288,57.9250323],[14.1239832,57.9267241],[14.1234717,57.9276689],[14.1234362,57.9286993],[14.1225962,57.9307933],[14.1229853,57.9322636],[14.1217285,57.935687],[14.1217749,57.9357018],[14.12175,57.9360401],[14.122129,57.936666],[14.1219159,57.9373271],[14.1234153,57.938956],[14.1229617,57.9394254],[14.1224683,57.9396293],[14.1223401,57.9398474],[14.1221325,57.9400058],[14.1219809,57.9403284],[14.1217154,57.9406975],[14.1211522,57.9412088],[14.1209382,57.941964],[14.1202962,57.9424089],[14.1199246,57.9433308],[14.118867,57.9439326],[14.117865,57.9448918],[14.1178078,57.9455486],[14.1168501,57.94664],[14.1161968,57.9476135],[14.1159245,57.9481095],[14.1158378,57.9486007],[14.1158262,57.9491003],[14.1159993,57.9492471],[14.1160583,57.9492585],[14.1161277,57.9492934],[14.1159993,57.9493895],[14.1160101,57.9494635],[14.1161092,57.9496158],[14.1166255,57.9500365],[14.1167432,57.9504029],[14.1168261,57.9508312],[14.1166829,57.951217],[14.1165292,57.9516803],[14.1163895,57.9521689],[14.1161162,57.9526869],[14.1160878,57.9532777],[14.1161,57.9536701],[14.1166939,57.9537626],[14.1169085,57.9539202],[14.1168815,57.9540734],[14.1165144,57.9541662],[14.1165292,57.954518],[14.1170598,57.9551222],[14.1176223,57.9555029],[14.1177685,57.9556598],[14.1179278,57.9557935],[14.1178404,57.9559177],[14.1176713,57.9560738],[14.1175896,57.9562648],[14.1175794,57.9564829],[14.1176189,57.9568634],[14.117682,57.9573197],[14.1177924,57.9580776],[14.1177753,57.958619],[14.117816,57.9595245],[14.1181338,57.9605389],[14.1187962,57.9617955],[14.1192415,57.962624],[14.1198788,57.9635598],[14.1205645,57.964193],[14.1211942,57.9646537],[14.1212992,57.9647305],[14.1222261,57.9653804],[14.1239853,57.966038],[14.1250885,57.9665748],[14.1261415,57.9671238],[14.1266994,57.9676735],[14.127465,57.9680688],[14.1276141,57.9681458],[14.1280386,57.968815],[14.1281287,57.9697955],[14.1286741,57.9701238],[14.1287036,57.97022],[14.1286629,57.9703267],[14.1282942,57.9704855],[14.1283041,57.9708849],[14.128166,57.9712409],[14.1284459,57.9718515],[14.1288435,57.9731724],[14.1298559,57.9738678],[14.1304769,57.9746879],[14.1318506,57.9752252],[14.1318442,57.9762353],[14.1314648,57.9767977],[14.1317988,57.9778978],[14.132242,57.9791389],[14.1327376,57.9797135],[14.1329417,57.9799502],[14.1344526,57.9806949],[14.1356989,57.9816807],[14.1371065,57.9824309],[14.1391194,57.9830207],[14.1406363,57.983341],[14.1419114,57.9838027],[14.1425929,57.9844463],[14.1432155,57.9848128],[14.1437985,57.984925],[14.1441356,57.9852765],[14.144212,57.9862471],[14.1451601,57.9868099],[14.1461162,57.9881953],[14.1467194,57.9891564],[14.1467501,57.9898725],[14.146883,57.9900291],[14.1472202,57.9904265],[14.1482365,57.9907766],[14.1492727,57.9917257],[14.1492522,57.9925263],[14.1494857,57.9927499],[14.1494328,57.9934162],[14.1505702,57.9943706],[14.1516653,57.9961179],[14.1510219,57.9976513],[14.1504979,57.9980059],[14.1502424,57.9988011],[14.150256,57.9996831],[14.1504912,58.0005163],[14.1513582,58.0021499],[14.1522789,58.0032121],[14.1556788,58.0050722],[14.1562899,58.0058573],[14.1573247,58.0072463],[14.1577725,58.0078473],[14.1616183,58.0104979],[14.1626942,58.0112187],[14.1635812,58.0119662],[14.1646093,58.0127565],[14.1658657,58.0133148],[14.1688794,58.0139992],[14.1729555,58.0146339],[14.1759588,58.0148975],[14.1762814,58.0148228],[14.1791039,58.0153931],[14.1797194,58.0159234],[14.1810087,58.0160774],[14.1821051,58.0165349],[14.182207,58.0168531],[14.1821265,58.0171969],[14.1815633,58.0181118],[14.1771832,58.0217047],[14.1772192,58.0219016],[14.177834,58.0221311],[14.1777433,58.0221738],[14.177325,58.0221365],[14.1772019,58.0221546],[14.1770502,58.0221769],[14.1768715,58.0221239],[14.1769319,58.0220572],[14.1764985,58.0218677],[14.1759744,58.0214566],[14.175828,58.0215302],[14.1756115,58.0216675],[14.1761508,58.0221559],[14.1759693,58.0226097],[14.1756266,58.0229913],[14.176186,58.0231114],[14.1769168,58.0223187],[14.1772136,58.022379],[14.1778337,58.0223677],[14.1780404,58.022379],[14.1780261,58.0224507],[14.1771566,58.0225262],[14.1764937,58.0232698],[14.1759378,58.0234698],[14.1757525,58.0234245],[14.1750433,58.0238771],[14.1743769,58.0243832],[14.1730951,58.0259024],[14.172702,58.0264515],[14.17263,58.0271817],[14.1734818,58.0276893],[14.1736642,58.0294669],[14.1740963,58.03016],[14.1747639,58.0306764],[14.1746402,58.0310508],[14.175099,58.0318759],[14.1762506,58.0326003],[14.17678,58.0330181],[14.1777598,58.0337913],[14.1791038,58.0350794],[14.1789227,58.035514],[14.1803606,58.0362051],[14.1819004,58.0366358],[14.1820979,58.0370482],[14.1825823,58.03772],[14.183476,58.0381618],[14.1838383,58.0389701],[14.1853398,58.040136],[14.1852712,58.0406235],[14.1857982,58.0411645],[14.1868468,58.0414016],[14.187197,58.0420295],[14.1883144,58.0429247],[14.1893861,58.0435174],[14.1896855,58.0439031],[14.1897623,58.0443038],[14.1902409,58.0446081],[14.1888722,58.0452361],[14.1884766,58.0455659],[14.1890302,58.0457569],[14.1883537,58.0457165],[14.1879023,58.0460448],[14.1871795,58.0465814],[14.1870062,58.0469038],[14.1866945,58.0472919],[14.1865656,58.0476882],[14.1874058,58.0480999],[14.1872764,58.0486677],[14.1877608,58.0490878],[14.1884425,58.0493819],[14.1883667,58.0500808],[14.188775,58.0504775],[14.1881974,58.0509349],[14.1883687,58.0515872],[14.1892142,58.052064],[14.1903306,58.052573],[14.1904127,58.0529329],[14.1913228,58.053717],[14.1912489,58.054185],[14.1918213,58.054955],[14.1926518,58.055915],[14.193548,58.0565729],[14.1937836,58.0574093],[14.1950375,58.0584482],[14.1952919,58.05889],[14.1957642,58.0592394],[14.1958239,58.0600529],[14.1957347,58.0606178],[14.1959954,58.0611573],[14.196466,58.0617069],[14.1974884,58.0630236],[14.1983522,58.0634827],[14.1988513,58.0640061],[14.1990112,58.064529],[14.1991176,58.0650072],[14.1999608,58.0653662],[14.2003546,58.0656165],[14.2009926,58.0656985],[14.2011377,58.0659993],[14.2004881,58.0660304],[14.2013888,58.0668121],[14.2013573,58.0670367],[14.200935,58.0670271],[14.2015538,58.0672968],[14.2010773,58.0674762],[14.2012023,58.0684123],[14.2017679,58.0692327],[14.2011829,58.0706985],[14.2019664,58.0714935],[14.202821,58.0723081],[14.2030934,58.0734571],[14.2040579,58.0744307],[14.2041261,58.0747641],[14.2037316,58.0752182],[14.2040333,58.0756293],[14.2041791,58.0761604],[14.2041377,58.0767766],[14.204741,58.0775313],[14.2053658,58.0781599],[14.204509,58.0790958],[14.2040683,58.079931],[14.2039897,58.08008],[14.2040253,58.0802585],[14.2040377,58.0802777],[14.2040548,58.0803265],[14.2041369,58.0804783],[14.204212,58.0804747],[14.2045402,58.080444],[14.2045128,58.0803428],[14.2046085,58.0803392],[14.2046564,58.0804946],[14.2041915,58.0805361],[14.2040775,58.0807017],[14.2043361,58.0812808],[14.2042222,58.0816189],[14.2042373,58.082173],[14.2041434,58.0824874],[14.2044193,58.082844],[14.2044325,58.0830617],[14.2042879,58.0831636],[14.2042047,58.0834601],[14.2042967,58.0835434],[14.204271,58.08387],[14.2048223,58.0842312],[14.2049756,58.0841919],[14.2051289,58.0844119],[14.2050238,58.0845577],[14.2050764,58.084831],[14.2052823,58.085183],[14.205383,58.0852038],[14.2055005,58.0853775],[14.2061815,58.0863812],[14.207287,58.0869284],[14.2075928,58.0875002],[14.2071333,58.0875089],[14.2071825,58.0877084],[14.2074615,58.0879686],[14.207318,58.0880806],[14.2074576,58.088209],[14.2078553,58.088385],[14.2080358,58.0886799],[14.2080517,58.0889948],[14.2075926,58.0891092],[14.2074368,58.0892201],[14.2072818,58.0894354],[14.207227,58.0895116],[14.207137,58.0897588],[14.2068792,58.090101],[14.2068553,58.0901834],[14.2069752,58.0902626],[14.2069812,58.0904464],[14.207221,58.0905383],[14.2070892,58.0906429],[14.2070591,58.0913115],[14.2072106,58.0915645],[14.2080303,58.0919452],[14.2089457,58.0922769],[14.2093132,58.0924998],[14.2092652,58.0930669],[14.209371,58.0935986],[14.209601,58.09365],[14.2096489,58.0937672],[14.2096025,58.0940014],[14.209583,58.0940999],[14.2097082,58.0942591],[14.2103683,58.0944674],[14.2104702,58.0945625],[14.2105525,58.0947338],[14.2109858,58.0947367],[14.2114234,58.0947843],[14.2115493,58.094911],[14.211897,58.0949871],[14.2120169,58.0950979],[14.211909,58.0951328],[14.2120829,58.0952722],[14.211903,58.0954148],[14.2116213,58.0953483],[14.2114654,58.0956429],[14.2117891,58.0957063],[14.211927,58.0957982],[14.211883,58.0959072],[14.2118671,58.0961467],[14.2122268,58.0964572],[14.2124486,58.0965586],[14.2127903,58.0966473],[14.2128263,58.0967708],[14.2123467,58.0967487],[14.211993,58.0970021],[14.211915,58.0973253],[14.2115113,58.097438],[14.2109508,58.0979015],[14.210728,58.0995525],[14.2109199,58.0997204],[14.2113064,58.099836],[14.2111836,58.0999865],[14.2113455,58.1001037],[14.2111896,58.1002051],[14.2114114,58.100354],[14.2111357,58.1005725],[14.2113095,58.1007943],[14.2113898,58.1009713],[14.2116213,58.1013962],[14.2116959,58.1014805],[14.2117934,58.1015907],[14.211969,58.101789],[14.2118131,58.1021533],[14.211963,58.1024067],[14.2123646,58.1027077],[14.213118,58.1026869],[14.213156,58.1027552],[14.2125758,58.1027931],[14.2127723,58.1031385],[14.2128742,58.1031828],[14.2133658,58.103186],[14.2133898,58.1030339],[14.2133778,58.1028249],[14.2132819,58.1027203],[14.2132579,58.1026031],[14.2133053,58.1026099],[14.2134557,58.1026316],[14.2135816,58.1027172],[14.2136482,58.1030388],[14.2135264,58.1033478],[14.2134138,58.1034647],[14.2132039,58.1034584],[14.213102,58.1033824],[14.2127718,58.1034518],[14.2126044,58.1035693],[14.2126344,58.1037973],[14.2130721,58.1038132],[14.2129701,58.1039145],[14.2125325,58.1038829],[14.2121728,58.1041521],[14.2118311,58.1045766],[14.2117151,58.1047886],[14.2115913,58.1050147],[14.211903,58.1050295],[14.2116213,58.1054191],[14.2118731,58.1058056],[14.2118333,58.1060355],[14.2117532,58.106363],[14.2118011,58.1067146],[14.21212,58.1069191],[14.2122087,58.107225],[14.2123196,58.1076074],[14.2122328,58.1076521],[14.2122088,58.1078042],[14.2123516,58.1078392],[14.212378,58.1079089],[14.2123441,58.1081284],[14.2124713,58.1082516],[14.2123399,58.1085315],[14.2123992,58.1089615],[14.2123907,58.1091385],[14.2125264,58.1092907],[14.2123992,58.1093512],[14.2124755,58.1094968],[14.2124162,58.1096401],[14.2124973,58.10985],[14.2122605,58.1102458],[14.212174,58.1105519],[14.2122667,58.1106769],[14.2125436,58.1112662],[14.2128942,58.1117049],[14.2130881,58.1119237],[14.2137084,58.1120623],[14.2143159,58.1122176],[14.2144694,58.1123933],[14.2140845,58.1127676],[14.2138299,58.1132581],[14.2137605,58.1140608],[14.213802,58.1148936],[14.2143514,58.1151697],[14.2154647,58.1165555],[14.2169611,58.1175283],[14.2177375,58.1179786],[14.2186365,58.1186631],[14.2190506,58.1193942],[14.2188796,58.1195075],[14.2191098,58.119879],[14.2201585,58.1205207],[14.2209596,58.121309],[14.2216142,58.1217733],[14.2227056,58.1223074],[14.2245903,58.1242269],[14.2253947,58.1250575],[14.2255121,58.1262973],[14.2255788,58.1264147],[14.2256377,58.1265183],[14.2258381,58.1268711],[14.2258495,58.1282368],[14.2253894,58.1288083],[14.2259419,58.1297602],[14.2261305,58.1306303],[14.2270436,58.1316237],[14.2270489,58.1322542],[14.2273434,58.1329345],[14.2269013,58.1345845],[14.2269364,58.1353078],[14.226684,58.1356651],[14.2270511,58.1369803],[14.2271021,58.1381859],[14.2274125,58.1389313],[14.2278608,58.1397523],[14.2281693,58.1402831],[14.2279823,58.1408354],[14.2279755,58.1411525],[14.2282125,58.1416569],[14.2281756,58.1423416],[14.2281145,58.1426158],[14.227846,58.1428409],[14.2276518,58.1430983],[14.2275174,58.1435641],[14.2274568,58.1441674],[14.2276916,58.1445385],[14.2277623,58.1449633],[14.2273746,58.1453754],[14.2271317,58.1458882],[14.2270686,58.1465088],[14.2270628,58.1466494],[14.2270536,58.1468701],[14.2270247,58.1474668],[14.2267546,58.1480829],[14.226792,58.1485661],[14.2274911,58.1489474],[14.2275698,58.1492454],[14.2273606,58.1496166],[14.2272478,58.1501897],[14.2268194,58.1508529],[14.2267543,58.1516515],[14.2262595,58.1524417],[14.2261069,58.1527803],[14.225825,58.1534775],[14.2262628,58.1538447],[14.2267704,58.15386],[14.2270743,58.1540666],[14.2270316,58.1543378],[14.2271265,58.1549825],[14.2269081,58.1559749],[14.226238,58.1565698],[14.2251897,58.1577934],[14.2242683,58.1588146],[14.2239569,58.1595084],[14.2235498,58.1603588],[14.223599,58.1608053],[14.22346,58.1612695],[14.2238432,58.1617737],[14.2237708,58.1620161],[14.2238581,58.1627816],[14.2241267,58.1634986],[14.2240219,58.1641414],[14.2239236,58.164687],[14.2240231,58.1649012],[14.2244556,58.1649206],[14.2247847,58.1655627],[14.2248861,58.1665134],[14.2253836,58.1671644],[14.2250049,58.1677488],[14.2243777,58.1683513],[14.2237842,58.1690384],[14.223305,58.1697991],[14.2229556,58.1705726],[14.2228226,58.1713182],[14.2224443,58.1720554],[14.2225842,58.172987],[14.2227671,58.173941],[14.2230892,58.1745731],[14.2237007,58.1749683],[14.224009,58.1758938],[14.2245216,58.1763972],[14.2252579,58.1768432],[14.2262015,58.1771846],[14.2265416,58.1769954],[14.2268134,58.1772438],[14.2273255,58.177248],[14.228048,58.1776517],[14.2297692,58.1778755],[14.2309652,58.1786368],[14.2317246,58.1793521],[14.2323197,58.1796029],[14.2327335,58.1802886],[14.233276,58.1809727],[14.2337903,58.1814148],[14.2335787,58.1826307],[14.2338728,58.1828776],[14.2343549,58.1829478],[14.2344263,58.1831325],[14.2342048,58.1833036],[14.2343316,58.184096],[14.2343279,58.185288],[14.2344381,58.1856192],[14.2340497,58.1865498],[14.2332994,58.187419],[14.2327998,58.1882114],[14.2325412,58.188938],[14.2325749,58.1894483],[14.2324094,58.1903546],[14.2326705,58.1910868],[14.2323907,58.1914972],[14.2320675,58.1925296],[14.2311673,58.1939803],[14.2311376,58.1943926],[14.2307983,58.1946762],[14.2306148,58.195131],[14.2304278,58.1957909],[14.2303791,58.1964028],[14.2303728,58.1969502],[14.2303799,58.1977057],[14.2305124,58.1984093],[14.2311717,58.1993904],[14.2318984,58.2004784],[14.2323134,58.201608],[14.2326266,58.2025363],[14.2335563,58.2031521],[14.2345747,58.2039848],[14.2369727,58.2056431],[14.2371869,58.2059757],[14.2376912,58.2060774],[14.2380253,58.2063169],[14.2380774,58.2066936],[14.2381954,58.2071627],[14.2388606,58.2076884],[14.2399976,58.2085612],[14.2419562,58.2097247],[14.24445,58.2109611],[14.2469831,58.2120389],[14.2504455,58.2133496],[14.2536903,58.2146076],[14.254986,58.2151205],[14.2565305,58.2158451],[14.258886,58.2164705],[14.2612702,58.2171038],[14.2615414,58.2175957],[14.2620122,58.2179187],[14.2637527,58.2186937],[14.2638266,58.2193361],[14.2635941,58.2198654],[14.2637622,58.2207996],[14.2640733,58.2216632],[14.2643309,58.222472],[14.2644732,58.2229592],[14.2645025,58.2233986],[14.2648137,58.2237772],[14.2659294,58.2242856],[14.2663889,58.2245741],[14.266423,58.2249354],[14.2662447,58.2252197],[14.2656827,58.2257884],[14.2651892,58.2264664],[14.2642975,58.2272955],[14.2626464,58.2294039],[14.2621851,58.2303756],[14.2615693,58.231145],[14.2607742,58.2315731],[14.2604148,58.2319798],[14.260352,58.232261],[14.2602217,58.232587],[14.2596585,58.2327593],[14.2592562,58.2331067],[14.2586738,58.2338432],[14.2582583,58.2346684],[14.257986,58.2354015],[14.2576361,58.2362046],[14.2574108,58.2370179],[14.2576427,58.2377193],[14.2574859,58.2385202],[14.2572176,58.2389607],[14.2572176,58.2395013],[14.2572606,58.2399885],[14.257561,58.2404177],[14.2577916,58.2408499],[14.258151,58.2413043],[14.2586875,58.241564],[14.2595279,58.2423916],[14.26108,58.2435687],[14.2624903,58.244738],[14.2634833,58.2457539],[14.2648607,58.2467747],[14.2658222,58.24738],[14.2669432,58.2478327],[14.2680036,58.2483394],[14.2691331,58.2490909],[14.2701352,58.249644],[14.2712187,58.2499028],[14.2734353,58.2497027],[14.2750345,58.2496285],[14.2763798,58.2498698],[14.2779098,58.2505314],[14.2788577,58.2514167],[14.2789755,58.2519678],[14.2787075,58.2524272],[14.2783856,58.2526587],[14.27748,58.2529006],[14.2771411,58.2530651],[14.2769265,58.2533812],[14.276915,58.253942],[14.2769265,58.2546006],[14.2771165,58.2552759],[14.2773771,58.2558537],[14.2777526,58.2564126],[14.2785064,58.2569698],[14.2793236,58.2575948],[14.2805529,58.2583035],[14.2819622,58.2586701],[14.2837182,58.2599887],[14.2846873,58.2610538],[14.2852092,58.2614811],[14.2859276,58.2618074],[14.2863893,58.2623333],[14.2863035,58.2627114],[14.2863572,58.2630387],[14.2866822,58.2637959],[14.2869258,58.264111],[14.2866361,58.2646979],[14.2865395,58.2651776],[14.2867541,58.2656686],[14.2870089,58.2663278],[14.2872091,58.2673314],[14.2871833,58.2676944],[14.2875051,58.2680837],[14.2880209,58.2685541],[14.2881167,58.2689471],[14.2878914,58.2695001],[14.2876384,58.2698641],[14.2872628,58.2704046],[14.2867731,58.2708762],[14.2861748,58.2714523],[14.2854988,58.2724284],[14.285405,58.2728137],[14.285059,58.2735512],[14.2848873,58.2738615],[14.2848873,58.2744821],[14.2850444,58.2756828],[14.2848766,58.2760843],[14.2843187,58.2765413],[14.2842168,58.276702],[14.2843401,58.2767641],[14.2842451,58.2768836],[14.2839432,58.2771703],[14.2838681,58.2773339],[14.2838627,58.2774806],[14.2839754,58.2775539],[14.284147,58.2776836],[14.2842597,58.2778613],[14.2843509,58.2780531],[14.284367,58.2782393],[14.284308,58.278448],[14.2841872,58.2786449],[14.2836374,58.2795114],[14.283514,58.2798498],[14.2834738,58.2801767],[14.2835462,58.2805211],[14.2837554,58.2809357],[14.2843079,58.2814546],[14.2844152,58.2817987],[14.2845499,58.2820717],[14.2846674,58.2823515],[14.2848444,58.2827548],[14.2847645,58.2832922],[14.2845225,58.2836177],[14.2844099,58.2838405],[14.2843991,58.2840351],[14.2840397,58.284382],[14.2837125,58.2846894],[14.282881,58.2851011],[14.282425,58.2856059],[14.2822209,58.2861109],[14.2819047,58.28692],[14.2815614,58.2876306],[14.281497,58.2884032],[14.2813013,58.2894072],[14.2812931,58.2897792],[14.2814004,58.2900443],[14.2815184,58.2901514],[14.2818081,58.2902811],[14.2819476,58.2904842],[14.281851,58.2907605],[14.2815936,58.2908563],[14.2815292,58.2911383],[14.2816472,58.2914654],[14.2817974,58.291674],[14.2820763,58.2921928],[14.2823653,58.2923613],[14.2829776,58.2933826],[14.2840588,58.2949332],[14.2842007,58.2957113],[14.284597,58.2962676],[14.2846141,58.2962915],[14.2850804,58.2969461],[14.2863149,58.2984477],[14.2871565,58.2989744],[14.2877841,58.2993817],[14.2884815,58.2999187],[14.2888731,58.3001964],[14.2891815,58.3003683],[14.2894875,58.3005626],[14.2897207,58.3007799],[14.2896938,58.3008137],[14.2899245,58.3010237],[14.2900532,58.3010787],[14.290182,58.3012351],[14.2904019,58.3013267],[14.2908123,58.3014817],[14.2908499,58.3015592],[14.2909813,58.3016241],[14.2910323,58.3017002],[14.2911914,58.3017486],[14.2912912,58.301779],[14.2914786,58.3018245],[14.2915611,58.3018321],[14.2919721,58.3019325],[14.2923218,58.3020207],[14.292496,58.3020426],[14.2925062,58.3020802],[14.2925692,58.3021906],[14.292196,58.3022827],[14.2920017,58.3023322],[14.2920412,58.3024149],[14.2921114,58.302409],[14.2925538,58.3027527],[14.292814,58.3029564],[14.2930861,58.3028611],[14.2931523,58.3029139],[14.2935754,58.3027668],[14.293763,58.302905],[14.2941949,58.303217],[14.2946572,58.3035185],[14.2946869,58.3036224],[14.2946947,58.3037059],[14.294703,58.3037945],[14.2948571,58.3041552],[14.2950747,58.3044994],[14.2951008,58.3045407],[14.295368,58.3047237],[14.2980056,58.3057191],[14.2993961,58.3061495],[14.3010669,58.3065933],[14.3013037,58.3066687],[14.3015603,58.3067006],[14.3019721,58.306768],[14.3022113,58.3068636],[14.3027756,58.3072616],[14.3037244,58.307831],[14.3042938,58.3080254],[14.3043703,58.3081343],[14.3046195,58.3082952],[14.307043,58.3089458],[14.3089998,58.309841],[14.3091969,58.3099347],[14.3093486,58.3099562],[14.3094851,58.3100432],[14.3098642,58.3101695],[14.3099996,58.310186],[14.3101722,58.3102393],[14.3102784,58.3102883],[14.3103565,58.310292],[14.3104429,58.31033],[14.3105677,58.3103821],[14.3108453,58.3104936],[14.3112257,58.3105929],[14.3118965,58.3107284],[14.3126547,58.3108699],[14.3136452,58.3110213],[14.313826,58.3110495],[14.314043,58.3111353],[14.3150661,58.3116195],[14.3175836,58.3120777],[14.3235917,58.3142136],[14.3245407,58.3151586],[14.3280029,58.3174079],[14.3283038,58.3174924],[14.3289267,58.318106],[14.3302543,58.3188498],[14.3321024,58.3195139],[14.332305,58.3197132],[14.3323342,58.31981],[14.3323797,58.3199154],[14.3326527,58.3200587],[14.3325617,58.3201629],[14.332571,58.3201984],[14.3326095,58.3202125],[14.3326725,58.3201672],[14.3327484,58.3201476],[14.3329397,58.320131],[14.3330377,58.3201273],[14.333068,58.3201549],[14.3330517,58.3201911],[14.3329397,58.3202732],[14.3328533,58.3203142],[14.332802,58.3203663],[14.3328708,58.3204208],[14.3330727,58.3204851],[14.3333643,58.3205623],[14.3338193,58.3207939],[14.3348388,58.3210755],[14.3351282,58.3211995],[14.3352636,58.3212326],[14.3353359,58.3212988],[14.3353825,58.3213784],[14.3363275,58.3220315],[14.3368501,58.3223243],[14.3370788,58.3226086],[14.3374241,58.3229369],[14.3380074,58.3234515],[14.3382711,58.3238007],[14.3384134,58.3240384],[14.3384694,58.3242638],[14.338481,58.324591],[14.3385919,58.3250529],[14.3387365,58.3252618],[14.3388894,58.325421],[14.3390189,58.3255497],[14.3392335,58.3256514],[14.3398366,58.3262008],[14.3404456,58.3264863],[14.3406747,58.3267316],[14.3407618,58.3269831],[14.3407069,58.3271037],[14.3406715,58.32724],[14.3397841,58.3276134],[14.3396255,58.3276924],[14.3395887,58.3277219],[14.3395171,58.3277791],[14.3394983,58.3280054],[14.3394832,58.3281141],[14.33944,58.3283521],[14.339433,58.3285946],[14.3394843,58.3287024],[14.3395427,58.3289346],[14.3395772,58.3290069],[14.3395852,58.3290237],[14.3395868,58.3290279],[14.3395947,58.3290485],[14.3396052,58.3290758],[14.3396074,58.3290816],[14.3396027,58.3290981],[14.3395934,58.3291729],[14.3396803,58.3293076],[14.3398921,58.3295998],[14.3400093,58.3298877],[14.340098,58.3300634],[14.340238,58.3302521],[14.340329,58.3303562],[14.3404281,58.3304395],[14.3405996,58.330513],[14.3406544,58.3306141],[14.3407349,58.3306741],[14.3411294,58.3307738],[14.3411397,58.3307764],[14.3411672,58.3307913],[14.3412564,58.3308395],[14.3415177,58.3309166],[14.3417359,58.3309454],[14.3418677,58.3309736],[14.3419692,58.3310238],[14.3420695,58.3310967],[14.3421255,58.3311972],[14.3421045,58.3312609],[14.3419972,58.3313429],[14.3417989,58.3313999],[14.3416565,58.3314268],[14.3412412,58.3313999],[14.3408959,58.3313876],[14.3406836,58.3314342],[14.3405856,58.3314856],[14.3403826,58.3315971],[14.3402123,58.3317735],[14.339951,58.3319964],[14.3397993,58.3322506],[14.3397771,58.3323014],[14.3397993,58.3323382],[14.33986,58.3323621],[14.3399965,58.3323878],[14.3401143,58.3324068],[14.3402706,58.3324356],[14.3403896,58.3324821],[14.3404689,58.332536],[14.3404923,58.332585],[14.3406183,58.332882],[14.3406276,58.3329427],[14.3406019,58.3329911],[14.3405588,58.3330174],[14.3405086,58.3330241],[14.3404841,58.3329855],[14.3404736,58.3329274],[14.3404724,58.3328686],[14.3404526,58.3327687],[14.3404176,58.3326873],[14.3403884,58.3326273],[14.3403348,58.3325611],[14.3402648,58.3325127],[14.340147,58.3324827],[14.3396302,58.332386],[14.339587,58.3326585],[14.3395392,58.3328533],[14.3401995,58.3328631],[14.3402385,58.332882],[14.3402473,58.3329029],[14.3402251,58.3329243],[14.3401668,58.3329359],[14.3399568,58.3329451],[14.3398506,58.33298],[14.339678,58.3330915],[14.3394633,58.3333867],[14.339392,58.334865],[14.3393513,58.3357078],[14.3393525,58.3358694],[14.3394062,58.3359742],[14.3394855,58.3360844],[14.3396978,58.3362503],[14.3407128,58.3372432],[14.3415128,58.3384943],[14.3423364,58.3397824],[14.3426054,58.3402031],[14.3430505,58.3404035],[14.3466834,58.3420389],[14.3493828,58.343254],[14.3515543,58.3437276],[14.3529061,58.3446859],[14.3530048,58.3449195],[14.3533525,58.3457427],[14.3568125,58.3473434],[14.3581182,58.3485584],[14.3590838,58.3497525],[14.3619674,58.3507426],[14.3627531,58.3510124],[14.3632317,58.3514437],[14.3635159,58.3516998],[14.3641146,58.35303],[14.3646606,58.3556047],[14.3645362,58.3563832],[14.3672195,58.3589616],[14.3674748,58.3599629],[14.3710325,58.3627751],[14.3708877,58.3635771],[14.3712074,58.3639918],[14.3739271,58.366308],[14.3752404,58.3666372],[14.3760401,58.3674953],[14.37653,58.3680209],[14.3765514,58.3680439],[14.3780964,58.3683928],[14.378827,58.3693944],[14.3785191,58.3700577],[14.3822141,58.3727015],[14.3862739,58.3740878],[14.3865507,58.374593],[14.386202,58.3752777],[14.3888263,58.3772494],[14.3893638,58.3797352],[14.387733,58.3812432],[14.3873682,58.38338],[14.3883778,58.3856415],[14.38869,58.3864935],[14.3899217,58.3876998],[14.389897,58.3882729],[14.3889314,58.3884416],[14.3889969,58.3896338],[14.391251,58.3928395],[14.394504,58.3954119],[14.3972988,58.3970885],[14.39708,58.3982259],[14.3969984,58.3990675],[14.3989071,58.4013375],[14.4001559,58.4021616],[14.4002385,58.4034073],[14.3996839,58.4046007],[14.3998512,58.4052252],[14.4005819,58.4062184],[14.4021011,58.40741],[14.4041417,58.4084986],[14.4044045,58.4091978],[14.4034786,58.4102977],[14.4041256,58.4119629],[14.4050719,58.4129638],[14.4046406,58.4135021],[14.4074247,58.4171873],[14.4088441,58.4183785],[14.4095319,58.4205945],[14.409696,58.422748],[14.4077734,58.422257],[14.4066672,58.4225522],[14.4057725,58.4232002],[14.4047543,58.4253199],[14.4047098,58.427133],[14.4048101,58.4273905],[14.4048624,58.427538],[14.4049116,58.427677],[14.4052639,58.4283376],[14.4056163,58.428768],[14.4060349,58.42926],[14.406333,58.4295028],[14.4068661,58.4299458],[14.4071973,58.4300987],[14.407298,58.4301224],[14.4073449,58.4301334],[14.4072154,58.4302564],[14.4071612,58.4304015],[14.4071672,58.4305481],[14.4073961,58.430753],[14.4077544,58.4310226],[14.4088295,58.431751],[14.4089018,58.4318267],[14.4090555,58.4319521],[14.4127215,58.4336017],[14.4163929,58.4348372],[14.419352,58.4355449],[14.4241885,58.4359565],[14.4268192,58.4359818],[14.4289028,58.4365563],[14.432571,58.437611],[14.435897,58.4376673],[14.4362631,58.4376645],[14.4364133,58.4376743],[14.4365381,58.4376877],[14.4366588,58.4377087],[14.4368036,58.4376778],[14.4369297,58.4376315],[14.4370343,58.4376083],[14.4370987,58.437609],[14.4371161,58.4376287],[14.4368626,58.4377115],[14.4368304,58.4377382],[14.4368197,58.4377824],[14.4368519,58.4378105],[14.4368948,58.4378203],[14.4369324,58.4377705],[14.4369967,58.4377656],[14.4370463,58.4377438],[14.4371134,58.4377452],[14.4371563,58.4377803],[14.4372877,58.4377958],[14.4373494,58.4377761],[14.4373535,58.437767],[14.4373602,58.4377312],[14.4373575,58.4376764],[14.4373937,58.4376806],[14.4374192,58.4377143],[14.4374312,58.4377558],[14.4373977,58.4378309],[14.4374621,58.437847],[14.437741,58.4378983],[14.4378966,58.4379053],[14.4380227,58.4379039],[14.4380522,58.4378842],[14.4381005,58.437873],[14.4381407,58.4378709],[14.4382024,58.4378849],[14.4382869,58.4379263],[14.4383633,58.437932],[14.4384717,58.4379322],[14.4385537,58.4379193],[14.4386087,58.4378997],[14.4388689,58.4377101],[14.4389386,58.4376491],[14.4389896,58.437595],[14.4390312,58.4375817],[14.439117,58.4375929],[14.4391733,58.4376266],[14.4391693,58.4376434],[14.4387791,58.4379305],[14.4389877,58.4379917],[14.4390486,58.4379734],[14.439063,58.4379443],[14.439289,58.4379657],[14.4392464,58.4380748],[14.439459,58.4380945],[14.4396461,58.4381097],[14.4396474,58.4381367],[14.4396672,58.4381356],[14.4396906,58.4381358],[14.4398278,58.4377965],[14.439986,58.4378063],[14.4400243,58.4378365],[14.4400705,58.4378579],[14.4400933,58.4378846],[14.440088,58.4379488],[14.4401014,58.4380071],[14.4401738,58.4380562],[14.4402596,58.4381004],[14.4403194,58.4381124],[14.4405735,58.4381299],[14.4407344,58.4381692],[14.4409101,58.4381959],[14.4410978,58.4382205],[14.4412829,58.4382836],[14.4414291,58.4383159],[14.4414989,58.4383155],[14.4415659,58.4383152],[14.4417335,58.4383131],[14.4418985,58.4383286],[14.4420353,58.4383293],[14.4422409,58.4383196],[14.4422445,58.4383194],[14.4424228,58.4383152],[14.4425089,58.4383017],[14.4426562,58.4382787],[14.4427595,58.4382499],[14.4428949,58.4381945],[14.4429848,58.4381608],[14.4431363,58.4381468],[14.4432825,58.4381341],[14.443493,58.4381334],[14.4437921,58.4381573],[14.4440027,58.4382205],[14.4443326,58.4382689],[14.4447725,58.4383665],[14.4491148,58.439363],[14.4497242,58.4399386],[14.4531102,58.4403637],[14.4543415,58.4402386],[14.4543448,58.4402407],[14.4548086,58.4400602],[14.4575477,58.4399128],[14.4611353,58.4411033],[14.4612989,58.4411959],[14.4614035,58.4412759],[14.4614491,58.4413911],[14.4614357,58.4415006],[14.4613633,58.4415651],[14.4613445,58.4416171],[14.4612265,58.4416634],[14.4611514,58.4417195],[14.4609314,58.4418178],[14.4608724,58.4418796],[14.4608697,58.4419385],[14.460977,58.4420719],[14.4611487,58.4422291],[14.4614169,58.4423765],[14.4617414,58.4425085],[14.462294,58.4426685],[14.4627553,58.4427752],[14.4630343,58.4428341],[14.4634259,58.4428861],[14.4639328,58.4429169],[14.4643432,58.442924],[14.4647294,58.4429605],[14.4650218,58.443011],[14.4652337,58.4430531],[14.4654939,58.4431345],[14.4656548,58.4431626],[14.4658264,58.4431626],[14.4660196,58.4431303],[14.4664112,58.4431177],[14.4667062,58.4430812],[14.4671112,58.4430671],[14.4673768,58.4430026],[14.4676101,58.4428931],[14.467594,58.4428032],[14.4675699,58.4427288],[14.4676986,58.4427373],[14.4677925,58.4427331],[14.4679186,58.4426952],[14.4680151,58.4426587],[14.4681761,58.4426783],[14.4683987,58.4427022],[14.4685274,58.4427218],[14.4686213,58.442785],[14.4687366,58.442858],[14.4688117,58.4429352],[14.4689861,58.4430615],[14.4692838,58.4431668],[14.4696861,58.4433226],[14.4699115,58.4433984],[14.4700348,58.4434826],[14.4700697,58.443536],[14.4700751,58.4436637],[14.4700938,58.4437774],[14.4699222,58.4440231],[14.4697854,58.4442041],[14.4696996,58.4443347],[14.4696593,58.4444596],[14.4696593,58.444548],[14.4697049,58.4446168],[14.4697452,58.4446842],[14.4697639,58.4447488],[14.4697478,58.4447993],[14.4696942,58.4448358],[14.469552,58.4448751],[14.4693723,58.4448667],[14.4690371,58.4447768],[14.467417,58.4443277],[14.4673258,58.4443333],[14.4669852,58.4444259],[14.4660223,58.4448189],[14.4660303,58.4448975],[14.4660357,58.4449663],[14.4659498,58.4450983],[14.4658828,58.4451769],[14.4657728,58.4451586],[14.4657674,58.4451362],[14.4657862,58.4450562],[14.4657889,58.4450014],[14.4657192,58.4449284],[14.4655958,58.4449158],[14.4654509,58.4449256],[14.4652659,58.4449733],[14.46518,58.4450239],[14.4650969,58.4451067],[14.4650137,58.4451376],[14.4647777,58.4452807],[14.4646758,58.4453285],[14.4645578,58.445299],[14.4643915,58.4452681],[14.464075,58.4452442],[14.4637397,58.4452386],[14.4634768,58.4452232],[14.4632676,58.4452106],[14.4630718,58.445167],[14.4629779,58.4450927],[14.462927,58.4450197],[14.462876,58.4449298],[14.4628465,58.4448386],[14.462758,58.4447151],[14.4626588,58.444593],[14.4624844,58.4445158],[14.4621089,58.4443585],[14.4619077,58.4442757],[14.4611916,58.4441045],[14.4603547,58.4438925],[14.4601402,58.4438659],[14.4597888,58.4439178],[14.4593918,58.4440174],[14.4591075,58.4440582],[14.4590324,58.4440455],[14.458783,58.4441241],[14.4583163,58.4442505],[14.4579783,58.4443754],[14.4577128,58.4444961],[14.4573426,58.4446744],[14.4571441,58.4447867],[14.456841,58.4449551],[14.4566855,58.4450449],[14.456546,58.4452358],[14.4565701,58.4452821],[14.456723,58.4454127],[14.4568652,58.4455208],[14.4569376,58.4455741],[14.4569939,58.4456288],[14.4570664,58.4456548],[14.4571683,58.4456464],[14.457238,58.4456274],[14.4572863,58.4456106],[14.4572863,58.4455825],[14.4573279,58.4455748],[14.4573989,58.4455874],[14.4574405,58.4456015],[14.4574419,58.4456316],[14.4573453,58.4456878],[14.4571817,58.4457173],[14.4570664,58.4457243],[14.4569269,58.4456808],[14.4567552,58.4455952],[14.4566399,58.4455306],[14.4565085,58.4454183],[14.456369,58.4453074],[14.4562939,58.4452611],[14.4561678,58.4452246],[14.4560444,58.4452274],[14.4558486,58.4452541],[14.4555885,58.4453299],[14.4553122,58.445466],[14.4549903,58.4456513],[14.4546604,58.4459236],[14.4541347,58.4463517],[14.4541159,58.4464907],[14.4540167,58.446544],[14.453298,58.4476589],[14.4520781,58.4500191],[14.4521715,58.4521],[14.453887,58.4545917],[14.4563096,58.4559602],[14.4581936,58.4563531],[14.4594302,58.4563526],[14.459622,58.456372],[14.4600366,58.4563597],[14.4604253,58.4562576],[14.4607389,58.4560131],[14.46107,58.4556426],[14.4611383,58.4554001],[14.4612973,58.4552924],[14.4620265,58.4552459],[14.4625059,58.4553261],[14.4634575,58.4555855],[14.4641191,58.4558479],[14.4642749,58.4559173],[14.4642517,58.4560699],[14.4646492,58.456341],[14.4652218,58.456517],[14.4655222,58.4565038],[14.4658594,58.4564372],[14.4664376,58.4564552],[14.4668265,58.4565537],[14.4669552,58.4565842],[14.4674701,58.4567206],[14.4678441,58.4569054],[14.4677544,58.4570321],[14.4678639,58.4572361],[14.4678435,58.4573995],[14.4675534,58.4575667],[14.4671769,58.4578082],[14.4664644,58.4579438],[14.466279,58.4579407],[14.4659881,58.4580722],[14.4658486,58.4586503],[14.4657523,58.4586393],[14.4637372,58.458409],[14.4619744,58.4584527],[14.4608811,58.4591386],[14.4591806,58.4584067],[14.458734,58.4585341],[14.4573632,58.4589253],[14.4557313,58.4588125],[14.4545522,58.4598901],[14.45296,58.4600113],[14.4516104,58.4608772],[14.4498304,58.4647836],[14.4499774,58.4660966],[14.4532154,58.4677148],[14.4528334,58.4683068],[14.454697,58.469057],[14.454314,58.4696747],[14.4550854,58.4703603],[14.4546348,58.4711009],[14.454122,58.473391],[14.4550457,58.476342],[14.4553225,58.4772264],[14.4538141,58.4784918],[14.4552163,58.4798532],[14.4598898,58.4810742],[14.4651298,58.4827355],[14.4697614,58.4833626],[14.4761601,58.4827114],[14.4777919,58.4822308],[14.4808175,58.4817484],[14.4812885,58.4812997],[14.4832422,58.480694],[14.4839063,58.4790337],[14.4854094,58.4782703],[14.4859029,58.4773509],[14.4850017,58.4766447],[14.4856454,58.4764315],[14.4867398,58.4766447],[14.4893147,58.4764988],[14.4902374,58.4749163],[14.4913103,58.4748709],[14.492705,58.475893],[14.4942071,58.4766783],[14.4959076,58.4780033],[14.4957949,58.478392],[14.4966007,58.4787959],[14.4991209,58.4793259],[14.502833,58.4811303],[14.5039703,58.4819397],[14.506395,58.4823979],[14.5059798,58.4826727],[14.5052792,58.4829027],[14.5066343,58.4850888],[14.5074035,58.4861448],[14.5075752,58.4874677],[14.5108561,58.4898128],[14.5124936,58.4917726],[14.5134975,58.4929741],[14.5131971,58.4937927],[14.5143976,58.4948788],[14.513004,58.4953632],[14.5132947,58.4967833],[14.5141706,58.4983594],[14.51531,58.4995269],[14.5154684,58.499944],[14.5162402,58.5004801],[14.5159719,58.5009767],[14.5161232,58.50184],[14.5164211,58.5022003],[14.51848,58.5046907],[14.5189116,58.5052127],[14.5200343,58.5055608],[14.520846,58.5058124],[14.5215227,58.5075048],[14.5234038,58.5081053],[14.5231088,58.5094985],[14.5233738,58.5113484],[14.5253715,58.5132605],[14.5280376,58.5140411],[14.5279378,58.5149314],[14.5284603,58.5155506],[14.5299334,58.5165127],[14.5313667,58.5168186],[14.5317959,58.51665],[14.5321027,58.5167486],[14.5313646,58.5174238],[14.5310245,58.5183376],[14.5305428,58.5195338],[14.5311768,58.5202246],[14.530738,58.5207613],[14.5304044,58.5217092],[14.5308367,58.5218022],[14.5308539,58.5220263],[14.5297403,58.5223742],[14.529869,58.5228543],[14.5311854,58.5245837],[14.5322755,58.5255377],[14.5331123,58.5256335],[14.5330008,58.5258708],[14.5329812,58.52599],[14.5329383,58.5260189],[14.5329231,58.5260525],[14.532947,58.5260896],[14.5330244,58.5261203],[14.5330513,58.5261608],[14.5330463,58.5262045],[14.5329225,58.5264001],[14.5329965,58.5264229],[14.5330084,58.5264709],[14.5330094,58.5265272],[14.5329862,58.526585],[14.532942,58.5266338],[14.5329187,58.5266761],[14.5329571,58.5267125],[14.5330111,58.5267505],[14.5330876,58.526809],[14.5331766,58.5268584],[14.5332454,58.5269407],[14.5333701,58.5270049],[14.5334726,58.5270852],[14.533524,58.5271569],[14.5337513,58.5273345],[14.5338709,58.5274182],[14.5339742,58.527476],[14.5340919,58.5275136],[14.5339908,58.5275557],[14.5339154,58.5275974],[14.5339148,58.5276271],[14.5339527,58.5276765],[14.5340325,58.5277265],[14.5340976,58.5277659],[14.5341823,58.5278271],[14.534225,58.5279037],[14.5342456,58.5280181],[14.5344105,58.5281547],[14.5346168,58.5282892],[14.5348662,58.528414],[14.5350894,58.528541],[14.5351425,58.5285973],[14.5350528,58.528692],[14.5350028,58.5288047],[14.5349644,58.5289367],[14.5349918,58.5290651],[14.5349615,58.5292337],[14.5349119,58.5293674],[14.534858,58.529565],[14.5348431,58.5296419],[14.5348502,58.5297259],[14.5348698,58.5298154],[14.5348903,58.5298954],[14.5349516,58.5300047],[14.5350138,58.5301152],[14.5350841,58.5302301],[14.5351363,58.5302721],[14.5351557,58.5303085],[14.5351798,58.5303688],[14.5351715,58.5304369],[14.5352416,58.5305605],[14.5354042,58.5308254],[14.535596,58.5310658],[14.5356996,58.5312156],[14.5357565,58.531213],[14.5358181,58.5312902],[14.5357595,58.5313096],[14.5357702,58.531371],[14.5357849,58.5314344],[14.5358052,58.5314711],[14.5358615,58.5315144],[14.535931,58.5315771],[14.5360029,58.5316234],[14.5360619,58.5316554],[14.5360515,58.5316934],[14.5359684,58.531741],[14.5359518,58.5317774],[14.5359896,58.5318363],[14.5360482,58.5318894],[14.5361126,58.5319287],[14.5362101,58.5319495],[14.5362393,58.5319832],[14.5362283,58.5320155],[14.5362235,58.5320601],[14.5362465,58.5321043],[14.5362689,58.5321461],[14.5363144,58.5321806],[14.5363642,58.5322097],[14.5364286,58.532267],[14.5364709,58.5323253],[14.5365459,58.5323738],[14.5366463,58.5324077],[14.5367507,58.5324469],[14.536827,58.5324829],[14.5368589,58.5325264],[14.5368816,58.5325993],[14.5369094,58.532659],[14.5369546,58.5326931],[14.5370027,58.532779],[14.5371228,58.5329394],[14.5371872,58.533004],[14.5373055,58.5330785],[14.5374447,58.5331723],[14.5374677,58.5332125],[14.5374728,58.5332564],[14.5376204,58.5333714],[14.5376842,58.5334491],[14.5377896,58.5335233],[14.5378403,58.5336045],[14.5378272,58.5336703],[14.5378662,58.5337425],[14.5379776,58.5339488],[14.5379916,58.5340267],[14.5380661,58.5341323],[14.5381492,58.5342065],[14.5381651,58.5342509],[14.5381816,58.5343142],[14.5381567,58.5343603],[14.5381351,58.534442],[14.5381732,58.5345554],[14.5382974,58.5346968],[14.5384291,58.5348049],[14.538717,58.5349811],[14.5387521,58.5350252],[14.5388034,58.535073],[14.538868,58.5351123],[14.5389629,58.5351597],[14.5390425,58.5352044],[14.5391122,58.5352252],[14.5390991,58.5352808],[14.5391414,58.535318],[14.5392237,58.5353666],[14.5393136,58.5354223],[14.5393582,58.5355085],[14.5394073,58.5355715],[14.5394574,58.5356139],[14.5396012,58.5357],[14.5397447,58.5357572],[14.5398552,58.5358214],[14.5399289,58.5358957],[14.5398852,58.5359746],[14.53985,58.5360036],[14.5399847,58.5360593],[14.5398874,58.5361329],[14.5397739,58.5360891],[14.5396264,58.536183],[14.5396324,58.5362197],[14.5396941,58.5362463],[14.5397338,58.5362768],[14.5397141,58.5362929],[14.5396674,58.5362841],[14.5396259,58.5362612],[14.5395573,58.5362533],[14.5395027,58.5363095],[14.5395035,58.5363722],[14.5395196,58.5364097],[14.5395086,58.5364393],[14.5394475,58.5364563],[14.5393828,58.5364773],[14.539348,58.5365197],[14.539333,58.5365742],[14.5393768,58.5366281],[14.53942,58.536652],[14.5394767,58.5366971],[14.5395218,58.5367377],[14.5395439,58.5367797],[14.5395145,58.5368189],[14.5394824,58.5368553],[14.5392255,58.5370318],[14.5392745,58.5373046],[14.5395181,58.5375699],[14.5394874,58.5376991],[14.5396333,58.538069],[14.5397049,58.5381512],[14.5397943,58.5381954],[14.539839,58.5382121],[14.53994,58.5382072],[14.5399905,58.5381548],[14.5401013,58.5381374],[14.5402044,58.5381537],[14.540256,58.538206],[14.5402017,58.5382706],[14.5400957,58.5382887],[14.5399988,58.5382667],[14.5399401,58.5382205],[14.5398486,58.5382248],[14.5398033,58.5382476],[14.5397382,58.5383033],[14.5396994,58.538387],[14.5396492,58.5386017],[14.5395855,58.5388033],[14.5397872,58.5391983],[14.5396826,58.539393],[14.5394884,58.5395609],[14.5387243,58.540452],[14.5381939,58.540563],[14.5369206,58.5402843],[14.5366142,58.5400254],[14.5364692,58.5397525],[14.5360626,58.5395332],[14.5353303,58.5395148],[14.5347831,58.539414],[14.5342145,58.5393468],[14.5340213,58.5394028],[14.5335493,58.5391845],[14.5330276,58.5388359],[14.5328913,58.5380962],[14.5330984,58.5375846],[14.5331743,58.5369771],[14.5330703,58.5368479],[14.5328788,58.5367142],[14.5325928,58.5365759],[14.5322235,58.5364191],[14.5317563,58.5362788],[14.5313998,58.536185],[14.5308705,58.5361251],[14.5304397,58.5360698],[14.5297177,58.5359772],[14.5291651,58.5359006],[14.5287305,58.5358903],[14.5283622,58.5359168],[14.5273713,58.5359881],[14.5254978,58.5348745],[14.5254915,58.5347951],[14.5254708,58.5347344],[14.5254725,58.5346601],[14.5256955,58.5345602],[14.5257609,58.5343005],[14.5253028,58.533666],[14.5243322,58.5334639],[14.5240786,58.5334111],[14.5227397,58.5334055],[14.5225123,58.5334213],[14.5223912,58.5334543],[14.5221674,58.5335642],[14.5218279,58.5336329],[14.5215885,58.533572],[14.5215541,58.5335148],[14.5216657,58.533289],[14.5216963,58.5332468],[14.5217052,58.5331213],[14.5217226,58.5329212],[14.5217121,58.5327673],[14.5216647,58.5326052],[14.5217121,58.5322822],[14.5215936,58.5320858],[14.5214173,58.5319291],[14.5208246,58.5314929],[14.5198091,58.5311944],[14.5189127,58.5311567],[14.5179688,58.5312119],[14.5160696,58.5314872],[14.5147015,58.5318042],[14.5133793,58.5322223],[14.5122908,58.5328409],[14.5116336,58.5331235],[14.5110342,58.5336255],[14.5099879,58.5345018],[14.5095002,58.5349103],[14.5088974,58.5355027],[14.5085648,58.5357505],[14.5077293,58.5364204],[14.5076703,58.5364736],[14.5075308,58.5365527],[14.5073752,58.5366864],[14.5072867,58.5368117],[14.5071915,58.5369216],[14.5068401,58.5375215],[14.506761,58.537693],[14.506698,58.5379359],[14.5066041,58.5382355],[14.5065759,58.5383083],[14.5065826,58.5383755],[14.506596,58.5385714],[14.5065853,58.5386386],[14.506598,58.5386922],[14.5065954,58.5387478],[14.5066135,58.5388017],[14.5065947,58.5388525],[14.5065826,58.5389158],[14.5065625,58.5389872],[14.5065203,58.5390443],[14.5064478,58.5390877],[14.5063841,58.5391251],[14.50625,58.5391769],[14.5064056,58.5393428],[14.5064324,58.5393167],[14.5064492,58.5393155],[14.5064716,58.5393209],[14.5065437,58.5393841],[14.5070225,58.539067],[14.5071204,58.5389305],[14.5072076,58.5386841],[14.5072988,58.5384714],[14.5073417,58.5384665],[14.5074168,58.5384203],[14.5073564,58.5383468],[14.5074248,58.53833],[14.5074905,58.5383846],[14.5075643,58.5384588],[14.5076796,58.5385525],[14.508023,58.5388346],[14.5081504,58.5389319],[14.5082335,58.5389788],[14.5083529,58.5390411],[14.5085071,58.539151],[14.5087096,58.5392427],[14.5088196,58.5392707],[14.5088477,58.5392679],[14.5089242,58.5392091],[14.5089912,58.5392126],[14.5089845,58.5392812],[14.5091119,58.5393197],[14.5092018,58.5393953],[14.509348,58.5395052],[14.5094714,58.5399818],[14.5096216,58.5400651],[14.5096953,58.5401029],[14.5097731,58.5401218],[14.5097315,58.5401729],[14.5097597,58.5402254],[14.5098978,58.5403353],[14.5099528,58.540399],[14.5099394,58.540455],[14.5099716,58.5405432],[14.5100271,58.5406363],[14.5100561,58.5406671],[14.5100386,58.5407216],[14.509985,58.5407783],[14.5099971,58.540898],[14.5100386,58.54101],[14.5101888,58.5411444],[14.5103779,58.5411556],[14.5104825,58.5411311],[14.5105778,58.5410814],[14.5106328,58.5410443],[14.5106958,58.5410156],[14.5107454,58.5410114],[14.5107561,58.5410506],[14.5108668,58.541017],[14.5110404,58.540968],[14.5111383,58.5409551],[14.5112483,58.5409967],[14.5112805,58.5410163],[14.5117579,58.5412081],[14.5119856,58.5411248],[14.5120493,58.5411759],[14.5119544,58.5412245],[14.5116037,58.5413565],[14.5108393,58.5416868],[14.5104088,58.5418821],[14.5100708,58.5419689],[14.5097637,58.542041],[14.5094593,58.5420766],[14.5092541,58.5420948],[14.5090972,58.5421858],[14.5090207,58.5422201],[14.5089886,58.5422264],[14.5088437,58.54219],[14.5087847,58.5421844],[14.508656,58.5422026],[14.508495,58.5422803],[14.5083904,58.5423286],[14.5083556,58.5423699],[14.5083341,58.5424133],[14.5082697,58.5424714],[14.508023,58.5425134],[14.5077521,58.5425918],[14.5074838,58.5427779],[14.5070146,58.5429306],[14.5060575,58.5432419],[14.5057243,58.5430537],[14.5054641,58.5433028],[14.5050538,58.5435814],[14.5030824,58.5445206],[14.5029616,58.5447487],[14.5029268,58.5449573],[14.5029724,58.545051],[14.5031655,58.5451728],[14.5034015,58.5453561],[14.5034747,58.5456731],[14.5036162,58.5456905],[14.5039192,58.5457579],[14.5041284,58.5460434],[14.5041472,58.5467712],[14.5044443,58.5471803],[14.5050296,58.5475913],[14.5055436,58.5478516],[14.5058104,58.5479711],[14.5060381,58.5479524],[14.5064324,58.5478768],[14.5068079,58.5478684],[14.507103,58.5479034],[14.507288,58.547958],[14.507402,58.5480098],[14.5073712,58.5480728],[14.5073229,58.5481301],[14.5071325,58.5481427],[14.5069849,58.5482141],[14.5068938,58.5483121],[14.5068535,58.5485822],[14.5067704,58.5487347],[14.5070895,58.5493939],[14.506832,58.5502448],[14.5064915,58.5504728],[14.5063801,58.550489],[14.5063104,58.5504841],[14.5062768,58.5504715],[14.5062567,58.5504512],[14.5062554,58.550419],[14.5062929,58.5503896],[14.5065491,58.5502629],[14.5066068,58.5502126],[14.506883,58.5493813],[14.5064874,58.5485976],[14.5060354,58.5484583],[14.505668,58.5485577],[14.5054695,58.5487151],[14.5048258,58.5490034],[14.5042236,58.5491651],[14.5039406,58.549333],[14.5036845,58.549741],[14.5038159,58.5497647],[14.5037153,58.5499264],[14.5036188,58.5499285],[14.5036188,58.5499593],[14.5036228,58.5500055],[14.5037153,58.5500069],[14.5059684,58.5502574],[14.5059657,58.5503189],[14.5058048,58.5503791],[14.5037395,58.5501258],[14.5035034,58.5503259],[14.5032191,58.550694],[14.5030957,58.5509809],[14.5030582,58.5512062],[14.5030206,58.5520962],[14.5030689,58.5524894],[14.5031923,58.5529708],[14.5034632,58.5535599],[14.5037241,58.5539916],[14.5045691,58.5550559],[14.5050121,58.5555316],[14.5057717,58.5560787],[14.5057967,58.5560967],[14.5063359,58.5564018],[14.5070279,58.556655],[14.5074517,58.5567754],[14.5077279,58.5567628],[14.5079076,58.5567292],[14.5080075,58.5565749],[14.5080545,58.5564875],[14.5081906,58.5564084],[14.5085225,58.556257],[14.5085742,58.5563014],[14.5081329,58.5565445],[14.5080766,58.5567614],[14.5089255,58.5568614],[14.509128,58.5567991],[14.509462,58.5566494],[14.5094962,58.5565879],[14.5092206,58.5564294],[14.5090798,58.5563531],[14.5091334,58.5563276],[14.5090095,58.5562345],[14.5089235,58.5561699],[14.5087411,58.5561849],[14.5087197,58.5561345],[14.5087451,58.5561289],[14.5087887,58.5561055],[14.5088699,58.5560911],[14.5089805,58.5561076],[14.5090603,58.5561517],[14.5095129,58.5564514],[14.5096377,58.5565169],[14.509875,58.5565669],[14.509803,58.5566832],[14.509643,58.5567446],[14.5096202,58.5569027],[14.5097999,58.557023],[14.510166,58.5571538],[14.5109788,58.5573728],[14.5115232,58.5574847],[14.5123708,58.5576135],[14.5126605,58.5576281],[14.512812,58.5576044],[14.5129864,58.5574945],[14.5133606,58.5571937],[14.5139667,58.5569125],[14.514986,58.5564004],[14.5157424,58.5561709],[14.5162144,58.5559442],[14.5168474,58.5558253],[14.5180383,58.5555986],[14.5185292,58.5554839],[14.5191488,58.555551],[14.5212012,58.5557414],[14.5216405,58.5558851],[14.5219085,58.555986],[14.5224446,58.5562501],[14.5226307,58.5564676],[14.5229806,58.5567356],[14.5232933,58.55719],[14.523807,58.55759],[14.5242686,58.5579356],[14.5244845,58.5580832],[14.5247972,58.5583201],[14.5251918,58.5590852],[14.5253853,58.5594813],[14.5253779,58.5599783],[14.5250131,58.560289],[14.5249535,58.5604443],[14.5249907,58.5607123],[14.5252662,58.5614967],[14.5255044,58.5620093],[14.5257501,58.5629878],[14.5252662,58.563811],[14.5251247,58.5642925],[14.5251656,58.5644543],[14.5253183,58.5650574],[14.525564,58.5657252],[14.5255789,58.5661135],[14.5253407,58.566525],[14.5253555,58.5668784],[14.5254225,58.5671152],[14.5252066,58.5676199],[14.5252736,58.5682994],[14.5254225,58.5691651],[14.5255491,58.5695689],[14.5258544,58.5703065],[14.5262266,58.5711412],[14.5264442,58.5716474],[14.5265095,58.5717701],[14.5272466,58.5719486],[14.5274774,58.5720263],[14.5276337,58.5721195],[14.5277528,58.5722631],[14.5278661,58.5726133],[14.5278868,58.5727367],[14.5278608,58.57274],[14.5278317,58.5727437],[14.5277933,58.5727049],[14.5277468,58.5726746],[14.5277281,58.5726136],[14.5277059,58.5724998],[14.5276218,58.5723714],[14.527483,58.5722094],[14.5273729,58.5721343],[14.5272119,58.5720815],[14.5270258,58.5720474],[14.5268902,58.5720341],[14.5266877,58.5720331],[14.5266414,58.5721369],[14.5269775,58.5721828],[14.5269397,58.5722537],[14.5269199,58.5725199],[14.5268244,58.5725172],[14.5268477,58.5722805],[14.5268115,58.572242],[14.5265401,58.5722163],[14.52648,58.5726847],[14.5265774,58.5726969],[14.5265758,58.572722],[14.5265704,58.5727592],[14.5266881,58.572765],[14.5269305,58.5727725],[14.5270178,58.5727829],[14.5271074,58.5728008],[14.527127,58.5728236],[14.5271131,58.5728651],[14.5270468,58.5728742],[14.5269606,58.5728598],[14.5268743,58.5728454],[14.5265244,58.5728337],[14.5263904,58.5729153],[14.5264053,58.573024],[14.5270158,58.5738469],[14.5272689,58.5739168],[14.5277454,58.5739168],[14.5280134,58.5740061],[14.5275082,58.5742275],[14.527424,58.5743099],[14.5274661,58.5744252],[14.5277188,58.5746448],[14.52834,58.5749632],[14.5294139,58.5753529],[14.5301088,58.5755725],[14.5321514,58.5761324],[14.5330148,58.5763355],[14.5335728,58.5763684],[14.5335939,58.5762532],[14.5339729,58.576105],[14.5347626,58.5761104],[14.5352574,58.5760226],[14.5357523,58.576061],[14.5360997,58.5761104],[14.5367104,58.5760226],[14.5377422,58.5760885],[14.5382686,58.5761873],[14.5392057,58.5761214],[14.5400796,58.5763081],[14.5407219,58.5764288],[14.5412799,58.5766264],[14.5416379,58.576846],[14.5418484,58.5769942],[14.5420274,58.5771973],[14.5429961,58.5773894],[14.5438594,58.577598],[14.5442595,58.5776584],[14.544428,58.5777298],[14.5439963,58.5778176],[14.5435225,58.5779823],[14.5432698,58.5782567],[14.5433119,58.5784763],[14.543533,58.5788715],[14.5441437,58.5792667],[14.5450071,58.5795905],[14.5460915,58.579832],[14.5474708,58.5799967],[14.5487869,58.5800406],[14.5496187,58.5799583],[14.5506926,58.579854],[14.5515033,58.5797168],[14.5522825,58.5795411],[14.5527036,58.5793874],[14.5528319,58.5792874],[14.5529249,58.5790623],[14.552951,58.5787654],[14.553193,58.577665],[14.553327,58.5774302],[14.553487,58.5770013],[14.5536992,58.5765491],[14.5538072,58.5762211],[14.5538816,58.5759358],[14.5539486,58.575505],[14.5540305,58.5752352],[14.5541199,58.5750702],[14.5541906,58.5749713],[14.5544065,58.5748393],[14.5546708,58.5746685],[14.5548048,58.5745967],[14.554883,58.574521],[14.5548383,58.5744744],[14.5548048,58.5743405],[14.5550058,58.5741775],[14.5549388,58.5740358],[14.5548569,58.5738863],[14.5547601,58.5738087],[14.5545889,58.5736068],[14.5544437,58.5734651],[14.5544847,58.5732167],[14.5546522,58.5730886],[14.5548606,58.5729624],[14.5551138,58.5725568],[14.5552813,58.5723491],[14.5555009,58.5719978],[14.5557131,58.5717823],[14.5558397,58.5715475],[14.5559625,58.5712388],[14.5561486,58.5710525],[14.5562082,58.5708991],[14.5562864,58.570804],[14.5564762,58.5707147],[14.5566623,58.5706876],[14.5568857,58.5706856],[14.5571314,58.5707128],[14.5573026,58.5707341],[14.557593,58.57074],[14.5577381,58.5707439],[14.5580322,58.5708001],[14.5582332,58.5708428],[14.5584752,58.5708448],[14.5587246,58.57087],[14.5589033,58.5709011],[14.5589777,58.5709554],[14.5589814,58.5710175],[14.5589554,58.5711068],[14.558907,58.5712446],[14.5587171,58.5713844],[14.5584566,58.5714795],[14.5578647,58.5717532],[14.5575222,58.5719104],[14.5572989,58.572023],[14.5571835,58.5720851],[14.5571463,58.5721433],[14.5571239,58.5722171],[14.5571463,58.5726111],[14.5570383,58.5728596],[14.5569341,58.5730983],[14.5567405,58.5734768],[14.556465,58.5736728],[14.5561226,58.573898],[14.5560853,58.5739504],[14.5561002,58.5741988],[14.5557168,58.5746704],[14.5556089,58.5748995],[14.5552813,58.5750761],[14.5546708,58.5755108],[14.5545107,58.5756544],[14.553997,58.5763531],[14.5538332,58.5767335],[14.553528,58.5776068],[14.5533344,58.5781677],[14.553193,58.5789536],[14.5532711,58.5790798],[14.553461,58.5792506],[14.5534982,58.579431],[14.5535392,58.5795087],[14.553327,58.5796354],[14.5530776,58.5801083],[14.5529436,58.5802616],[14.5527277,58.5807254],[14.552683,58.5809117],[14.5525639,58.5809408],[14.5525229,58.5809893],[14.5524969,58.581131],[14.5525304,58.5812901],[14.5526085,58.5817364],[14.5527909,58.5820798],[14.552884,58.5822176],[14.5530552,58.5824097],[14.5530925,58.5825766],[14.5530441,58.5826911],[14.5528263,58.5829082],[14.5527278,58.5830653],[14.5526088,58.583156],[14.5523933,58.583172],[14.5521465,58.5831603],[14.5510801,58.5829802],[14.548849,58.5828616],[14.5484086,58.5827],[14.5482047,58.5821967],[14.5470508,58.5818989],[14.5454662,58.5820294],[14.5444255,58.5824668],[14.5431064,58.5834402],[14.5427083,58.5845335],[14.5428237,58.5850555],[14.5435506,58.5855012],[14.5443402,58.5856167],[14.5444384,58.5858756],[14.5438923,58.5859192],[14.5438408,58.5864675],[14.5442919,58.5867759],[14.543056,58.5868145],[14.5403158,58.5871685],[14.5393593,58.5882334],[14.5373994,58.5891335],[14.5371143,58.5892648],[14.5366229,58.5889777],[14.5362271,58.5888331],[14.5355485,58.5889386],[14.5347471,58.5894347],[14.5345257,58.5895718],[14.5342245,58.5904421],[14.5341935,58.5911712],[14.5341854,58.5913605],[14.5348752,58.592018],[14.5351208,58.5920478],[14.5359009,58.5931306],[14.5364416,58.5940822],[14.5373289,58.5948581],[14.5399682,58.5977134],[14.5399654,58.59834],[14.5399868,58.598449],[14.5400834,58.5985468],[14.5402658,58.5986223],[14.5403194,58.5986922],[14.5403784,58.59879],[14.5405394,58.5988096],[14.5406467,58.5989018],[14.5406091,58.5989857],[14.5405716,58.5991142],[14.5404375,58.5991925],[14.5405769,58.5994245],[14.5405655,58.5996544],[14.5400186,58.6001208],[14.5397861,58.6011156],[14.5397995,58.602504],[14.5398137,58.6039826],[14.5390284,58.6089924],[14.5390766,58.6108074],[14.5391285,58.6109909],[14.5392197,58.6110887],[14.5392626,58.6111613],[14.5393538,58.6112647],[14.5393968,58.6113346],[14.5393538,58.61141],[14.5394504,58.6114743],[14.5394826,58.6115357],[14.539488,58.6115916],[14.539504,58.6116615],[14.5394665,58.6117564],[14.5394719,58.6118263],[14.5394719,58.6118878],[14.5393082,58.6118866],[14.539339,58.6119859],[14.53922,58.6121241],[14.539032,58.6122119],[14.5388442,58.6123124],[14.5388496,58.6124102],[14.5387691,58.612536],[14.5387573,58.6126615],[14.5385867,58.6127734],[14.538517,58.6128964],[14.5385224,58.6130137],[14.5385637,58.6130803],[14.5386404,58.6131003],[14.5387262,58.6130919],[14.5390642,58.6130682],[14.5391473,58.613064],[14.5392278,58.613071],[14.5393056,58.6130864],[14.5393726,58.6131073],[14.5394236,58.6131408],[14.5397937,58.6134468],[14.5398286,58.6134649],[14.5398447,58.6135082],[14.5398903,58.6135306],[14.5398393,58.6135627],[14.5398286,58.6136004],[14.539775,58.6136186],[14.5397294,58.6136339],[14.5396784,58.6136004],[14.5396838,58.6135795],[14.5396087,58.6135236],[14.5395805,58.6135376],[14.539331,58.6133846],[14.5392828,58.6133895],[14.5391487,58.613386],[14.5391138,58.6133839],[14.5390588,58.6133839],[14.538859,58.6135194],[14.538855,58.6135418],[14.5388657,58.6135627],[14.5388751,58.61362],[14.5389032,58.6136451],[14.5389582,58.6136773],[14.5393042,58.6136675],[14.539437,58.6135781],[14.5394638,58.613569],[14.5394826,58.6135725],[14.539504,58.6135878],[14.5394866,58.6136039],[14.5394933,58.6136151],[14.5394343,58.6136591],[14.5394182,58.6136759],[14.5394276,58.613694],[14.5394585,58.6137108],[14.5394906,58.6137227],[14.539504,58.613731],[14.5395362,58.6137492],[14.5395564,58.6137771],[14.5395604,58.6137967],[14.5395805,58.6138148],[14.5396087,58.6138484],[14.5396744,58.6138281],[14.5397522,58.6138204],[14.5397709,58.61384],[14.5397454,58.6138987],[14.5397294,58.6139161],[14.539728,58.6139455],[14.5397414,58.6139664],[14.5396878,58.6140132],[14.5396274,58.6140307],[14.5395899,58.6140446],[14.539555,58.6140844],[14.5395711,58.6141012],[14.5396221,58.6141054],[14.539669,58.6140831],[14.53972,58.6140726],[14.5397602,58.6140949],[14.5397522,58.6141152],[14.5396918,58.6141326],[14.5396462,58.6141508],[14.539614,58.6141606],[14.5395966,58.6141808],[14.5395926,58.6142032],[14.5395899,58.6142409],[14.5395859,58.614287],[14.5395859,58.6143149],[14.5395939,58.6143464],[14.5396382,58.6143694],[14.5397374,58.6143974],[14.5397817,58.6143974],[14.5398608,58.6143799],[14.5399024,58.6143506],[14.5399386,58.6143268],[14.5399775,58.6143471],[14.5400003,58.6143645],[14.5400351,58.6143778],[14.5400311,58.6143987],[14.5400365,58.6144211],[14.5400037,58.6144485],[14.5399909,58.6144665],[14.5400123,58.6144888],[14.5400767,58.6144805],[14.5401169,58.6145063],[14.5400794,58.6145217],[14.5400683,58.6145347],[14.5400566,58.6145587],[14.5400727,58.6145713],[14.5401344,58.6145838],[14.5401464,58.6146083],[14.5402095,58.6146118],[14.540251,58.6146195],[14.5402578,58.6146292],[14.5402041,58.6146313],[14.5401746,58.614639],[14.5401894,58.61466],[14.5402095,58.6146858],[14.5401786,58.6147096],[14.5401961,58.6147256],[14.5401853,58.614734],[14.5401478,58.6147354],[14.5401183,58.6147529],[14.5401049,58.6147906],[14.5401116,58.6148227],[14.540133,58.6148374],[14.540125,58.6148709],[14.5401357,58.614889],[14.5401639,58.6148988],[14.5401961,58.6149247],[14.5402135,58.6149505],[14.5402068,58.6149603],[14.5402376,58.614984],[14.5402966,58.6149896],[14.5403436,58.615019],[14.5403798,58.6150532],[14.5404066,58.6150762],[14.5404147,58.6151084],[14.5404401,58.615116],[14.5404401,58.6151321],[14.5404392,58.6151518],[14.5404227,58.6151761],[14.5404147,58.615195],[14.540412,58.6152082],[14.5404455,58.6152152],[14.5405018,58.6151691],[14.5405179,58.6151684],[14.540526,58.6151789],[14.5404978,58.6152026],[14.5404978,58.6152187],[14.5405085,58.6152243],[14.5405394,58.6152362],[14.5405327,58.6152564],[14.5405018,58.6152739],[14.5405219,58.6152767],[14.5405716,58.6152886],[14.5405702,58.6153074],[14.5405568,58.6153228],[14.5405193,58.6153221],[14.5405072,58.6153367],[14.5404884,58.6153563],[14.5405072,58.6154045],[14.5405287,58.6154513],[14.5405474,58.6154646],[14.5405501,58.6154771],[14.540581,58.6155421],[14.5406185,58.6155512],[14.5406292,58.6155728],[14.5406507,58.6155805],[14.5407097,58.6155791],[14.5407365,58.6155721],[14.5407969,58.61557],[14.5408827,58.6155707],[14.5409015,58.6155826],[14.5408961,58.6156021],[14.5408814,58.6156112],[14.5408854,58.6156315],[14.5408881,58.6156461],[14.5408639,58.615658],[14.5408545,58.615642],[14.5407888,58.6156433],[14.5407513,58.6156426],[14.5407566,58.6156671],[14.5407593,58.6156971],[14.5407607,58.6157223],[14.5408049,58.6157293],[14.5408814,58.6157258],[14.5409417,58.6157355],[14.5409739,58.6157509],[14.5410047,58.6157733],[14.5410584,58.6157753],[14.5410959,58.6157802],[14.5411161,58.6157886],[14.5410879,58.6158159],[14.5410866,58.6158291],[14.5410088,58.615878],[14.5409632,58.6158906],[14.5409028,58.6159255],[14.5408559,58.615929],[14.5408317,58.6159458],[14.5408009,58.6159381],[14.5407861,58.6159569],[14.5407473,58.6159758],[14.5406909,58.6159849],[14.5406494,58.6159562],[14.5406266,58.6159465],[14.5405541,58.6159667],[14.5405447,58.615994],[14.540538,58.6160226],[14.5405394,58.6160498],[14.5405126,58.6160715],[14.540471,58.6161043],[14.5404616,58.6161315],[14.5404334,58.6161546],[14.5404267,58.6161776],[14.5404334,58.6162042],[14.5404401,58.6162286],[14.5405045,58.6162538],[14.5405582,58.6162838],[14.5405729,58.6163096],[14.5405501,58.6163334],[14.5405206,58.616362],[14.5405246,58.616392],[14.5405608,58.6164116],[14.5406198,58.6164186],[14.5406865,58.6164451],[14.5407285,58.6164717],[14.5407526,58.6164982],[14.5407392,58.6165289],[14.5407298,58.6165443],[14.5406373,58.6165715],[14.5406011,58.616589],[14.540534,58.6166176],[14.540475,58.6166497],[14.5404495,58.6166833],[14.5404549,58.6167014],[14.5404911,58.6167273],[14.5405796,58.6167489],[14.5405903,58.6167852],[14.5405877,58.6168202],[14.5406145,58.6168425],[14.5406198,58.6168676],[14.5406762,58.6168956],[14.5406842,58.6169207],[14.5407137,58.6169445],[14.5407459,58.6169612],[14.5407915,58.6169431],[14.5408666,58.6169696],[14.5408908,58.6169822],[14.5408371,58.6170031],[14.5407915,58.6170227],[14.540821,58.6170744],[14.5408586,58.6171205],[14.5408854,58.617133],[14.54088,58.6172015],[14.540862,58.6172342],[14.5409176,58.6172406],[14.5409551,58.6172811],[14.5410034,58.6173118],[14.5410249,58.6173579],[14.5410597,58.6173928],[14.5410866,58.6174417],[14.5411161,58.6174752],[14.5411321,58.6175032],[14.5411177,58.6175473],[14.5412136,58.6176646],[14.5412931,58.6176261],[14.5412958,58.6176722],[14.5412708,58.6177346],[14.5413311,58.6178084],[14.541454,58.6178873],[14.5415291,58.6179739],[14.5414728,58.6180423],[14.5414111,58.6181205],[14.5414165,58.6181527],[14.5414969,58.6181848],[14.5415264,58.6182393],[14.5415291,58.6182965],[14.5415264,58.6183245],[14.5414701,58.6183524],[14.541513,58.6184055],[14.541564,58.6184278],[14.5416176,58.6184432],[14.5416471,58.6184627],[14.5416096,58.6185005],[14.5416391,58.6185465],[14.5417196,58.6185689],[14.5417947,58.6185563],[14.5418563,58.6185982],[14.5418644,58.6186262],[14.5418071,58.618655],[14.5415552,58.6188959],[14.541387,58.6189572],[14.5413038,58.6190075],[14.5412824,58.6190354],[14.5413587,58.6190839],[14.5413762,58.6191373],[14.5413467,58.6191834],[14.5414138,58.6192267],[14.5415184,58.6192393],[14.5416284,58.6192016],[14.5417625,58.6192225],[14.5418698,58.619305],[14.5418908,58.6193442],[14.5418944,58.6193973],[14.5419636,58.6194041],[14.5419797,58.6194348],[14.5418983,58.619456],[14.5419005,58.6194894],[14.5419583,58.6194893],[14.5419878,58.6195438],[14.5419851,58.6195773],[14.5419556,58.619629],[14.5419556,58.6196848],[14.5419164,58.6197255],[14.5419262,58.6198718],[14.5418105,58.6199117],[14.5416793,58.6198957],[14.5416203,58.6198916],[14.5415479,58.6199153],[14.5415345,58.6199432],[14.5415146,58.6200136],[14.5414835,58.6200452],[14.5414165,58.6200689],[14.5413628,58.6200843],[14.5414567,58.6200871],[14.5414539,58.6201172],[14.5413614,58.6201514],[14.5412421,58.6201388],[14.541159,58.6201583],[14.5409846,58.620224],[14.5407913,58.6202629],[14.54038,58.6204046],[14.5402551,58.6204083],[14.5401773,58.6204516],[14.5401263,58.6204921],[14.5400834,58.6205382],[14.5401075,58.6205927],[14.5401746,58.6206304],[14.5402122,58.6206723],[14.5402336,58.6207212],[14.5402658,58.6207519],[14.5403294,58.620774],[14.5403919,58.6208078],[14.5404819,58.6208361],[14.540488,58.6208706],[14.5404187,58.6208971],[14.5402846,58.620967],[14.5402631,58.6210033],[14.5402899,58.6210312],[14.54038,58.621052],[14.5403248,58.6210913],[14.5403087,58.6211471],[14.5403624,58.6211541],[14.5404,58.621162],[14.540408,58.6212059],[14.5403543,58.6212267],[14.5403784,58.6212575],[14.5403919,58.621298],[14.5404053,58.6213371],[14.5404335,58.6213458],[14.5404911,58.6214055],[14.5405313,58.621453],[14.5405662,58.6214949],[14.5406019,58.6215129],[14.5406105,58.6215613],[14.5405287,58.6216136],[14.5405099,58.621662],[14.5404857,58.6217267],[14.5405877,58.6217435],[14.5405957,58.6217826],[14.5407003,58.6218021],[14.5407298,58.6218119],[14.5407027,58.6218472],[14.5407352,58.6218985],[14.5407996,58.6219418],[14.5408988,58.6219991],[14.5409873,58.6220326],[14.5410929,58.6220955],[14.5412062,58.6221308],[14.5412448,58.6221876],[14.5413789,58.6222351],[14.5414674,58.6221652],[14.5415318,58.6221848],[14.5415452,58.6222016],[14.541525,58.6222303],[14.5415479,58.6222588],[14.5415989,58.6222867],[14.5416682,58.6223097],[14.5415989,58.6223524],[14.5414594,58.6223915],[14.5414057,58.6224166],[14.5413762,58.6224613],[14.541381,58.6224748],[14.5414031,58.6225367],[14.5415238,58.6226038],[14.5416686,58.6226792],[14.5418322,58.6227169],[14.5419502,58.6227253],[14.5420334,58.6227336],[14.5421165,58.6227336],[14.5421272,58.6227197],[14.5421112,58.6226806],[14.5422238,58.6226457],[14.5423123,58.6226038],[14.5423177,58.6225591],[14.5423284,58.6225172],[14.5424196,58.6225256],[14.5425081,58.6225814],[14.5425296,58.6226191],[14.5426476,58.6226499],[14.5427012,58.6226429],[14.5428702,58.6226722],[14.542948,58.6227197],[14.5429775,58.6227448],[14.5429748,58.6228174],[14.542948,58.6228635],[14.5428434,58.622904],[14.5426895,58.6229203],[14.5424974,58.622932],[14.5424196,58.622911],[14.5423472,58.6228691],[14.5422828,58.6228454],[14.5421889,58.6228258],[14.5421272,58.6228272],[14.542079,58.6228482],[14.5420307,58.6228691],[14.5419851,58.6229082],[14.5419931,58.6229501],[14.5420763,58.6229738],[14.5421004,58.6230339],[14.5420736,58.6230828],[14.5420736,58.6231303],[14.5420694,58.6231862],[14.5425289,58.6236625],[14.5427281,58.6237601],[14.5428917,58.6238956],[14.5429856,58.6240017],[14.5430151,58.6241302],[14.5431921,58.6242586],[14.5432511,58.6243271],[14.5433316,58.6244011],[14.5433557,58.624503],[14.5433477,58.6245742],[14.5433044,58.6246149],[14.5433468,58.6248604],[14.5434335,58.6249108],[14.5434201,58.6249569],[14.5434523,58.6250365],[14.5434469,58.6251147],[14.5433957,58.625144],[14.5433988,58.6251624],[14.5434335,58.6251705],[14.5434073,58.6252114],[14.5433503,58.6252376],[14.5433691,58.6253032],[14.5434241,58.625309],[14.5434308,58.625348],[14.5434952,58.6253814],[14.5434405,58.6254039],[14.5434013,58.6254428],[14.5434568,58.6254987],[14.5434883,58.6256812],[14.543505,58.6257481],[14.5435783,58.6257822],[14.5435864,58.6258311],[14.5435917,58.6258729],[14.5435424,58.6258981],[14.5435891,58.6259232],[14.5436105,58.6259637],[14.5435695,58.6260065],[14.5434898,58.6260419],[14.5435488,58.6261006],[14.5435971,58.626117],[14.543634,58.626265],[14.543699,58.6263058],[14.5437312,58.6263533],[14.5437741,58.6264259],[14.5437902,58.6264985],[14.5437902,58.6265502],[14.543817,58.626634],[14.5438684,58.6267164],[14.5438962,58.627183],[14.5438251,58.6273112],[14.5438385,58.6273727],[14.543817,58.6274578],[14.543809,58.6275291],[14.5438251,58.6276422],[14.5438278,58.6277008],[14.5438197,58.6277804],[14.5438305,58.6278321],[14.543809,58.6278809],[14.5438224,58.627941],[14.5438144,58.6280331],[14.5438439,58.628096],[14.5438969,58.6281323],[14.5438331,58.6281965],[14.5438224,58.6282621],[14.5438465,58.6283292],[14.5438412,58.6283962],[14.5438144,58.6284981],[14.5438117,58.6285791],[14.5438251,58.6286378],[14.5438814,58.6287816],[14.5438975,58.6288821],[14.5439672,58.6289826],[14.5439833,58.6290413],[14.5440531,58.629206],[14.5440745,58.6292144],[14.5441443,58.6292228],[14.5443709,58.6292312],[14.5448108,58.6292423],[14.5448913,58.6292486],[14.5451273,58.6292828],[14.5451444,58.6292869],[14.5451541,58.6292917],[14.5451592,58.6292958],[14.5451608,58.629301],[14.5451605,58.6293057],[14.5451595,58.6293099],[14.5451555,58.6293137],[14.5451457,58.6293181],[14.5451347,58.6293216],[14.5451166,58.6293226],[14.5448819,58.6292926],[14.5442314,58.6292738],[14.5442221,58.6292905],[14.5440189,58.6293009],[14.5439887,58.629382],[14.5439619,58.6294797],[14.5439565,58.6295635],[14.5439565,58.6296836],[14.5440316,58.629745],[14.544332,58.62984],[14.5444353,58.6298393],[14.5446069,58.6299174],[14.544666,58.6298756],[14.5447169,58.6298365],[14.5447947,58.6298504],[14.5448483,58.629877],[14.5448591,58.6298951],[14.5448162,58.6299119],[14.5447759,58.6299049],[14.5447384,58.6299202],[14.5447062,58.629944],[14.5446794,58.6299649],[14.5446767,58.6299942],[14.5450361,58.6301715],[14.5453204,58.6301891],[14.5454592,58.6301228],[14.5455011,58.6301505],[14.5455354,58.6301364],[14.5455667,58.6301235],[14.5455248,58.6300959],[14.5456228,58.6300598],[14.5457488,58.6300736],[14.5457785,58.6300099],[14.5457494,58.6300058],[14.5459805,58.6294524],[14.5459581,58.6294499],[14.545876,58.6294405],[14.5455301,58.629401],[14.5455422,58.6293722],[14.5455633,58.6293222],[14.5461235,58.6293863],[14.5461007,58.6294402],[14.546105,58.6294658],[14.5461144,58.629493],[14.5460634,58.6296005],[14.5460621,58.629627],[14.5460662,58.6296485],[14.5463142,58.629886],[14.5464644,58.6300103],[14.5468318,58.6302951],[14.5471188,58.6304948],[14.5471192,58.6305403],[14.5470981,58.6305702],[14.5469706,58.6307161],[14.5469889,58.6307181],[14.5470075,58.6307203],[14.5471698,58.6305765],[14.5472449,58.6305238],[14.5472617,58.6305154],[14.5472717,58.630521],[14.5472704,58.6305353],[14.5472657,58.6305517],[14.547255,58.6305723],[14.5472845,58.6305957],[14.5473254,58.6306061],[14.5473891,58.6306131],[14.5474514,58.6306142],[14.5475178,58.63061],[14.5475882,58.6306023],[14.5476754,58.6305869],[14.5477438,58.6305604],[14.5478054,58.6305187],[14.547886,58.6303426],[14.5481327,58.6299447],[14.5481595,58.62984],[14.5482492,58.6296627],[14.5491445,58.6287601],[14.5496762,58.6290449],[14.5499641,58.629367],[14.5503515,58.6295016],[14.5505318,58.6297489],[14.5505484,58.6297594],[14.5505934,58.6297879],[14.5509541,58.6300162],[14.5511548,58.6293288],[14.5508665,58.6291279],[14.5511179,58.628859],[14.5509924,58.6282334],[14.5514589,58.6279437],[14.5517274,58.6276201],[14.5524027,58.627432],[14.5524673,58.627772],[14.5531974,58.6277501],[14.553692,58.6283025],[14.5541107,58.6282166],[14.5541959,58.6272373],[14.5544643,58.6271944],[14.5546651,58.6273804],[14.5547627,58.6270781],[14.5549299,58.6270231],[14.5551912,58.62735],[14.5552653,58.6281145],[14.5556388,58.6286518],[14.5558285,58.6287181],[14.556072,58.628405],[14.5560687,58.6281377],[14.5559308,58.6279468],[14.5558364,58.627891],[14.555723,58.6278241],[14.5554647,58.6276716],[14.5557089,58.6271895],[14.5561077,58.6271923],[14.5569438,58.6270557],[14.5572869,58.627209],[14.5573709,58.6275695],[14.5570502,58.6278616],[14.5573209,58.6280141],[14.557615,58.6275415],[14.5581155,58.627701],[14.558277,58.627893],[14.5587091,58.6281732],[14.5595184,58.6282365],[14.5593938,58.6279321],[14.5596629,58.627695],[14.559257,58.6275978],[14.5591669,58.6273777],[14.5586098,58.6275096],[14.5583365,58.6271766],[14.5587247,58.6268577],[14.5593412,58.6267839],[14.559253,58.6262897],[14.560853,58.6263296],[14.5623978,58.6266997],[14.5628691,58.6265098],[14.5623212,58.6261019],[14.5630617,58.6260387],[14.5634672,58.6266127],[14.5635336,58.6269108],[14.5634359,58.627272],[14.5635863,58.6279647],[14.5635715,58.6281525],[14.5636181,58.6281996],[14.5637767,58.6283389],[14.563884,58.6283794],[14.5638719,58.6284206],[14.5639189,58.6284632],[14.5640114,58.6285582],[14.564053,58.6286273],[14.5640583,58.6287467],[14.564053,58.6288577],[14.5639631,58.6290692],[14.5638531,58.6291781],[14.5637754,58.6292842],[14.56377,58.6293122],[14.5638129,58.6293652],[14.5639336,58.6293945],[14.5640637,58.6294169],[14.5642206,58.6294336],[14.564302,58.6294247],[14.5643225,58.6294225],[14.5643534,58.6294267],[14.5643949,58.629412],[14.5644151,58.6293897],[14.5644231,58.6293617],[14.5644473,58.6293275],[14.5643866,58.629264],[14.5644214,58.6292382],[14.5644898,58.6291956],[14.5645247,58.6291712],[14.5645435,58.6291244],[14.5645555,58.6290902],[14.5645703,58.6290741],[14.5646172,58.6290232],[14.5646011,58.629012],[14.5645676,58.6289862],[14.5645931,58.6289624],[14.5646132,58.6289177],[14.5646655,58.6288472],[14.5647822,58.6287299],[14.5648264,58.6286978],[14.5649364,58.628649],[14.5649713,58.6285882],[14.5650061,58.6285603],[14.5650517,58.62854],[14.5651067,58.6284339],[14.5651242,58.6284102],[14.5651322,58.6283906],[14.565108,58.628353],[14.5651442,58.6283355],[14.5651429,58.6283195],[14.5651496,58.6283083],[14.5651952,58.628295],[14.56521,58.6282727],[14.5652341,58.6282629],[14.5652717,58.628265],[14.5653092,58.6282776],[14.5653414,58.6282999],[14.5653682,58.6283216],[14.565395,58.6283439],[14.5654272,58.6283572],[14.5654581,58.6283586],[14.565497,58.6283516],[14.5655184,58.6283404],[14.5655452,58.6283223],[14.5656042,58.6283153],[14.5656472,58.6283209],[14.5656619,58.6283383],[14.5656686,58.6283614],[14.5656566,58.6283886],[14.5656458,58.6284144],[14.5656056,58.6284284],[14.5655761,58.6284451],[14.5655935,58.6284619],[14.5656163,58.6284898],[14.5656633,58.62854],[14.5656579,58.6285722],[14.5656794,58.628577],[14.5656982,58.628605],[14.565725,58.6286168],[14.5657464,58.6286266],[14.5657987,58.6286399],[14.5658148,58.6286511],[14.565843,58.6286748],[14.5658805,58.6287048],[14.5658913,58.628739],[14.5658792,58.6287628],[14.5658872,58.6287844],[14.5658913,58.6288095],[14.565894,58.6288277],[14.5658765,58.6288389],[14.565851,58.6288493],[14.5658336,58.628871],[14.5658215,58.6288954],[14.5657867,58.6289282],[14.5657491,58.6289352],[14.5657116,58.6289631],[14.5656928,58.6289862],[14.5656619,58.6290036],[14.5656204,58.6290162],[14.5655681,58.629026],[14.5654956,58.6290322],[14.5654326,58.629063],[14.5654125,58.6290874],[14.5654098,58.6291069],[14.5653803,58.62913],[14.5653159,58.6291419],[14.5652489,58.629146],[14.5652194,58.6291754],[14.5652355,58.6292117],[14.5652542,58.6292424],[14.5652589,58.6293243],[14.5652527,58.6293375],[14.5652245,58.6293787],[14.565195,58.6294122],[14.5651695,58.6294499],[14.5651722,58.6294771],[14.5651695,58.6295134],[14.5651889,58.62956],[14.5651272,58.6295628],[14.5651178,58.6296061],[14.5651312,58.6296529],[14.5651485,58.629664],[14.5651822,58.6296857],[14.5652331,58.629701],[14.5653015,58.6297017],[14.5653941,58.6297031],[14.5654154,58.6297062],[14.565433,58.6297087],[14.5655073,58.6297047],[14.5655791,58.6296961],[14.5656368,58.6296822],[14.5657347,58.6296836],[14.5659203,58.6296872],[14.566078,58.629722],[14.5661572,58.6297373],[14.5661679,58.6297715],[14.5661344,58.6298037],[14.5660754,58.629833],[14.5660928,58.6298595],[14.5661612,58.6298832],[14.5661947,58.6299105],[14.5661733,58.6299154],[14.5661344,58.6299035],[14.5660874,58.6299],[14.5660485,58.6299056],[14.5660137,58.6299293],[14.5659667,58.6299607],[14.5659493,58.6299726],[14.5659158,58.6300082],[14.5659426,58.6300515],[14.5659627,58.6300983],[14.5660043,58.6301639],[14.5660311,58.630203],[14.5660646,58.6302365],[14.566137,58.6302728],[14.5662068,58.6303049],[14.5663194,58.6303182],[14.5664911,58.6303056],[14.5666641,58.6302749],[14.5668948,58.6302274],[14.566876,58.6302079],[14.567104,58.6301499],[14.5674084,58.6300885],[14.5675425,58.6300717],[14.5677745,58.6300529],[14.5679127,58.6300529],[14.5680152,58.6300497],[14.5680897,58.6300473],[14.5681755,58.6300257],[14.5682131,58.6299949],[14.5682573,58.629981],[14.5683271,58.6299551],[14.56837,58.6299475],[14.5684384,58.6299461],[14.5684893,58.6299602],[14.5685591,58.6299761],[14.568606,58.6299921],[14.5686798,58.629997],[14.5687549,58.6299761],[14.5687991,58.6299782],[14.5689078,58.6300159],[14.568952,58.6300291],[14.5689936,58.6300361],[14.5690588,58.63002],[14.5691317,58.6300096],[14.5692135,58.6300152],[14.5692685,58.6300152],[14.5693195,58.6300264],[14.5693891,58.6300547],[14.5694785,58.6300641],[14.5695354,58.6300592],[14.5696092,58.6300438],[14.5696427,58.630034],[14.5697272,58.6300305],[14.5697808,58.6300459],[14.5698452,58.6300494],[14.5699498,58.630062],[14.5700155,58.6300571],[14.5701094,58.6300487],[14.5701604,58.6300389],[14.5701899,58.6300347],[14.5702703,58.6300208],[14.5703562,58.630011],[14.5704205,58.6300068],[14.5704983,58.6300033],[14.5705587,58.6299921],[14.5705895,58.6299789],[14.5706432,58.6299538],[14.5706981,58.629937],[14.5707627,58.6299001],[14.5708376,58.6298902],[14.5708993,58.6298916],[14.5709704,58.6298693],[14.5710039,58.6298448],[14.5710602,58.6298414],[14.5711206,58.6298372],[14.5711662,58.6298372],[14.5712198,58.6298288],[14.5712695,58.6298155],[14.5713043,58.6298023],[14.5713405,58.6297862],[14.571417,58.6297855],[14.5714907,58.6297855],[14.5715471,58.6297974],[14.571602,58.6298309],[14.5716463,58.6298379],[14.5716611,58.6298504],[14.5716275,58.6298735],[14.57159,58.6298993],[14.5716611,58.6299147],[14.5717214,58.6299272],[14.5717563,58.6299538],[14.5718072,58.6299684],[14.5718609,58.6299963],[14.5718823,58.6300131],[14.5719427,58.6300026],[14.5719682,58.6299754],[14.5720004,58.6299391],[14.5720299,58.6299161],[14.5720607,58.6298923],[14.5720862,58.6298658],[14.5720875,58.6298302],[14.5720768,58.6297918],[14.5720875,58.6297562],[14.5721237,58.6297345],[14.5721613,58.6297136],[14.5722109,58.629708],[14.5722444,58.6297017],[14.5722766,58.6296752],[14.5723329,58.6296689],[14.5723423,58.6296612],[14.5723933,58.6296466],[14.5724523,58.6296312],[14.5724979,58.6296263],[14.5725945,58.6296214],[14.5726562,58.6296242],[14.5727058,58.6296347],[14.5727742,58.6296375],[14.5727983,58.6296089],[14.5728157,58.6295977],[14.5728452,58.6295747],[14.5729056,58.6295453],[14.5729217,58.6295202],[14.572864,58.6294839],[14.5728774,58.6294644],[14.5729257,58.6294476],[14.5729431,58.6294301],[14.57297,58.6294134],[14.5730478,58.629405],[14.5731309,58.6294001],[14.5731913,58.6293973],[14.5732141,58.6293848],[14.5732315,58.6293743],[14.5732771,58.6293541],[14.5733321,58.6293387],[14.5733643,58.6293094],[14.573379,58.6292947],[14.5733736,58.6292738],[14.573434,58.6292661],[14.5735104,58.6292647],[14.5735399,58.6292745],[14.5735453,58.629308],[14.5735788,58.6293226],[14.5736405,58.6293261],[14.5736633,58.6293408],[14.5736633,58.6293596],[14.5736928,58.629382],[14.5737076,58.6294029],[14.5736982,58.6294274],[14.5737089,58.6294511],[14.5736955,58.6294846],[14.5737237,58.6295104],[14.573717,58.6295495],[14.5737451,58.6295593],[14.5737867,58.6295886],[14.5738189,58.6296047],[14.573831,58.6296138],[14.5738471,58.629634],[14.5738471,58.6296577],[14.5738377,58.6296892],[14.5738471,58.6297199],[14.5738886,58.6297415],[14.573902,58.629752],[14.5739503,58.629766],[14.5739798,58.6297834],[14.5739852,58.6298169],[14.5739718,58.6298462],[14.573953,58.6298784],[14.5739678,58.6299063],[14.5739785,58.6299328],[14.5739919,58.6299635],[14.5740281,58.6300089],[14.5739932,58.6300284],[14.5739932,58.6300536],[14.5739624,58.6300717],[14.5739704,58.6300962],[14.5739771,58.6301157],[14.5739758,58.6301332],[14.5739436,58.630152],[14.5739503,58.6301639],[14.5739825,58.6301765],[14.5739731,58.6301974],[14.573949,58.6302183],[14.5739181,58.6302428],[14.5739382,58.63027],[14.5740134,58.6302937],[14.5740509,58.6302965],[14.5741461,58.6302965],[14.5742521,58.6302979],[14.574299,58.6302847],[14.5743607,58.6302721],[14.5744251,58.630256],[14.5744747,58.6302428],[14.5745042,58.63021],[14.5745458,58.6301953],[14.5746155,58.6302016],[14.5746651,58.6302058],[14.5747295,58.6301925],[14.5747845,58.6301744],[14.5748113,58.6301513],[14.57481,58.6301206],[14.5747925,58.6301052],[14.5748019,58.6300689],[14.5748073,58.630041],[14.5749092,58.6300326],[14.5749897,58.6299628],[14.5750809,58.6299572],[14.5751613,58.6300019],[14.5752311,58.6300438],[14.5751935,58.6300885],[14.5752364,58.6301052],[14.5753115,58.6300857],[14.5753062,58.6301164],[14.5752954,58.6301723],[14.5752418,58.6302126],[14.5749644,58.6310067],[14.5751031,58.6317445],[14.5763049,58.6317205],[14.5767979,58.6316242],[14.5767979,58.6318729],[14.5766438,58.6320493],[14.5767209,58.6330839],[14.5763357,58.6345755],[14.5762918,58.6350813],[14.5763686,58.6353529],[14.5766921,58.6353529],[14.5770299,58.6351634],[14.5772197,58.6355063],[14.5775709,58.6357827],[14.5779997,58.6355058],[14.5779305,58.634891],[14.5782308,58.6347359],[14.5785389,58.6344392],[14.5781229,58.6341425],[14.5786776,58.6336212],[14.5793093,58.6335089],[14.5792631,58.6333245],[14.5801105,58.6330197],[14.580203,58.6333325],[14.5818722,58.6325979],[14.5826459,58.6319629],[14.5837619,58.6317305],[14.584238,58.6321642],[14.5855473,58.6324276],[14.5857259,58.6327606],[14.5855027,58.632962],[14.5858598,58.6330936],[14.5867079,58.6326599],[14.5861276,58.6323346],[14.5864252,58.6319551],[14.5876708,58.6321339],[14.5881737,58.6324854],[14.5879438,58.6326649],[14.5882599,58.632807],[14.5888059,58.6326499],[14.5900273,58.6327247],[14.5903434,58.633009],[14.5898692,58.6332333],[14.5899698,58.6335848],[14.589668,58.6337793],[14.5900129,58.6339214],[14.5904727,58.6338691],[14.5906307,58.6339738],[14.5907888,58.6338317],[14.5905302,58.6336222],[14.590875,58.6334502],[14.5913492,58.6334876],[14.5915791,58.6333231],[14.5920574,58.6335862],[14.5922517,58.634034],[14.5919603,58.6344601],[14.5937642,58.6357096],[14.5942498,58.6363451],[14.5942082,58.6370601],[14.5940417,58.6372551],[14.5931536,58.6370601],[14.5923627,58.6368218],[14.5920713,58.6365545],[14.5913081,58.6363812],[14.5908641,58.6362584],[14.5907253,58.6363234],[14.5908225,58.6364246],[14.5912804,58.6365834],[14.5915301,58.6367784],[14.5915301,58.6369879],[14.5918493,58.6369518],[14.5927651,58.6373056],[14.5933201,58.6374862],[14.5936532,58.6373634],[14.5940833,58.6375151],[14.5942915,58.6379484],[14.5941805,58.6382806],[14.5928484,58.6382156],[14.592668,58.6384105],[14.5929039,58.6386127],[14.5941805,58.6391977],[14.5954848,58.639992],[14.5970528,58.6411185],[14.5974968,58.6416962],[14.5974274,58.6421295],[14.597025,58.6422161],[14.5975801,58.6426494],[14.597816,58.6431981],[14.5972193,58.6435447],[14.5973164,58.6439491],[14.5979131,58.6442379],[14.5979131,58.644505],[14.5986624,58.6448877],[14.5989954,58.6453498],[14.599037,58.6456747],[14.5993007,58.6457036],[14.599717,58.646144],[14.5994811,58.6463823],[14.6002581,58.6470248],[14.600161,58.6471909],[14.6018122,58.6490752],[14.6028668,58.6496816],[14.6028529,58.6499271],[14.603689,58.6506508],[14.6042163,58.6509071],[14.605361,58.6512572],[14.6055553,58.6515459],[14.6060063,58.6517733],[14.606374,58.6519213],[14.6065127,58.6521667],[14.6063323,58.6522353],[14.6062213,58.6525999],[14.6063115,58.6527406],[14.6072829,58.6531629],[14.6076159,58.6532568],[14.6079281,58.6531665],[14.6084415,58.653596],[14.6086288,58.6534589],[14.6087537,58.6535094],[14.6088161,58.6537801],[14.6091977,58.6539136],[14.6093573,58.654224],[14.6101968,58.6551552],[14.6104396,58.65548],[14.610679,58.6560304],[14.6113173,58.6560159],[14.6115532,58.6556767],[14.6127361,58.6549458],[14.6129859,58.6548412],[14.6127431,58.6546102],[14.6127847,58.654538],[14.6131316,58.6546824],[14.6135097,58.654861],[14.6140509,58.6553013],[14.6138982,58.6567016],[14.6143284,58.6567594],[14.6145365,58.6570986],[14.6150638,58.6570842],[14.6158131,58.6566583],[14.6167567,58.6566006],[14.617395,58.6564634],[14.6181165,58.6564634],[14.6181582,58.6566006],[14.6184912,58.6565284],[14.6185883,58.6563552],[14.6191711,58.6563046],[14.6192266,58.65655],[14.6193931,58.6567161],[14.61974,58.6566511],[14.6196568,58.6570192],[14.619962,58.6577121],[14.6202951,58.6578637],[14.6203978,58.6581527],[14.6201008,58.6585926],[14.6202812,58.6590329],[14.6201008,58.6592999],[14.6196429,58.6594226],[14.6201008,58.6600072],[14.6198649,58.6601516],[14.6200592,58.6604186],[14.6203367,58.6609454],[14.6206975,58.6613568],[14.6215716,58.661696],[14.6225013,58.6611619],[14.623796,58.6609222],[14.6241157,58.6610245],[14.6256978,58.6609278],[14.6260716,58.6604528],[14.6262806,58.6604522],[14.6267646,58.6606454],[14.6269416,58.6608135],[14.6271991,58.6608484],[14.6272608,58.6609042],[14.6273736,58.6609251],[14.6277651,58.6608281],[14.6278791,58.6607626],[14.6278403,58.6606774],[14.6274419,58.6604711],[14.6272472,58.6602539],[14.6276967,58.6598656],[14.6289046,58.6595601],[14.6290001,58.6594397],[14.6261996,58.6588277],[14.6257555,58.6589048],[14.6243271,58.6585299],[14.6245689,58.6581812],[14.6246382,58.6579142],[14.6256096,58.6577987],[14.6259981,58.6579791],[14.6279823,58.6577626],[14.6282841,58.6577688],[14.6285282,58.6578762],[14.6288232,58.6579655],[14.6289171,58.6581831],[14.6288071,58.6585417],[14.6286372,58.6591901],[14.6288822,58.6593732],[14.6290324,58.6594066],[14.6292282,58.6592699],[14.6293436,58.6590132],[14.629019,58.6587286],[14.6290458,58.6583394],[14.6291209,58.6581762],[14.6292519,58.6581341],[14.629306,58.6580157],[14.6292229,58.6579836],[14.6293677,58.657939],[14.6297262,58.6577535],[14.6300499,58.6574595],[14.6298774,58.6573077],[14.6299926,58.6570628],[14.6302996,58.6569254],[14.6308717,58.6571933],[14.6315386,58.6575724],[14.6329083,58.6576548],[14.6339213,58.6576038],[14.6341608,58.6576906],[14.6344505,58.6579697],[14.6358632,58.6584679],[14.6362148,58.658689],[14.6364729,58.658783],[14.6364353,58.6588095],[14.6362449,58.6588319],[14.6363253,58.6589923],[14.6365161,58.6591123],[14.6366821,58.6592155],[14.6369593,58.6592544],[14.6373607,58.6590244],[14.6373875,58.6584496],[14.6374224,58.6581371],[14.6374975,58.657991],[14.6385028,58.6584123],[14.6391256,58.6592602],[14.6393466,58.6605613],[14.6399297,58.6613187],[14.6401685,58.6626471],[14.6408293,58.6630896],[14.6410359,58.6635321],[14.6409037,58.6638285],[14.6405815,58.6638973],[14.6404081,58.6641421],[14.6403833,58.6644343],[14.6400363,58.6646362],[14.6393837,58.6640261],[14.6390203,58.6638328],[14.6393259,58.6637813],[14.6395242,58.6636008],[14.6394333,58.6632357],[14.6393177,58.6630338],[14.6388716,58.6629908],[14.6377068,58.6630939],[14.6374177,58.663386],[14.6375747,58.6634934],[14.6380373,58.6636051],[14.6380786,58.6638715],[14.6380868,58.6645331],[14.6381612,58.6648252],[14.6379629,58.6651044],[14.6374838,58.6654438],[14.6375499,58.6657402],[14.6375334,58.6659679],[14.6374425,58.666217],[14.6365751,58.6666638],[14.6365669,58.6669559],[14.6367734,58.6670074],[14.6375499,58.6669344],[14.6376655,58.666754],[14.6380703,58.6668313],[14.6377894,58.6672824],[14.6379877,58.6676389],[14.637872,58.6684593],[14.6382603,58.6685538],[14.6384668,58.6682446],[14.6393342,58.6678193],[14.6401685,58.6679997],[14.6401437,58.6689189],[14.6403172,58.6689962],[14.6403502,58.6691981],[14.6402511,58.6694473],[14.6396646,58.669589],[14.6394168,58.6699112],[14.6394994,58.6700314],[14.6398959,58.6700787],[14.6399289,58.6703364],[14.6387311,58.6712341],[14.6399372,58.6711825],[14.6412259,58.6715734],[14.6412837,58.672398],[14.6415067,58.6726729],[14.6416306,58.6727717],[14.6419032,58.6727416],[14.6419528,58.6725698],[14.6423658,58.6724925],[14.6419445,58.6729521],[14.6421263,58.6733987],[14.6424154,58.6736006],[14.6426136,58.6741374],[14.6431093,58.6742276],[14.6435223,58.6739914],[14.6445136,58.6732484],[14.6447201,58.6729263],[14.6449184,58.6729177],[14.6453562,58.6731453],[14.6456453,58.6729521],[14.6455957,58.6727889],[14.6451084,58.6727588],[14.6447862,58.6723293],[14.6457692,58.6708733],[14.6464466,58.6708303],[14.6468018,58.670534],[14.6466779,58.6700744],[14.6470496,58.6695289],[14.6472809,58.669516],[14.6476939,58.6693055],[14.6476692,58.6695847],[14.6479996,58.6697522],[14.6477683,58.6701001],[14.6474874,58.6703707],[14.6478096,58.6705082],[14.6478509,58.6708346],[14.648173,58.6711396],[14.6480822,58.6712512],[14.6483135,58.6713801],[14.648743,58.671277],[14.6489909,58.671088],[14.6491891,58.6708303],[14.6497426,58.6705683],[14.6497921,58.6704223],[14.6504778,58.6702032],[14.6506925,58.6698252],[14.6513286,58.6695289],[14.6514773,58.669138],[14.6519234,58.6688459],[14.6519316,58.6685968],[14.6513204,58.6681501],[14.6507834,58.6680641],[14.651403,58.6674241],[14.6513864,58.6670289],[14.6517912,58.6665005],[14.6527494,58.6661225],[14.6533607,58.6660667],[14.6528032,58.6655039],[14.6526916,58.6652977],[14.6526916,58.6651302],[14.6528486,58.6650228],[14.6530015,58.6651259],[14.6541249,58.6647736],[14.6543728,58.6651173],[14.6544554,58.6659163],[14.6547197,58.6661225],[14.6560744,58.6651603],[14.6574127,58.6652548],[14.6576109,58.6649025],[14.6573135,58.6643269],[14.6584388,58.6643386],[14.6580735,58.6650142],[14.65847,58.6651774],[14.6588005,58.6654524],[14.6593841,58.6654165],[14.6598909,58.6654781],[14.6606726,58.6660205],[14.6602874,58.6664748],[14.6603204,58.6667325],[14.6597256,58.6667153],[14.6576274,58.6676518],[14.6576605,58.6679095],[14.6567353,58.6680298],[14.6567188,58.6683219],[14.6573301,58.6684507],[14.6571814,58.669138],[14.6574457,58.6693098],[14.6581726,58.6693528],[14.6589987,58.6690864],[14.6594283,58.6690263],[14.6597256,58.6691723],[14.6606324,58.6690809],[14.6610308,58.6689834],[14.6616421,58.6690005],[14.6617,58.6687891],[14.6621828,58.6687059],[14.6629885,58.6682058],[14.6633142,58.6683804],[14.6633807,58.6682362],[14.6630817,58.6680233],[14.6634166,58.6677402],[14.6636661,58.6669357],[14.6639144,58.6665575],[14.6646032,58.6664113],[14.665226,58.6664746],[14.6655989,58.6663502],[14.6657298,58.6661159],[14.6669609,58.6654184],[14.6670493,58.6654107],[14.6678857,58.6653378],[14.6684865,58.6654304],[14.6697075,58.6663848],[14.6708957,58.6666529],[14.6722497,58.6672663],[14.6726257,58.6671151],[14.6724229,58.6669201],[14.6711232,58.6666079],[14.670804,58.666322],[14.6710078,58.6658096],[14.6718956,58.6651944],[14.6726976,58.6653811],[14.6733735,58.6659979],[14.673462,58.6666844],[14.6731799,58.6673851],[14.6742383,58.667851],[14.6744561,58.6682036],[14.6748482,58.6682646],[14.6751937,58.6687941],[14.6755193,58.6688591],[14.6761947,58.6684778],[14.6766481,58.668575],[14.6766759,58.6687151],[14.6774778,58.6688326],[14.6777375,58.6686147],[14.6786763,58.6687988],[14.6796027,58.6688217],[14.6799224,58.6685436],[14.6807416,58.6686744],[14.6813611,58.6690789],[14.6820988,58.6691857],[14.6820816,58.6696418],[14.6818134,58.6701278],[14.6787567,58.6718542],[14.6775605,58.673015],[14.6783324,58.6733832],[14.6791172,58.673268],[14.6795181,58.6732687],[14.678857,58.6738225],[14.6783066,58.6739298],[14.6777463,58.6745171],[14.6761485,58.6741934],[14.6745489,58.6745942],[14.673256,58.6751235],[14.6730356,58.6752649],[14.6721231,58.675594],[14.6716462,58.6761097],[14.6709456,58.6764948],[14.6694521,58.677011],[14.6696082,58.678069],[14.6681228,58.6787369],[14.666344,58.6791388],[14.664477,58.6798092],[14.6631945,58.6802383],[14.6619657,58.680426],[14.6603217,58.6807553],[14.6584405,58.680957],[14.6571963,58.681143],[14.6558807,58.6806781],[14.6553223,58.6804619],[14.6542449,58.6808285],[14.653095,58.6811606],[14.6522809,58.6811166],[14.6518137,58.6813224],[14.6513746,58.6819151],[14.6516868,58.6823882],[14.6525267,58.682442],[14.6529826,58.6824052],[14.6541625,58.6827534],[14.6550548,58.6828762],[14.6577177,58.6826283],[14.6592519,58.6823305],[14.6610955,58.6821214],[14.6634988,58.6815739],[14.6637269,58.6815852],[14.6641613,58.6815118],[14.6642968,58.6814029],[14.6650628,58.6811957],[14.6671168,58.6811768],[14.667601,58.6812056],[14.6677324,58.6811652],[14.6679309,58.6810578],[14.6680516,58.6809825],[14.6682152,58.6810258],[14.668301,58.6810216],[14.6684566,58.6809881],[14.668462,58.681055],[14.6686578,58.6810536],[14.668977,58.6808654],[14.6692586,58.6808013],[14.6695617,58.6807734],[14.6696743,58.6807121],[14.6697092,58.6806382],[14.6698996,58.6805461],[14.6700928,58.6805127],[14.670361,58.6805224],[14.670597,58.6804151],[14.6708357,58.6804193],[14.6709859,58.680383],[14.6710423,58.6802924],[14.67123,58.6802283],[14.6713561,58.680238],[14.671466,58.680199],[14.6716672,58.6800609],[14.671635,58.6799857],[14.6716431,58.6799104],[14.6717879,58.6798699],[14.6718603,58.679757],[14.6720052,58.6796287],[14.6721044,58.6795771],[14.6723914,58.6795214],[14.6725121,58.6794433],[14.6725765,58.679474],[14.6726167,58.6795451],[14.6727133,58.6796245],[14.6728072,58.6796441],[14.673019,58.6796106],[14.6732149,58.6795479],[14.673247,58.6795925],[14.6734187,58.6796385],[14.6735716,58.6796092],[14.6741617,58.6793945],[14.6745613,58.6792899],[14.6749261,58.6792439],[14.6751085,58.679209],[14.6754304,58.6791993],[14.6754974,58.6791644],[14.6756959,58.6791589],[14.6757844,58.6792077],[14.6758783,58.6792118],[14.6761331,58.6791979],[14.676294,58.67923],[14.6764657,58.6792885],[14.6766669,58.6792927],[14.6767956,58.6792565],[14.6769565,58.6792077],[14.6771416,58.6792049],[14.6772918,58.6791533],[14.6774983,58.6791463],[14.6775761,58.6792411],[14.6776217,58.6792913],[14.6777129,58.6793304],[14.6778336,58.6793443],[14.6779704,58.6793317],[14.6780133,58.679276],[14.6781528,58.6792816],[14.6782011,58.679361],[14.6784961,58.6793415],[14.6785364,58.6792885],[14.6785256,58.679177],[14.6786061,58.6791853],[14.678708,58.6791839],[14.6788904,58.6791324],[14.6789682,58.6792035],[14.6788904,58.6793206],[14.678818,58.6793945],[14.6788341,58.6794551],[14.6790755,58.6795207],[14.6793973,58.6796413],[14.6797085,58.6797695],[14.6798962,58.6798295],[14.6800089,58.6798176],[14.6801484,58.6797577],[14.6802771,58.6796789],[14.6804756,58.6792662],[14.6805024,58.6791979],[14.68043,58.6791491],[14.6804193,58.6790808],[14.6804622,58.6790487],[14.6805212,58.6790348],[14.6805695,58.6790752],[14.6805829,58.679117],[14.6806499,58.6792035],[14.6807277,58.6792411],[14.6808752,58.6792509],[14.6809745,58.6792104],[14.6811354,58.679163],[14.6811649,58.6790808],[14.6811542,58.679018],[14.6813366,58.6790097],[14.6813849,58.6790613],[14.6814573,58.6790515],[14.6816343,58.6790668],[14.6818891,58.6792969],[14.6820661,58.6793485],[14.6821627,58.6795116],[14.6822834,58.6796469],[14.6827018,58.679902],[14.6829352,58.6799759],[14.6832946,58.6800247],[14.6835145,58.6800958],[14.6836969,58.6801362],[14.6839839,58.6801153],[14.6841529,58.6800888],[14.6844667,58.679955],[14.6846679,58.679842],[14.6847403,58.6796622],[14.6848074,58.6793861],[14.6849227,58.679163],[14.6851668,58.6789874],[14.685148,58.6788884],[14.6850648,58.6788075],[14.6846491,58.6787991],[14.684515,58.6787991],[14.6843433,58.6786444],[14.6842504,58.6783898],[14.6843594,58.6781285],[14.6845365,58.6779235],[14.6847135,58.6778064],[14.6849737,58.6776697],[14.6851587,58.6776042],[14.6854269,58.6775679],[14.6856925,58.6775679],[14.6858615,58.6775094],[14.6862343,58.6774968],[14.6864328,58.6776544],[14.6866474,58.6776474],[14.6867171,58.6774773],[14.6868136,58.6774327],[14.6869478,58.6773853],[14.6871892,58.6773741],[14.6873528,58.6774104],[14.6878275,58.6777422],[14.6878624,58.6779151],[14.6879724,58.6780141],[14.6880448,58.6780239],[14.688203,58.6780211],[14.6885464,58.6783334],[14.6886885,58.6784352],[14.6888441,58.6784938],[14.6893403,58.6787866],[14.6893537,58.6788744],[14.6893886,58.6789358],[14.6892545,58.6789943],[14.6887798,58.6792284],[14.6885812,58.6793317],[14.6885893,58.6794252],[14.6886617,58.6794935],[14.6888092,58.6795339],[14.6889782,58.6794712],[14.6893108,58.6793833],[14.6899679,58.6790055],[14.6902361,58.6790389],[14.6904239,58.679209],[14.6904695,58.6791505],[14.6904239,58.6790515],[14.6905124,58.678979],[14.6906358,58.6789413],[14.6910247,58.6789204],[14.6910703,58.6791087],[14.6909845,58.6792662],[14.6910167,58.679361],[14.6910569,58.6794001],[14.6912634,58.6794084],[14.691478,58.6793931],[14.6916336,58.6794614],[14.6915504,58.6795548],[14.6916443,58.6797026],[14.6918321,58.679757],[14.6920198,58.6797821],[14.6921271,58.6797932],[14.6923712,58.6796789],[14.6923685,58.6794726],[14.6928754,58.6791017],[14.6929023,58.678873],[14.6930732,58.6788839],[14.6932992,58.6788005],[14.6935701,58.6786681],[14.69482,58.6787049],[14.6958,58.6789065],[14.6953555,58.6790852],[14.6942121,58.6791742],[14.6945501,58.679409],[14.6957849,58.6793714],[14.6956916,58.6796263],[14.6963031,58.6795646],[14.6964517,58.6793095],[14.6972484,58.6789787],[14.698315,58.6791622],[14.6977505,58.6794815],[14.699169,58.679309],[14.6988468,58.6805573],[14.6970767,58.6805685],[14.6955403,58.6806521],[14.6954448,58.68126],[14.695896,58.6812603],[14.6966996,58.6808538],[14.6972299,58.681003],[14.6973524,58.6813507],[14.6984844,58.6816445],[14.7000373,58.6814664],[14.7008103,58.6828491],[14.701755,58.6823472],[14.7017652,58.6820017],[14.7022696,58.6818861],[14.7027823,58.6830005],[14.7034563,58.6833257],[14.7029157,58.6837671],[14.7029491,58.6840608],[14.7033521,58.6839901],[14.7035941,58.6837466],[14.703736,58.6838069],[14.7034421,58.6840155],[14.7037565,58.684131],[14.7037706,58.6843803],[14.7037771,58.6846176],[14.7037193,58.684866],[14.7034944,58.6849061],[14.7031408,58.6847789],[14.7027126,58.6848257],[14.7021539,58.68445],[14.7016596,58.6844758],[14.701379,58.6843602],[14.7014096,58.6839657],[14.7015045,58.6837385],[14.7011704,58.6836246],[14.7007612,58.6835108],[14.7001681,58.6835507],[14.6997114,58.6837757],[14.6989934,58.6841922],[14.6985222,58.6846144],[14.6986086,58.6849436],[14.6988023,58.6850833],[14.6990658,58.6851978],[14.6993585,58.6851658],[14.6995868,58.6853123],[14.6999951,58.6854018],[14.7001888,58.6856362],[14.7012629,58.6859935],[14.7027528,58.6863156],[14.7030533,58.6867689],[14.7028388,58.6872],[14.7030965,58.6873037],[14.7038627,58.6871207],[14.7041784,58.6872275],[14.7054105,58.6868391],[14.7047891,58.6862159],[14.7041678,58.6854365],[14.704192,58.6851001],[14.7044455,58.6847688],[14.7044094,58.6845602],[14.7045115,58.6845595],[14.7045625,58.6847042],[14.7046136,58.6847428],[14.7048178,58.6847833],[14.7051405,58.6848976],[14.7056248,58.6847359],[14.7058211,58.6847471],[14.7052479,58.6849479],[14.7053569,58.6849982],[14.7059828,58.6848975],[14.7057459,58.6850535],[14.7058524,58.6850979],[14.7062137,58.6849411],[14.7063569,58.6849732],[14.7060212,58.6851043],[14.7063367,58.6851881],[14.707439,58.6848933],[14.7095557,58.6855909],[14.7094876,58.6857668],[14.7089063,58.6860109],[14.7087971,58.686255],[14.7094156,58.6863083],[14.7099268,58.6859712],[14.7102853,58.6860675],[14.7104721,58.6862529],[14.710674,58.6865681],[14.7109789,58.6863103],[14.7113052,58.6861863],[14.7119148,58.6861168],[14.7118795,58.6863642],[14.7119514,58.6864388],[14.7125077,58.686518],[14.7125276,58.6867644],[14.7127414,58.6868485],[14.7129552,58.6868658],[14.7129321,58.6866661],[14.7131126,58.6865631],[14.7136882,58.6866359],[14.7147964,58.6867703],[14.7148221,58.6872975],[14.7145775,58.687168],[14.7144144,58.6871148],[14.7142685,58.6872554],[14.7145088,58.687318],[14.7142685,58.6875794],[14.7141161,58.6879982],[14.7138829,58.6880823],[14.7134459,58.6880995],[14.7129404,58.6879785],[14.7125636,58.6877794],[14.712089,58.6878273],[14.711495,58.6874483],[14.7113945,58.687259],[14.7114295,58.6868803],[14.7111348,58.6868813],[14.7109531,58.6871035],[14.710885,58.6872734],[14.7107526,58.6872815],[14.7106809,58.6871418],[14.7101512,58.6870908],[14.7093707,58.6870001],[14.7092153,58.686802],[14.7087863,58.6870025],[14.70884,58.6871222],[14.7084002,58.6873424],[14.7084412,58.6875058],[14.7086323,58.6876637],[14.708521,58.6879794],[14.7081375,58.6881369],[14.7083978,58.6881885],[14.708544,58.6880832],[14.7087941,58.6880306],[14.7090228,58.6880226],[14.7094795,58.68811],[14.7098718,58.6881139],[14.7100342,58.688049],[14.7101872,58.6880699],[14.7103649,58.6881396],[14.7103284,58.6882359],[14.7102168,58.68831],[14.7099443,58.6883339],[14.7099078,58.6884079],[14.7100729,58.6884421],[14.7102744,58.6884323],[14.7104475,58.6883542],[14.7105253,58.6882594],[14.7106489,58.688226],[14.7107564,58.6882426],[14.7108692,58.6884074],[14.7107566,58.6885053],[14.7109391,58.6884837],[14.7109768,58.6886321],[14.711009,58.68867],[14.7109836,58.6887169],[14.7110386,58.6887732],[14.7114235,58.6886933],[14.7115198,58.6885868],[14.711576,58.6885322],[14.7116938,58.6885097],[14.7118531,58.6885462],[14.7122162,58.6886356],[14.7121682,58.688708],[14.7119886,58.6887317],[14.7120329,58.6887895],[14.7122382,58.6888055],[14.7122341,58.6888588],[14.7121602,58.688901],[14.7120554,58.6889128],[14.7119639,58.6889644],[14.7119256,58.6890229],[14.7118329,58.6890479],[14.7115885,58.6891454],[14.7109387,58.6893304],[14.7105224,58.6896561],[14.7106404,58.6897853],[14.7106733,58.6899144],[14.7102115,58.6902786],[14.7099562,58.6905214],[14.7099092,58.6906704],[14.7100379,58.6906986],[14.7108524,58.6900795],[14.7116002,58.689864],[14.7121018,58.6896318],[14.7124963,58.6895268],[14.7129333,58.689466],[14.7131087,58.6895314],[14.7129711,58.6896421],[14.7130633,58.6897978],[14.7131952,58.6898199],[14.7133577,58.6897],[14.7135677,58.6897905],[14.7134849,58.6898442],[14.7133094,58.689857],[14.7133987,58.6899806],[14.7135953,58.6899619],[14.7136248,58.6900751],[14.7133982,58.6901456],[14.7133673,58.690327],[14.7134222,58.6903802],[14.7135106,58.6903026],[14.7135907,58.6903147],[14.7135793,58.6904001],[14.7135204,58.6904592],[14.7134778,58.6906275],[14.7138538,58.6908972],[14.7140098,58.6906596],[14.7141683,58.690669],[14.7141618,58.6909386],[14.7142926,58.690934],[14.714358,58.690993],[14.7144175,58.6912706],[14.7144634,58.6913202],[14.7145668,58.6912864],[14.7146272,58.6910854],[14.714763,58.6910214],[14.7148751,58.6909186],[14.7149259,58.6907948],[14.7150731,58.690643],[14.7152514,58.6906368],[14.7153083,58.6906895],[14.7153422,58.6907521],[14.7152625,58.6908056],[14.7153461,58.6908938],[14.715361,58.6909796],[14.7153095,58.6910895],[14.7153653,58.6911603],[14.7155179,58.6911925],[14.7156428,58.6911155],[14.7157658,58.6910493],[14.7159369,58.6910177],[14.715968,58.6909315],[14.7160247,58.6908965],[14.7161038,58.6908876],[14.7161819,58.6908164],[14.716214,58.6908303],[14.7162172,58.6908654],[14.7162728,58.6908492],[14.7162621,58.690822],[14.7162835,58.6908098],[14.7163209,58.6908009],[14.716337,58.6907948],[14.7163958,58.690802],[14.716429,58.6908176],[14.716445,58.6908737],[14.7163947,58.6908748],[14.7163455,58.6908709],[14.7163384,58.690915],[14.7163306,58.6909487],[14.716291,58.6909526],[14.7162471,58.6909437],[14.7162118,58.6909515],[14.7162268,58.6909826],[14.7161776,58.6909704],[14.7161477,58.6909787],[14.7161059,58.6909632],[14.7160835,58.6909737],[14.7160696,58.6909949],[14.7160931,58.6910204],[14.716186,58.6910141],[14.716245,58.6910132],[14.716261,58.6910844],[14.7163341,58.6910964],[14.7164386,58.691175],[14.7166055,58.6911733],[14.7166001,58.691215],[14.7166664,58.6912328],[14.7167488,58.6912361],[14.7167488,58.6913067],[14.7167819,58.6913778],[14.7167327,58.6914657],[14.7167285,58.6915896],[14.7166622,58.6916897],[14.7165616,58.6917419],[14.7164974,58.6918831],[14.7164953,58.6919631],[14.7165349,58.6920198],[14.7166728,58.6921615],[14.716858,58.6922409],[14.7168622,58.6923199],[14.7168878,58.6924272],[14.7169927,58.6925634],[14.717197,58.6927218],[14.7173285,58.6927802],[14.7174369,58.6927607],[14.7175328,58.6927329],[14.7175745,58.6925701],[14.7175777,58.6925406],[14.7176601,58.6924928],[14.7177628,58.6924333],[14.7179008,58.6924167],[14.7180067,58.6924094],[14.7180864,58.6924349],[14.7181441,58.6924997],[14.7181742,58.6926238],[14.71816,58.6926895],[14.7182912,58.692749],[14.7183583,58.6927328],[14.7184291,58.6926776],[14.7185477,58.6927274],[14.7185722,58.6927553],[14.7185361,58.692822],[14.718666,58.6928117],[14.7187769,58.6928299],[14.7188696,58.6928904],[14.7188645,58.6929764],[14.7186877,58.6930623],[14.7186989,58.6932231],[14.7185389,58.6933329],[14.718277,58.6934823],[14.7178863,58.6935314],[14.7177788,58.6936342],[14.7178643,58.6937425],[14.7177351,58.6938309],[14.7175839,58.6939242],[14.7175446,58.6941726],[14.7176556,58.6943542],[14.7170508,58.6946561],[14.7166847,58.6949745],[14.7160719,58.6950117],[14.7158093,58.6951275],[14.7155547,58.6953714],[14.715682,58.6955823],[14.7156581,58.6959007],[14.7154635,58.6960146],[14.7152475,58.6961173],[14.7151373,58.6961444],[14.7151422,58.6962152],[14.7153159,58.6962935],[14.7155865,58.6962397],[14.7156242,58.6963237],[14.7155547,58.6964299],[14.7154116,58.6965107],[14.7152364,58.6965581],[14.715266,58.6966346],[14.7152528,58.6967334],[14.7150948,58.6968357],[14.714926,58.6968599],[14.7146873,58.6967441],[14.7145395,58.6966339],[14.7144227,58.6965956],[14.7144883,58.6965126],[14.7145708,58.6963937],[14.7148212,58.6963091],[14.7148464,58.696219],[14.7145361,58.6961611],[14.714347,58.696198],[14.7140506,58.6960454],[14.7136846,58.6958469],[14.713231,58.6959999],[14.7128013,58.6960619],[14.7124352,58.696033],[14.7122124,58.6958469],[14.7120771,58.6956112],[14.7119498,58.6954665],[14.7109471,58.6954706],[14.7100558,58.6954996],[14.7093635,58.6955616],[14.7091341,58.6956483],[14.708894,58.6956236],[14.7084006,58.695421],[14.708138,58.6952143],[14.7082096,58.6949662],[14.7079151,58.6946892],[14.7072149,58.6943832],[14.7063395,58.6943708],[14.7060212,58.694346],[14.7060053,58.6946271],[14.7062758,58.6950406],[14.7052135,58.6955182],[14.7050503,58.6955451],[14.7040954,58.6952308],[14.7038009,58.6954045],[14.703411,58.6955616],[14.702854,58.6954376],[14.7027664,58.695483],[14.7027823,58.695603],[14.7025436,58.6956939],[14.7026073,58.6958841],[14.7024402,58.6961487],[14.7014932,58.6962686],[14.7015091,58.6963927],[14.701712,58.6966594],[14.7018304,58.6967253],[14.7022865,58.6967276],[14.7026287,58.6967906],[14.7028421,58.6967253],[14.7030114,58.696801],[14.7026926,58.6970357],[14.7022749,58.6969954],[14.7022971,58.6972338],[14.7025776,58.6973929],[14.7028364,58.6975287],[14.7032294,58.697447],[14.7035118,58.6970188],[14.7046024,58.6976408],[14.70528,58.6976497],[14.705235,58.6977618],[14.7045231,58.6977622],[14.704135,58.6978236],[14.7054001,58.6980383],[14.7055172,58.6980886],[14.7055338,58.6982464],[14.7052149,58.6981678],[14.7045136,58.69807],[14.7045848,58.6982313],[14.7045035,58.6982445],[14.7042054,58.6980978],[14.7041798,58.6981806],[14.7044727,58.6983278],[14.7047763,58.6985197],[14.7050438,58.6986304],[14.7058262,58.6987969],[14.7089775,58.698615],[14.7099006,58.6991938],[14.7097096,58.699723],[14.7122243,58.7004176],[14.7133384,58.7008475],[14.7127655,58.7023854],[14.7139751,58.7016413],[14.7157894,58.7015586],[14.7153895,58.7021631],[14.7159784,58.7022623],[14.717188,58.7024608],[14.7172835,58.7021218],[14.7178266,58.7021704],[14.7188432,58.7027501],[14.7186204,58.7029486],[14.7176973,58.7027419],[14.7174745,58.7031553],[14.7179201,58.703519],[14.7182225,58.7037671],[14.7190819,58.7036182],[14.7193684,58.7038828],[14.7192889,58.7041722],[14.7197982,58.7040647],[14.720387,58.7043127],[14.721708,58.704106],[14.7222969,58.704321],[14.7220582,58.7046186],[14.7225675,58.7045855],[14.7246365,58.7049906],[14.7258302,58.7056272],[14.7274218,58.7061729],[14.7274377,58.7064705],[14.7271512,58.7067846],[14.7273899,58.7070078],[14.7292362,58.7070243],[14.7291248,58.7080825],[14.7293317,58.7086363],[14.7308914,58.7078841],[14.7311301,58.708314],[14.7307163,58.7085619],[14.7312256,58.7090249],[14.731162,58.7093721],[14.7313529,58.709587],[14.7310346,58.7097275],[14.7310346,58.7099176],[14.7317827,58.709992],[14.7321806,58.7093803],[14.7322761,58.7090001],[14.7328013,58.7089505],[14.7324511,58.7087355],[14.7326421,58.7083057],[14.7328809,58.7082809],[14.7355388,58.7092233],[14.7353637,58.7096531],[14.7356661,58.7100995],[14.7349181,58.7100664],[14.7348226,58.7103805],[14.7353,58.7104301],[14.7360453,58.7106269],[14.7376831,58.7115466],[14.738515,58.7126205],[14.7394063,58.7123974],[14.7392645,58.7106938],[14.7402976,58.7106037],[14.7409342,58.7108104],[14.7425953,58.7116817],[14.7429112,58.7125247],[14.7441333,58.7130008],[14.745693,58.7129429],[14.7460448,58.7134655],[14.7466381,58.7132686],[14.7475611,58.7138421],[14.7482533,58.7139106],[14.7487147,58.7143898],[14.7491762,58.7143984],[14.7499673,58.7148948],[14.7500662,58.71522],[14.7510544,58.7154637],[14.7510292,58.716639],[14.7511623,58.7168061],[14.751197,58.7170124],[14.750474,58.7169733],[14.750518,58.717263],[14.7503855,58.717446],[14.7508919,58.7176253],[14.7512154,58.7178331],[14.7512256,58.7181267],[14.7532726,58.7187457],[14.7538858,58.718612],[14.7543804,58.7187117],[14.7548068,58.7193969],[14.7556222,58.7198269],[14.755936,58.7198423],[14.7566769,58.7196807],[14.7569655,58.719391],[14.7566125,58.7190732],[14.7562853,58.7187401],[14.7554747,58.7181599],[14.7556775,58.7175201],[14.7562338,58.7169178],[14.7567386,58.7166891],[14.75659,58.7164496],[14.7570588,58.7152584],[14.7569151,58.7151077],[14.7570368,58.7149344],[14.7573925,58.7149127],[14.7566098,58.714026],[14.7567182,58.7134973],[14.7573633,58.7135193],[14.7575861,58.713804],[14.7578249,58.7135351],[14.7582079,58.7135753],[14.7582068,58.7140494],[14.7594551,58.7143046],[14.7597206,58.7140622],[14.7603665,58.7142207],[14.7604502,58.7145673],[14.7616213,58.7142934],[14.7624801,58.7149843],[14.7633041,58.715391],[14.7642461,58.7161111],[14.7649349,58.7159484],[14.7654928,58.716178],[14.7665871,58.7163897],[14.7684269,58.7162611],[14.769677,58.716378],[14.7709237,58.7166501],[14.7712933,58.7174187],[14.7715352,58.7175811],[14.7717407,58.7172794],[14.7718802,58.7164381],[14.772135,58.71592],[14.7733581,58.7164883],[14.7738537,58.7168117],[14.7740635,58.7174919],[14.77427,58.717776],[14.7751095,58.7171401],[14.7755151,58.716929],[14.7765354,58.7171735],[14.7771555,58.7177755],[14.7773599,58.7181719],[14.7787751,58.7180156],[14.779165,58.7181652],[14.7793362,58.7184939],[14.779613,58.7186278],[14.7799788,58.7184161],[14.7804308,58.7184543],[14.7806357,58.7192069],[14.7805464,58.7195757],[14.7822099,58.7202539],[14.7824658,58.7202885],[14.7826294,58.7200542],[14.7828332,58.7199147],[14.7838457,58.7199175],[14.7840933,58.7202286],[14.7838299,58.7207726],[14.784604,58.7210901],[14.7853406,58.7212797],[14.7859454,58.721585],[14.7869515,58.7231965],[14.7877326,58.7235535],[14.7880008,58.7235532],[14.7882078,58.723285],[14.7884112,58.7231341],[14.7885817,58.7229567],[14.7896133,58.7232285],[14.7897217,58.7235577],[14.7902243,58.7239206],[14.7900505,58.7241671],[14.7893869,58.7243383],[14.7893017,58.725034],[14.7897861,58.725017],[14.7897303,58.7255746],[14.7891536,58.7256517],[14.789351,58.7258213],[14.789844,58.725826],[14.7900414,58.7259864],[14.7905677,58.7258812],[14.790815,58.7253729],[14.7915029,58.7254173],[14.7915767,58.7259803],[14.7913627,58.7262371],[14.7917175,58.7268431],[14.7922424,58.7273507],[14.7931871,58.7272555],[14.7933255,58.7276236],[14.7941634,58.7277517],[14.7943882,58.7274838],[14.7950748,58.7277019],[14.7954611,58.7291496],[14.7967797,58.7305254],[14.7970575,58.731177],[14.8007021,58.7341918],[14.8012012,58.7354106],[14.8027533,58.7358911],[14.8032577,58.7356541],[14.8038403,58.7362276],[14.8047479,58.7360843],[14.8055866,58.7365189],[14.8056024,58.7370312],[14.8058777,58.7378439],[14.8052213,58.737996],[14.8043899,58.737948],[14.8041474,58.7381338],[14.804159,58.7383735],[14.804273,58.7389539],[14.8046356,58.7392916],[14.8049453,58.7392124],[14.8051751,58.7392903],[14.8054407,58.7397038],[14.8059719,58.7399195],[14.8060184,58.740345],[14.8054549,58.7406514],[14.8047991,58.7414774],[14.803018,58.7433757],[14.8031469,58.7438202],[14.8042438,58.7452625],[14.8048134,58.7465156],[14.8048167,58.7470869],[14.8047735,58.7473617],[14.8043322,58.7478521],[14.8039645,58.7480213],[14.8034745,58.7483079],[14.803223,58.7489228],[14.8020494,58.7494369],[14.8016685,58.749693],[14.8014218,58.7500297],[14.8012662,58.7502384],[14.8010999,58.7503803],[14.800955,58.7505557],[14.8009599,58.7506705],[14.800939,58.7509314],[14.8009121,58.7515352],[14.8007083,58.7518413],[14.8006332,58.7523367],[14.8009649,58.7528653],[14.8020232,58.753942],[14.8024598,58.7546166],[14.8024827,58.755171],[14.8024542,58.755972],[14.803094,58.7566283],[14.8034065,58.7569835],[14.8036639,58.7570724],[14.8045571,58.7569812],[14.8048805,58.7567376],[14.803957,58.7550957],[14.8041147,58.7548772],[14.8040435,58.754615],[14.8034557,58.7542577],[14.8034443,58.7536415],[14.8032725,58.7533384],[14.803017,58.7531398],[14.8030418,58.7528904],[14.8028342,58.7525295],[14.8025102,58.7523101],[14.8030493,58.7511929],[14.8031974,58.7512236],[14.8032081,58.7516577],[14.8034871,58.7517467],[14.80395,58.7511659],[14.8040782,58.7508593],[14.8044708,58.7506496],[14.8044592,58.750434],[14.8047357,58.7502017],[14.805278,58.7500171],[14.8055216,58.7500926],[14.8057179,58.7503262],[14.8065928,58.7503088],[14.8076,58.7501824],[14.8082005,58.7499787],[14.8089213,58.7495017],[14.8088356,58.7482595],[14.8078672,58.7476922],[14.8080504,58.746588],[14.8082582,58.7463604],[14.8081543,58.7458452],[14.8078541,58.7456954],[14.8081197,58.7451861],[14.8079807,58.7448151],[14.8085123,58.7443953],[14.8088271,58.7437617],[14.8094707,58.7436104],[14.8096785,58.7433947],[14.8093898,58.743179],[14.8098402,58.7430412],[14.8101788,58.7425873],[14.8104868,58.7426997],[14.8106138,58.7428854],[14.8110757,58.7429454],[14.8117686,58.7428435],[14.8114221,58.74252],[14.8116762,58.7422563],[14.811884,58.7422324],[14.8121612,58.742478],[14.8129191,58.742261],[14.8132466,58.7428555],[14.8133852,58.7426158],[14.8138701,58.7426997],[14.8140087,58.7429034],[14.8148978,58.7433588],[14.8154752,58.7436284],[14.81639,58.7437008],[14.8172419,58.7443833],[14.8172419,58.7446889],[14.8176345,58.7447428],[14.8181443,58.7446256],[14.8185152,58.7443529],[14.8190202,58.744593],[14.8195051,58.7445091],[14.8201518,58.7446289],[14.8202557,58.7443653],[14.8206635,58.7443146],[14.8210178,58.744587],[14.8220163,58.7450552],[14.8222418,58.7449764],[14.8222764,58.7446948],[14.8226806,58.7447308],[14.8228192,58.7444372],[14.8225651,58.7442994],[14.8218607,58.74391],[14.8217568,58.7440418],[14.8215143,58.7440238],[14.8213989,58.7436404],[14.821045,58.7434123],[14.8214335,58.7432569],[14.8221494,58.7434726],[14.822646,58.743886],[14.8224497,58.7440837],[14.8228192,58.7441796],[14.8231078,58.7443533],[14.8234842,58.7442495],[14.8241009,58.7442155],[14.8241817,58.7444192],[14.8247762,58.7445367],[14.8244704,58.7447068],[14.8250561,58.7450904],[14.8255507,58.7456415],[14.8258991,58.7458878],[14.8260206,58.7460707],[14.826341,58.7461806],[14.8264103,58.7464023],[14.82688,58.746583],[14.8265224,58.746785],[14.8269873,58.7476512],[14.8265915,58.7477727],[14.8261794,58.7475945],[14.8257186,58.7476638],[14.8251748,58.7477862],[14.8245839,58.7478395],[14.8240316,58.7475466],[14.8238416,58.747196],[14.8231877,58.7469819],[14.8230766,58.7473721],[14.8223798,58.7475725],[14.8218838,58.7474867],[14.8213411,58.7472111],[14.8210294,58.747295],[14.8214335,58.747912],[14.821318,58.7480738],[14.8216298,58.7482774],[14.8216183,58.748559],[14.821904,58.7487653],[14.8214829,58.7488646],[14.8215751,58.749148],[14.8219286,58.7492985],[14.8216771,58.7496272],[14.8220418,58.7500276],[14.8214078,58.7505678],[14.8212586,58.7508792],[14.8215677,58.7512087],[14.8222368,58.7514562],[14.8219095,58.7515551],[14.8222065,58.7517447],[14.8230029,58.7523677],[14.8227955,58.7528685],[14.8220109,58.7528959],[14.8217415,58.7526438],[14.8215952,58.7523688],[14.821064,58.7525545],[14.8213296,58.7529498],[14.8217337,58.7530097],[14.8218568,58.7533823],[14.8219643,58.754072],[14.8224029,58.7546226],[14.8221958,58.7551873],[14.8216556,58.7553039],[14.8216221,58.7557108],[14.8216926,58.7558824],[14.8213064,58.7561548],[14.8209947,58.7564178],[14.8208998,58.7568039],[14.8211907,58.7568231],[14.8213376,58.756984],[14.8211411,58.7572235],[14.8211254,58.7575092],[14.8215662,58.7581118],[14.8212259,58.7586867],[14.820801,58.7594201],[14.8205184,58.7603667],[14.8207062,58.7605954],[14.8213955,58.760609],[14.8214819,58.760299],[14.8220455,58.7601076],[14.8221829,58.7604317],[14.8217513,58.7609553],[14.8219963,58.761256],[14.8215472,58.7617175],[14.8216386,58.7619157],[14.8211261,58.7617828],[14.8207389,58.7618657],[14.8204531,58.7620563],[14.8204748,58.7627172],[14.8208123,58.7629751],[14.8215255,58.7630007],[14.8218281,58.762704],[14.8223474,58.7628185],[14.8225417,58.7626906],[14.822798,58.7627639],[14.822775,58.7630333],[14.8230454,58.7631507],[14.8234088,58.7626575],[14.8236607,58.7626153],[14.8237218,58.7631711],[14.8238604,58.7636621],[14.8233451,58.764124],[14.8227107,58.7642546],[14.8221146,58.7646768],[14.82132,58.7644645],[14.8211182,58.7641255],[14.8203039,58.7641531],[14.8192987,58.7643907],[14.8187333,58.7656669],[14.8178131,58.7666035],[14.8172198,58.7667147],[14.8163258,58.7653522],[14.8169412,58.7639675],[14.8167243,58.7635962],[14.8157719,58.7633213],[14.8155695,58.7630094],[14.8159258,58.7626444],[14.8164065,58.7626144],[14.8167106,58.7619626],[14.8168062,58.7608178],[14.8172901,58.760105],[14.8175411,58.7595127],[14.8181263,58.758943],[14.8182744,58.758675],[14.8182369,58.7582425],[14.818062,58.7577466],[14.8179483,58.7575179],[14.8175615,58.7574294],[14.8172192,58.7574789],[14.8162892,58.7569446],[14.8158091,58.7569306],[14.8152083,58.7569306],[14.8148435,58.7569244],[14.8145726,58.7569216],[14.8143406,58.7569821],[14.8139946,58.7569967],[14.8137465,58.7569696],[14.8134957,58.7569619],[14.8131591,58.7570016],[14.8128305,58.7570106],[14.8127031,58.7570322],[14.8125891,58.7570628],[14.8126146,58.7571157],[14.8126361,58.7572124],[14.8124135,58.7573014],[14.8121734,58.7573174],[14.8119012,58.7573285],[14.8116396,58.7573473],[14.8115592,58.757453],[14.8115082,58.7575316],[14.8112856,58.7575734],[14.8112239,58.7576408],[14.8111904,58.7576923],[14.8111729,58.7577514],[14.8111542,58.7578405],[14.8109758,58.7578808],[14.8107558,58.7578947],[14.8105198,58.7579643],[14.8102435,58.7581048],[14.8101006,58.7582199],[14.8100021,58.7583134],[14.8099512,58.7585305],[14.809911,58.7587711],[14.8097393,58.7588629],[14.8095971,58.7589784],[14.8090691,58.7594716],[14.8090009,58.7597654],[14.8091493,58.7601769],[14.8095881,58.7603566],[14.810583,58.7605606],[14.8110594,58.7608172],[14.812013,58.7618237],[14.8131292,58.7626417],[14.8128791,58.7634405],[14.8133409,58.7634884],[14.8134449,58.763692],[14.8135387,58.7639828],[14.8134647,58.7643503],[14.8129137,58.7643327],[14.8125096,58.764201],[14.8119784,58.7645124],[14.8115217,58.7646338],[14.8114396,58.7643511],[14.8112733,58.7643383],[14.8110893,58.7643507],[14.8110271,58.7645389],[14.8107313,58.76471],[14.810535,58.7646321],[14.8103387,58.7647699],[14.8100731,58.7647758],[14.8099821,58.764646],[14.809627,58.7646733],[14.8095188,58.7647579],[14.8093687,58.7648836],[14.8091147,58.7648836],[14.8093687,58.765171],[14.8090916,58.7652908],[14.8089061,58.7650487],[14.8078637,58.7644411],[14.8081794,58.7638896],[14.8078676,58.7635363],[14.80796,58.7630693],[14.808572,58.7626381],[14.8080293,58.7619854],[14.8075674,58.7619854],[14.807071,58.7618483],[14.8065281,58.7612009],[14.805956,58.7607058],[14.8058122,58.7602787],[14.8054601,58.7600793],[14.8050434,58.7599708],[14.8048852,58.7599197],[14.8047486,58.7598615],[14.8046277,58.7597918],[14.8043769,58.7599083],[14.8039226,58.7600698],[14.8037554,58.7602927],[14.8035822,58.7605236],[14.801967,58.7609973],[14.8014084,58.761461],[14.80154,58.7620288],[14.801063,58.7629682],[14.8014589,58.7636022],[14.8019254,58.7640056],[14.8019093,58.7641061],[14.8017938,58.7644705],[14.8022095,58.76471],[14.8022092,58.7649515],[14.8027176,58.7650692],[14.8027522,58.7652489],[14.8029716,58.7652668],[14.8030249,58.7655577],[14.8026021,58.7654704],[14.8020862,58.7663532],[14.8023034,58.7667391],[14.8025328,58.7671469],[14.8027711,58.7673251],[14.8032169,58.7674008],[14.8036067,58.7684641],[14.8040224,58.7691946],[14.804091,58.7695735],[14.8043479,58.7700152],[14.8043834,58.7706187],[14.8045223,58.770953],[14.8049306,58.7711194],[14.8061209,58.7712918],[14.8074059,58.7713656],[14.8083675,58.7710487],[14.8085407,58.7705833],[14.8086875,58.7700567],[14.8082637,58.7695695],[14.8082275,58.7691586],[14.8080506,58.7688296],[14.808192,58.7688455],[14.8084229,58.7690988],[14.8087105,58.7691886],[14.809283,58.7692217],[14.8103387,58.7692365],[14.8108103,58.7690815],[14.8111905,58.7692885],[14.810893,58.7698471],[14.8112098,58.7701449],[14.8111232,58.7711174],[14.8107547,58.7712643],[14.810408,58.7716013],[14.8105234,58.7719066],[14.8109062,58.7719005],[14.8105234,58.772164],[14.8107659,58.7725232],[14.8111124,58.7727507],[14.8115492,58.7729051],[14.8114644,58.7733331],[14.8110245,58.7742064],[14.8109045,58.7746723],[14.8113087,58.7749237],[14.8117678,58.7750023],[14.8117107,58.7751434],[14.8117697,58.7752838],[14.8114157,58.7753478],[14.8111984,58.7755049],[14.8111689,58.7757037],[14.8111877,58.7758219],[14.811354,58.7759943],[14.8117805,58.7761042],[14.8120835,58.7760625],[14.8123249,58.7761626],[14.8123947,58.77636],[14.8128292,58.7764128],[14.8127729,58.7765727],[14.8124188,58.7765547],[14.8122257,58.7766409],[14.8117268,58.7767187],[14.8115686,58.776887],[14.8114318,58.7771873],[14.8114819,58.7776771],[14.8119668,58.77815],[14.8116295,58.7783408],[14.8121213,58.7788713],[14.8112069,58.7796],[14.8103971,58.7806221],[14.8104433,58.7817473],[14.810872,58.7825057],[14.8121825,58.7831641],[14.8128581,58.7833256],[14.813141,58.783562],[14.8138223,58.7837954],[14.8146421,58.7837206],[14.8152913,58.7839103],[14.8152253,58.7840587],[14.8153482,58.7842012],[14.8158488,58.7844746],[14.817373,58.7847589],[14.8184222,58.7845876],[14.8189723,58.7849773],[14.8192379,58.7850043],[14.8193822,58.7848756],[14.8202815,58.7848858],[14.8210161,58.7852257],[14.8215184,58.7853723],[14.8219053,58.7857672],[14.8223094,58.7857523],[14.822778,58.7857513],[14.8231466,58.7856236],[14.8235854,58.7855578],[14.8241047,58.7858796],[14.8249595,58.785869],[14.8251731,58.7859558],[14.8255368,58.7857613],[14.8255715,58.7854232],[14.8260911,58.7851598],[14.8261258,58.7848876],[14.8263878,58.7846289],[14.8266281,58.7847439],[14.8267435,58.7851868],[14.8272978,58.7853513],[14.8283139,58.7850551],[14.828464,58.7847888],[14.8280476,58.7840545],[14.8282216,58.7839719],[14.8281407,58.7836069],[14.8285608,58.7835263],[14.8286603,58.7838044],[14.8290703,58.7837386],[14.8294051,58.7838463],[14.8297203,58.7837789],[14.8303375,58.7838178],[14.8305714,58.7841216],[14.8308428,58.7842383],[14.8309066,58.784641],[14.8329185,58.785521],[14.8343473,58.7859528],[14.8347168,58.7859288],[14.8351729,58.7855758],[14.8352307,58.7850551],[14.835017,58.7848816],[14.8352307,58.7848324],[14.8354674,58.7849534],[14.8359581,58.7850372],[14.8357214,58.7847888],[14.8357561,58.7846811],[14.8359004,58.7846243],[14.8362468,58.7847918],[14.8361633,58.7845388],[14.8364489,58.7846542],[14.836599,58.7851748],[14.8369454,58.7852795],[14.8369165,58.785465],[14.8372052,58.7856476],[14.8374271,58.7856714],[14.8375747,58.7858151],[14.8381925,58.786225],[14.8383539,58.7865168],[14.8385851,58.7865691],[14.8386903,58.7868791],[14.8384292,58.7870867],[14.8383946,58.7874667],[14.8387352,58.7876343],[14.8390572,58.7876368],[14.8391798,58.7879215],[14.8398553,58.7881848],[14.84045,58.7881728],[14.8407386,58.7882087],[14.8407966,58.7880582],[14.8410793,58.7880591],[14.8413622,58.7883015],[14.8416504,58.7881907],[14.8420598,58.7883121],[14.8418241,58.7884271],[14.8410504,58.7884092],[14.8413853,58.7887472],[14.8416971,58.7889956],[14.841622,58.7892409],[14.8412117,58.7893975],[14.8406924,58.7894867],[14.8416173,58.789824],[14.8419059,58.7901729],[14.8417248,58.7904104],[14.8420813,58.7907212],[14.8420304,58.7910823],[14.8426439,58.7916701],[14.8436428,58.79173],[14.8441046,58.7914488],[14.8439929,58.791005],[14.8440931,58.7908983],[14.8438679,58.790662],[14.8440469,58.790632],[14.8443067,58.7908684],[14.8447989,58.79069],[14.8450342,58.7910838],[14.8448552,58.7911795],[14.8449187,58.7912723],[14.8453811,58.7913495],[14.8462062,58.7919992],[14.8463967,58.7920082],[14.8463736,58.7918437],[14.846593,58.7919154],[14.8468077,58.792129],[14.8465988,58.7926304],[14.8466277,58.7930672],[14.8468817,58.793133],[14.8469519,58.7932363],[14.8469221,58.7935997],[14.8474879,58.7936984],[14.8478228,58.7938719],[14.8480826,58.7938539],[14.8483828,58.7939616],[14.8487755,58.7938479],[14.8489797,58.7938945],[14.8493355,58.7938061],[14.8493355,58.7935997],[14.8491854,58.7934561],[14.8491911,58.7932945],[14.8489891,58.7932287],[14.8490235,58.7930009],[14.8495087,58.7928668],[14.849987,58.7931094],[14.8500052,58.7932377],[14.8504729,58.793492],[14.8507904,58.7935697],[14.8516525,58.7942003],[14.8514921,58.7945288],[14.8515897,58.7947904],[14.8509245,58.7947626],[14.850689,58.7948018],[14.8503339,58.7948626],[14.8501097,58.794924],[14.8498511,58.7950461],[14.8498046,58.7951958],[14.8495838,58.7952688],[14.8491045,58.7951671],[14.8483694,58.7951138],[14.8477427,58.7949672],[14.8467951,58.7951522],[14.8462404,58.7954625],[14.846212,58.7957026],[14.8464314,58.7958641],[14.8463405,58.7960856],[14.846645,58.7961303],[14.8467893,58.796244],[14.8469972,58.7961782],[14.8470896,58.7962709],[14.8474013,58.796226],[14.8479779,58.796183],[14.8487581,58.7961423],[14.8494008,58.7960322],[14.8502073,58.7959359],[14.8506643,58.7957955],[14.8511426,58.7958073],[14.8514371,58.795894],[14.8518026,58.7958762],[14.8521588,58.7957714],[14.8525456,58.7957684],[14.8526553,58.7956637],[14.8524821,58.795568],[14.852713,58.7954962],[14.8530891,58.7955621],[14.8530999,58.7959628],[14.8529555,58.7961333],[14.8532153,58.7962948],[14.8536137,58.7964085],[14.8543931,58.7964533],[14.8543238,58.7960914],[14.855003,58.7962382],[14.8554035,58.7962829],[14.8557037,58.7966298],[14.8558308,58.7970067],[14.8561241,58.7971921],[14.8561252,58.7977664],[14.855943,58.7981701],[14.8554199,58.7983811],[14.8547165,58.798257],[14.8545202,58.7983706],[14.8545779,58.7985531],[14.8542199,58.7986219],[14.8539995,58.7987592],[14.8539587,58.7993704],[14.8548175,58.7997984],[14.8547971,58.8001818],[14.8543873,58.7999287],[14.8541261,58.7999943],[14.8540771,58.8001592],[14.8537668,58.8002227],[14.853677,58.8003411],[14.8540362,58.8003496],[14.8542617,58.80046],[14.8537505,58.8005526],[14.8537323,58.8006754],[14.8534458,58.8007432],[14.8533707,58.8007601],[14.8531443,58.8008649],[14.8523208,58.8009748],[14.8520766,58.8012209],[14.8520276,58.80161],[14.8522563,58.8019018],[14.8521097,58.8025597],[14.8519656,58.8026004],[14.8515084,58.802556],[14.8511981,58.8027611],[14.8511654,58.8030466],[14.8509899,58.8031967],[14.8508997,58.8034021],[14.8509368,58.8037021],[14.8512593,58.8038882],[14.8515573,58.8038226],[14.852342,58.8041859],[14.8521977,58.8044281],[14.852648,58.8048318],[14.8527808,58.8048289],[14.8527372,58.8046727],[14.8528963,58.8046943],[14.853081,58.8048438],[14.8532427,58.8050621],[14.8534506,58.8051309],[14.8534679,58.8052356],[14.8535545,58.8052894],[14.8536411,58.8051638],[14.8538316,58.8052146],[14.8538547,58.8053402],[14.8540626,58.8055765],[14.8543686,58.8056333],[14.8545604,58.8057793],[14.8548186,58.8062446],[14.8542242,58.8069759],[14.854516,58.8070995],[14.8545013,58.8071942],[14.8543281,58.8073078],[14.8544609,58.8075351],[14.855275,58.8076278],[14.85557,58.807606],[14.8561757,58.8077414],[14.8568223,58.8077594],[14.857282,58.8075701],[14.8575613,58.8074454],[14.8579089,58.8068359],[14.8578904,58.8064616],[14.8579897,58.8061238],[14.858156,58.8058785],[14.8581329,58.8050621],[14.8582599,58.8049216],[14.8581387,58.804772],[14.8582031,58.8045585],[14.8589972,58.8042379],[14.8591202,58.8044132],[14.8593685,58.8044192],[14.8595359,58.8046076],[14.8603962,58.8046434],[14.8607647,58.8045784],[14.8611005,58.8046076],[14.8615797,58.8045089],[14.8622318,58.8045251],[14.86244,58.8046763],[14.8630693,58.8048468],[14.8634619,58.805089],[14.8640855,58.8051608],[14.8643799,58.8051279],[14.8647032,58.8051668],[14.8652229,58.8054568],[14.8658193,58.8055338],[14.8659215,58.8051548],[14.8663314,58.805083],[14.8663545,58.8052116],[14.866493,58.805083],[14.8666374,58.8050322],[14.8669203,58.8050621],[14.8672112,58.8050225],[14.8673879,58.8051757],[14.8673937,58.8053462],[14.8679364,58.8056393],[14.868687,58.8056991],[14.8693683,58.8059532],[14.8695588,58.8057499],[14.8697034,58.8057383],[14.8696627,58.8058785],[14.8695299,58.8059532],[14.8698372,58.8061571],[14.87009,58.8066978],[14.870575,58.807275],[14.8709271,58.8076607],[14.871313,58.8078553],[14.8719525,58.8077949],[14.8719101,58.8079844],[14.8721135,58.8081839],[14.8717701,58.8082561],[14.8713823,58.8083831],[14.8710518,58.8086565],[14.8709011,58.8089118],[14.870083,58.809561],[14.8696893,58.8103067],[14.869486,58.8111126],[14.8692242,58.8114729],[14.8692059,58.8118565],[14.869247,58.8121308],[14.8698583,58.8124335],[14.8698872,58.8130456],[14.8714488,58.8129905],[14.8723822,58.8133347],[14.8730634,58.8136824],[14.8733698,58.8138572],[14.8742816,58.81411],[14.8750726,58.8142056],[14.8758041,58.8142161],[14.8773544,58.8141951],[14.8779478,58.8139605],[14.8782543,58.8137123],[14.8785194,58.8136376],[14.8784674,58.8131592],[14.8787063,58.8130302],[14.8790275,58.812947],[14.8791854,58.8128922],[14.8797288,58.8129899],[14.8799801,58.8132071],[14.8808808,58.8135539],[14.8813657,58.8135628],[14.8816066,58.8134641],[14.8821279,58.8136735],[14.882683,58.8137758],[14.8837156,58.8136376],[14.8849627,58.8135778],[14.8865183,58.8137242],[14.8872202,58.8139738],[14.8875839,58.8140113],[14.8877917,58.8142863],[14.8883934,58.8144503],[14.888958,58.8144956],[14.8897166,58.8146874],[14.8900838,58.814669],[14.8904938,58.8145195],[14.8905762,58.8143704],[14.8904995,58.8140681],[14.8900721,58.8138874],[14.8895382,58.8137627],[14.8887957,58.8134619],[14.8879165,58.8132347],[14.8871987,58.8130127],[14.8867088,58.8128003],[14.8865539,58.8124118],[14.8857537,58.8119723],[14.885476,58.8116831],[14.885032,58.8113863],[14.884732,58.8110871],[14.8841775,58.8110036],[14.8833172,58.8109288],[14.8831671,58.8108272],[14.8825205,58.8108361],[14.8822895,58.8110365],[14.8819936,58.8112957],[14.881822,58.8115837],[14.8814239,58.8119277],[14.8804396,58.8119124],[14.8797202,58.8117621],[14.8785803,58.8116562],[14.8782492,58.8113591],[14.8782192,58.8111172],[14.8775206,58.8105641],[14.8771164,58.810277],[14.8767353,58.8098371],[14.8768624,58.8096162],[14.8765143,58.8090997],[14.876297,58.8083148],[14.876337,58.8081601],[14.8766141,58.8080315],[14.876285,58.807577],[14.8764755,58.8070148],[14.8766659,58.8066951],[14.8769836,58.8066261],[14.8772088,58.8066948],[14.8774513,58.8066171],[14.8776245,58.8066799],[14.8779363,58.80665],[14.8782423,58.8065035],[14.8783231,58.8061117],[14.8783981,58.8059174],[14.8776533,58.8055017],[14.8775148,58.8052894],[14.8773589,58.8047989],[14.8772146,58.8047122],[14.8771235,58.8046075],[14.8770712,58.804332],[14.8771978,58.8040275],[14.8773407,58.8039979],[14.8774468,58.8040592],[14.8776755,58.804036],[14.8777775,58.8039514],[14.8777775,58.8038435],[14.8778796,58.8036151],[14.8777857,58.8035073],[14.8775856,58.8035094],[14.8775466,58.8033491],[14.8779326,58.8028327],[14.8779,58.8025642],[14.8779367,58.8023865],[14.878096,58.8022216],[14.8780837,58.8020989],[14.8778722,58.8020266],[14.8777898,58.8018959],[14.8780755,58.8016548],[14.8780592,58.8015258],[14.8781187,58.8014001],[14.8783654,58.8012171],[14.8784971,58.8010307],[14.8785981,58.801124],[14.8786883,58.8011446],[14.8789329,58.8010923],[14.8789917,58.8009473],[14.8788553,58.8008956],[14.8787983,58.800839],[14.878937,58.8008322],[14.8790991,58.8008703],[14.8793416,58.8008344],[14.8794944,58.8008542],[14.8794974,58.80096],[14.8796707,58.800975],[14.8798836,58.8009381],[14.8797457,58.8008255],[14.8798481,58.8006266],[14.8801441,58.8005144],[14.8805943,58.8005574],[14.8807676,58.8006759],[14.8808317,58.8008797],[14.8809928,58.8010169],[14.8810274,58.8011933],[14.8811604,58.8014493],[14.8813986,58.801937],[14.8820734,58.8021829],[14.8824111,58.8023863],[14.8824814,58.8020453],[14.8833004,58.8017299],[14.8839078,58.802563],[14.8833771,58.8030342],[14.8835062,58.8035913],[14.8841968,58.8036796],[14.8844099,58.8039089],[14.8858185,58.8041441],[14.886428,58.8033332],[14.886033,58.8028729],[14.8862297,58.8023973],[14.8865821,58.8022051],[14.8872789,58.8027879],[14.8874265,58.8023973],[14.8878432,58.8022805],[14.888279,58.8025332],[14.8885577,58.802185],[14.8890003,58.8023463],[14.8891197,58.8021522],[14.8897662,58.8022211],[14.8898529,58.8024652],[14.8894102,58.8026436],[14.8895741,58.8035437],[14.889213,58.8039657],[14.8901643,58.8044014],[14.8908365,58.8044693],[14.8911442,58.8041492],[14.8922681,58.8037266],[14.8932182,58.8037162],[14.8939247,58.8034509],[14.895572,58.8038477],[14.8961158,58.8046754],[14.895801,58.8048611],[14.8958136,58.8052593],[14.8968023,58.8055087],[14.8974296,58.8062844],[14.8979507,58.8070089],[14.8990182,58.8078733],[14.9001372,58.8078171],[14.9008077,58.8072573],[14.9014713,58.807124],[14.9024648,58.8075618],[14.9033322,58.8073118],[14.9040376,58.8073465],[14.9038692,58.8079505],[14.9043354,58.8083065],[14.9048697,58.8083956],[14.9053299,58.8083567],[14.9055982,58.8080672],[14.9061335,58.8079066],[14.9063277,58.8074729],[14.9068438,58.807262],[14.9071592,58.8075576],[14.9079851,58.8082139],[14.9087213,58.8089346],[14.9089557,58.8091568],[14.9091585,58.809289],[14.9094283,58.8091621],[14.9100235,58.8092009],[14.9104814,58.8097008],[14.9101633,58.8100355],[14.909504,58.8104789],[14.9099688,58.8110158],[14.9108869,58.811211],[14.911636,58.8108318],[14.9125537,58.8103408],[14.9127558,58.8105828],[14.9125263,58.8109903],[14.9129198,58.8111431],[14.9132162,58.8109012],[14.9132596,58.8106348],[14.913206,58.8101347],[14.913788,58.8103017],[14.9136903,58.8108205],[14.9139526,58.8109054],[14.9143953,58.8106762],[14.9151602,58.8114404],[14.9150615,58.8121457],[14.9148684,58.812468],[14.9155336,58.8132124],[14.9164702,58.8135188],[14.9165512,58.8140788],[14.9173463,58.814471],[14.9177641,58.8141344],[14.918248,58.8137749],[14.9188477,58.8129069],[14.919316,58.8131169],[14.9195231,58.8130235],[14.9192871,58.8127727],[14.9196679,58.8126685],[14.9196116,58.8122118],[14.9197071,58.8120791],[14.9199318,58.8116011],[14.9204989,58.8109567],[14.9213953,58.8108742],[14.9217349,58.8112012],[14.9219897,58.8111618],[14.9230196,58.8118399],[14.923165,58.8124243],[14.9226452,58.8125007],[14.9227776,58.8131248],[14.9222237,58.8133253],[14.9201661,58.814106],[14.9201252,58.8147524],[14.9196548,58.8165244],[14.9195625,58.8185861],[14.9203318,58.8200323],[14.9224858,58.8221247],[14.9226898,58.8230961],[14.9221752,58.8241129],[14.9224186,58.8250635],[14.921655,58.8266789],[14.921228,58.8285133],[14.9214511,58.8296733],[14.9220807,58.8308878],[14.9236201,58.8327375],[14.9252185,58.8354202],[14.9254541,58.8355915],[14.9255531,58.8358742],[14.9259218,58.8363477],[14.926922,58.8374677],[14.9275775,58.83801],[14.9280759,58.8386636],[14.9280861,58.8388014],[14.9281886,58.8389127],[14.9283251,58.8389939],[14.9286221,58.8391247],[14.928728,58.8391264],[14.9287689,58.8391865],[14.9286904,58.8392165],[14.9287348,58.8393101],[14.9289499,58.8395504],[14.9292776,58.8399054],[14.9293595,58.8400927],[14.9302027,58.840967],[14.9307319,58.8413592],[14.9315922,58.842154],[14.9320462,58.8424667],[14.932746,58.8426945],[14.9328758,58.8427846],[14.9333879,58.8429259],[14.9336473,58.8429082],[14.9340877,58.843016],[14.934569,58.8431926],[14.9353269,58.8436324],[14.9359755,58.8440051],[14.9366242,58.8443459],[14.9373479,58.8446497],[14.9375971,58.8450136],[14.937604,58.8453068],[14.937464,58.8456211],[14.9370364,58.8461014],[14.9367154,58.8463649],[14.9364185,58.8464848],[14.9362688,58.8467533],[14.9363605,58.8468232],[14.9365126,58.8469319],[14.936445,58.847108],[14.9362978,58.8475051],[14.936276,58.8479896],[14.9363171,58.8483055],[14.9363461,58.8484441],[14.9362592,58.848574],[14.9362109,58.848624],[14.9363436,58.8487776],[14.9364619,58.8487763],[14.936573,58.84884],[14.9366043,58.8489037],[14.9366164,58.8489886],[14.9366671,58.8490535],[14.9366792,58.8491185],[14.9367323,58.8491609],[14.9367637,58.8492346],[14.9367492,58.8492771],[14.936795,58.849347],[14.9368578,58.8493869],[14.9370316,58.8494069],[14.9371354,58.8494294],[14.9372247,58.8494918],[14.9372851,58.849548],[14.9372465,58.8496055],[14.9371934,58.8496592],[14.9372344,58.8496891],[14.9373623,58.849779],[14.9374995,58.8498695],[14.9376061,58.8499926],[14.9377317,58.8501037],[14.9377727,58.8502011],[14.937862,58.8503197],[14.9380189,58.8503472],[14.9381444,58.850507],[14.9382096,58.8505919],[14.9382989,58.8506206],[14.9383593,58.8506506],[14.9385065,58.850713],[14.9386176,58.850733],[14.9386634,58.8507218],[14.9386779,58.8506868],[14.9387214,58.8506756],[14.9387672,58.8506793],[14.9387866,58.8506993],[14.9387721,58.8507243],[14.9387383,58.8507355],[14.9387093,58.8507692],[14.9387938,58.8508467],[14.9389169,58.8509003],[14.9391422,58.8509897],[14.9392388,58.8510322],[14.939543,58.8511096],[14.9397506,58.8511221],[14.9398906,58.851172],[14.9399388,58.8512619],[14.9413147,58.8517462],[14.9414765,58.8517015],[14.9420881,58.8513124],[14.9421524,58.8510372],[14.9420173,58.8506801],[14.9419352,58.8505003],[14.9418475,58.8503982],[14.9418531,58.8501531],[14.9420221,58.8498984],[14.9421621,58.8497535],[14.9422442,58.8496212],[14.9422538,58.8494963],[14.9422876,58.8492266],[14.9424421,58.8490717],[14.9424662,58.8489818],[14.9424904,58.8486597],[14.9425483,58.8484324],[14.9426207,58.8481377],[14.942838,58.8479354],[14.942978,58.8477905],[14.9431856,58.8476557],[14.9433932,58.8475757],[14.9435091,58.8474309],[14.9437456,58.847311],[14.9439967,58.8470687],[14.9441802,58.8469114],[14.9445809,58.8467465],[14.9447836,58.8465817],[14.9450926,58.8465517],[14.9455333,58.8463723],[14.9488258,58.8452645],[14.9500508,58.8447763],[14.9522808,58.8441871],[14.9531884,58.8434167],[14.9542345,58.8425055],[14.9560487,58.8413794],[14.9582725,58.8408643],[14.9596879,58.8404643],[14.9620456,58.8404901],[14.9632456,58.8408679],[14.9657159,58.8416345],[14.9660984,58.8421361],[14.9658908,58.8424056],[14.9659547,58.8428059],[14.9651693,58.8439665],[14.9641039,58.844692],[14.9638904,58.8450591],[14.9634511,58.845653],[14.9640401,58.8459525],[14.9644816,58.8467851],[14.9639441,58.8472291],[14.9636266,58.8476031],[14.9618831,58.8482278],[14.9611535,58.8484665],[14.9612141,58.8488694],[14.9615102,58.8497932],[14.960175,58.8504689],[14.960248,58.8511698],[14.9612265,58.8514187],[14.9636266,58.8516034],[14.9649547,58.8512148],[14.9667653,58.8516649],[14.9673172,58.8522154],[14.9680758,58.8521632],[14.9687016,58.852985],[14.9688692,58.8538946],[14.9708234,58.8542494],[14.9711914,58.8545963],[14.9722139,58.8549411],[14.9737674,58.8542519],[14.9757202,58.8537665],[14.9772639,58.8536625],[14.9776217,58.853893],[14.9775271,58.8542216],[14.9774121,58.8545572],[14.9775358,58.8550077],[14.9773873,58.8552245],[14.9774572,58.8555272],[14.9776263,58.8557861],[14.9776756,58.8559112],[14.978025,58.8559157],[14.978156,58.8560647],[14.9783743,58.8560964],[14.9787325,58.8560512],[14.9791218,58.8560347],[14.9793264,58.8559157],[14.9794929,58.8555738],[14.9794487,58.8551432],[14.9795164,58.8547425],[14.9795026,58.8544208],[14.9795921,58.8543905],[14.9795952,58.8542755],[14.9794836,58.8542261],[14.9794661,58.8537337],[14.9796508,58.8535823],[14.9797095,58.8533858],[14.9797867,58.8532932],[14.9797126,58.8531686],[14.9797558,58.8531207],[14.9796662,58.8530073],[14.9796673,58.8528854],[14.9796496,58.8526766],[14.9798833,58.8524743],[14.9799473,58.8524738],[14.9801562,58.8526043],[14.9802808,58.8526862],[14.9804881,58.8527082],[14.9808637,58.8526404],[14.9810121,58.8525501],[14.9813135,58.8525556],[14.9817633,58.8523964],[14.9819293,58.8521615],[14.9824029,58.8519773],[14.982759,58.8515335],[14.9830849,58.8513266],[14.9836047,58.8511979],[14.9837616,58.8512781],[14.9839669,58.8513142],[14.9840891,58.8514159],[14.9841583,58.8514055],[14.9842264,58.8514599],[14.9842324,58.8515716],[14.9843127,58.8516371],[14.9844053,58.8516627],[14.9844671,58.8517968],[14.9844671,58.8519055],[14.9844949,58.8519709],[14.9844547,58.852078],[14.9845385,58.8521332],[14.9845826,58.8522562],[14.9846307,58.8526606],[14.9846001,58.8528051],[14.9847224,58.8529542],[14.9847311,58.8531711],[14.9845739,58.8533179],[14.9844167,58.853659],[14.984504,58.853799],[14.9845626,58.8541143],[14.9846263,58.8543253],[14.9847617,58.8544089],[14.9849058,58.8544112],[14.9850144,58.8543832],[14.9852202,58.8543773],[14.9852465,58.8545309],[14.9851984,58.8546732],[14.9852683,58.8547048],[14.9853513,58.85475],[14.9853251,58.8548065],[14.9852246,58.8548539],[14.985356,58.8551242],[14.9854648,58.855213],[14.9857749,58.8553418],[14.9859976,58.855387],[14.9862775,58.8553456],[14.9864693,58.8552966],[14.9867007,58.8552334],[14.9867777,58.855113],[14.9868754,58.8550256],[14.987037,58.8549736],[14.9872772,58.8548968],[14.9875567,58.854896],[14.9876921,58.8550188],[14.9878799,58.8551408],[14.9880851,58.8552063],[14.9883734,58.8552514],[14.9885306,58.8554118],[14.9887039,58.8555151],[14.9887708,58.8556287],[14.9885699,58.8559562],[14.9886485,58.8561617],[14.9887621,58.8562588],[14.9887265,58.8565632],[14.988666,58.856688],[14.9885961,58.8568506],[14.9885524,58.8570742],[14.9885175,58.8573407],[14.9883865,58.8574265],[14.9883754,58.8575708],[14.9883384,58.8577382],[14.9880808,58.8579325],[14.9879017,58.858129],[14.9880546,58.8582374],[14.9881116,58.8585242],[14.9882118,58.8587094],[14.9882293,58.8589985],[14.9883515,58.8593531],[14.9885311,58.8595159],[14.9885874,58.8597031],[14.9885044,58.8600035],[14.9882817,58.860541],[14.9881594,58.861092],[14.9880135,58.8613232],[14.9878886,58.8617379],[14.9878144,58.8618915],[14.9877139,58.8620609],[14.9878449,58.862106],[14.9879367,58.8622551],[14.9881419,58.8622709],[14.9883214,58.862342],[14.9885655,58.8623364],[14.9886198,58.862419],[14.9888669,58.8626232],[14.9892425,58.8628467],[14.9895274,58.8629273],[14.9899412,58.8630613],[14.9902993,58.8631493],[14.9906138,58.8631403],[14.9909413,58.8630861],[14.9910024,58.8630116],[14.9913562,58.8630274],[14.9914392,58.8630899],[14.991461,58.863181],[14.9915789,58.8631922],[14.991758,58.8631945],[14.9918803,58.8631606],[14.9919763,58.863111],[14.9920416,58.8632036],[14.9921047,58.8632036],[14.9921903,58.8632464],[14.993138,58.8631426],[14.9933766,58.8632006],[14.9940289,58.8630116],[14.9940027,58.8629822],[14.9943619,58.862888],[14.9941989,58.8627511],[14.9943028,58.8626784],[14.994507,58.8627846],[14.9947038,58.8627919],[14.9947357,58.8627801],[14.9947652,58.8627693],[14.9947948,58.8627469],[14.9948312,58.8627193],[14.9947583,58.862655],[14.9942406,58.862443],[14.9947687,58.862166],[14.99473,58.8619604],[14.9946524,58.8618481],[14.9945135,58.8617225],[14.9943218,58.8618111],[14.9940662,58.8616736],[14.9943253,58.8615414],[14.9942537,58.8615027],[14.9944593,58.8613847],[14.9946388,58.8613388],[14.9947206,58.8612207],[14.9946388,58.8610092],[14.9945502,58.8608295],[14.9944411,58.8607413],[14.994315,58.8606761],[14.9941583,58.8606797],[14.9939913,58.8607026],[14.993838,58.8600296],[14.9936677,58.8598097],[14.9933841,58.8597013],[14.9930173,58.8596742],[14.9928601,58.8597306],[14.9926923,58.8598526],[14.9919633,58.8600695],[14.9913228,58.8599994],[14.9907886,58.8599339],[14.9905105,58.8596855],[14.9903819,58.8594369],[14.9901568,58.8588698],[14.9896138,58.8584881],[14.9893837,58.8582468],[14.9894711,58.8581045],[14.9896282,58.8580227],[14.9897331,58.8578245],[14.9899527,58.8574263],[14.9897681,58.8572169],[14.9897268,58.856997],[14.9897288,58.8566658],[14.989886,58.8564422],[14.9900882,58.8563419],[14.9903358,58.8561937],[14.990838,58.8556788],[14.9910433,58.8555229],[14.9912442,58.8554913],[14.9913082,58.8551446],[14.991491,58.854731],[14.9912675,58.8544151],[14.9912791,58.8543122],[14.9914077,58.8542493],[14.9916372,58.8542964],[14.9918338,58.8544387],[14.9919691,58.85452],[14.9921564,58.8545392],[14.9922731,58.8544298],[14.9922862,58.8543146],[14.9924563,58.8541669],[14.9923254,58.8540569],[14.9924827,58.8538289],[14.9926823,58.8536226],[14.992998,58.8536482],[14.993452,58.853744],[14.9938142,58.8540541],[14.9944904,58.8542459],[14.9953084,58.8542882],[14.9954876,58.8542183],[14.9962192,58.8542402],[14.996843,58.8541957],[14.9971388,58.8543064],[14.9973172,58.8542987],[14.9977794,58.8536651],[14.9959823,58.8531217],[14.9958063,58.8530951],[14.9951857,58.8529004],[14.9933494,58.8529778],[14.9933043,58.8529984],[14.9930481,58.8533062],[14.9930557,58.8533522],[14.9930012,58.8533666],[14.9927656,58.8533228],[14.9928653,58.8532192],[14.993018,58.853222],[14.9932059,58.8529872],[14.9935704,58.8527344],[14.9942123,58.8523439],[14.9949769,58.8519065],[14.9952462,58.8517408],[14.9953984,58.8515517],[14.9953612,58.8515157],[14.9953656,58.8514434],[14.9954748,58.8514072],[14.9956407,58.8514027],[14.9958591,58.8513869],[14.9960076,58.8513462],[14.99606,58.8512807],[14.9960207,58.8512152],[14.9958547,58.8511881],[14.9956888,58.8511836],[14.9954879,58.8511429],[14.9953852,58.850943],[14.9954835,58.8507792],[14.9956276,58.8507002],[14.9957019,58.8506369],[14.9957499,58.8505466],[14.9957237,58.8504517],[14.9956538,58.8503365],[14.9955403,58.8503229],[14.9953629,58.8503224],[14.9953306,58.85026],[14.9948825,58.8497365],[14.9945768,58.8492353],[14.9943759,58.8487567],[14.9941592,58.8483195],[14.9941409,58.8482007],[14.9942062,58.8481151],[14.9941671,58.8480183],[14.9941105,58.8478945],[14.9940409,58.847935],[14.9938886,58.8479756],[14.9937667,58.8479373],[14.9937014,58.847854],[14.9937486,58.8477905],[14.9938581,58.8477752],[14.9939147,58.8477212],[14.9938929,58.8476424],[14.9937537,58.8475276],[14.9935651,58.8474375],[14.9934316,58.8474556],[14.9931357,58.8473385],[14.9930444,58.8473385],[14.9929617,58.847397],[14.992953,58.8474646],[14.9930487,58.8474826],[14.9931836,58.8475253],[14.9930618,58.8475996],[14.9929157,58.8476074],[14.9927345,58.8474303],[14.9926962,58.8473047],[14.9926223,58.8471584],[14.9925178,58.8470008],[14.9924896,58.8468134],[14.9923525,58.8466789],[14.9924395,58.8465551],[14.9922741,58.846402],[14.9921157,58.8462474],[14.9919826,58.8460868],[14.9918346,58.8459315],[14.9917497,58.8456721],[14.9915344,58.8455623],[14.9913009,58.8454467],[14.9911993,58.8453529],[14.99106,58.8452066],[14.9910165,58.8450422],[14.991023,58.8448086],[14.991134,58.8447766],[14.9911645,58.8446753],[14.9910818,58.8445987],[14.9911601,58.8444411],[14.9911471,58.8442678],[14.9912298,58.8440607],[14.9915212,58.8437744],[14.9917606,58.8436914],[14.9917737,58.8435856],[14.9919956,58.8435113],[14.9919502,58.8434195],[14.9919304,58.8432614],[14.9919304,58.8430813],[14.99194,58.8429038],[14.991926,58.8428089],[14.9920217,58.8427031],[14.9921088,58.8425522],[14.9922217,58.8423012],[14.9923046,58.8421109],[14.9924264,58.8420794],[14.9925922,58.8420635],[14.9927082,58.8421317],[14.9929216,58.8421684],[14.9931616,58.8421971],[14.9933961,58.8422343],[14.9935862,58.8422353],[14.993857,58.8423085],[14.9940785,58.842248],[14.9942706,58.8422578],[14.994417,58.8422257],[14.9944847,58.8421717],[14.9946865,58.842136],[14.9949524,58.8421334],[14.9950632,58.842178],[14.9952663,58.8421652],[14.995494,58.8421493],[14.9956901,58.8421089],[14.995734,58.8420028],[14.9958771,58.8419302],[14.9960909,58.8419519],[14.9961886,58.8419801],[14.9962409,58.8420627],[14.9962878,58.8421785],[14.9963998,58.8422102],[14.9965499,58.8422068],[14.9967305,58.8421776],[14.9968959,58.8421809],[14.9969468,58.8422181],[14.9969611,58.84228],[14.997059,58.842307],[14.9971765,58.8423036],[14.9973286,58.8422774],[14.997418,58.8422507],[14.9974398,58.8421776],[14.997415,58.8420653],[14.9976785,58.8417379],[14.9976276,58.8409486],[14.9973574,58.8403231],[14.9974581,58.8394966],[14.9977294,58.8387538],[14.9987735,58.8384531],[14.9992828,58.8381729],[14.9991849,58.8379033],[14.9982089,58.837635],[14.9984654,58.837315],[14.9988499,58.8371798],[14.9988499,58.8366196],[14.9994865,58.8354992],[15.000174,58.834608],[15.0009125,58.8332074],[15.0018547,58.8326981],[15.005496,58.832469],[15.0068511,58.8322328],[15.0073077,58.8325263],[15.0082717,58.8325963],[15.0088747,58.8323631],[15.0091884,58.832087],[15.0094702,58.8321179],[15.0096581,58.8320155],[15.0095665,58.8317944],[15.009475,58.8314784],[15.0099523,58.8309666],[15.0104107,58.8298716],[15.0110218,58.8291077],[15.0118521,58.8291182],[15.0118966,58.8292139],[15.0123951,58.8293035],[15.0126597,58.8292824],[15.0134873,58.8297048],[15.0140129,58.830125],[15.0145318,58.8303304],[15.0149795,58.8304304],[15.0150656,58.8306768],[15.0150568,58.8309206],[15.0153356,58.8314731],[15.0159214,58.8322108],[15.0163226,58.8328212],[15.0166583,58.8329528],[15.0175206,58.8335682],[15.0176331,58.8342287],[15.0183156,58.8346899],[15.0188763,58.8355656],[15.0186467,58.8361771],[15.0185749,58.836618],[15.0186119,58.8370336],[15.0193083,58.8373661],[15.019436,58.8381077],[15.0197718,58.8381972],[15.0200567,58.8380076],[15.0206367,58.8382814],[15.0212692,58.8389289],[15.0218702,58.8395462],[15.0221629,58.8397661],[15.0224274,58.8397766],[15.0225597,58.8395661],[15.0227664,58.8395568],[15.0232044,58.8400977],[15.0234958,58.8404558],[15.0238975,58.8407123],[15.024442,58.8408559],[15.0252153,58.840798],[15.0257401,58.8405921],[15.026304,58.8403716],[15.0262392,58.8400573],[15.0264375,58.8398227],[15.0264668,58.8394976],[15.0261921,58.8391975],[15.0253836,58.8389369],[15.0249202,58.8386921],[15.024798,58.8379947],[15.0241409,58.8367706],[15.0233058,58.8364545],[15.0227608,58.835983],[15.0231498,58.8353171],[15.0230664,58.8350154],[15.02258,58.834859],[15.0224148,58.8345175],[15.0224681,58.8338901],[15.021946,58.8337422],[15.0204436,58.8323162],[15.0204733,58.8320357],[15.0202186,58.8317806],[15.0199528,58.8316706],[15.0190685,58.8305082],[15.0181164,58.8296354],[15.0182182,58.8286423],[15.0183567,58.8284149],[15.0180245,58.8282673],[15.0176753,58.8280898],[15.0172683,58.8281425],[15.0168737,58.8282656],[15.0161146,58.827809],[15.0150452,58.8271215],[15.0142048,58.8268414],[15.0138801,58.8267811],[15.013524,58.826652],[15.0131458,58.8261336],[15.0129135,58.8258436],[15.0130438,58.8254821],[15.0133459,58.82523],[15.0134918,58.824957],[15.0132217,58.8247592],[15.0126927,58.8247648],[15.0124337,58.8243683],[15.0125274,58.8242228],[15.0125993,58.8241428],[15.012754,58.8240832],[15.0128907,58.8240385],[15.0128945,58.823997],[15.012772,58.8239156],[15.0125777,58.8238318],[15.0124102,58.8237885],[15.0123528,58.8237736],[15.0122297,58.8237899],[15.0121245,58.8238541],[15.0118802,58.8239377],[15.0117719,58.824288],[15.0116244,58.824504],[15.0115965,58.8245953],[15.0113259,58.8246251],[15.0109337,58.8247964],[15.0104001,58.8250798],[15.0099913,58.8251018],[15.0095125,58.8252351],[15.0089592,58.825506],[15.0081566,58.825491],[15.0074906,58.8255048],[15.0070379,58.8252247],[15.0072022,58.8250334],[15.0072609,58.8248616],[15.0071566,58.8247666],[15.0069623,58.8247405],[15.0068328,58.8246046],[15.0065882,58.8243532],[15.0066385,58.824288],[15.0067824,58.8242657],[15.0066781,58.8241446],[15.0066553,58.8239726],[15.0067033,58.8237498],[15.0063779,58.8236303],[15.0059407,58.8236232],[15.0051739,58.8232894],[15.0049766,58.823139],[15.0049586,58.8229789],[15.0051565,58.8228336],[15.0051888,58.8227088],[15.0051385,58.822625],[15.0051929,58.822487],[15.0053183,58.8223587],[15.0053699,58.8222174],[15.0052536,58.8220365],[15.0052536,58.821841],[15.0050886,58.821774],[15.0048723,58.8218894],[15.0045485,58.8218671],[15.0042751,58.8218075],[15.0042026,58.8216759],[15.0041024,58.8215784],[15.0038974,58.8215356],[15.0036672,58.8215262],[15.0034585,58.8215952],[15.0033146,58.8217013],[15.0033002,58.8217851],[15.0032103,58.821841],[15.0029549,58.8220011],[15.0026851,58.8221278],[15.0022232,58.8222342],[15.0018685,58.8222451],[15.0014982,58.8221814],[15.0012066,58.8220514],[15.0008864,58.8219676],[15.0006922,58.821949],[15.0005123,58.8219024],[15.0004116,58.8217981],[14.9998792,58.8216678],[14.99913,58.821392],[14.9987784,58.8211519],[14.9981992,58.8208614],[14.9977236,58.8205641],[14.9977136,58.8204032],[14.9976057,58.820284],[14.9972567,58.8201797],[14.9967207,58.8201276],[14.996674,58.8199805],[14.9962315,58.8199041],[14.9960095,58.8197356],[14.9959005,58.8196303],[14.9957782,58.8195893],[14.9955785,58.8194233],[14.9953034,58.8193956],[14.9949365,58.8194199],[14.9948933,58.8194925],[14.9949904,58.8195446],[14.9950336,58.8195949],[14.9950948,58.8197141],[14.9952099,58.81977],[14.9953538,58.8199134],[14.9955804,58.8201425],[14.9956883,58.8201388],[14.9957632,58.8202312],[14.9960013,58.8205578],[14.9962927,58.8208968],[14.9965697,58.8211594],[14.9968359,58.8212748],[14.9969713,58.8214484],[14.9972064,58.8216343],[14.9974438,58.8217069],[14.9976093,58.8217907],[14.9976776,58.8219322],[14.9979171,58.8222684],[14.9980446,58.8224649],[14.9984475,58.8226343],[14.9987676,58.8227442],[14.9990077,58.8229776],[14.9995554,58.8233699],[15.0000662,58.8236157],[15.0003662,58.8236348],[15.0006742,58.8238392],[15.0007893,58.823869],[15.0008864,58.8239398],[15.0008073,58.8240813],[15.0010775,58.8243917],[15.0010483,58.8246381],[15.0010483,58.8250347],[15.0008469,58.825491],[15.0005523,58.8257779],[15.0006958,58.8258951],[15.0007753,58.8260531],[15.0007246,58.8262135],[15.0008469,58.8262693],[15.0011598,58.8263569],[15.0013728,58.8266611],[15.0015843,58.8267404],[15.0019692,58.8270291],[15.0020196,58.8272674],[15.0023623,58.8275461],[15.0025592,58.8275746],[15.0026275,58.827785],[15.0028865,58.8277739],[15.0029513,58.8278465],[15.0031671,58.8280104],[15.0033614,58.8280439],[15.0035736,58.8280271],[15.0037703,58.8279344],[15.0037679,58.8278465],[15.0037895,58.8277571],[15.003829,58.8277068],[15.0040665,58.8277292],[15.0040944,58.8276711],[15.0041996,58.8275858],[15.0044874,58.8276119],[15.0047643,58.8276771],[15.0048188,58.8277611],[15.0047032,58.8279061],[15.0048543,58.8281183],[15.0048759,58.8283604],[15.0049766,58.8284274],[15.0050477,58.8285921],[15.0047823,58.8287198],[15.0045197,58.8287254],[15.004347,58.8288941],[15.0037859,58.8288743],[15.0034189,58.8287514],[15.0028729,58.8287767],[15.0021237,58.8285656],[15.0016419,58.828595],[15.0010907,58.8286748],[15.0007138,58.8285764],[15.0003828,58.8286248],[15.0001316,58.8288848],[15.0001436,58.8291261],[15.0000833,58.829235],[14.9998951,58.8294167],[14.9997236,58.8296008],[14.9997501,58.8297366],[14.9996534,58.8298906],[14.9996,58.8300355],[14.9997196,58.8302974],[14.9998391,58.8304936],[14.999874,58.8306206],[14.9996738,58.8308359],[14.9995008,58.8310176],[14.9995008,58.8310992],[14.9994067,58.8311466],[14.999366,58.830936],[14.9990557,58.8310242],[14.9987718,58.8312151],[14.9988064,58.8314573],[14.9985571,58.8315231],[14.9983511,58.8314955],[14.9981145,58.8314994],[14.9978194,58.8315903],[14.997677,58.8316956],[14.9975116,58.8317904],[14.9973921,58.831847],[14.9975142,58.832159],[14.9975218,58.8323104],[14.9975905,58.8324407],[14.9975193,58.8325158],[14.9973819,58.8324723],[14.9974074,58.8323604],[14.9972839,58.832234],[14.9970945,58.8321472],[14.9969673,58.8319931],[14.9967409,58.8320484],[14.9964687,58.8320484],[14.9964458,58.8317864],[14.9962067,58.8316548],[14.9963034,58.8314744],[14.9961203,58.8313691],[14.9959702,58.8314125],[14.9958167,58.8313132],[14.9956344,58.8310268],[14.9956853,58.8309834],[14.9958608,58.8309531],[14.9958989,58.8308464],[14.9958811,58.8307122],[14.9957947,58.8306279],[14.9955225,58.830566],[14.9952691,58.8304023],[14.9948255,58.8300736],[14.9944923,58.8298998],[14.994098,58.8297024],[14.99392,58.8297379],[14.9938233,58.8297405],[14.9937648,58.8296879],[14.9936478,58.8294272],[14.9935131,58.8294054],[14.9932764,58.829177],[14.9930856,58.8290809],[14.9930119,58.8289861],[14.9932232,58.8289046],[14.9934112,58.8288992],[14.9934621,58.8288703],[14.9934341,58.8287636],[14.9931772,58.8287715],[14.9930551,58.8286939],[14.9928872,58.8287083],[14.9928033,58.8287715],[14.9926837,58.8288769],[14.9924497,58.8289401],[14.9920071,58.8291863],[14.9919155,58.8293416],[14.991737,58.8294012],[14.9915111,58.8293403],[14.991333,58.829493],[14.9909973,58.8298472],[14.9904682,58.8302211],[14.9903895,58.8305105],[14.9903003,58.8309347],[14.9904275,58.8310913],[14.9905954,58.8314218],[14.9908911,58.8316097],[14.9912438,58.832183],[14.9912135,58.8322972],[14.9910787,58.8324197],[14.9909795,58.8325223],[14.9906589,58.8325408],[14.9905572,58.8326184],[14.9905165,58.8327514],[14.9905801,58.8329963],[14.9907225,58.8330213],[14.9907408,58.8331044],[14.9906284,58.8331766],[14.9904758,58.833203],[14.9901477,58.8332056],[14.9900434,58.8331661],[14.9897788,58.8331714],[14.9894507,58.8332819],[14.9890997,58.8334399],[14.9888402,58.8336387],[14.9887871,58.8339035],[14.988886,58.8341481],[14.9889063,58.8342916],[14.9887715,58.8343574],[14.9885757,58.8343285],[14.9883747,58.8343324],[14.9882323,58.8342166],[14.9882628,58.8341244],[14.988156,58.8340573],[14.9880898,58.8339283],[14.9876142,58.8339441],[14.987314,58.834052],[14.9869858,58.8341081],[14.9869045,58.833981],[14.986589,58.8339678],[14.9863677,58.8338651],[14.9860142,58.8338296],[14.9857471,58.8339046],[14.9854851,58.8340047],[14.9853452,58.8340007],[14.9850975,58.8336253],[14.9849585,58.8334333],[14.9846838,58.833303],[14.9843175,58.8332266],[14.9841369,58.8331595],[14.9839156,58.8331845],[14.983529,58.8330871],[14.9832644,58.8330608],[14.9830279,58.83312],[14.9827735,58.8331292],[14.9825242,58.8330726],[14.9824683,58.8331279],[14.9822775,58.8331542],[14.9821746,58.8332377],[14.982074,58.8333952],[14.9820308,58.8335307],[14.9821427,58.8337308],[14.9824021,58.8339783],[14.9827948,58.8342026],[14.9831195,58.8346326],[14.9831076,58.8349576],[14.9834438,58.8351566],[14.9834807,58.8352078],[14.9835201,58.8352164],[14.9835366,58.8352572],[14.9835392,58.8353349],[14.9834946,58.835398],[14.9835392,58.83545],[14.9835048,58.8355205],[14.9834641,58.8355586],[14.9835099,58.8355889],[14.9834908,58.8356225],[14.983426,58.8356376],[14.9834285,58.8357271],[14.9832326,58.8359233],[14.9831691,58.8360786],[14.9831716,58.836201],[14.9831029,58.8362813],[14.9829121,58.8363537],[14.9828104,58.8365841],[14.9830484,58.836887],[14.9834692,58.8370527],[14.9840008,58.8372712],[14.9844694,58.8379371],[14.9845401,58.8379635],[14.9845325,58.8380109],[14.9844434,58.8380386],[14.9844027,58.8381346],[14.9844791,58.8381926],[14.9844689,58.838315],[14.9850055,58.8386663],[14.9851964,58.838669],[14.9854177,58.8388138],[14.9858119,58.8389217],[14.9859926,58.8389533],[14.9859926,58.8389968],[14.9860358,58.8390402],[14.9861782,58.839002],[14.9862444,58.8389454],[14.9863639,58.838906],[14.9868564,58.8390468],[14.9870507,58.8391113],[14.9872466,58.8390613],[14.9873153,58.8391903],[14.9874582,58.8392824],[14.9875188,58.8393535],[14.9874603,58.8395509],[14.9873509,58.8396628],[14.9874399,58.8397194],[14.9872656,58.8398334],[14.9870558,58.839801],[14.9869337,58.8397233],[14.9869032,58.8395956],[14.9867506,58.8395588],[14.9864555,58.839622],[14.9860087,58.839497],[14.9854177,58.839389],[14.9849954,58.8392824],[14.9847411,58.8391824],[14.984624,58.8391139],[14.9844714,58.8391008],[14.9844358,58.8391718],[14.9845299,58.839314],[14.984669,58.8394822],[14.9846342,58.8396878],[14.9845605,58.8399155],[14.9842756,58.8401116],[14.9839398,58.8403985],[14.9835394,58.8406808],[14.9829808,58.8405762],[14.9821881,58.8403385],[14.9819532,58.8403722],[14.9819532,58.8405407],[14.9820015,58.8407618],[14.9819557,58.8411856],[14.9817471,58.8412619],[14.9816276,58.8413382],[14.9817301,58.8415048],[14.9816708,58.8417081],[14.9813175,58.8419089],[14.9807322,58.8419831],[14.9805595,58.8421001],[14.9803252,58.8424372],[14.9798953,58.842632],[14.9799869,58.8427978],[14.9803328,58.8428702],[14.9806027,58.8427708],[14.9808187,58.8428096],[14.9809967,58.8428228],[14.981068,58.8427899],[14.9811824,58.8427912],[14.9812257,58.8428373],[14.9814965,58.8428321],[14.9815182,58.8428702],[14.9816276,58.8429057],[14.9816174,58.8429952],[14.9816835,58.8430465],[14.9816174,58.8431018],[14.9816479,58.84314],[14.9817319,58.8432637],[14.981986,58.8435093],[14.9821643,58.8436032],[14.9823169,58.8436809],[14.9824721,58.8436427],[14.9829427,58.8434835],[14.9834819,58.8432691],[14.9838991,58.843469],[14.983983,58.8434006],[14.9841433,58.8434493],[14.9840975,58.8435453],[14.9842985,58.8436111],[14.9843544,58.8437046],[14.9846186,58.8437723],[14.9846869,58.8436923],[14.9847716,58.8436967],[14.9848236,58.8437426],[14.9847824,58.8438178],[14.9850538,58.8438207],[14.985133,58.8437407],[14.9853272,58.8435751],[14.9856618,58.8436123],[14.9860359,58.8437779],[14.9861048,58.8440062],[14.9862518,58.8442302],[14.9862194,58.8442972],[14.9860179,58.844353],[14.9860035,58.8444833],[14.9856078,58.8446545],[14.9857014,58.8448443],[14.9856261,58.8449818],[14.9852553,58.8449914],[14.9850035,58.8450993],[14.9849423,58.8453003],[14.9850502,58.8454808],[14.9849819,58.8455888],[14.9851546,58.8456856],[14.9853128,58.8456762],[14.985632,58.8460281],[14.9855862,58.846149],[14.9855539,58.8462346],[14.9853776,58.8462699],[14.9849819,58.846389],[14.9849459,58.846603],[14.985079,58.8466328],[14.9850682,58.8466998],[14.9849711,58.8467929],[14.9849639,58.8470125],[14.9850143,58.847206],[14.984892,58.8472656],[14.9846725,58.8472693],[14.9844027,58.8474163],[14.9844171,58.8476731],[14.9841653,58.8477717],[14.9841977,58.8479206],[14.9843467,58.8479577],[14.9843955,58.8481104],[14.9838344,58.8482556],[14.983285,58.848216],[14.9818306,58.847755],[14.981417,58.8475354],[14.9806363,58.8470832],[14.9803306,58.8468673],[14.9802304,58.8466097],[14.9801471,58.8464932],[14.9799906,58.8465342],[14.9799205,58.8464756],[14.9798683,58.8464411],[14.9799618,58.846403],[14.9799133,58.8463769],[14.9798431,58.8463155],[14.9797424,58.8462178],[14.9795427,58.8461555],[14.9793197,58.8461369],[14.9792694,58.8461294],[14.9792891,58.8460522],[14.9792334,58.8460419],[14.9792694,58.8459489],[14.978996,58.8458931],[14.9787405,58.8456921],[14.9785787,58.8457721],[14.978183,58.8457051],[14.9782081,58.8456642],[14.9783688,58.8456854],[14.9784995,58.8456307],[14.9785535,58.8455339],[14.9784348,58.8455115],[14.9783448,58.8455544],[14.9781938,58.8455469],[14.9779455,58.8455302],[14.9777405,58.8455767],[14.977539,58.8455897],[14.977352,58.8455692],[14.9771649,58.845586],[14.9769815,58.8455544],[14.9768304,58.8456325],[14.9766757,58.8457181],[14.9756696,58.8459134],[14.9750935,58.8458035],[14.9749959,58.8454699],[14.9752081,58.8446262],[14.976305,58.8439615],[14.9767306,58.843858],[14.9770545,58.8437838],[14.9772953,58.8436896],[14.9773818,58.8436001],[14.9773483,58.8433167],[14.9772139,58.8430763],[14.9770257,58.8429763],[14.9767001,58.842971],[14.9763593,58.8431243],[14.9748425,58.8430973],[14.9741113,58.8426319],[14.9738786,58.8416016],[14.9725158,58.8415683],[14.9722832,58.8422663],[14.9713148,58.8427164],[14.9705766,58.8423559],[14.970236,58.8415149],[14.9712526,58.8402248],[14.9728517,58.8391092],[14.9732803,58.8375133],[14.9734797,58.8368153],[14.9728394,58.8361937],[14.9703385,58.8359772],[14.9703825,58.8371536],[14.9681283,58.8378479],[14.9668623,58.8379592],[14.9658565,58.8378479],[14.9654992,58.8381255],[14.9647836,58.8381485],[14.9631759,58.8379454],[14.9610789,58.8372483],[14.9591873,58.8360175],[14.9580904,58.8345883],[14.9583231,58.8329596],[14.9592538,58.8307991],[14.9607163,58.8294031],[14.9621123,58.8287051],[14.9630956,58.828383],[14.9639248,58.8283703],[14.9640401,58.8280736],[14.9636683,58.8275101],[14.964306,58.8271097],[14.9652699,58.8260461],[14.9653031,58.8250822],[14.9649043,58.8239521],[14.9637409,58.8228884],[14.9636412,58.8222569],[14.9654361,58.8212598],[14.9662338,58.8202294],[14.9657685,58.8193652],[14.9654361,58.818634],[14.9668321,58.8177698],[14.9670648,58.8168723],[14.9665994,58.8159417],[14.9680619,58.8154763],[14.9691588,58.8149777],[14.9694911,58.8141136],[14.9695059,58.8137274],[14.969251,58.8134459],[14.9679377,58.8130693],[14.9673602,58.8129635],[14.9672422,58.8128802],[14.966577,58.8128524],[14.966372,58.8130829],[14.9655524,58.8132024],[14.9652622,58.8134321],[14.9652311,58.8140189],[14.9652366,58.8149113],[14.9643725,58.815576],[14.9636931,58.8162127],[14.9636858,58.8165223],[14.9640774,58.8168862],[14.9638748,58.8178638],[14.9634551,58.8183499],[14.9629432,58.819066],[14.9625111,58.8199302],[14.9622087,58.820822],[14.9618801,58.8209927],[14.9612042,58.8213176],[14.9613598,58.8214287],[14.9612256,58.8215037],[14.9608609,58.8213287],[14.9606734,58.8214807],[14.9598309,58.8216453],[14.9592238,58.8221626],[14.9587151,58.8220203],[14.9579531,58.8220768],[14.95706,58.8229549],[14.9560629,58.822822],[14.9556973,58.822124],[14.9545672,58.821426],[14.9536365,58.820595],[14.9534038,58.8195314],[14.951377,58.8182088],[14.9515668,58.8176388],[14.9494842,58.8170363],[14.9486708,58.8164966],[14.9448567,58.8161608],[14.9431347,58.8162962],[14.9422499,58.8162011],[14.9408066,58.8158378],[14.9408722,58.8150823],[14.9403185,58.814396],[14.9394781,58.8142557],[14.9394951,58.8138259],[14.9387246,58.8127052],[14.9367861,58.8119011],[14.9363495,58.8114366],[14.9356099,58.8102302],[14.9360535,58.809294],[14.9354884,58.8081972],[14.934591,58.8074992],[14.9353223,58.8068676],[14.9349899,58.8061364],[14.9343379,58.8053302],[14.933498,58.8048462],[14.9326365,58.8045905],[14.9310954,58.8046669],[14.9306035,58.8052953],[14.9298141,58.8052967],[14.9294068,58.805601],[14.9295051,58.8058133],[14.9292861,58.8058358],[14.9291772,58.8056604],[14.9287346,58.8057369],[14.9279766,58.8054384],[14.9278165,58.8048792],[14.9279434,58.8046074],[14.9278985,58.8042424],[14.9282591,58.804115],[14.928176,58.8032447],[14.9285379,58.8028157],[14.9294723,58.8029123],[14.9305251,58.8032004],[14.9306586,58.8033623],[14.930704,58.8035238],[14.9309215,58.8036012],[14.9311656,58.8035568],[14.9314999,58.8034441],[14.9314982,58.8033164],[14.9313714,58.8032127],[14.9311843,58.8031636],[14.9310288,58.8030941],[14.9309725,58.8029649],[14.9310154,58.8028565],[14.9309912,58.8027954],[14.9308828,58.8027072],[14.9303365,58.8019816],[14.9295379,58.8014909],[14.9287771,58.8005516],[14.92821,58.7998943],[14.9284442,58.7989916],[14.928255,58.7985437],[14.9285236,58.798534],[14.9285853,58.7986438],[14.9286067,58.798723],[14.9288428,58.7986966],[14.9289903,58.7986633],[14.9289951,58.7985001],[14.9289393,58.7982686],[14.9286389,58.7981769],[14.9282477,58.7980821],[14.9278657,58.7979749],[14.9273118,58.7976606],[14.9266803,58.7967632],[14.9266361,58.7965056],[14.9261115,58.7961233],[14.9255541,58.7960299],[14.925384,58.795334],[14.9245212,58.7949342],[14.9245212,58.7947218],[14.9251606,58.7948153],[14.924718,58.7946029],[14.924636,58.7943396],[14.9249639,58.7944755],[14.9246196,58.7939489],[14.9242753,58.793711],[14.9239966,58.7928531],[14.9235813,58.7925693],[14.9231277,58.7911882],[14.9234064,58.7909843],[14.9231605,58.7908738],[14.9231874,58.7905708],[14.9237581,58.7906759],[14.9239545,58.7903876],[14.9236523,58.7899309],[14.9234357,58.7897538],[14.9231557,58.7888752],[14.9233075,58.7882867],[14.9234068,58.7875859],[14.9230109,58.7873421],[14.9230978,58.7868784],[14.9230715,58.7864236],[14.9231038,58.7857403],[14.9227663,58.7855587],[14.9228666,58.7849774],[14.9232335,58.7843713],[14.9235961,58.7843435],[14.9239638,58.7844935],[14.9241669,58.784388],[14.9241873,58.7841222],[14.9249187,58.7839997],[14.9253814,58.7840463],[14.9256298,58.7841725],[14.9257129,58.7843643],[14.9263147,58.7843654],[14.9265847,58.78451],[14.927143,58.7846185],[14.927845,58.7850253],[14.9281052,58.7851115],[14.9283398,58.7851636],[14.9285146,58.7851257],[14.9292263,58.7848418],[14.9293631,58.7846945],[14.9293658,58.7846194],[14.9290533,58.7845582],[14.9289581,58.7844908],[14.9289329,58.7844058],[14.9287999,58.7842719],[14.928739,58.7841515],[14.9276398,58.7840605],[14.9271698,58.7835456],[14.9269612,58.7834786],[14.927716,58.7832092],[14.928176,58.7832465],[14.9296708,58.7829809],[14.9296799,58.7828213],[14.9284343,58.7825444],[14.9278769,58.7817395],[14.9277369,58.7814089],[14.9272434,58.7810525],[14.9257178,58.7813044],[14.9251833,58.7813214],[14.9256775,58.781764],[14.9253862,58.7821921],[14.9244866,58.7819722],[14.9240559,58.781861],[14.9237877,58.7817195],[14.9236498,58.7818193],[14.9224632,58.7814908],[14.9222143,58.7807622],[14.9223521,58.780557],[14.9215925,58.7796308],[14.9209301,58.7788146],[14.9203576,58.7786885],[14.9193786,58.7785166],[14.9184812,58.7779538],[14.9184667,58.7774113],[14.9198171,58.7759365],[14.920775,58.7763254],[14.9225034,58.7773868],[14.9234969,58.7777269],[14.9237989,58.7776824],[14.9212626,58.7761647],[14.9201506,58.7756408],[14.9204537,58.7753179],[14.9207927,58.7752278],[14.9213442,58.7749035],[14.921813,58.7745292],[14.9230726,58.7745281],[14.923284,58.7744926],[14.9231286,58.7743754],[14.9233098,58.7742196],[14.9236534,58.774115],[14.92375,58.7741365],[14.9238847,58.7742188],[14.9240349,58.7742286],[14.9241902,58.7742125],[14.9235412,58.7738823],[14.9235567,58.7737758],[14.9239313,58.7736729],[14.924173,58.7737222],[14.9244146,58.7739146],[14.9249273,58.7742009],[14.9250051,58.7741686],[14.924918,58.774003],[14.9246916,58.7738443],[14.924416,58.773735],[14.924951,58.773596],[14.925257,58.773767],[14.9255825,58.7737462],[14.9257,58.7735946],[14.9255035,58.7734554],[14.9255437,58.7732706],[14.925432,58.772842],[14.9263803,58.7724791],[14.9275715,58.7727894],[14.9280486,58.772498],[14.9279639,58.7723261],[14.9276355,58.7723063],[14.9267595,58.7722326],[14.925891,58.7720941],[14.9258825,58.7719526],[14.9256148,58.7718191],[14.925743,58.7714806],[14.925543,58.771368],[14.925934,58.771376],[14.926282,58.77137],[14.92654,58.771376],[14.926604,58.771335],[14.927022,58.77156],[14.927537,58.771516],[14.928039,58.771669],[14.9282,58.771795],[14.928611,58.771782],[14.929057,58.771848],[14.929251,58.77192],[14.929666,58.7721331],[14.929366,58.772273],[14.92905,58.772381],[14.929491,58.772803],[14.929828,58.7730669],[14.929995,58.773184],[14.930257,58.773357],[14.930571,58.773621],[14.931026,58.773788],[14.931467,58.773859],[14.93189,58.773974],[14.932168,58.774151],[14.932224,58.774351],[14.9319834,58.7743305],[14.931925,58.774443],[14.932006,58.774574],[14.932066,58.774629],[14.9322143,58.7746607],[14.9323502,58.7747306],[14.9324601,58.7749845],[14.9327013,58.7752585],[14.9333642,58.7755643],[14.9340922,58.7757099],[14.9349828,58.7755216],[14.9353793,58.7753852],[14.9356783,58.7751309],[14.9357181,58.7749241],[14.9350524,58.7741683],[14.9341217,58.7740723],[14.9338813,58.7736571],[14.93306,58.7728373],[14.9325778,58.7726812],[14.9325113,58.7720805],[14.933081,58.7723812],[14.9335887,58.7721852],[14.9316752,58.7710019],[14.9324254,58.771052],[14.9333562,58.7712754],[14.9338105,58.7712417],[14.9329469,58.7709043],[14.933221,58.7702282],[14.9314936,58.7694333],[14.9315752,58.770058],[14.9310049,58.769939],[14.9307163,58.7691463],[14.9308456,58.7689407],[14.9313413,58.7693621],[14.9316004,58.7688606],[14.9321594,58.7679814],[14.9330547,58.7681425],[14.9335332,58.7685374],[14.9339243,58.768573],[14.9339318,58.768375],[14.9341737,58.7684265],[14.9344714,58.7682459],[14.9338153,58.7676786],[14.9334742,58.7678223],[14.9325982,58.7675842],[14.9328219,58.7671973],[14.9328498,58.7665409],[14.9334903,58.7663453],[14.9336807,58.7665904],[14.9341528,58.7666863],[14.9342198,58.7663787],[14.9346039,58.7665573],[14.9344714,58.7669194],[14.9350669,58.767953],[14.935002,58.7680982],[14.9353346,58.7685435],[14.935665,58.7684885],[14.9360942,58.7692147],[14.9364949,58.7693604],[14.9368248,58.7693229],[14.9371375,58.7691774],[14.9370067,58.7690167],[14.9372754,58.7679642],[14.9360818,58.7671191],[14.9360153,58.7669225],[14.9363865,58.7665795],[14.9363195,58.7663787],[14.9362116,58.7657973],[14.9368902,58.7656224],[14.936717,58.7661236],[14.9374138,58.7655918],[14.9380811,58.7657061],[14.9383714,58.7654001],[14.9378,58.7653781],[14.9374637,58.7650276],[14.9381536,58.7645714],[14.9382796,58.7649951],[14.9387104,58.7648502],[14.9384212,58.7645778],[14.9392613,58.7644043],[14.9393482,58.7640181],[14.9403535,58.7639263],[14.9403412,58.7636279],[14.9416813,58.7632105],[14.9429928,58.7634579],[14.9436156,58.763943],[14.9451992,58.7645954],[14.9442797,58.7657676],[14.9449186,58.7665695],[14.9441714,58.7666627],[14.9441955,58.767108],[14.9448344,58.7673539],[14.9463375,58.767276],[14.9471577,58.7666852],[14.9474227,58.7667214],[14.9478385,58.7672271],[14.9490777,58.7672966],[14.9508055,58.7670799],[14.9530693,58.7667353],[14.9533553,58.7673433],[14.9525737,58.7698344],[14.951232,58.771408],[14.9514015,58.7721603],[14.9520458,58.7727969],[14.9524996,58.7730102],[14.9535596,58.7740178],[14.9556984,58.7747673],[14.9556131,58.7749291],[14.9555021,58.7750629],[14.9557081,58.7756296],[14.9550316,58.7755746],[14.9546964,58.7759569],[14.9546116,58.7765598],[14.9545006,58.7769002],[14.954772,58.7781891],[14.954515,58.7786782],[14.9547355,58.7789198],[14.9563497,58.7797687],[14.9578238,58.7803284],[14.9582063,58.7805965],[14.9595796,58.7809351],[14.9607265,58.7817053],[14.9612688,58.7819933],[14.9626727,58.782275],[14.9634731,58.7826617],[14.9646549,58.7828272],[14.9650411,58.7827443],[14.9655032,58.7830583],[14.9660925,58.7831995],[14.9668218,58.7831731],[14.9680637,58.7829186],[14.96851,58.7828111],[14.9691814,58.7826494],[14.9697787,58.7824133],[14.9701494,58.7821071],[14.9703902,58.7815903],[14.9701607,58.7811963],[14.9694609,58.7811917],[14.9687826,58.7809349],[14.9693798,58.7804502],[14.9696636,58.7803938],[14.9698509,58.7798922],[14.9704345,58.7799531],[14.9700676,58.7794609],[14.9702516,58.7791742],[14.9706491,58.7793144],[14.9711662,58.7789726],[14.9713818,58.7794081],[14.9721988,58.7794609],[14.9718732,58.7790697],[14.9713733,58.7786048],[14.9714167,58.7781042],[14.9718845,58.7783965],[14.9723378,58.7783498],[14.9728731,58.7784223],[14.9718453,58.777782],[14.9725009,58.7769583],[14.9727659,58.7771279],[14.9729938,58.7769697],[14.9726557,58.7768489],[14.972886,58.7766861],[14.9732074,58.7766474],[14.9733779,58.7762242],[14.9731491,58.7761049],[14.9734761,58.7748949],[14.9738618,58.7750009],[14.974616,58.7764152],[14.9753638,58.7772481],[14.9769574,58.7748045],[14.9768126,58.7747426],[14.9765575,58.7746716],[14.97635,58.7745939],[14.9762434,58.774482],[14.9761756,58.7743351],[14.9762199,58.7742156],[14.9761247,58.7740995],[14.9759481,58.7739438],[14.9758106,58.7738912],[14.9756988,58.7738105],[14.9755381,58.7738022],[14.9754094,58.7737198],[14.9752298,58.7735881],[14.975083,58.7735304],[14.9751651,58.7734155],[14.9750527,58.7733094],[14.974826,58.7731103],[14.9746442,58.7730541],[14.9745298,58.7730116],[14.9744596,58.7729209],[14.9745162,58.7728847],[14.9747031,58.7728448],[14.9746754,58.7727726],[14.9743684,58.7724468],[14.9741659,58.7721716],[14.9739212,58.7720562],[14.9738192,58.7719294],[14.973634,58.7717776],[14.9733299,58.7715977],[14.9732655,58.7714985],[14.9732683,58.7714147],[14.9731183,58.7714186],[14.9729738,58.7714845],[14.9729212,58.7715649],[14.9728127,58.7715969],[14.9726894,58.7715963],[14.9725838,58.7715213],[14.9724077,58.7714614],[14.972157,58.7714513],[14.972094,58.7714158],[14.9717917,58.7713937],[14.9717304,58.7713705],[14.971692,58.7713331],[14.9716781,58.7712798],[14.9716889,58.7711955],[14.9716704,58.7711428],[14.9717076,58.7710019],[14.9716091,58.7709],[14.9714768,58.770797],[14.971281,58.7707718],[14.9710171,58.7707165],[14.9708503,58.7706367],[14.9707213,58.7705663],[14.9706585,58.7705342],[14.970647,58.7704237],[14.9706815,58.7701092],[14.9707983,58.7700366],[14.9707513,58.7699596],[14.9708617,58.7697852],[14.9708752,58.7696623],[14.9708464,58.7695614],[14.9709126,58.7694958],[14.9708971,58.769396],[14.9709699,58.7693249],[14.9709475,58.7692837],[14.9708393,58.7692575],[14.9707225,58.7692069],[14.9707397,58.7691289],[14.970816,58.7690048],[14.9708746,58.7687894],[14.9708459,58.7687032],[14.9706858,58.7686741],[14.9706285,58.7686991],[14.9706441,58.7687504],[14.9705932,58.7687656],[14.9705064,58.7687459],[14.9703934,58.7687002],[14.9699562,58.7685652],[14.9695943,58.7685411],[14.9694982,58.768514],[14.9694115,58.768511],[14.969349,58.7684565],[14.9692293,58.7683934],[14.9691298,58.7683268],[14.9690611,58.7682489],[14.968845,58.7679938],[14.968861,58.767919],[14.9690058,58.7678244],[14.9690794,58.767742],[14.9688485,58.7676408],[14.9687418,58.7676568],[14.9686542,58.7676363],[14.9685787,58.7676584],[14.9684817,58.7676066],[14.9683817,58.7675293],[14.9681642,58.7673957],[14.9680306,58.7673248],[14.9680108,58.7672713],[14.9680546,58.7672585],[14.9681118,58.767291],[14.9682232,58.7673621],[14.9682957,58.7673579],[14.9682877,58.7673118],[14.9680343,58.7671234],[14.9679719,58.7670604],[14.9679579,58.7670297],[14.9680121,58.767014],[14.9680851,58.767029],[14.9680857,58.766886],[14.9680796,58.7667463],[14.9680617,58.7666235],[14.9680966,58.766536],[14.9682572,58.7664787],[14.968299,58.7664036],[14.9681472,58.7663656],[14.9679748,58.7662672],[14.9678447,58.7661926],[14.9676843,58.7661242],[14.9675767,58.7661899],[14.96751,58.7662046],[14.967442,58.7661308],[14.9674627,58.7660355],[14.967502,58.7659321],[14.9674992,58.7658971],[14.9674643,58.7658235],[14.9674458,58.7657891],[14.9674249,58.7657498],[14.9673511,58.7657821],[14.9673425,58.7658137],[14.9673073,58.7658221],[14.9672579,58.7658092],[14.9672353,58.7657583],[14.9671945,58.7657529],[14.9671733,58.7657107],[14.9671885,58.765642],[14.9673069,58.7655684],[14.9672627,58.765508],[14.96727,58.7654538],[14.9673418,58.765383],[14.9672619,58.7653308],[14.9671819,58.7652928],[14.9671638,58.7653221],[14.9671245,58.765329],[14.9670491,58.7653101],[14.9669918,58.7652517],[14.9670426,58.7650897],[14.9670066,58.7649464],[14.9669284,58.7648779],[14.9667939,58.7648539],[14.9666518,58.7647772],[14.9665818,58.7647338],[14.9665147,58.7646617],[14.9665012,58.7645788],[14.9666474,58.7644642],[14.9666446,58.7643006],[14.96652,58.7640853],[14.9664994,58.7639168],[14.9665741,58.7638353],[14.9667237,58.7637564],[14.9667199,58.7636942],[14.9666507,58.7636542],[14.9665506,58.7635299],[14.966579,58.7633703],[14.966678,58.7631938],[14.9666383,58.7630614],[14.9667061,58.7630321],[14.966817,58.7629812],[14.9669394,58.7629562],[14.9670534,58.7629648],[14.9672736,58.7628556],[14.9675626,58.7625976],[14.9676975,58.762254],[14.9674977,58.7619226],[14.9671524,58.761582],[14.9669227,58.7612937],[14.966787,58.7612185],[14.9667045,58.761148],[14.9666094,58.7611128],[14.9665541,58.7609909],[14.9666365,58.7607831],[14.9665732,58.7605854],[14.966596,58.7603923],[14.9665188,58.7601909],[14.9663984,58.7601917],[14.9662733,58.7601863],[14.9661808,58.7601483],[14.966148,58.7601617],[14.96624,58.7600711],[14.9662142,58.7599264],[14.9664707,58.7598125],[14.9668385,58.7596021],[14.9669529,58.7594337],[14.9670332,58.7592386],[14.9672752,58.758998],[14.9672273,58.758929],[14.9674101,58.7586821],[14.9674724,58.7584922],[14.9674364,58.7584072],[14.9674279,58.7583235],[14.967565,58.7582784],[14.9675767,58.7581549],[14.967441,58.7578107],[14.9673027,58.7577854],[14.9672732,58.757702],[14.9671779,58.7576669],[14.9670779,58.7575874],[14.967112,58.7575391],[14.9672584,58.7574213],[14.9673279,58.7570076],[14.9673927,58.7569162],[14.9675254,58.7567739],[14.967737,58.7566499],[14.9680655,58.7564765],[14.9685205,58.7561386],[14.9686374,58.7559902],[14.968566,58.7558326],[14.9685642,58.7556267],[14.9683865,58.7550982],[14.968272,58.7549956],[14.9682708,58.754882],[14.9684208,58.7547778],[14.9684972,58.7545615],[14.9686165,58.7543313],[14.9686107,58.7540013],[14.9686591,58.7538809],[14.9688729,58.753739],[14.969284,58.753591],[14.9696974,58.7533345],[14.9699717,58.752912],[14.9703592,58.7527244],[14.9708496,58.752675],[14.9713502,58.7524758],[14.9718088,58.752256],[14.972248,58.7522299],[14.9725104,58.7522035],[14.9728769,58.7521031],[14.9731299,58.7520241],[14.973528,58.751978],[14.9737332,58.7519789],[14.9739591,58.751949],[14.9743678,58.7518557],[14.9747939,58.7517408],[14.9752958,58.7515999],[14.9754116,58.7515883],[14.9756849,58.751678],[14.975942,58.751729],[14.9763298,58.7517987],[14.9766218,58.7518675],[14.9768068,58.7519583],[14.9769086,58.7519542],[14.9771223,58.7520022],[14.9773268,58.7521233],[14.9775522,58.752221],[14.9776869,58.752267],[14.9778755,58.7523238],[14.9780216,58.7523321],[14.9781424,58.7523481],[14.9783885,58.7523432],[14.9785917,58.7523159],[14.9789278,58.7521718],[14.9791222,58.7520718],[14.9792044,58.7520393],[14.9793261,58.7520281],[14.9795498,58.751997],[14.9800838,58.7520254],[14.9804682,58.7520462],[14.9808166,58.7520346],[14.9810633,58.7520153],[14.9811928,58.7519456],[14.9813178,58.751887],[14.9814585,58.7518528],[14.9815845,58.7518257],[14.9817222,58.7517753],[14.9818481,58.7517984],[14.9825287,58.7517625],[14.9825802,58.7518152],[14.9824612,58.7518706],[14.9824674,58.7519584],[14.9827588,58.7519945],[14.9837772,58.7525095],[14.9843183,58.7525114],[14.9847774,58.7524477],[14.9853105,58.7522803],[14.9855589,58.7519321],[14.9855331,58.7517405],[14.9856184,58.7512111],[14.9857651,58.7510792],[14.9859758,58.7509924],[14.9862433,58.7509081],[14.9863036,58.7507969],[14.9861505,58.7504646],[14.9858783,58.7502599],[14.9854302,58.7501036],[14.9847262,58.749916],[14.9833595,58.7499072],[14.9827376,58.7501137],[14.9824702,58.7500625],[14.9822361,58.7498988],[14.9821532,58.7498071],[14.9817705,58.7497504],[14.9816279,58.749758],[14.9810768,58.7496077],[14.9807599,58.7496165],[14.9805597,58.7498372],[14.9804103,58.7499216],[14.9803612,58.7500221],[14.980289,58.7500571],[14.9801959,58.7500537],[14.9799659,58.7499608],[14.9799014,58.7499897],[14.9797395,58.749944],[14.979683,58.749893],[14.9797329,58.7497614],[14.9798816,58.7496917],[14.9799736,58.7496726],[14.9800403,58.7496167],[14.980046,58.7495216],[14.9800408,58.749465],[14.9795722,58.7493542],[14.9791764,58.7493408],[14.9787347,58.7492625],[14.9785242,58.7490553],[14.9783173,58.7489662],[14.9781558,58.7490053],[14.9780398,58.7491151],[14.9776565,58.7491905],[14.9774585,58.7491871],[14.9773237,58.7491432],[14.9770035,58.7491129],[14.9767922,58.7491387],[14.9765686,58.7490998],[14.9764451,58.7490814],[14.9763179,58.7490857],[14.9762664,58.7489788],[14.9759549,58.7488577],[14.9757001,58.748807],[14.9756158,58.7488052],[14.9755125,58.7487731],[14.9754583,58.7486909],[14.9755242,58.748615],[14.9755034,58.7484346],[14.975432,58.7481646],[14.9755362,58.7480884],[14.9755108,58.748034],[14.9755653,58.7479711],[14.9756011,58.7478556],[14.9755175,58.7477622],[14.9755635,58.7476056],[14.9757035,58.7475765],[14.975956,58.7474699],[14.9766745,58.7473389],[14.9769178,58.7473937],[14.977046,58.747404],[14.9771175,58.7474269],[14.9771033,58.7474755],[14.9772822,58.7475408],[14.9773715,58.7476848],[14.9774785,58.7477258],[14.9776749,58.7477463],[14.9778367,58.7477815],[14.9780193,58.747765],[14.9780764,58.7477246],[14.9781721,58.7477063],[14.9782424,58.7477221],[14.9784066,58.7476907],[14.9784727,58.7476477],[14.9784217,58.7474965],[14.9783174,58.747397],[14.9782939,58.7473229],[14.9783272,58.7472355],[14.9784228,58.7471671],[14.9785033,58.7470748],[14.9785711,58.7469572],[14.9785792,58.7468386],[14.9785305,58.7467566],[14.9783265,58.7466276],[14.9772064,58.745845],[14.9770305,58.7454033],[14.9763358,58.7449028],[14.975257,58.7448828],[14.9742437,58.7442571],[14.9739899,58.744286],[14.9734368,58.7435885],[14.9726547,58.7435443],[14.9721295,58.7432236],[14.9719799,58.7428656],[14.9712884,58.7425508],[14.9705621,58.7418856],[14.9700498,58.7411017],[14.9691142,58.7405272],[14.9680655,58.7403164],[14.9672082,58.7400442],[14.9659851,58.7392859],[14.9650287,58.738968],[14.9642567,58.7383853],[14.9635062,58.736825],[14.9622048,58.7358166],[14.9609077,58.7356047],[14.9604662,58.7349699],[14.9601433,58.7349198],[14.9597458,58.7346261],[14.9595017,58.7343076],[14.958701,58.7340509],[14.9583451,58.7335289],[14.9569252,58.7322807],[14.9572057,58.7307607],[14.9572635,58.7300491],[14.9575424,58.7299377],[14.9578214,58.7300045],[14.9580789,58.7300992],[14.958272,58.7301994],[14.9585724,58.7303275],[14.9588943,58.7304333],[14.9592268,58.7304333],[14.959656,58.7303721],[14.9597311,58.7302997],[14.9599457,58.7302663],[14.9603319,58.7303832],[14.9608147,58.7304779],[14.9612117,58.7305113],[14.9615335,58.7305893],[14.9618769,58.7307452],[14.9621344,58.7308064],[14.9623382,58.7307675],[14.9623489,58.7305781],[14.9622524,58.7303943],[14.9618876,58.7302384],[14.961834,58.7300491],[14.9618125,58.7298987],[14.9616301,58.7297316],[14.9615014,58.7295423],[14.9614155,58.7293696],[14.9612224,58.7292694],[14.9608362,58.7291636],[14.9601066,58.7290745],[14.9595809,58.7289352],[14.9588191,58.7287626],[14.9583256,58.7286345],[14.9580789,58.7285064],[14.9580252,58.7282614],[14.9584973,58.7280943],[14.9589157,58.7278604],[14.9590445,58.7277378],[14.9590766,58.7275318],[14.9590766,58.7272533],[14.9591625,58.7271865],[14.9591947,58.7270082],[14.9596775,58.7269748],[14.96001,58.7268913],[14.9604392,58.7268523],[14.960686,58.7268077],[14.9613619,58.7267743],[14.9616837,58.7267632],[14.9620271,58.7266741],[14.9624026,58.726585],[14.9626279,58.7264903],[14.962998,58.7264067],[14.9631053,58.726326],[14.9630409,58.7261951],[14.9630302,58.726106],[14.9630892,58.7259584],[14.9633467,58.7258386],[14.9634916,58.7257774],[14.9635613,58.7257217],[14.9636793,58.7256938],[14.9638456,58.72573],[14.9640119,58.7257969],[14.9641299,58.7258748],[14.9642104,58.72595],[14.9642426,58.7260475],[14.9642265,58.7261617],[14.964146,58.7262202],[14.9641514,58.7262703],[14.9642265,58.7263037],[14.9644959,58.7263247],[14.9674022,58.7275513],[14.9681318,58.7279857],[14.9685502,58.7282307],[14.9688935,58.7285315],[14.9690223,58.7287542],[14.9690759,58.7289993],[14.9692476,58.7291831],[14.9696553,58.729261],[14.9699986,58.7292833],[14.9703419,58.7292499],[14.9706101,58.7292388],[14.97105,58.7293334],[14.9715114,58.7295117],[14.9720693,58.7295896],[14.9724448,58.7296063],[14.9727881,58.7296564],[14.9730027,58.729779],[14.9732065,58.7299238],[14.9733996,58.7299906],[14.9736571,58.7300908],[14.9737537,58.7301243],[14.9739039,58.7301465],[14.9742526,58.7302969],[14.9742258,58.7304834],[14.9741614,58.7305948],[14.9741399,58.7307619],[14.9741399,58.7308816],[14.9741936,58.7310069],[14.9742043,58.7310932],[14.9742848,58.7312269],[14.9745744,58.7314079],[14.974789,58.731561],[14.9749285,58.7316473],[14.9751806,58.7317114],[14.975363,58.7317364],[14.9756151,58.7317643],[14.9757707,58.7317866],[14.9759209,58.73182],[14.9761999,58.7319731],[14.976452,58.7322237],[14.9764413,58.7323017],[14.9765861,58.7324075],[14.976806,58.7325188],[14.9769133,58.7326107],[14.9772352,58.7327555],[14.9773371,58.7328195],[14.977777,58.733201],[14.9780345,58.7336103],[14.978296,58.73431],[14.9783282,58.7345996],[14.9785769,58.7349451],[14.9790275,58.7351901],[14.9791562,58.7352736],[14.9793386,58.7354128],[14.9795103,58.7356467],[14.9795747,58.7358248],[14.9797678,58.735964],[14.9798536,58.7359863],[14.980433,58.736042],[14.9807978,58.7360587],[14.981184,58.7359585],[14.9813771,58.735836],[14.9816024,58.7356856],[14.9817955,58.7355019],[14.9818814,58.7353516],[14.9821174,58.7352889],[14.9822354,58.7352249],[14.9822703,58.7351845],[14.9822783,58.7351219],[14.982458,58.7350829],[14.9825519,58.7350606],[14.9826404,58.7350397],[14.982737,58.7349813],[14.9827692,58.7349423],[14.9827772,58.7348824],[14.9827558,58.7348281],[14.9827343,58.7347599],[14.9827102,58.7347251],[14.9826404,58.7347126],[14.982509,58.7347182],[14.982391,58.734707],[14.9823615,58.734682],[14.9824285,58.7346541],[14.9825144,58.7346346],[14.9826297,58.734611],[14.9827236,58.7345943],[14.9827692,58.7345609],[14.982729,58.7345302],[14.9827316,58.7342615],[14.9818813,58.7341543],[14.981876,58.7340555],[14.9819886,58.7340555],[14.9827209,58.7341502],[14.9828228,58.7341446],[14.9828952,58.7341112],[14.9829435,58.7340903],[14.9830159,58.7341154],[14.9830508,58.7341321],[14.98315,58.7341432],[14.9831983,58.7341585],[14.9832707,58.7342253],[14.9841445,58.7342673],[14.9841553,58.7341504],[14.9832889,58.7341142],[14.9832433,58.7340251],[14.9832391,58.7340224],[14.983179,58.7339834],[14.9831334,58.7339277],[14.9830395,58.7338316],[14.9830046,58.7337968],[14.9828947,58.7337592],[14.9828303,58.7337216],[14.982833,58.7336729],[14.9829027,58.7336395],[14.9830851,58.7336395],[14.9832138,58.7336604],[14.9833184,58.7336506],[14.9833292,58.7336103],[14.9831843,58.7335602],[14.9830395,58.7335295],[14.9830663,58.7334669],[14.9831682,58.7334126],[14.9832541,58.733375],[14.9833453,58.7333096],[14.9834016,58.7332636],[14.9834847,58.7331537],[14.9835277,58.7331147],[14.9835384,58.733098],[14.9835384,58.7330506],[14.9834955,58.7329894],[14.9834982,58.7328905],[14.9834526,58.7327987],[14.983246,58.7326622],[14.983061,58.7325815],[14.9829751,58.7325578],[14.9829859,58.7324604],[14.9830583,58.7324019],[14.983179,58.7323852],[14.9833372,58.7324089],[14.9834633,58.7324214],[14.9835008,58.7323671],[14.9834096,58.7323156],[14.9831629,58.7322502],[14.9830368,58.7321151],[14.9830207,58.7319926],[14.98301,58.7319091],[14.9830207,58.7316835],[14.9829456,58.7315722],[14.9828786,58.7315207],[14.9827579,58.7313564],[14.9826962,58.7312993],[14.9825728,58.731245],[14.9825674,58.7312325],[14.9826506,58.7311879],[14.9825835,58.7310501],[14.9824065,58.7308719],[14.9820927,58.7309095],[14.9820685,58.7308649],[14.9823663,58.7308106],[14.9823207,58.7307368],[14.9822375,58.7306505],[14.9822724,58.7304055],[14.9822456,58.7302468],[14.9821705,58.7301298],[14.9822187,58.7300324],[14.9824601,58.7299711],[14.9825031,58.7299377],[14.9825071,58.7292758],[14.9825393,58.7291617],[14.9825607,58.7289333],[14.9825071,58.728602],[14.9824964,58.7282455],[14.9823354,58.7280534],[14.982137,58.7279058],[14.9819385,58.7277972],[14.9816863,58.7277415],[14.9808441,58.7276441],[14.9804525,58.727619],[14.9800073,58.7275577],[14.9796908,58.7275466],[14.9795138,58.7275577],[14.9792563,58.7275884],[14.9787252,58.7275299],[14.9778079,58.7273322],[14.9772553,58.7271456],[14.9767725,58.72692],[14.9762575,58.7264967],[14.9759571,58.7262043],[14.975764,58.7261124],[14.9753402,58.7260372],[14.9751149,58.7260094],[14.974954,58.7261208],[14.9748682,58.7261041],[14.974659,58.7260567],[14.974659,58.7259788],[14.9748521,58.725781],[14.9745463,58.7255805],[14.9741493,58.7254663],[14.9738597,58.7254301],[14.9734949,58.7254246],[14.9731194,58.7253744],[14.9728672,58.7235628],[14.9727707,58.7233372],[14.9727117,58.7232286],[14.972717,58.7231325],[14.97265,58.7230573],[14.9725588,58.7230337],[14.9724595,58.7230295],[14.9719231,58.7230619],[14.9719553,58.722995],[14.9721216,58.7229672],[14.9723576,58.7229365],[14.9725239,58.7229031],[14.972658,58.7228558],[14.9726795,58.7228196],[14.9727009,58.7227611],[14.9727097,58.7227527],[14.9726506,58.7226653],[14.9726862,58.7226594],[14.9727398,58.7227447],[14.9727546,58.7227451],[14.9727734,58.7227458],[14.9728169,58.7227437],[14.972876,58.7227381],[14.9729169,58.7227322],[14.9730013,58.7227176],[14.973061,58.7226977],[14.9731381,58.7226229],[14.9731811,58.7225156],[14.9731462,58.722343],[14.9731033,58.7222316],[14.9730121,58.7221689],[14.9728243,58.7220672],[14.9728055,58.722038],[14.9727868,58.7218221],[14.9728163,58.7217024],[14.9726004,58.7214541],[14.9726218,58.7212592],[14.9726755,58.721145],[14.9726808,58.7210336],[14.9726969,58.7209277],[14.9727881,58.7208665],[14.9728364,58.7208491],[14.9728941,58.7208386],[14.9728471,58.7208024],[14.9728015,58.7207899],[14.9726661,58.7207836],[14.9725709,58.7207641],[14.9725266,58.7207356],[14.9725186,58.7206993],[14.9725588,58.7206388],[14.9726486,58.7206255],[14.9727841,58.7206346],[14.9728874,58.7206562],[14.9729826,58.7207752],[14.9730148,58.7208017],[14.973063,58.7208149],[14.9731462,58.7208184],[14.9731998,58.720792],[14.9732106,58.7207453],[14.9731891,58.7206861],[14.9730899,58.7206179],[14.9730872,58.7205677],[14.9730496,58.7205427],[14.9729343,58.7205267],[14.9727546,58.7204988],[14.9725051,58.7204682],[14.9724582,58.7204361],[14.972418,58.7204201],[14.972367,58.7204152],[14.9723657,58.720457],[14.9722785,58.7204654],[14.972304,58.7204292],[14.972308,58.7204048],[14.9723053,58.720354],[14.9723751,58.7202119],[14.9725413,58.7200532],[14.9727398,58.7198721],[14.9727291,58.7197551],[14.9726218,58.7196047],[14.9724877,58.7194877],[14.9721819,58.7192955],[14.9718064,58.7191034],[14.9713773,58.7188471],[14.9709106,58.7185797],[14.9701756,58.7181702],[14.9697036,58.7179084],[14.9691725,58.7177719],[14.9688184,58.7177329],[14.968223,58.7177106],[14.967944,58.7177468],[14.9676061,58.7178973],[14.9673701,58.7179613],[14.9669999,58.7180477],[14.9668443,58.7179084],[14.9666405,58.7177441],[14.9663669,58.7175212],[14.9661201,58.7173987],[14.96575,58.7173123],[14.9649722,58.7171507],[14.9646503,58.7171758],[14.964189,58.7172343],[14.9637813,58.7173569],[14.9637276,58.7174377],[14.9637115,58.7175351],[14.9633789,58.71768],[14.9631483,58.7176271],[14.9630141,58.7175324],[14.9628264,58.7174432],[14.9626064,58.7174404],[14.9623007,58.7174934],[14.9620646,58.7176131],[14.9619002,58.717718],[14.9616355,58.7177803],[14.9613995,58.7178332],[14.9613029,58.7178889],[14.9610615,58.718017],[14.9609596,58.718134],[14.9608201,58.7183624],[14.9606806,58.718641],[14.9606484,58.7189056],[14.9607128,58.7191674],[14.9609757,58.7194292],[14.9611581,58.7197523],[14.9611956,58.7200559],[14.9611473,58.720276],[14.9610937,58.7207077],[14.9613673,58.7209639],[14.961437,58.7211116],[14.9614585,58.7212731],[14.9613619,58.7215182],[14.96126,58.7216157],[14.9610722,58.7216881],[14.9607021,58.721663],[14.9603266,58.7216129],[14.9598384,58.7215182],[14.959479,58.7214486],[14.9591357,58.7213177],[14.9587172,58.7211533],[14.9585509,58.7210976],[14.9583256,58.7211032],[14.9580306,58.7211283],[14.9575693,58.7210475],[14.9573171,58.7209918],[14.9570275,58.7210029],[14.9567807,58.7210642],[14.956491,58.7211478],[14.9559975,58.7212508],[14.9555898,58.7212508],[14.9552572,58.7211923],[14.9551284,58.7210837],[14.9551767,58.7209333],[14.9552035,58.7208108],[14.9551553,58.7206381],[14.9551016,58.7204988],[14.9550694,58.7203846],[14.9550748,58.7202231],[14.955166,58.7200866],[14.9553055,58.7200253],[14.9555361,58.720042],[14.9556434,58.7199585],[14.9558312,58.7198192],[14.9560726,58.7197551],[14.9562657,58.7197913],[14.9564427,58.7197301],[14.9566037,58.7196827],[14.9568558,58.7196298],[14.9569363,58.7195574],[14.9570489,58.719471],[14.9571401,58.7193875],[14.9571186,58.719276],[14.9570596,58.719173],[14.9569953,58.7189919],[14.9568665,58.7188889],[14.9567753,58.7187635],[14.9568236,58.7186688],[14.9569872,58.7184195],[14.957057,58.7183207],[14.9571884,58.7182078],[14.9573547,58.7181103],[14.9575344,58.717978],[14.9576873,58.7177928],[14.9578375,58.7177106],[14.9579287,58.7176034],[14.9579233,58.7174307],[14.9578938,58.7173833],[14.9576792,58.71729],[14.9574566,58.7172148],[14.9575049,58.7169934],[14.9575102,58.7166452],[14.957411,58.7160449],[14.9573922,58.7156799],[14.9573386,58.7155393],[14.9574378,58.7154195],[14.957521,58.7153025],[14.9574888,58.7151367],[14.9574351,58.7150197],[14.9572742,58.7149598],[14.9569899,58.7149083],[14.9567029,58.7148763],[14.9563757,58.7148456],[14.9562496,58.7148846],[14.9562684,58.7149654],[14.956263,58.7150643],[14.9562308,58.7151729],[14.9561799,58.7153025],[14.9561235,58.7153874],[14.9559787,58.7154724],[14.9558553,58.715549],[14.9558339,58.7156423],[14.955689,58.7156521],[14.955504,58.7156201],[14.9553323,58.7155309],[14.9551633,58.7154975],[14.9549353,58.7155003],[14.9547851,58.7155588],[14.954651,58.7156604],[14.9545089,58.7158011],[14.9542138,58.7158568],[14.9540582,58.7159112],[14.9539724,58.71601],[14.9538946,58.7161159],[14.9538061,58.7162078],[14.9535486,58.7162649],[14.9533206,58.7163206],[14.9529639,58.7164098],[14.9521753,58.7165477],[14.9519152,58.7165686],[14.9518213,58.7165602],[14.9517596,58.7165268],[14.9517623,58.7164738],[14.9518722,58.7163694],[14.9518374,58.7163318],[14.9517408,58.7162677],[14.9515772,58.7162176],[14.9513734,58.7161953],[14.951199,58.7161368],[14.9510622,58.7160588],[14.9509818,58.7159348],[14.9510193,58.7158457],[14.9509925,58.7157774],[14.9509657,58.7156785],[14.9507645,58.7155797],[14.9506357,58.7154696],[14.950515,58.7153707],[14.9504051,58.7151757],[14.9503917,58.7149194],[14.9503702,58.7147857],[14.9504587,58.714613],[14.950499,58.714418],[14.9506438,58.7142272],[14.9507296,58.7141185],[14.9508262,58.713989],[14.9509496,58.7137689],[14.9510676,58.713677],[14.9511561,58.7136018],[14.9513197,58.7134959],[14.9515531,58.7134318],[14.9516711,58.7134402],[14.9518213,58.7135126],[14.9519366,58.7135781],[14.9521136,58.7135628],[14.9524543,58.7135154],[14.9527252,58.7134848],[14.9529398,58.7135001],[14.9530605,58.7135516],[14.9532509,58.7136505],[14.9534065,58.7137188],[14.9535459,58.7137647],[14.9538142,58.713755],[14.9539375,58.7137049],[14.9540609,58.7136087],[14.9541843,58.7135614],[14.9541736,58.7135224],[14.9541012,58.7134987],[14.9540985,58.7134625],[14.9541387,58.7134513],[14.9542889,58.7134499],[14.9544633,58.7134054],[14.9545491,58.7134458],[14.954592,58.7135168],[14.9546939,58.7134945],[14.9547851,58.7134667],[14.9549622,58.7134987],[14.9550855,58.7135321],[14.9551526,58.7135809],[14.9553269,58.7136895],[14.9554154,58.7137494],[14.9558231,58.7138595],[14.9561235,58.7139096],[14.9565232,58.7138831],[14.9566466,58.7138427],[14.9567512,58.7137606],[14.9568477,58.7136087],[14.9570409,58.7134569],[14.9570543,58.7132703],[14.9571133,58.7130307],[14.9569953,58.7128329],[14.9569577,58.7126964],[14.9567726,58.7124791],[14.9567378,58.7123718],[14.9566037,58.7122827],[14.9565232,58.7122437],[14.9564883,58.7122381],[14.9564776,58.7122785],[14.9565178,58.7123258],[14.956491,58.7123426],[14.9564079,58.712337],[14.9562818,58.7122659],[14.9561906,58.7121503],[14.9562308,58.7120681],[14.9564293,58.7119873],[14.956609,58.7119497],[14.9565581,58.7118536],[14.9564856,58.7117673],[14.956314,58.7116182],[14.9561584,58.7114622],[14.9559546,58.7114385],[14.9557266,58.711387],[14.955504,58.7113814],[14.9551794,58.7114218],[14.9549112,58.7114873],[14.9545276,58.711575],[14.9543935,58.7116029],[14.9542111,58.7116544],[14.9542219,58.7117171],[14.9542138,58.7117659],[14.9541065,58.7117965],[14.9540287,58.711823],[14.9539375,58.7118104],[14.9538115,58.7117687],[14.9535674,58.7117171],[14.9534655,58.711706],[14.9531651,58.711589],[14.9513944,58.7102242],[14.9511602,58.7088711],[14.9483571,58.7069404],[14.9470348,58.7064934],[14.9458503,58.7067083],[14.9455005,58.7065366],[14.9448874,58.7064266],[14.9440187,58.7064463],[14.9438766,58.7064164],[14.9437505,58.7063544],[14.9435091,58.7061705],[14.9435882,58.7061092],[14.9439275,58.7063251],[14.944067,58.7063572],[14.9448904,58.7063168],[14.9448757,58.7062861],[14.9449803,58.7062673],[14.9449708,58.7062516],[14.944984,58.7061766],[14.9449418,58.7060268],[14.944772,58.7060289],[14.9444909,58.7057091],[14.9441675,58.7057115],[14.9440346,58.7056274],[14.9438639,58.7054849],[14.9432087,58.7056919],[14.9431631,58.7057351],[14.9431658,58.7057755],[14.9433777,58.7059336],[14.9434072,58.7059643],[14.9433897,58.7059831],[14.9433428,58.705988],[14.9432985,58.7059761],[14.943261,58.7059552],[14.9430639,58.7057825],[14.9430491,58.705726],[14.9430786,58.7056814],[14.9435501,58.7055103],[14.9435854,58.7053085],[14.9435195,58.7051956],[14.9434366,58.7051877],[14.9434096,58.7050965],[14.9435029,58.7050821],[14.9433982,58.7047253],[14.9433026,58.7045439],[14.9430707,58.704329],[14.9427232,58.7042276],[14.9423685,58.7041812],[14.9423481,58.7040496],[14.9417894,58.7039931],[14.9416389,58.7039598],[14.9415021,58.703728],[14.9416266,58.7036413],[14.9416741,58.7033862],[14.9407364,58.7013003],[14.9399151,58.7007142],[14.9389597,58.7008656],[14.9384222,58.7005869],[14.9384436,58.700301],[14.9382999,58.7000521],[14.9383964,58.6999518],[14.9380542,58.6993225],[14.9372449,58.698892],[14.9370312,58.6985343],[14.9368831,58.6981056],[14.9366165,58.6981449],[14.9364567,58.6986408],[14.9362791,58.6989066],[14.9358253,58.6990298],[14.9347454,58.6989189],[14.934246,58.6984326],[14.9345823,58.6978094],[14.9352137,58.697658],[14.936093,58.6977531],[14.9363408,58.6975856],[14.9360714,58.6973809],[14.9364225,58.6971036],[14.9365703,58.6967794],[14.9365457,58.6964083],[14.9369735,58.6962371],[14.9371532,58.695666],[14.9369933,58.6951632],[14.9360038,58.6947616],[14.9361467,58.6938691],[14.9367427,58.6929784],[14.9371614,58.6927864],[14.9372682,58.6924238],[14.9371662,58.6921352],[14.9373749,58.6920569],[14.9373959,58.6916677],[14.9372435,58.6914681],[14.9375473,58.6913358],[14.9376623,58.691195],[14.9375982,58.6908567],[14.9376177,58.6905686],[14.9376358,58.6905281],[14.9375789,58.6904793],[14.9375911,58.6904532],[14.9376045,58.6904246],[14.9376981,58.6904278],[14.9377791,58.6902929],[14.9379578,58.69009],[14.9378429,58.6899108],[14.9378792,58.689728],[14.9377936,58.6894756],[14.9378018,58.6891343],[14.9375309,58.6889977],[14.9370383,58.6891087],[14.9366924,58.6890323],[14.936605,58.689013],[14.933688,58.6891597],[14.9325308,58.6894884],[14.931874,58.6899919],[14.931833,58.6902863],[14.9321448,58.6908683],[14.9321532,58.6914425],[14.9326704,58.6918094],[14.9330317,58.6918649],[14.9331759,58.6919645],[14.9331643,58.6921636],[14.9328624,58.6921576],[14.9326882,58.6919524],[14.9323051,58.692055],[14.9320496,58.6923446],[14.9319335,58.6926342],[14.9321657,58.6929298],[14.9321541,58.6932315],[14.9324328,58.6934427],[14.9327607,58.6934818],[14.9330598,58.6934306],[14.9332107,58.6932737],[14.9333937,58.6933283],[14.9335126,58.6936478],[14.9329901,58.6941787],[14.9330703,58.6944972],[14.9323267,58.6949476],[14.9309698,58.6950535],[14.9304094,58.6947923],[14.9292629,58.6940219],[14.9273355,58.6929419],[14.9258303,58.6929257],[14.9236979,58.6921945],[14.9236127,58.6915454],[14.9236933,58.6912605],[14.9234757,58.6910051],[14.9230002,58.6907119],[14.9231291,58.6902679],[14.9235241,58.6898784],[14.9235724,58.6896103],[14.9234515,58.6894051],[14.9230969,58.689225],[14.9229834,58.6888825],[14.9237256,58.688605],[14.9247411,58.6879684],[14.9257244,58.6873819],[14.9254504,58.6865274],[14.9251764,58.6863892],[14.9252005,58.6862719],[14.9255632,58.6862551],[14.9262483,58.6856603],[14.9263773,58.685367],[14.9268931,58.6847303],[14.9269272,58.68447],[14.9263853,58.6839595],[14.926611,58.6831258],[14.9267964,58.6830337],[14.9264821,58.6828996],[14.9261677,58.6828703],[14.9258615,58.6829499],[14.9255229,58.6829918],[14.9253961,58.6829288],[14.9253559,58.6829679],[14.9250877,58.6828284],[14.9251574,58.6827295],[14.9251816,58.682643],[14.9252057,58.6825273],[14.9252647,58.6825064],[14.9253559,58.6825524],[14.9255088,58.6825245],[14.9256295,58.6824255],[14.9255544,58.6823614],[14.9255437,58.6823196],[14.9256786,58.6822098],[14.9262242,58.682024],[14.9265304,58.681714],[14.9265627,58.6814207],[14.926337,58.6808761],[14.9260388,58.6805912],[14.9255391,58.6804152],[14.9248378,58.6804697],[14.9243059,58.6802476],[14.9246363,58.6801136],[14.9250393,58.6797742],[14.925021,58.6797573],[14.9247492,58.6795061],[14.9242898,58.6796695],[14.9234596,58.6797533],[14.9233065,58.6800172],[14.9229115,58.679946],[14.9231372,58.6790829],[14.9234069,58.6790285],[14.9238435,58.679014],[14.9234562,58.6787628],[14.9231252,58.678736],[14.9232099,58.6784784],[14.9233859,58.6784574],[14.9235147,58.6782176],[14.923379,58.6779642],[14.9237271,58.6776646],[14.9236853,58.6774987],[14.9240039,58.6769557],[14.924616,58.6769557],[14.9255632,58.6764558],[14.9260952,58.6758524],[14.9268125,58.6756471],[14.9275057,58.6750856],[14.9279098,58.6748808],[14.9277054,58.674173],[14.9273256,58.6733214],[14.9274142,58.6731316],[14.9276985,58.6728688],[14.9279791,58.6730123],[14.9280006,58.6730722],[14.9282876,58.6732117],[14.9285504,58.6732758],[14.9286363,58.6733414],[14.9285799,58.6734683],[14.9289528,58.6735826],[14.9289715,58.6736551],[14.9290735,58.6737346],[14.9293512,58.6737711],[14.9292934,58.6738183],[14.9294811,58.6741167],[14.9297333,58.6741837],[14.9302461,58.6746666],[14.9303589,58.6747294],[14.9311316,58.6747151],[14.9311801,58.6746642],[14.9314221,58.6741589],[14.9323931,58.674121],[14.9340423,58.6749389],[14.9353787,58.6761123],[14.93578,58.6764165],[14.9362181,58.676738],[14.9362984,58.6768616],[14.9370109,58.6775839],[14.9370833,58.6777237],[14.9364865,58.6778104],[14.9368776,58.6782648],[14.9371679,58.6782588],[14.9374234,58.678965],[14.9378032,58.6795956],[14.9386425,58.6801058],[14.9394948,58.680022],[14.9400832,58.6799641],[14.9404887,58.6797195],[14.9403261,58.6793332],[14.9396928,58.678966],[14.9398269,58.6786874],[14.9400359,58.6786511],[14.9404423,58.6791461],[14.9406629,58.6789529],[14.9396295,58.6769973],[14.9397213,58.6754692],[14.937895,58.674721],[14.9370621,58.6742297],[14.9362185,58.6737489],[14.9350303,58.6732207],[14.9333346,58.6730422],[14.9327205,58.6733131],[14.9312582,58.6732074],[14.9311407,58.6718715],[14.9312977,58.6714685],[14.9312192,58.6712537],[14.9314785,58.6709113],[14.9320185,58.6708298],[14.9325818,58.670813],[14.9328068,58.6707089],[14.9328178,58.6706401],[14.9326408,58.6704616],[14.9329787,58.6703054],[14.9326408,58.670297],[14.9325174,58.6700683],[14.9325389,58.6699707],[14.9324253,58.6698175],[14.9318469,58.6699818],[14.9315089,58.6699623],[14.9308652,58.6698117],[14.930554,58.6695829],[14.9301839,58.6695969],[14.9300766,58.6697363],[14.9299639,58.6698898],[14.9297708,58.6699651],[14.9295455,58.669993],[14.9291754,58.6699874],[14.9288106,58.6697921],[14.9286443,58.6697921],[14.9285746,58.6700906],[14.9284029,58.6701854],[14.9281913,58.6702091],[14.9277753,58.6701575],[14.9274212,58.6698312],[14.9268794,58.669555],[14.926362,58.6690277],[14.9250942,58.6687584],[14.9241145,58.6692091],[14.9223744,58.669384],[14.9205851,58.6689217],[14.919287,58.6676954],[14.9191761,58.667449],[14.9191922,58.6671645],[14.919337,58.6669971],[14.9193438,58.6666073],[14.9196321,58.666442],[14.9201098,58.6663646],[14.9204423,58.6661984],[14.9208069,58.666177],[14.921217,58.6660865],[14.9217277,58.666156],[14.9226862,58.6662385],[14.923168,58.6662955],[14.9241098,58.6669504],[14.9243152,58.6672007],[14.9246854,58.66741],[14.9248624,58.6674797],[14.9251507,58.6674966],[14.9257958,58.6674546],[14.9259937,58.6674163],[14.9263805,58.6672705],[14.9272227,58.6670836],[14.927609,58.6669915],[14.9278182,58.66688],[14.9278879,58.6667656],[14.9278894,58.6665895],[14.9284673,58.6661044],[14.9286389,58.66558],[14.9284673,58.6647542],[14.9279523,58.6641182],[14.9280897,58.6633088],[14.930334,58.6606922],[14.931364,58.6591297],[14.9339571,58.6556174],[14.9332737,58.6533926],[14.9334454,58.6525554],[14.933896,58.6504009],[14.9348327,58.6480261],[14.9357843,58.6456896],[14.9354195,58.6432108],[14.9359131,58.6429931],[14.9359527,58.6427304],[14.9356985,58.6424292],[14.9351446,58.6420781],[14.9350119,58.6419211],[14.9346042,58.6418095],[14.9340677,58.6417146],[14.9328715,58.6414549],[14.9323425,58.6414216],[14.9320078,58.6414829],[14.9316859,58.6416096],[14.9299371,58.6425185],[14.9290252,58.6428368],[14.9288964,58.6429317],[14.9289769,58.6430377],[14.9289823,58.6431438],[14.928714,58.6431913],[14.9286067,58.6430908],[14.9284019,58.6432147],[14.9280167,58.6431215],[14.9274051,58.6426972],[14.9265575,58.6417201],[14.9263537,58.6414577],[14.9263215,58.6411339],[14.9261927,58.640905],[14.9262461,58.6406015],[14.9263966,58.640369],[14.9270081,58.6403243],[14.9273944,58.6402462],[14.9277377,58.6398888],[14.9287248,58.6399949],[14.9296051,58.6397113],[14.9299264,58.6398609],[14.9304092,58.6401736],[14.9317288,58.6400452],[14.9328438,58.6401523],[14.9333382,58.6405086],[14.9330056,58.6407542],[14.9330426,58.64098],[14.9334347,58.6412344],[14.9340248,58.6413907],[14.9341965,58.6415359],[14.935156,58.6417055],[14.9354839,58.641642],[14.9366963,58.641307],[14.9379053,58.640538],[14.9386041,58.6355474],[14.9396459,58.6334221],[14.939262,58.6325697],[14.9383271,58.6323615],[14.9378335,58.6323392],[14.937555,58.6322049],[14.9374688,58.6318812],[14.9378014,58.6311105],[14.9384497,58.6307685],[14.9389923,58.6305856],[14.9397755,58.6304683],[14.9401188,58.6301052],[14.9403334,58.6299656],[14.9407599,58.6300946],[14.9409449,58.6298204],[14.9409127,58.6292898],[14.940784,58.6288598],[14.9404253,58.6285219],[14.9394784,58.628161],[14.9390137,58.6280052],[14.9390244,58.6277539],[14.9399619,58.6268457],[14.9393356,58.6264971],[14.9385953,58.6263798],[14.9378228,58.6264525],[14.9373831,58.6267382],[14.9371791,58.6269496],[14.9366319,58.6272512],[14.9354195,58.6273238],[14.9344212,58.6276321],[14.9337673,58.6273015],[14.9333167,58.6274132],[14.9331987,58.6273015],[14.9330592,58.626877],[14.9328554,58.6268658],[14.9324155,58.6271507],[14.9320078,58.6273852],[14.9314928,58.6277204],[14.9313727,58.6277183],[14.9317074,58.6272959],[14.9319112,58.6268937],[14.9317932,58.626782],[14.9313855,58.626715],[14.9314177,58.6263966],[14.9308491,58.6262737],[14.9304628,58.6263352],[14.9300659,58.6264413],[14.9301731,58.6265307],[14.929862,58.6266815],[14.9294329,58.626849],[14.9286818,58.6264525],[14.9282312,58.6264748],[14.9284887,58.6262737],[14.9289501,58.626162],[14.9292183,58.6262514],[14.9296904,58.6263072],[14.9299586,58.6262067],[14.930098,58.6260726],[14.9302912,58.6260335],[14.9303019,58.6259051],[14.9304843,58.6258157],[14.930731,58.6257822],[14.9308813,58.6256705],[14.9308705,58.6255364],[14.9310958,58.625313],[14.9307525,58.6251566],[14.9303448,58.6252292],[14.9300122,58.6254638],[14.9297869,58.6254024],[14.92954,58.6251181],[14.9297433,58.6246485],[14.9290916,58.6245549],[14.9288861,58.6242284],[14.9291042,58.6238124],[14.92884,58.6237071],[14.9284734,58.6240952],[14.9281681,58.6240869],[14.9287688,58.6235227],[14.9294701,58.6224266],[14.9297536,58.6213008],[14.9306675,58.6202596],[14.9307826,58.6191548],[14.931198,58.6187465],[14.9305701,58.618696],[14.9303502,58.6186485],[14.9305916,58.618439],[14.9301711,58.6182684],[14.9298406,58.6182909],[14.9296796,58.6184697],[14.9293148,58.6183859],[14.9291861,58.6183412],[14.9291877,58.6181504],[14.9291003,58.6180563],[14.9289822,58.6180786],[14.9288727,58.6180422],[14.9284029,58.6183126],[14.9279594,58.6183339],[14.9290643,58.6173688],[14.9295401,58.6174417],[14.9297976,58.6174417],[14.9299223,58.6173465],[14.9295419,58.6172068],[14.9296582,58.6171233],[14.9299908,58.6170786],[14.9303341,58.6169948],[14.9303138,58.6167371],[14.9302697,58.6165757],[14.9300873,58.6164584],[14.9297333,58.6164137],[14.9296099,58.6161662],[14.9286524,58.6159682],[14.9282527,58.6157041],[14.9281041,58.6154559],[14.9278235,58.6153298],[14.9274373,58.6152627],[14.9269438,58.6151733],[14.9264288,58.6152013],[14.9260962,58.615218],[14.9258387,58.6151621],[14.9256456,58.6152627],[14.9253774,58.6151789],[14.9246971,58.6151901],[14.9228055,58.6157755],[14.9218552,58.6164923],[14.9221336,58.616741],[14.9213889,58.6172825],[14.919739,58.6178096],[14.9185218,58.6177782],[14.9177198,58.6179458],[14.9172746,58.6185039],[14.9158617,58.6187811],[14.9147496,58.6196955],[14.9133429,58.6200691],[14.9119005,58.620993],[14.9107148,58.6217532],[14.9099431,58.6219371],[14.9087465,58.6220277],[14.9078349,58.6221103],[14.9077075,58.6217674],[14.9079249,58.6209078],[14.909133,58.6203601],[14.9099696,58.6196677],[14.9103649,58.6187279],[14.9102078,58.617591],[14.9095962,58.6173963],[14.9087706,58.6166519],[14.9093301,58.6157494],[14.9092016,58.6155197],[14.9084774,58.6153687],[14.9082038,58.6148205],[14.9074534,58.6143853],[14.9069379,58.6139383],[14.9067813,58.6137324],[14.9068235,58.6133971],[14.9073096,58.6132298],[14.9074472,58.6131172],[14.9079079,58.6130395],[14.9082817,58.6126484],[14.908411,58.6126437],[14.9082659,58.6129613],[14.9082346,58.6130549],[14.9084732,58.6129513],[14.9086821,58.6130578],[14.9083869,58.6131577],[14.9083448,58.61327],[14.908495,58.6134553],[14.9089575,58.6135977],[14.9099698,58.6136529],[14.9104275,58.6134926],[14.9113241,58.6129031],[14.9115467,58.6123311],[14.9117433,58.6118217],[14.9122667,58.610813],[14.9126335,58.6102063],[14.9123487,58.6096356],[14.9116672,58.6088939],[14.9112049,58.6086307],[14.910681,58.608303],[14.9098248,58.6081247],[14.9088123,58.6077871],[14.9072166,58.6077612],[14.9064433,58.6079108],[14.9054763,58.607946],[14.9040399,58.6080456],[14.9038558,58.6084234],[14.9041441,58.6084748],[14.9046522,58.6089135],[14.9044336,58.609001],[14.904081,58.6089265],[14.903137,58.6084566],[14.9025041,58.6083834],[14.9019682,58.60828],[14.9016818,58.6081794],[14.9008577,58.6077573],[14.9004458,58.6075478],[14.900122,58.6074953],[14.9000042,58.6073572],[14.8996408,58.6072668],[14.8994055,58.6070913],[14.8985878,58.6066996],[14.8972952,58.6060419],[14.8970961,58.605776],[14.8965091,58.6056826],[14.8957318,58.6053524],[14.8950447,58.6049671],[14.8946187,58.6048307],[14.8946655,58.6047281],[14.8943847,58.6045799],[14.8941847,58.6047172],[14.8938805,58.6046991],[14.8935302,58.6044743],[14.8927332,58.6043301],[14.8916688,58.6042699],[14.8909325,58.6043714],[14.8886951,58.604117],[14.8881002,58.6038617],[14.8872808,58.6037236],[14.8865333,58.6034443],[14.8858487,58.6029786],[14.8844892,58.602398],[14.8835101,58.6016436],[14.8837176,58.6014855],[14.8832848,58.6007837],[14.8827246,58.6004522],[14.882403,58.6003876],[14.8819392,58.6001822],[14.8814678,58.5994812],[14.8813741,58.5994257],[14.8793771,58.5982432],[14.8785448,58.5978881],[14.8777412,58.5972583],[14.8777542,58.5971462],[14.8781399,58.5967874],[14.8781273,58.5962645],[14.8785035,58.5960223],[14.8799071,58.5960081],[14.8802813,58.5956666],[14.8805221,58.5956363],[14.8814952,58.5958653],[14.8820623,58.5957708],[14.8825256,58.5954073],[14.8824684,58.5948349],[14.8822394,58.5943769],[14.8821461,58.5935785],[14.8824111,58.593232],[14.8826214,58.5923149],[14.8827128,58.5919163],[14.8825886,58.5914864],[14.8829324,58.5908811],[14.8830299,58.5906683],[14.8828621,58.5903113],[14.8832786,58.5902786],[14.8832113,58.5899229],[14.8831876,58.5897973],[14.8826089,58.5894069],[14.8821208,58.5892226],[14.8814415,58.5883333],[14.8812958,58.5881426],[14.8815312,58.5876733],[14.8814622,58.5874135],[14.8812524,58.5871946],[14.8806489,58.5869871],[14.8800609,58.5867646],[14.8793827,58.5862131],[14.8774398,58.5854477],[14.8771096,58.5852333],[14.8772047,58.5849157],[14.8776683,58.5848671],[14.8779244,58.5849669],[14.8781564,58.5847699],[14.878847,58.584684],[14.8788783,58.5836049],[14.8784448,58.5831059],[14.8777413,58.5828644],[14.877411,58.5829349],[14.8771348,58.5830099],[14.8769294,58.5832212],[14.8765069,58.5832819],[14.8761122,58.5834133],[14.8757093,58.5833928],[14.8736502,58.5851433],[14.8734515,58.5857354],[14.8741813,58.5866164],[14.8747984,58.5865074],[14.8750521,58.5866691],[14.8746195,58.587076],[14.874701,58.587697],[14.874213,58.5885365],[14.8742867,58.5890851],[14.873849,58.5896991],[14.8739736,58.5904982],[14.8738993,58.5910218],[14.8735147,58.5914241],[14.8733754,58.5921663],[14.8738564,58.5926007],[14.8744114,58.593424],[14.8740166,58.5938326],[14.8738609,58.5941028],[14.8731131,58.594151],[14.8727353,58.5939051],[14.8720876,58.5938308],[14.8712846,58.5941875],[14.8706271,58.5940494],[14.8639796,58.5883113],[14.8642924,58.5841743],[14.865057,58.5842464],[14.8655484,58.584416],[14.8668064,58.584359],[14.8680443,58.5838537],[14.8688762,58.5832533],[14.8695672,58.5825491],[14.8698555,58.581581],[14.8688168,58.5811405],[14.8687989,58.5805496],[14.8681793,58.5801242],[14.868272,58.5796401],[14.8678314,58.57942],[14.8677117,58.5790051],[14.8680771,58.5784368],[14.8683453,58.5781043],[14.8683891,58.5776726],[14.8678692,58.5769654],[14.8672525,58.5769408],[14.8672473,58.5766068],[14.8674616,58.5760145],[14.8682903,58.5760157],[14.8686086,58.576835],[14.8691996,58.5773345],[14.8698648,58.5780281],[14.8709162,58.5781288],[14.8724075,58.5780281],[14.8740276,58.577659],[14.8760768,58.5768368],[14.876699,58.5764396],[14.8769136,58.5762214],[14.8769551,58.5758753],[14.8772873,58.575369],[14.877987,58.5753849],[14.8786195,58.575869],[14.8782488,58.5766071],[14.8778023,58.5771128],[14.8781344,58.5773875],[14.879007,58.5776277],[14.8793054,58.577498],[14.8795463,58.5776086],[14.8796543,58.5784193],[14.8799594,58.5789161],[14.8805404,58.5791106],[14.8812392,58.5791933],[14.8815475,58.5791397],[14.8817591,58.5789185],[14.8818681,58.5789395],[14.88183,58.5791368],[14.8822208,58.5792259],[14.8829716,58.5792037],[14.883501,58.5791251],[14.8839024,58.5789817],[14.884172,58.5787903],[14.8838926,58.5784012],[14.883693,58.5781668],[14.8837558,58.5779394],[14.8838559,58.5776473],[14.8841304,58.5775631],[14.8845374,58.5779204],[14.8846443,58.5786144],[14.8850246,58.5787374],[14.8856175,58.5785287],[14.8858493,58.5785698],[14.8861844,58.5790758],[14.8859771,58.5796336],[14.8857013,58.5798312],[14.8860303,58.580067],[14.886658,58.5803007],[14.8873434,58.5803539],[14.8877737,58.580631],[14.8880761,58.5811187],[14.8886753,58.5810999],[14.8892846,58.5812708],[14.8894067,58.5814313],[14.8904202,58.5814164],[14.8925683,58.5810699],[14.893405,58.5808072],[14.8942,58.5805575],[14.8947652,58.5803311],[14.8951959,58.5802868],[14.8956715,58.5801381],[14.8959678,58.5802089],[14.8965965,58.5800443],[14.8977972,58.5795125],[14.8980362,58.5792512],[14.8979683,58.5791382],[14.8975401,58.5788024],[14.8977439,58.5787516],[14.8979258,58.5788751],[14.8986911,58.5787488],[14.8989924,58.5785811],[14.8991019,58.5783079],[14.89886,58.5777796],[14.8989812,58.5776464],[14.8992859,58.5775869],[14.8997856,58.5776903],[14.9002927,58.5776741],[14.9023566,58.5773778],[14.9038168,58.5771871],[14.9049581,58.5769238],[14.9057344,58.5768656],[14.9066878,58.5765975],[14.908027,58.5763481],[14.9084843,58.576179],[14.9104783,58.5754368],[14.9114344,58.574787],[14.9137299,58.5726791],[14.9140394,58.5720696],[14.9140836,58.5718795],[14.9137878,58.5714875],[14.9136103,58.5713544],[14.9133497,58.5700556],[14.9130537,58.5698151],[14.9134327,58.5692276],[14.9134658,58.569071],[14.9131264,58.5688643],[14.9131576,58.5687279],[14.9134612,58.5686405],[14.9140332,58.5686969],[14.9146694,58.5689676],[14.9161585,58.5691368],[14.917217,58.5691466],[14.9182032,58.5688639],[14.9202186,58.5680416],[14.9215378,58.5675086],[14.9220054,58.5672538],[14.9240912,58.5664112],[14.9262819,58.5655679],[14.9275921,58.5650639],[14.9292695,58.5641514],[14.9303775,58.5631259],[14.9305631,58.5626518],[14.93009,58.5621434],[14.9301335,58.5619476],[14.9298649,58.561618],[14.9298765,58.5613731],[14.9297079,58.5606993],[14.9294655,58.5602429],[14.9291552,58.5599966],[14.9284956,58.5597773],[14.928775,58.559662],[14.9292569,58.5596606],[14.9297939,58.5595833],[14.9305932,58.5590732],[14.9311409,58.5585874],[14.9324879,58.5586331],[14.9332268,58.5588157],[14.9343224,58.5584643],[14.9349063,58.5580435],[14.9355025,58.5576913],[14.9374559,58.5576866],[14.9384573,58.5575234],[14.9399249,58.5568937],[14.9409285,58.5563622],[14.9413031,58.5560877],[14.9417702,58.5560772],[14.9424902,58.5564477],[14.943088,58.5563553],[14.9440245,58.5560665],[14.9444403,58.555946],[14.9449837,58.556092],[14.9456702,58.5568787],[14.9462056,58.5571929],[14.946568,58.5573838],[14.9473121,58.5576149],[14.9480966,58.5581722],[14.9489694,58.5586205],[14.9491325,58.5587857],[14.9492189,58.5590037],[14.9491765,58.55915],[14.9492669,58.5592747],[14.949766,58.5595166],[14.950325,58.5596993],[14.9509639,58.5598914],[14.9512179,58.5600619],[14.951282,58.5601821],[14.9513225,58.5602787],[14.9515339,58.5603857],[14.9520207,58.5605131],[14.952625,58.5606501],[14.9529975,58.5607522],[14.9543336,58.5614842],[14.9548279,58.5619138],[14.9549617,58.5622469],[14.9547836,58.5623692],[14.9547136,58.5625905],[14.9548858,58.5628489],[14.9552616,58.5630086],[14.9557227,58.5634076],[14.9559482,58.5637026],[14.956405,58.5639309],[14.956523,58.5640454],[14.9569318,58.5645021],[14.9570962,58.5645421],[14.9570978,58.5646497],[14.9570614,58.564756],[14.9569771,58.5648744],[14.9574511,58.565272],[14.9580841,58.5656674],[14.9591006,58.5658636],[14.9598857,58.5659254],[14.9606381,58.5658866],[14.960846,58.5659],[14.9617091,58.5658737],[14.9620031,58.5659208],[14.9622895,58.5660108],[14.9625095,58.5660634],[14.962503,58.566273],[14.9621796,58.5669424],[14.9623866,58.5671017],[14.9626674,58.5671912],[14.9629392,58.5671912],[14.9630416,58.5671969],[14.9630489,58.567269],[14.9628147,58.5674996],[14.9628649,58.5675507],[14.9630301,58.5676149],[14.9630078,58.5677157],[14.9632374,58.5678325],[14.9640843,58.5679616],[14.9649849,58.5680598],[14.9656903,58.5681412],[14.966503,58.5681973],[14.9669536,58.5682146],[14.9675811,58.5682216],[14.9679484,58.5681866],[14.9680339,58.5682146],[14.9681624,58.5682302],[14.9688642,58.5681955],[14.9702302,58.5681836],[14.9706144,58.5681676],[14.9712811,58.5681131],[14.9717249,58.5680604],[14.9720615,58.5680132],[14.9724397,58.567933],[14.9728044,58.5678676],[14.9731127,58.5678093],[14.9735583,58.5677115],[14.9739234,58.5676124],[14.9744965,58.5674655],[14.9749943,58.5673233],[14.97546,58.5671476],[14.9763336,58.5668593],[14.9773753,58.5664156],[14.9775682,58.5663774],[14.9777205,58.5663581],[14.9778688,58.5663677],[14.9781937,58.5664693],[14.9785867,58.5665014],[14.9789744,58.5665195],[14.9793276,58.5664479],[14.9795578,58.5664197],[14.9807805,58.5661032],[14.9816303,58.565875],[14.9821582,58.5656747],[14.982518,58.5655608],[14.9841142,58.5648328],[14.9857203,58.5640253],[14.9867479,58.5633912],[14.9874316,58.5630316],[14.9881636,58.5626661],[14.9891194,58.5621882],[14.9895767,58.5619234],[14.99039,58.5613533],[14.9915685,58.5610098],[14.9916463,58.5610147],[14.9919881,58.5608879],[14.9926221,58.5608288],[14.9928165,58.5608042],[14.992998,58.5607488],[14.9931524,58.5606626],[14.9935142,58.5604335],[14.9936521,58.5603658],[14.9938147,58.5603202],[14.9940044,58.5602888],[14.9941317,58.5602833],[14.9942225,58.5602968],[14.9942967,58.5603147],[14.994325,58.5603319],[14.9943226,58.560356],[14.994292,58.5603751],[14.9942319,58.5603849],[14.9941388,58.5603732],[14.9940398,58.5603763],[14.9939054,58.5603966],[14.9937864,58.56042],[14.9935295,58.5605653],[14.9932584,58.5607315],[14.9932466,58.5607685],[14.9932561,58.5608141],[14.9933602,58.5608543],[14.9934375,58.5608843],[14.9937981,58.5609483],[14.9939207,58.5609471],[14.9940715,58.5609274],[14.9941587,58.5609015],[14.9945075,58.5609484],[14.9948139,58.5609324],[14.9952193,58.5608905],[14.9956647,58.5608129],[14.9964661,58.5605765],[14.9968408,58.5605063],[14.9971472,58.5604804],[14.9973169,58.5604928],[14.9976067,58.56051],[14.9982983,58.5601978],[14.9989549,58.5598672],[14.9995017,58.5594952],[15.0005102,58.5586853],[15.0011512,58.5580655],[15.003122,58.5559694],[15.0038099,58.5548407],[15.0044018,58.5536079],[15.0045936,58.5529259],[15.0048733,58.5517707],[15.0048476,58.5507625],[15.004828,58.5499844],[15.0046765,58.549288],[15.0043393,58.5484848],[15.0040289,58.5478355],[15.0037474,58.5472629],[15.0032592,58.5466115],[15.0028153,58.5460182],[15.0020769,58.5454056],[15.0012135,58.544986],[15.0007677,58.5447703],[15.0002781,58.5445974],[14.9998037,58.5444571],[14.9988711,58.5441813],[14.9975732,58.543978],[14.9959217,58.5438692],[14.9957203,58.5440457],[14.9956012,58.5440237],[14.9955688,58.5439866],[14.9953266,58.5439714],[14.9940783,58.5439735],[14.9930837,58.5444375],[14.9928747,58.5445347],[14.9927149,58.54468],[14.9929443,58.5447549],[14.992692,58.5449478],[14.9923591,58.5453342],[14.9923015,58.5456045],[14.9922635,58.5457345],[14.9921454,58.545825],[14.9919537,58.5458832],[14.99178,58.545971],[14.991087,58.5463635],[14.9908501,58.5466795],[14.9901629,58.5469922],[14.9901307,58.5470811],[14.9898561,58.5471792],[14.9895766,58.5472424],[14.9889803,58.5473047],[14.9884809,58.5472701],[14.9877447,58.5468866],[14.9873688,58.5467781],[14.9867378,58.5464989],[14.9866621,58.5462886],[14.9868922,58.5461426],[14.9869357,58.5459432],[14.9865961,58.545788],[14.9864041,58.5455826],[14.9862032,58.5452698],[14.9862144,58.5451104],[14.9862466,58.5449728],[14.9861769,58.5448694],[14.986031,58.5447668],[14.9860331,58.5445634],[14.9859272,58.5444209],[14.9858094,58.5443228],[14.9856525,58.5442475],[14.9853808,58.5441207],[14.9853009,58.5439743],[14.9852968,58.5438504],[14.9850061,58.5437869],[14.9848299,58.5436859],[14.9847668,58.543531],[14.9841709,58.5432177],[14.9838348,58.5431445],[14.983709,58.5429938],[14.9835049,58.5428037],[14.9832262,58.5426301],[14.9827914,58.542504],[14.9824103,58.5424753],[14.9823602,58.5425157],[14.9821416,58.5425442],[14.9818592,58.5425656],[14.981718,58.5425466],[14.9816133,58.5424824],[14.9815313,58.5424277],[14.9813901,58.542385],[14.9811715,58.5423945],[14.9810348,58.5424372],[14.9808481,58.5424705],[14.9806112,58.5424468],[14.9804017,58.542385],[14.9800637,58.542363],[14.9795239,58.5423162],[14.9789289,58.5422615],[14.9782311,58.5421909],[14.9776064,58.5421632],[14.9773734,58.5420978],[14.9773101,58.5420113],[14.9772468,58.5419248],[14.9771531,58.541808],[14.9767735,58.5416571],[14.9769673,58.5415051],[14.977036,58.5415089],[14.97716,58.5414687],[14.9772222,58.5412214],[14.9771816,58.5411156],[14.9771418,58.5410071],[14.977132,58.5409321],[14.9775472,58.5408761],[14.9779661,58.540587],[14.9787835,58.5403678],[14.9790912,58.5402519],[14.9793658,58.5401293],[14.9792894,58.5400774],[14.9792512,58.5400088],[14.9797444,58.5399082],[14.9809662,58.5398746],[14.9815411,58.5399755],[14.9822811,58.5400429],[14.9834906,58.5400684],[14.9836498,58.5400706],[14.9839641,58.5399553],[14.9841347,58.5398542],[14.984251,58.5397545],[14.9843398,58.5396796],[14.9843216,58.5396309],[14.9843011,58.5396178],[14.9842578,58.5395928],[14.9842721,58.5395901],[14.9843038,58.5395845],[14.9843655,58.5395948],[14.9844332,58.5395548],[14.9845235,58.5394577],[14.9846412,58.539331],[14.9850602,58.5387266],[14.9851846,58.53848],[14.9852234,58.5382622],[14.9850268,58.5376803],[14.9849866,58.5373809],[14.9851255,58.5372323],[14.9853236,58.5370932],[14.9856561,58.5369351],[14.9861913,58.5366677],[14.9863803,58.536613],[14.9864555,58.5365892],[14.9865306,58.5365048],[14.9866627,58.5361613],[14.9866536,58.5360484],[14.9867173,58.5359414],[14.9867948,58.5358879],[14.9868577,58.5357126],[14.9866963,58.5342933],[14.9862426,58.5335988],[14.9858201,58.5332019],[14.985198,58.5327388],[14.9847849,58.5324878],[14.9843741,58.5322777],[14.9839113,58.5320478],[14.9833393,58.5319106],[14.9827111,58.5318054],[14.9823131,58.5318577],[14.9820494,58.5319943],[14.98192,58.5321132],[14.9816105,58.5323238],[14.9812232,58.5326117],[14.9810293,58.5329638],[14.9805681,58.5328548],[14.9804046,58.5326579],[14.9796573,58.5325464],[14.9788955,58.5325518],[14.9775786,58.5326414],[14.9773311,58.5325297],[14.9773739,58.5321807],[14.9770829,58.5317921],[14.9767911,58.5313081],[14.9767152,58.5312251],[14.9765822,58.5311309],[14.9764592,58.5310715],[14.976261,58.5309896],[14.9760871,58.5309412],[14.9760413,58.530904],[14.9759777,58.5308645],[14.9758716,58.5308485],[14.9757278,58.5308642],[14.975589,58.5308668],[14.9754808,58.53086],[14.975399,58.5308512],[14.9753392,58.5308246],[14.9753322,58.5307518],[14.9752703,58.5307388],[14.9752377,58.5306898],[14.9752224,58.5306373],[14.975227,58.5306191],[14.9751807,58.5306088],[14.9751394,58.5306105],[14.9750767,58.5305889],[14.9750866,58.5305383],[14.9751131,58.5305025],[14.9751916,58.5304763],[14.9752515,58.5304463],[14.9753465,58.5304418],[14.9755154,58.5304064],[14.9756757,58.5303637],[14.975686,58.5303583],[14.9758191,58.5303252],[14.9759347,58.5302762],[14.9760215,58.5302292],[14.9761079,58.5301665],[14.976165,58.5300938],[14.9762441,58.5300364],[14.9762121,58.5300084],[14.9761906,58.5299756],[14.9762204,58.5299263],[14.9763123,58.5298979],[14.9763642,58.5298533],[14.9764304,58.529807],[14.9764592,58.5297868],[14.9764576,58.5297618],[14.9764014,58.5296875],[14.976342,58.5296447],[14.9763668,58.5296019],[14.9763999,58.5295682],[14.9763949,58.5295263],[14.9763537,58.529468],[14.9763463,58.5293794],[14.9763745,58.5292921],[14.9764075,58.5292308],[14.9763836,58.5291876],[14.9763638,58.5291077],[14.9763738,58.5290333],[14.9764111,58.5288994],[14.9764368,58.5287599],[14.976417,58.5286501],[14.9763609,58.5285028],[14.9762859,58.528381],[14.9761579,58.5282237],[14.9759019,58.5281156],[14.9756732,58.5280547],[14.9755873,58.528049],[14.9755271,58.5280544],[14.975489,58.5280468],[14.9753924,58.5280019],[14.9751231,58.5279284],[14.9750199,58.5279127],[14.9747812,58.5279132],[14.9746366,58.5279413],[14.9741229,58.5279044],[14.9740361,58.5279066],[14.9739717,58.5279152],[14.9739122,58.5279001],[14.9738809,58.5278599],[14.9738842,58.5278374],[14.9739338,58.5278154],[14.9740544,58.5278202],[14.9741725,58.5278094],[14.9742526,58.5278142],[14.9744261,58.5278164],[14.9745756,58.5277918],[14.9747557,58.5277521],[14.9749697,58.5277249],[14.9751696,58.527661],[14.9752646,58.5275962],[14.975368,58.5274843],[14.9754506,58.5274416],[14.9755439,58.5274144],[14.9756745,58.5273936],[14.9758066,58.5273677],[14.9758851,58.5273354],[14.9762148,58.5271419],[14.9763603,58.527017],[14.9765099,58.5269242],[14.9767808,58.5268322],[14.9769073,58.5267588],[14.9772419,58.5265294],[14.9774023,58.526386],[14.9775816,58.5261877],[14.9776568,58.5261204],[14.9777923,58.5260387],[14.9779807,58.5259964],[14.978141,58.5259278],[14.9783244,58.5258314],[14.9784186,58.5257351],[14.97845,58.5256578],[14.9785236,58.5255424],[14.9785609,58.5253904],[14.9785552,58.5252016],[14.978623,58.5250798],[14.9789139,58.5247631],[14.9790912,58.5245759],[14.9791668,58.5244629],[14.979194,58.524401],[14.979207,58.5243331],[14.9791864,58.52427],[14.9791092,58.524197],[14.9789981,58.5241561],[14.9789899,58.5241287],[14.9790048,58.524095],[14.9790696,58.5240555],[14.9791196,58.5239963],[14.9791292,58.5239611],[14.9791106,58.5239181],[14.9790565,58.5238861],[14.9790214,58.5238371],[14.9789814,58.5238178],[14.9789715,58.5237798],[14.9789847,58.5237427],[14.9791203,58.5236424],[14.9791186,58.523607],[14.9791005,58.5235811],[14.9791253,58.52355],[14.9791847,58.5235163],[14.9792723,58.5235146],[14.9793235,58.5235371],[14.979383,58.5235379],[14.9795597,58.523468],[14.979644,58.523455],[14.9797001,58.5234663],[14.9797463,58.523589],[14.9797561,58.5237687],[14.9797759,58.5238473],[14.9798913,58.5241766],[14.9800812,58.5244479],[14.9801637,58.5245343],[14.9804807,58.5247314],[14.9805369,58.5248005],[14.980583,58.5250036],[14.9806408,58.5250978],[14.9806622,58.5251514],[14.9806503,58.5257389],[14.9806188,58.5259403],[14.9806218,58.526552],[14.9806018,58.5268864],[14.9806033,58.5270765],[14.9806396,58.5271785],[14.9806974,58.5272649],[14.9812605,58.5276944],[14.9814339,58.5278837],[14.9814801,58.527983],[14.9814948,58.5281818],[14.9814881,58.5283572],[14.9814385,58.5285075],[14.9813839,58.5286069],[14.9812401,58.528771],[14.9811822,58.5289162],[14.9812135,58.5289948],[14.9812565,58.5290674],[14.9815901,58.5292835],[14.9818263,58.5293587],[14.9818857,58.5293751],[14.9820923,58.5293501],[14.9821864,58.5293389],[14.982768,58.5293251],[14.9828217,58.5293862],[14.9828453,58.5294492],[14.9827579,58.5296133],[14.9827116,58.5297295],[14.9827521,58.5297762],[14.9828578,58.529819],[14.9831601,58.5298972],[14.9833822,58.5299478],[14.9839026,58.5300498],[14.9842859,58.5300918],[14.9845155,58.5301056],[14.9847501,58.5301151],[14.9851268,58.5301454],[14.9855448,58.5301558],[14.985748,58.5301256],[14.9858521,58.5301222],[14.9859661,58.5301403],[14.986147,58.5301494],[14.9863997,58.5301417],[14.9866063,58.5301236],[14.9874943,58.5300221],[14.9877174,58.5300049],[14.9880874,58.5299647],[14.9882213,58.5299418],[14.9884212,58.5299328],[14.9889061,58.5298732],[14.9891994,58.5298209],[14.989643,58.5297182],[14.9899991,58.5296633],[14.9906208,58.5293889],[14.9913284,58.5291638],[14.991066,58.528795],[14.9917589,58.5285208],[14.9923208,58.5286812],[14.9929431,58.5287174],[14.9937155,58.528939],[14.9941144,58.5289915],[14.9941666,58.5290029],[14.9951575,58.529219],[14.9955062,58.5295243],[14.9956191,58.5297314],[14.9959327,58.529982],[14.9965729,58.5303839],[14.9968422,58.5305765],[14.9970564,58.5307297],[14.9974657,58.530841],[14.9974875,58.5308528],[14.9979927,58.531126],[14.9984801,58.5313697],[14.9988658,58.531555],[14.9991295,58.5315756],[14.9993054,58.5314877],[14.9995765,58.5313522],[14.9997099,58.5312855],[14.9991885,58.5309233],[15.0001521,58.530118],[15.0028042,58.5256177],[15.0041965,58.5232549],[15.0041095,58.5229639],[15.0041231,58.5228098],[15.0041275,58.5227604],[15.0042806,58.5225463],[15.0042391,58.5224162],[15.0042919,58.5223469],[15.0043048,58.5221819],[15.0040626,58.5220503],[15.0040518,58.522],[15.004194,58.5218767],[15.0043072,58.521726],[15.0041446,58.5215717],[15.004312,58.5212162],[15.0046685,58.5207502],[15.0050748,58.5203838],[15.0056413,58.520087],[15.0059994,58.5198128],[15.0063272,58.5194926],[15.0067595,58.5192089],[15.0070338,58.5188232],[15.0071541,58.5184288],[15.0073043,58.5180839],[15.0078583,58.5178646],[15.0083311,58.5177379],[15.0085483,58.5175408],[15.009236,58.5172713],[15.0104515,58.516755],[15.0107117,58.5165053],[15.0116392,58.5158985],[15.0126327,58.5152611],[15.0133001,58.5148299],[15.0137193,58.5145783],[15.0139208,58.5143499],[15.0138271,58.5142331],[15.0135769,58.5139835],[15.0132051,58.5135487],[15.0126703,58.5131934],[15.0120882,58.5131752],[15.0112739,58.5134142],[15.0108179,58.5133377],[15.0106457,58.5130472],[15.0107343,58.5128118],[15.0108024,58.5126039],[15.0115459,58.5124913],[15.0121928,58.5123898],[15.0124793,58.5120497],[15.0122213,58.5115627],[15.0118211,58.5111971],[15.0111859,58.5109144],[15.0111399,58.5109212],[15.0106436,58.5109947],[15.0098126,58.5109726],[15.0091528,58.5110931],[15.0082731,58.5110491],[15.0060597,58.5115787],[15.0029392,58.5133094],[15.0023706,58.5133215],[15.001773,58.5130743],[15.0012741,58.5128726],[15.0008873,58.5128311],[15.0010064,58.5124952],[15.0011244,58.5120713],[15.0004952,58.5112403],[15.0009168,58.5106086],[15.0007232,58.5104111],[15.0002844,58.5105198],[14.9999308,58.510461],[14.9999019,58.5101499],[14.9980233,58.5095427],[14.9972732,58.5097211],[14.9966546,58.5099616],[14.9958307,58.510344],[14.9954224,58.510518],[14.9953532,58.5106282],[14.9946011,58.510944],[14.9931243,58.5112861],[14.9922912,58.5110866],[14.9919286,58.5108983],[14.9912441,58.5105127],[14.9904652,58.5100854],[14.9891884,58.5096359],[14.9882516,58.5094691],[14.9870057,58.5093272],[14.9858689,58.5094726],[14.9851463,58.5097121],[14.9847215,58.5099876],[14.9843455,58.510302],[14.9843476,58.5107515],[14.9844533,58.5115343],[14.9841722,58.5117837],[14.9837103,58.5121978],[14.9829695,58.5125033],[14.9818896,58.5126134],[14.9804557,58.5125133],[14.9792171,58.5122116],[14.9788094,58.5118843],[14.9773744,58.5107405],[14.976407,58.5103658],[14.9728984,58.5100588],[14.9717289,58.5101483],[14.971495,58.5101533],[14.9716846,58.5099373],[14.971734,58.5097808],[14.9714877,58.5094203],[14.9709327,58.5090328],[14.967968,58.5083469],[14.9655789,58.5082984],[14.964569,58.5084982],[14.9638875,58.5089806],[14.9632835,58.5104689],[14.9616334,58.5121168],[14.9601575,58.5134845],[14.9594449,58.5137933],[14.9585234,58.5134983],[14.9574392,58.5125329],[14.9568298,58.5123228],[14.9562059,58.5117729],[14.9557108,58.5110661],[14.9558046,58.5095754],[14.9560479,58.5087455],[14.9558781,58.5074122],[14.9552203,58.5058397],[14.9554153,58.5050021],[14.9552974,58.5043526],[14.9556941,58.5030394],[14.9557466,58.5019948],[14.9562166,58.5012215],[14.9572292,58.5002728],[14.9575917,58.4999553],[14.9582172,58.4994073],[14.958138,58.4992752],[14.958023,58.4990833],[14.9580628,58.4990403],[14.9584209,58.498653],[14.9585509,58.4985124],[14.9584208,58.498478],[14.9580395,58.4983771],[14.9580789,58.4982595],[14.958257,58.4977273],[14.9583108,58.4975667],[14.9590197,58.496845],[14.9589151,58.4961801],[14.9588767,58.495936],[14.9588658,58.4958668],[14.9573422,58.4934851],[14.9546917,58.4919226],[14.9513577,58.4915501],[14.9506649,58.492169],[14.9494883,58.4921557],[14.9479729,58.4918131],[14.9473418,58.4916047],[14.9464318,58.4907571],[14.9456957,58.490663],[14.9454426,58.4906152],[14.9449378,58.4905428],[14.9444729,58.4904761],[14.9436058,58.4903058],[14.9426006,58.4902076],[14.9412588,58.4901913],[14.9411443,58.4900769],[14.9410054,58.4899803],[14.940876,58.4898044],[14.9406897,58.4895511],[14.9406765,58.4892232],[14.9406734,58.4891616],[14.9406675,58.4890474],[14.9406494,58.4886933],[14.9403339,58.4880337],[14.9388018,58.486939],[14.938081,58.4865879],[14.9375744,58.4863412],[14.936536,58.4858354],[14.9356188,58.4855238],[14.9326521,58.4848596],[14.9318608,58.4839105],[14.93218,58.4833678],[14.9362477,58.4836326],[14.9392596,58.4840797],[14.9418603,58.4833366],[14.9426682,58.4818332],[14.9429019,58.4800158],[14.9435027,58.4795671],[14.9436315,58.4790622],[14.9437155,58.4784556],[14.9437387,58.4782882],[14.9436529,58.4773458],[14.9427158,58.4756048],[14.9419578,58.4751244],[14.9411803,58.4749224],[14.9392825,58.474079],[14.9380832,58.4729466],[14.9379117,58.471238],[14.9387134,58.4707819],[14.9386588,58.4706342],[14.9385538,58.4703499],[14.9386007,58.470178],[14.9389105,58.4699964],[14.9393048,58.469746],[14.9393611,58.4693876],[14.9386731,58.4682269],[14.9381621,58.4676104],[14.9374039,58.4669139],[14.937108,58.4666727],[14.9367907,58.466483],[14.9364134,58.4663928],[14.9360754,58.4664075],[14.9353795,58.4664832],[14.9346714,58.4664046],[14.9340726,58.4661898],[14.9336933,58.4660013],[14.9329155,58.4659272],[14.932616,58.4658327],[14.9324719,58.4656443],[14.9324036,58.4652792],[14.9318043,58.4651245],[14.9315919,58.4649539],[14.9312239,58.4647892],[14.9299266,58.4646761],[14.9296039,58.464467],[14.9291297,58.464463],[14.9286897,58.4644432],[14.9282876,58.464334],[14.9279235,58.4640801],[14.92762,58.4638837],[14.9272028,58.4637904],[14.9269252,58.4635877],[14.92641,58.4633678],[14.9261748,58.4631615],[14.9262279,58.4629472],[14.9257158,58.4626992],[14.9249913,58.4623718],[14.9244413,58.4623718],[14.9235082,58.462106],[14.9228557,58.4620028],[14.9221275,58.4619234],[14.9216305,58.4619631],[14.9210312,58.4621794],[14.9202929,58.4622479],[14.919476,58.4624552],[14.9187818,58.4624155],[14.9183957,58.4622579],[14.9179676,58.4612352],[14.9169801,58.4608659],[14.9163656,58.4607746],[14.913364,58.4606246],[14.9123436,58.4612404],[14.9109383,58.4611728],[14.9084067,58.4613468],[14.9064755,58.4620651],[14.9066305,58.4627992],[14.9068618,58.4638945],[14.9065364,58.4641297],[14.904952,58.465275],[14.9027267,58.465193],[14.9015818,58.4653868],[14.9010024,58.4656225],[14.9002218,58.4653151],[14.8997784,58.464856],[14.8988961,58.4642108],[14.8983352,58.4640669],[14.8981759,58.4640669],[14.8979017,58.4639446],[14.8975146,58.4637996],[14.8967037,58.4630819],[14.8958905,58.4628854],[14.8951498,58.4627664],[14.8944336,58.4627172],[14.8937068,58.4629065],[14.892752,58.463036],[14.8920652,58.463462],[14.8914538,58.4634116],[14.8909817,58.4631422],[14.8909593,58.462826],[14.89103,58.4625165],[14.8906598,58.4619862],[14.8886213,58.460774],[14.8886418,58.4604774],[14.8887984,58.4600641],[14.8892685,58.4597329],[14.8899946,58.4591352],[14.8906748,58.4591374],[14.8907678,58.459178],[14.8909309,58.459178],[14.8911186,58.4591483],[14.8915283,58.4591622],[14.8922623,58.4590808],[14.8923799,58.4591195],[14.8924633,58.4591681],[14.8925145,58.4592177],[14.8926283,58.4592197],[14.8927345,58.4591919],[14.892799,58.4591503],[14.8927725,58.4591007],[14.8928123,58.4590372],[14.8928863,58.4590134],[14.8931101,58.459056],[14.8930949,58.4590282],[14.8931754,58.459013],[14.8934325,58.4590759],[14.893588,58.459063],[14.8937473,58.459061],[14.893973,58.4591324],[14.8942722,58.4592781],[14.8945136,58.4594191],[14.8945686,58.4594777],[14.8945572,58.4595352],[14.8945079,58.4595511],[14.8944642,58.4595183],[14.8942177,58.4593775],[14.8940603,58.4593546],[14.8938042,58.4593874],[14.8936411,58.459437],[14.8936127,58.4595223],[14.8937018,58.4596334],[14.8936923,58.4597307],[14.893385,58.4599771],[14.8932955,58.4599849],[14.8932378,58.460013],[14.8932552,58.4601147],[14.8933759,58.460173],[14.8937179,58.4604241],[14.8943944,58.4606444],[14.8944851,58.4606781],[14.8945875,58.4607634],[14.8946198,58.4608101],[14.894836,58.4609023],[14.894946,58.4608934],[14.8950086,58.4609132],[14.8951129,58.4609281],[14.8951603,58.4608835],[14.8952665,58.4608517],[14.8953139,58.4608765],[14.8955415,58.4607753],[14.8956629,58.4607724],[14.8957407,58.4607555],[14.8957084,58.4607267],[14.8953974,58.4607059],[14.8952437,58.4606563],[14.8952039,58.4605521],[14.8953253,58.4605174],[14.8964883,58.4603615],[14.8972416,58.4603209],[14.8973402,58.4603455],[14.8975453,58.4603522],[14.8978402,58.4604341],[14.8979587,58.4604217],[14.8980365,58.4603721],[14.8979768,58.4603324],[14.897862,58.4603011],[14.8979876,58.4601833],[14.8987082,58.4599176],[14.8995433,58.4597526],[14.8998506,58.4595154],[14.8997785,58.4594578],[14.899495,58.4595193],[14.8992589,58.4593001],[14.8996173,58.459178],[14.8996173,58.4590967],[14.8995415,58.4589995],[14.8993746,58.4589221],[14.8993385,58.458805],[14.8991413,58.4587445],[14.8990654,58.4587534],[14.8988746,58.4588352],[14.8983257,58.4588139],[14.8980697,58.4587072],[14.8978057,58.4584654],[14.8973875,58.4584309],[14.8972335,58.4583657],[14.8971549,58.4581288],[14.8972262,58.4580779],[14.8976369,58.458028],[14.8978048,58.4579759],[14.897681,58.4578208],[14.8974242,58.4577632],[14.8974242,58.4575905],[14.8968667,58.4573603],[14.896632,58.4573641],[14.8964193,58.4573948],[14.8962286,58.4573488],[14.8960012,58.4572068],[14.8958985,58.4568845],[14.8961039,58.4567348],[14.8960158,58.4565583],[14.8958765,58.4564125],[14.8960599,58.4561285],[14.8960672,58.4559174],[14.8956638,58.4556296],[14.8954144,58.4556296],[14.8950476,58.4554915],[14.8946538,58.4548221],[14.8940207,58.4543747],[14.8933311,58.4541522],[14.8932431,58.454037],[14.8932431,58.4538144],[14.8930304,58.4536763],[14.8922916,58.4534118],[14.8920895,58.4532476],[14.8910577,58.4528633],[14.8908268,58.4527635],[14.8906545,58.4526386],[14.8905058,58.4523228],[14.8900021,58.451829],[14.88993,58.4516621],[14.8896622,58.4513318],[14.8895871,58.450942],[14.8895321,58.4507559],[14.8895554,58.450671],[14.889533,58.4505893],[14.8895105,58.450495],[14.8893862,58.450423],[14.8891622,58.4502942],[14.8889541,58.450177],[14.8885368,58.4500398],[14.8880089,58.4498835],[14.8874029,58.4496208],[14.887272,58.4496107],[14.8872157,58.449581],[14.8871885,58.4495495],[14.8871843,58.4495169],[14.8871567,58.4494964],[14.8866619,58.4492306],[14.8866637,58.4490839],[14.8866495,58.4489774],[14.8867148,58.448977],[14.8867152,58.4489652],[14.8867141,58.4489473],[14.886646,58.4489458],[14.8866049,58.4488472],[14.886139,58.4486004],[14.8860166,58.4485608],[14.8852162,58.4483807],[14.8847316,58.4482105],[14.8846177,58.4481281],[14.8841571,58.4477946],[14.8837641,58.4476267],[14.8818804,58.4471456],[14.881467,58.447156],[14.8811302,58.447277],[14.8777416,58.4494004],[14.8769863,58.4498823],[14.8751664,58.4498479],[14.8751047,58.4498345],[14.8750766,58.4498198],[14.8750591,58.4497889],[14.8750752,58.4497588],[14.8751087,58.4497293],[14.8751865,58.4497223],[14.8752348,58.449737],[14.875263,58.4497679],[14.8769085,58.4498002],[14.8779811,58.4490277],[14.8776973,58.448927],[14.8773689,58.4488131],[14.877272,58.4487795],[14.8791113,58.4475231],[14.8793611,58.4473525],[14.8796621,58.4471469],[14.8799081,58.4469455],[14.8800295,58.4467041],[14.8800581,58.446623],[14.8800758,58.4465729],[14.8797989,58.4455871],[14.8791849,58.4452522],[14.8781297,58.4447054],[14.8774091,58.4443956],[14.8769029,58.444187],[14.8759578,58.4439668],[14.8750174,58.4438039],[14.8745885,58.4437649],[14.8740513,58.4438243],[14.8737033,58.4436778],[14.8734764,58.4436699],[14.8733099,58.4437689],[14.87303,58.4437135],[14.8726442,58.4435155],[14.8725534,58.443365],[14.8723683,58.4433694],[14.8721902,58.4434442],[14.8717477,58.443347],[14.8714201,58.4433651],[14.8712399,58.4430516],[14.8700664,58.4427217],[14.8696191,58.4428239],[14.8694426,58.4430198],[14.8691377,58.4431626],[14.869143,58.4432634],[14.8690467,58.4432942],[14.8689077,58.4432354],[14.8687258,58.443311],[14.8687258,58.4435574],[14.8685255,58.4436437],[14.8671007,58.4436078],[14.8661969,58.4433004],[14.8658081,58.4433074],[14.8652355,58.4430919],[14.8647487,58.4431684],[14.8641978,58.4434071],[14.8641348,58.4436326],[14.8636876,58.4437935],[14.8633906,58.4436513],[14.8631082,58.4438339],[14.8616047,58.4440156],[14.8615192,58.4442568],[14.8602357,58.4446131],[14.8589737,58.4451826],[14.8563854,58.446625],[14.8558016,58.4474353],[14.856201,58.4477513],[14.8565724,58.4478407],[14.8566046,58.4478661],[14.8566341,58.4478893],[14.8566164,58.4480605],[14.8567878,58.4481762],[14.8572476,58.4486276],[14.856765,58.448845],[14.8557737,58.4491824],[14.8551731,58.4494179],[14.8546555,58.4495519],[14.8542684,58.4495658],[14.8515006,58.4506654],[14.8491392,58.4519385],[14.8488426,58.4526249],[14.8492706,58.453233],[14.8485711,58.4535477],[14.8493095,58.4542046],[14.849484,58.4547279],[14.8504368,58.4556735],[14.8501067,58.4567555],[14.8499159,58.4575558],[14.8507977,58.4579502],[14.8510689,58.4585361],[14.8519861,58.4591667],[14.8525772,58.4595871],[14.8549282,58.4601667],[14.8544562,58.4605831],[14.8531491,58.4614861],[14.8540067,58.4623728],[14.8520466,58.4633611],[14.8512242,58.4635737],[14.8498614,58.4641074],[14.849386,58.4644407],[14.8485308,58.4658476],[14.8487561,58.4664784],[14.8492812,58.4672667],[14.8492266,58.4676937],[14.8487985,58.4683149],[14.848939,58.4686107],[14.8486063,58.4696902],[14.848618,58.4703892],[14.8465072,58.4713468],[14.8457413,58.4715571],[14.8444,58.4716111],[14.8432393,58.4721897],[14.8427704,58.4720933],[14.8416952,58.4725262],[14.8412569,58.4729381],[14.8410264,58.4732],[14.840517,58.4733722],[14.8389235,58.4733261],[14.8370141,58.4735014],[14.8361473,58.4736567],[14.8347856,58.473984],[14.833033,58.4739887],[14.832152,58.4739823],[14.831797,58.4740131],[14.830886,58.4743015],[14.8302147,58.4748217],[14.8295434,58.4756992],[14.8295014,58.4760314],[14.829732,58.4765097],[14.8287358,58.4771872],[14.828249,58.4770746],[14.8280317,58.4768749],[14.8265451,58.4765557],[14.8258826,58.4766423],[14.8254505,58.4765592],[14.8254177,58.4760953],[14.8255557,58.4759895],[14.8257433,58.4759328],[14.8259881,58.4757828],[14.8260435,58.4752824],[14.8258563,58.4745948],[14.8251003,58.4735718],[14.8242565,58.4731119],[14.8221892,58.47245],[14.8215442,58.4724405],[14.8183316,58.4721145],[14.8175893,58.4725233],[14.8168692,58.4724812],[14.8160043,58.4733084],[14.8155606,58.4732763],[14.8154815,58.4731858],[14.816049,58.4727867],[14.8159727,58.472668],[14.8160155,58.472388],[14.8161979,58.4722211],[14.8151109,58.4715883],[14.8137,58.471129],[14.8125898,58.4708421],[14.8119251,58.4710417],[14.8117141,58.471047],[14.8116546,58.470826],[14.8106538,58.4705725],[14.8084286,58.4704963],[14.8068599,58.4704221],[14.8050267,58.4707002],[14.8029472,58.470884],[14.8024387,58.4713682],[14.801634,58.4713359],[14.8012182,58.4707724],[14.8005859,58.4704761],[14.8000372,58.4704551],[14.7995099,58.4705576],[14.7990004,58.4702514],[14.7986599,58.4692911],[14.7987379,58.4689496],[14.7980252,58.4682224],[14.7978407,58.4679678],[14.7967357,58.4676799],[14.7961088,58.467664],[14.7957344,58.4677549],[14.7956111,58.4677629],[14.7954974,58.4677277],[14.7956946,58.4676845],[14.7959317,58.4676389],[14.7959833,58.4673231],[14.795948,58.4667646],[14.7952595,58.4659412],[14.7953901,58.4657988],[14.7959979,58.4656907],[14.7964387,58.4657276],[14.7969748,58.4657992],[14.7974266,58.4656119],[14.7977653,58.465223],[14.7977676,58.4651895],[14.7978223,58.464403],[14.797601,58.4639024],[14.7971678,58.4634948],[14.7969114,58.4630973],[14.79713,58.4622368],[14.7981873,58.4616101],[14.7981069,58.4611214],[14.7983441,58.4609099],[14.7983794,58.4605162],[14.7981536,58.4598562],[14.7980885,58.459559],[14.7981455,58.4594588],[14.7977909,58.4589694],[14.7977582,58.458755],[14.7976527,58.4585044],[14.7971053,58.4580892],[14.7965752,58.4575923],[14.7954675,58.4568691],[14.7947254,58.4565453],[14.7941063,58.4561554],[14.7912112,58.4550749],[14.7896291,58.4546387],[14.7860335,58.4543526],[14.7841599,58.4544491],[14.7838225,58.4546364],[14.7837817,58.4546619],[14.7837481,58.4546964],[14.7836754,58.4547098],[14.7836371,58.4548865],[14.7836211,58.4550319],[14.7836797,58.4550504],[14.7836623,58.4550531],[14.7836468,58.4550523],[14.7836324,58.4550488],[14.7836208,58.455046],[14.7836053,58.4550421],[14.7835803,58.4550355],[14.7835607,58.4550287],[14.7835483,58.4550242],[14.7835392,58.4550167],[14.783538,58.4550029],[14.78354,58.454981],[14.7835392,58.4549637],[14.7835424,58.4549226],[14.7835702,58.4546195],[14.783463,58.4545913],[14.7825791,58.4543591],[14.782502,58.4544211],[14.7824879,58.4544304],[14.7824738,58.4544388],[14.7824691,58.4544405],[14.7824645,58.4544415],[14.7824354,58.4544407],[14.7823688,58.4544245],[14.7823387,58.4544541],[14.7824236,58.4544788],[14.782434,58.4544888],[14.7824358,58.4544999],[14.7824324,58.4545122],[14.7824209,58.4545316],[14.7824115,58.4545443],[14.7823925,58.4545718],[14.7832843,58.4548535],[14.7831779,58.4549069],[14.7831414,58.4549025],[14.7831456,58.4548662],[14.7821826,58.4545894],[14.7821343,58.4545889],[14.7821359,58.4547223],[14.7832519,58.4551218],[14.7833145,58.4550757],[14.7833318,58.4550606],[14.7833446,58.4550557],[14.7833579,58.4550564],[14.7833704,58.4550592],[14.783527,58.4551156],[14.7836235,58.4551628],[14.7837091,58.4551953],[14.7837551,58.4552115],[14.783778,58.4552272],[14.7837838,58.455241],[14.7837738,58.4552567],[14.7837496,58.455264],[14.7837199,58.455263],[14.7836658,58.4552611],[14.7835497,58.4552307],[14.7834434,58.4552119],[14.7833034,58.455201],[14.7831869,58.4552171],[14.783065,58.4552398],[14.7829844,58.4553051],[14.782608,58.4557818],[14.7819606,58.4563132],[14.7807858,58.4571249],[14.780129,58.4575963],[14.7781393,58.4590244],[14.7778045,58.4591746],[14.7769166,58.4590926],[14.7763076,58.4587244],[14.7744573,58.4582617],[14.7735545,58.4577372],[14.7730738,58.457127],[14.7724009,58.4552636],[14.7726951,58.4547541],[14.7723576,58.4522021],[14.7728053,58.4515834],[14.7729333,58.4513821],[14.7728494,58.4507774],[14.7730071,58.4502676],[14.7735984,58.4493475],[14.7734097,58.4492671],[14.7737354,58.4486719],[14.7734018,58.4476893],[14.7737195,58.4470892],[14.7747188,58.4461003],[14.7744038,58.4455738],[14.7743408,58.4452183],[14.7747645,58.444848],[14.7746468,58.4446055],[14.7751067,58.4434811],[14.7746578,58.4436246],[14.774356,58.4435679],[14.7744912,58.4433793],[14.7750357,58.4432416],[14.7753333,58.4425296],[14.7756423,58.4405241],[14.7753075,58.4389338],[14.7756543,58.4387692],[14.7756324,58.4381885],[14.7764037,58.4366015],[14.7762118,58.4352333],[14.7753944,58.4331961],[14.7746474,58.4317447],[14.7734881,58.4306665],[14.7719041,58.4304629],[14.7700937,58.4289862],[14.7676428,58.428218],[14.7664987,58.4280648],[14.7653481,58.4276325],[14.7642281,58.4274255],[14.7624566,58.4278171],[14.7599563,58.4287965],[14.7586712,58.428536],[14.757901,58.4286463],[14.7561441,58.4276119],[14.7560579,58.4267086],[14.7565083,58.4260968],[14.7566368,58.4246535],[14.7559295,58.4230249],[14.7553509,58.4213814],[14.7533371,58.4191114],[14.7522963,58.4180046],[14.7497153,58.4166476],[14.7475116,58.4161548],[14.7462872,58.4163666],[14.7438143,58.4158275],[14.7425798,58.4158087],[14.7414242,58.4152802],[14.7390219,58.414431],[14.7376461,58.4139664],[14.7367722,58.4132971],[14.7355135,58.4129737],[14.7343836,58.4131448],[14.7336891,58.4129681],[14.7335174,58.4129108],[14.7332154,58.4128467],[14.7331167,58.4127391],[14.732208,58.4111873],[14.7299682,58.4098196],[14.7294495,58.4093408],[14.7292985,58.4092401],[14.7281936,58.408503],[14.7279561,58.4085243],[14.7273284,58.4085692],[14.7267052,58.4084457],[14.7260039,58.4082607],[14.7255226,58.4081029],[14.7251022,58.407965],[14.7249956,58.4078107],[14.7249198,58.4077009],[14.7249709,58.4075249],[14.7250655,58.4071996],[14.724496,58.4061467],[14.724555,58.4058657],[14.724834,58.4058966],[14.7249895,58.4057336],[14.7249412,58.4055369],[14.7246033,58.4053542],[14.7241902,58.4053514],[14.7241795,58.4052221],[14.7231764,58.4046432],[14.7225434,58.404556],[14.7216591,58.4041122],[14.7199899,58.4032744],[14.7186005,58.4031311],[14.7183433,58.4031026],[14.7182196,58.4030889],[14.7176027,58.4027685],[14.7170395,58.4025549],[14.7165942,58.4024593],[14.7162187,58.4024425],[14.7156764,58.4024556],[14.7153497,58.4024678],[14.7152424,58.4024059],[14.7152349,58.402278],[14.7152317,58.4022232],[14.7155911,58.4020096],[14.7157896,58.4017173],[14.7160513,58.401012],[14.7159157,58.4006138],[14.7158421,58.4003974],[14.7149044,58.3993562],[14.7138942,58.3988134],[14.7138706,58.3988008],[14.7140032,58.3986029],[14.713971,58.3979282],[14.7136599,58.3977961],[14.7139603,58.3976949],[14.7137833,58.3973407],[14.7131473,58.3968813],[14.7123538,58.3965658],[14.7114068,58.396264],[14.7100887,58.3961309],[14.7095552,58.3958783],[14.709481,58.3955022],[14.7092472,58.3952817],[14.7088778,58.3951397],[14.7067588,58.3944905],[14.7065957,58.3946694],[14.7063804,58.394611],[14.7061443,58.3943636],[14.7031427,58.3938314],[14.7004286,58.3947059],[14.7001335,58.3948011],[14.6987644,58.3952422],[14.6972236,58.3954877],[14.6952246,58.3946069],[14.6964527,58.3939597],[14.6967637,58.3937172],[14.6970747,58.3936834],[14.6972341,58.3933932],[14.6970872,58.3932044],[14.6974164,58.3931294],[14.6975637,58.3926338],[14.697572,58.3921257],[14.6973679,58.3916989],[14.6970651,58.3913239],[14.696614,58.3914137],[14.6965976,58.3913564],[14.6968036,58.3912439],[14.6968678,58.3912491],[14.6970079,58.3911974],[14.6968588,58.3912193],[14.6968259,58.3911772],[14.6969519,58.3911315],[14.6967544,58.390856],[14.6964502,58.3906379],[14.6959676,58.3900801],[14.6952881,58.3897311],[14.6946195,58.38969],[14.6942033,58.3895443],[14.6932588,58.3889577],[14.6931298,58.3889955],[14.6928188,58.3887291],[14.6912102,58.3879783],[14.6897842,58.3873572],[14.6895073,58.3869993],[14.6888207,58.386371],[14.6879255,58.385677],[14.687421,58.3854305],[14.6870303,58.3852813],[14.6869089,58.3853131],[14.6867117,58.3853489],[14.6865068,58.385339],[14.6864727,58.3852774],[14.6866358,58.3852436],[14.6868596,58.385162],[14.6858279,58.384301],[14.6849402,58.3838138],[14.6847733,58.383794],[14.6844775,58.3838477],[14.6839464,58.3838138],[14.6827781,58.3836428],[14.6817697,58.3836488],[14.6813816,58.3833525],[14.6820949,58.3828486],[14.6819821,58.3828113],[14.6814131,58.3826232],[14.6806016,58.3823271],[14.6803235,58.3822302],[14.6806057,58.3819394],[14.6806043,58.3818547],[14.6804488,58.3818201],[14.6803416,58.3818547],[14.6798985,58.3823481],[14.6799091,58.382354],[14.679873,58.3823889],[14.67984,58.3823785],[14.6798001,58.3823701],[14.6798338,58.3823285],[14.6798221,58.3823221],[14.6798135,58.3822624],[14.6797766,58.3822657],[14.6797919,58.3819836],[14.6796667,58.3819132],[14.6795973,58.3819061],[14.6795178,58.3819332],[14.6794654,58.3819199],[14.6795817,58.3818222],[14.6794147,58.3816367],[14.6787897,58.3813711],[14.678152,58.3811458],[14.6772597,58.3809487],[14.6764655,58.3810236],[14.6763933,58.381131],[14.6758944,58.3811324],[14.6756074,58.3811676],[14.6754545,58.3811606],[14.6753503,58.3810178],[14.6753341,58.3808429],[14.675288,58.3806803],[14.6749958,58.380712],[14.6748429,58.3806313],[14.6747336,58.3805105],[14.6747537,58.3804153],[14.6748546,58.3802356],[14.6747405,58.3801534],[14.6745031,58.3800852],[14.6743455,58.3799177],[14.6739512,58.3798403],[14.6736688,58.3797963],[14.6734005,58.3796015],[14.6729332,58.3795814],[14.6727803,58.3795336],[14.672615,58.379511],[14.6722523,58.3792504],[14.6720311,58.3791743],[14.6717823,58.3790695],[14.6709645,58.3787685],[14.6701062,58.3784985],[14.6690762,58.3780879],[14.6681213,58.3775254],[14.6677995,58.3773904],[14.6669948,58.3771878],[14.6665764,58.3772047],[14.665761,58.3769235],[14.6647096,58.3767547],[14.6640336,58.3763497],[14.6634328,58.3762878],[14.6627033,58.3758715],[14.6623063,58.3755114],[14.6624565,58.3753033],[14.6623814,58.3748757],[14.6621883,58.3744707],[14.6615875,58.3741838],[14.6615553,58.3739756],[14.6616089,58.3738237],[14.661448,58.3735705],[14.6612656,58.3734355],[14.6614909,58.3732452],[14.661725,58.372702],[14.6616292,58.3721589],[14.6614286,58.370978],[14.6607266,58.3692806],[14.6604159,58.3682016],[14.659941,58.3677353],[14.6594524,58.3667512],[14.6589414,58.3662667],[14.658114,58.364587],[14.6580623,58.3640952],[14.65766,58.363904],[14.6572605,58.3633965],[14.6558237,58.3627136],[14.6556701,58.3623234],[14.6553067,58.3618741],[14.655241,58.3606399],[14.6552206,58.3600187],[14.6550593,58.3596331],[14.6551679,58.3592082],[14.6547004,58.3589596],[14.654711,58.3584391],[14.6544742,58.3580957],[14.6547216,58.3577245],[14.6546991,58.357015],[14.6546922,58.3564949],[14.6545803,58.3559118],[14.6547554,58.3553406],[14.6545931,58.3552414],[14.6546884,58.3550666],[14.6544741,58.3542372],[14.6545307,58.3535562],[14.6543464,58.3526857],[14.6543131,58.3520948],[14.6542123,58.3513117],[14.6541524,58.3508343],[14.6540406,58.3502499],[14.6540832,58.3497709],[14.6539517,58.3494076],[14.6538024,58.348995],[14.6536803,58.3484867],[14.6536222,58.347888],[14.6536522,58.3472014],[14.6535942,58.3467939],[14.6532971,58.3463271],[14.6528627,58.3457161],[14.6529119,58.3451068],[14.652827,58.3446913],[14.6520471,58.3435112],[14.6515032,58.3430911],[14.6514073,58.3428342],[14.6513518,58.3424378],[14.6511441,58.3419956],[14.6510553,58.3416919],[14.6510483,58.3414259],[14.650535,58.3405885],[14.6501791,58.3396803],[14.6497609,58.3390276],[14.6496137,58.3384026],[14.6495386,58.3378047],[14.6492236,58.3371831],[14.6488615,58.3367708],[14.6488131,58.3367003],[14.6487283,58.3366115],[14.6485837,58.3363281],[14.6480355,58.3359743],[14.6468046,58.3354456],[14.6462559,58.3351098],[14.6459592,58.3349341],[14.6456545,58.3346626],[14.6450848,58.3344663],[14.644809,58.3343368],[14.6446541,58.3342079],[14.6446045,58.3341395],[14.6444914,58.3340919],[14.6438761,58.3339655],[14.6432489,58.3337815],[14.6426757,58.333533],[14.6420636,58.3333399],[14.6412614,58.3331975],[14.6406261,58.3329492],[14.6400861,58.3327621],[14.6395859,58.3326416],[14.6389944,58.3326025],[14.6386569,58.3325008],[14.6384273,58.3323506],[14.6383483,58.3321609],[14.6383048,58.3319576],[14.6380289,58.3317914],[14.6376846,58.3313374],[14.6375269,58.3312084],[14.6374135,58.3308164],[14.6373772,58.330635],[14.6369065,58.3304067],[14.6365592,58.3303743],[14.636272,58.3301951],[14.6359103,58.3297783],[14.6356808,58.3297199],[14.6356613,58.3296491],[14.635731,58.3295428],[14.6356189,58.3293479],[14.6352925,58.3292406],[14.6352673,58.3291549],[14.6352943,58.3290559],[14.6352324,58.3288854],[14.6353055,58.3288046],[14.635375,58.3286905],[14.6350247,58.3286313],[14.6349885,58.3285538],[14.6351014,58.328465],[14.634872,58.3281684],[14.6343767,58.327457],[14.6341205,58.3273403],[14.6337027,58.3266545],[14.6335113,58.326444],[14.6329824,58.325727],[14.6327767,58.3251881],[14.6323549,58.3245203],[14.6321906,58.3241926],[14.6321417,58.3239621],[14.6322118,58.3237067],[14.6316755,58.3229737],[14.631021,58.3222074],[14.6306133,58.3216271],[14.6306884,58.3213848],[14.6301949,58.320951],[14.6294331,58.3202861],[14.6292186,58.3199706],[14.6286607,58.3194466],[14.6281457,58.3191141],[14.6278882,58.3187084],[14.6269226,58.3167926],[14.626708,58.3159079],[14.6267027,58.3156712],[14.6264827,58.3155022],[14.6266114,58.3150851],[14.6262895,58.3147921],[14.625957,58.3144652],[14.6261823,58.3140088],[14.6265793,58.3138003],[14.6266222,58.3135354],[14.6265591,58.3134081],[14.6263647,58.3133071],[14.626367,58.3131936],[14.6264895,58.312878],[14.6263744,58.3128273],[14.6264559,58.3118249],[14.6267778,58.3110979],[14.6269517,58.3095025],[14.6266728,58.3090779],[14.6268578,58.3089909],[14.6268681,58.308827],[14.6268266,58.3087146],[14.6268108,58.3085911],[14.6269272,58.3084792],[14.626963,58.3083243],[14.626888,58.3081535],[14.6269564,58.3077298],[14.6269816,58.307667],[14.6270046,58.307616],[14.6269761,58.3075834],[14.6269186,58.3075776],[14.6268299,58.3075964],[14.6268025,58.3075593],[14.6268743,58.3075286],[14.6269192,58.3075159],[14.6269483,58.307489],[14.6269401,58.3074575],[14.6269499,58.3074351],[14.6269928,58.3074139],[14.6270527,58.3074017],[14.6271135,58.3074008],[14.6272327,58.3074236],[14.627267,58.3074074],[14.6273124,58.3073458],[14.6273097,58.3073042],[14.6272384,58.3072821],[14.6271469,58.3072695],[14.6271012,58.3072464],[14.627101,58.3071667],[14.6271352,58.30716],[14.6272205,58.3071625],[14.6272834,58.307161],[14.6273189,58.3071347],[14.627346,58.3070989],[14.6273141,58.3070842],[14.6272874,58.3070892],[14.6272488,58.3071059],[14.6272135,58.3071142],[14.6271496,58.3071079],[14.6271563,58.307077],[14.6271926,58.3070766],[14.627194,58.307044],[14.6271791,58.3070406],[14.6271461,58.3070338],[14.6271261,58.3070169],[14.6271314,58.3069125],[14.6272177,58.3068184],[14.6272949,58.3067861],[14.6273573,58.3067307],[14.6274623,58.3066838],[14.6274028,58.3066646],[14.627357,58.3066555],[14.6273791,58.3065837],[14.6274393,58.3065378],[14.627528,58.3065201],[14.6275641,58.3064332],[14.627845,58.3063981],[14.6280856,58.3062349],[14.6280946,58.3061922],[14.6280695,58.3061383],[14.6281127,58.3060935],[14.6281807,58.3061161],[14.6282789,58.3061074],[14.6283694,58.3060224],[14.6283704,58.3059236],[14.6284858,58.305906],[14.6286828,58.3058324],[14.6289024,58.30564],[14.6289972,58.3055482],[14.629024,58.3054337],[14.6289906,58.3053595],[14.6288207,58.3052939],[14.6288426,58.3052334],[14.6290874,58.3050746],[14.6292817,58.3048507],[14.6294699,58.3043954],[14.6296918,58.3043915],[14.6298634,58.3042932],[14.6299464,58.3041071],[14.6299476,58.3039948],[14.629872,58.3038824],[14.6296295,58.3036543],[14.629496,58.303531],[14.6295278,58.3033492],[14.6296109,58.3031473],[14.6294287,58.3030368],[14.6294688,58.3028707],[14.6299468,58.3023636],[14.6326192,58.2992756],[14.6330162,58.2987112],[14.6339142,58.2975304],[14.636519,58.2955679],[14.6371887,58.2950918],[14.6381328,58.2947239],[14.6388157,58.2946027],[14.6397084,58.2943136],[14.6399137,58.2942041],[14.640028,58.2941187],[14.6402083,58.2940537],[14.6403567,58.2940304],[14.6414825,58.2931414],[14.6417394,58.2928651],[14.6418932,58.2925966],[14.6420068,58.2924388],[14.6421208,58.2922942],[14.6422682,58.2920705],[14.6423723,58.2918569],[14.642436,58.2917956],[14.6424182,58.2917304],[14.6424914,58.2915693],[14.6425657,58.291391],[14.6426111,58.2912055],[14.6426935,58.2910037],[14.6430035,58.2905956],[14.6432436,58.2900885],[14.6432319,58.2899426],[14.6432081,58.2898653],[14.6433703,58.289695],[14.6434652,58.2895962],[14.6435695,58.2890651],[14.6435687,58.2889494],[14.6435175,58.2887719],[14.6434525,58.2886152],[14.6433374,58.2885034],[14.6432612,58.2884446],[14.6432104,58.2884248],[14.6431406,58.2883755],[14.6430527,58.2882888],[14.6430554,58.2882154],[14.6429577,58.2881983],[14.6428752,58.2881162],[14.642809,58.2880502],[14.6426633,58.2880229],[14.6424088,58.2879752],[14.6425884,58.2879126],[14.6427111,58.2878511],[14.6426926,58.2875497],[14.6426497,58.2872634],[14.6424712,58.2869746],[14.6423386,58.2868387],[14.6421148,58.2867609],[14.6417545,58.2866532],[14.6414852,58.2866094],[14.6412234,58.2866173],[14.6409655,58.2866772],[14.6407834,58.2867868],[14.6407259,58.2869435],[14.6406001,58.2869325],[14.6405488,58.2867568],[14.6403434,58.2866572],[14.6401647,58.2868495],[14.6400185,58.2868343],[14.6399641,58.2865017],[14.6398882,58.2863681],[14.6400058,58.2862145],[14.6404269,58.2859513],[14.6405748,58.2857838],[14.6406279,58.2855645],[14.6405406,58.2853751],[14.6404117,58.2852774],[14.6403624,58.2851976],[14.6404572,58.2850261],[14.6405748,58.2848666],[14.6404913,58.2847748],[14.6403017,58.284717],[14.6401234,58.2847509],[14.6398806,58.2847748],[14.6397289,58.284737],[14.6395848,58.2846492],[14.6394482,58.2845974],[14.6393799,58.2845036],[14.6392434,58.2844737],[14.6390727,58.2843341],[14.6387503,58.2841208],[14.6386099,58.2839732],[14.6383937,58.2838416],[14.6384164,58.2837299],[14.6386251,58.2836761],[14.6386142,58.2833829],[14.6381244,58.283377],[14.6383721,58.2831295],[14.6383798,58.2829149],[14.6386089,58.2829849],[14.6389166,58.2829279],[14.638821,58.2827185],[14.6390644,58.2824797],[14.6392044,58.2822763],[14.6397957,58.2806851],[14.639603,58.280029],[14.6389779,58.2799306],[14.6390365,58.2797323],[14.6387803,58.2796957],[14.6386158,58.2798116],[14.6379854,58.2797665],[14.637994,58.2795308],[14.6380962,58.2792858],[14.6381731,58.2791327],[14.6384289,58.2791438],[14.6384979,58.2789771],[14.6385086,58.2789273],[14.6384937,58.278863],[14.638329,58.2786081],[14.6377575,58.2784354],[14.6372504,58.2783529],[14.6368588,58.2786688],[14.6365301,58.2786931],[14.6362819,58.2787597],[14.6360577,58.2787396],[14.6359037,58.2786498],[14.6356474,58.2786584],[14.6356149,58.2786895],[14.6356213,58.2787255],[14.6354989,58.2788695],[14.6353182,58.2790749],[14.6352928,58.2791144],[14.6352708,58.2791355],[14.6352494,58.2791603],[14.6353213,58.2795148],[14.6360664,58.2796201],[14.6360578,58.2796473],[14.6360366,58.2796699],[14.6352959,58.2795771],[14.6351404,58.2798719],[14.6362276,58.2800283],[14.6363605,58.2800431],[14.6364466,58.2800882],[14.6364349,58.280127],[14.6363843,58.2801309],[14.6363127,58.2801752],[14.6362231,58.2801694],[14.6343979,58.2799471],[14.6343672,58.2797928],[14.6342792,58.2797267],[14.6342041,58.2795888],[14.6341137,58.2794764],[14.6340449,58.2793934],[14.6340145,58.2793052],[14.6341535,58.2792885],[14.6341554,58.2792538],[14.6343977,58.2790888],[14.6345733,58.2787806],[14.6346849,58.2787315],[14.6346776,58.2784466],[14.6346049,58.278466],[14.6345348,58.2783737],[14.6344781,58.2782968],[14.6345548,58.2782133],[14.6343313,58.2781644],[14.634073,58.2781461],[14.6340328,58.2781436],[14.6335831,58.278291],[14.6334242,58.2784242],[14.6332545,58.2784821],[14.6331881,58.2785489],[14.6331836,58.2786111],[14.63315,58.2786975],[14.6331476,58.2787948],[14.6328555,58.2791875],[14.6326608,58.2792846],[14.6320333,58.2792282],[14.631972,58.2788994],[14.6317546,58.2789308],[14.6316958,58.2788901],[14.6317093,58.2788182],[14.6319289,58.278646],[14.6319246,58.2785389],[14.6322841,58.2785852],[14.6321966,58.278543],[14.6318003,58.2784507],[14.6316478,58.2782939],[14.6314843,58.2782224],[14.6315049,58.2781327],[14.6313407,58.2780623],[14.6313719,58.2779929],[14.631247,58.2779577],[14.6313056,58.2778672],[14.6310911,58.2777501],[14.6311288,58.2776945],[14.6312166,58.2776906],[14.6313105,58.2776858],[14.6313375,58.2776408],[14.6312647,58.2775745],[14.6313056,58.2774847],[14.6313016,58.2774108],[14.6311994,58.2772817],[14.6313202,58.2771253],[14.6314962,58.2771503],[14.6314367,58.2770787],[14.6313832,58.2770448],[14.6311741,58.2770036],[14.630899,58.276844],[14.6306896,58.2767365],[14.6304243,58.2764515],[14.6303071,58.2762424],[14.6301495,58.2761746],[14.6301647,58.2760781],[14.6299439,58.276086],[14.6296984,58.2760502],[14.6292731,58.276131],[14.6291104,58.2760524],[14.6290504,58.2760677],[14.629083,58.276176],[14.628963,58.2762904],[14.6288176,58.2762781],[14.6284618,58.2761858],[14.6284727,58.2760459],[14.6283599,58.276009],[14.6284708,58.2759568],[14.6284207,58.2758621],[14.6282775,58.2757759],[14.628183,58.2756144],[14.6282985,58.275417],[14.6284595,58.2753187],[14.628414,58.2752195],[14.6282512,58.2751394],[14.6280651,58.2750902],[14.6277914,58.275088],[14.6275429,58.2751107],[14.6273486,58.2751936],[14.6275405,58.2753349],[14.6274357,58.2753782],[14.6272022,58.2752921],[14.6268996,58.2755844],[14.6265303,58.2754618],[14.6264661,58.2753936],[14.6266326,58.2752821],[14.6265959,58.2750987],[14.6264051,58.2749978],[14.6262047,58.2749377],[14.625699,58.2745052],[14.6258111,58.2743759],[14.6256029,58.2740867],[14.6258612,58.2740566],[14.626069,58.2740882],[14.6262983,58.2740239],[14.6253193,58.2737343],[14.6251455,58.2736464],[14.6251519,58.2735146],[14.6254254,58.2731905],[14.625634,58.2729703],[14.6254669,58.2729023],[14.6251227,58.2729638],[14.625085,58.2729261],[14.6251761,58.2727779],[14.6247821,58.2726233],[14.624584,58.2725395],[14.6236371,58.2724902],[14.623546,58.2726377],[14.6233138,58.2726851],[14.6227862,58.2725677],[14.6224207,58.2724521],[14.6215542,58.2720648],[14.6215529,58.271974],[14.621427,58.2718328],[14.6213683,58.2717001],[14.621423,58.2715078],[14.6216087,58.2715506],[14.6219443,58.2713114],[14.621601,58.2711946],[14.6213099,58.2712199],[14.6213188,58.2707357],[14.620972,58.2702383],[14.6206119,58.2700376],[14.6205538,58.2699047],[14.6205639,58.2698112],[14.6206901,58.269594],[14.6209017,58.2694721],[14.6208297,58.2694177],[14.620305,58.2692696],[14.6198432,58.2690549],[14.6196086,58.2689354],[14.6196078,58.2688134],[14.6195613,58.2687025],[14.6195341,58.2684296],[14.6192825,58.2685074],[14.6193251,58.2685816],[14.6192977,58.2686295],[14.619152,58.2687408],[14.6190399,58.2687826],[14.61888,58.268795],[14.6187132,58.2687114],[14.6185918,58.2687698],[14.6185569,58.2687815],[14.6186468,58.2688365],[14.618692,58.2688705],[14.6187682,58.2689537],[14.6188085,58.2689915],[14.6188282,58.2690496],[14.6188445,58.2690988],[14.6188692,58.2693044],[14.618511,58.269376],[14.6183404,58.2693228],[14.6178957,58.2690915],[14.6176122,58.2688642],[14.6175449,58.2687403],[14.6173065,58.2686199],[14.6172146,58.2684161],[14.6172748,58.2683162],[14.6174313,58.2682623],[14.6173342,58.268216],[14.6170863,58.2679762],[14.6168341,58.2679836],[14.6167922,58.2679542],[14.6166418,58.2679403],[14.6165228,58.2678305],[14.6163546,58.2678245],[14.6162614,58.267679],[14.6161082,58.2676118],[14.6158599,58.2675789],[14.6156346,58.2674455],[14.6152743,58.2671451],[14.6153363,58.2671007],[14.6153283,58.2670195],[14.6152323,58.2669659],[14.6151252,58.266784],[14.615089,58.2666031],[14.615017,58.266549],[14.6148616,58.2665435],[14.6147982,58.2665147],[14.6147915,58.2664564],[14.614611,58.2662918],[14.614612,58.2661966],[14.6145509,58.266146],[14.6144701,58.266186],[14.6143883,58.2661646],[14.6141618,58.266018],[14.6141472,58.2659324],[14.6138889,58.265752],[14.6137065,58.2654987],[14.6137054,58.2653215],[14.6136604,58.265262],[14.6135878,58.2652535],[14.6135377,58.265194],[14.6135382,58.2650997],[14.6136361,58.2650353],[14.6135561,58.2650063],[14.6135087,58.2649229],[14.6136134,58.2648349],[14.6135269,58.2647657],[14.6133896,58.2647112],[14.61335,58.2646526],[14.6133805,58.2646046],[14.613144,58.2644592],[14.6129537,58.2642179],[14.6130374,58.2635377],[14.6133264,58.2634668],[14.6134105,58.263443],[14.6130227,58.263316],[14.613057,58.263042],[14.6131727,58.2629288],[14.6135072,58.2627824],[14.6133723,58.2625937],[14.6134611,58.2624786],[14.613642,58.2625277],[14.6137681,58.2625319],[14.6138931,58.2624178],[14.6139432,58.2623523],[14.6136222,58.2622906],[14.6134219,58.2621927],[14.6133734,58.2620881],[14.6134552,58.2620169],[14.6130735,58.2617816],[14.6130011,58.2611508],[14.6129421,58.2610303],[14.6127773,58.2600884],[14.612775,58.2599229],[14.6128799,58.2598888],[14.6128465,58.2597712],[14.6128255,58.2595411],[14.6129889,58.2588788],[14.6130679,58.258906],[14.6130305,58.258776],[14.612967,58.2587148],[14.6129829,58.258655],[14.612863,58.2586332],[14.6128391,58.2587002],[14.6127667,58.2587206],[14.6126015,58.2586765],[14.6124728,58.2585897],[14.6122542,58.2583926],[14.6123198,58.2581774],[14.6120817,58.2579601],[14.6118233,58.2577037],[14.6116985,58.2574396],[14.6117934,58.2572178],[14.6116488,58.2571123],[14.6116342,58.2569726],[14.6115664,58.2567753],[14.611659,58.2564584],[14.6115112,58.2563627],[14.6115392,58.2562897],[14.6112776,58.2562055],[14.6112123,58.2558897],[14.6113582,58.255746],[14.6115662,58.2558113],[14.6116133,58.2557316],[14.6116374,58.2556882],[14.6114825,58.2556118],[14.6114081,58.2554899],[14.6116162,58.25548],[14.611703,58.2554698],[14.611854,58.2555402],[14.6119051,58.2555103],[14.6118594,58.2554629],[14.6117667,58.255451],[14.6117176,58.255369],[14.6117799,58.2552982],[14.6119257,58.2553685],[14.6121157,58.2554162],[14.6120741,58.2552132],[14.6119142,58.2548102],[14.6118471,58.2546553],[14.6117754,58.2546017],[14.6117497,58.2545299],[14.611803,58.2544886],[14.6118563,58.2544322],[14.611739,58.2542731],[14.6115124,58.2540882],[14.6115142,58.2539018],[14.6115811,58.2537667],[14.611379,58.2535373],[14.6115178,58.2531827],[14.6115769,58.2531584],[14.6114847,58.2531029],[14.6115214,58.2529565],[14.6113934,58.2527671],[14.6114068,58.2526807],[14.6112472,58.2523632],[14.611326,58.2522652],[14.6111435,58.2520368],[14.6111843,58.2515177],[14.6110518,58.2512111],[14.6111619,58.2510846],[14.6113788,58.2510157],[14.6113965,58.2508997],[14.6111754,58.2502579],[14.6112258,58.2502183],[14.611223,58.2501775],[14.6113235,58.2502149],[14.6112806,58.2502191],[14.6112337,58.2502742],[14.6112679,58.2502763],[14.6116635,58.2506593],[14.6117943,58.2505269],[14.6117303,58.2502784],[14.6112975,58.2496909],[14.6111633,58.2493581],[14.6112225,58.2491742],[14.6110918,58.2490613],[14.6113719,58.2485486],[14.6114506,58.2483483],[14.6116764,58.2481601],[14.6115446,58.248007],[14.611427,58.2480163],[14.6113528,58.2479066],[14.6115402,58.2476969],[14.6114414,58.2475836],[14.6113801,58.2476032],[14.6113489,58.2477228],[14.6112356,58.2477265],[14.6111433,58.2476887],[14.6110889,58.2475898],[14.6110615,58.2475154],[14.6111042,58.2474778],[14.6111847,58.247514],[14.6112891,58.247456],[14.6110176,58.2473251],[14.6109855,58.2471728],[14.6108707,58.2470659],[14.6110093,58.246931],[14.6109489,58.2466959],[14.6108327,58.2465887],[14.6107935,58.2464262],[14.6108503,58.246267],[14.6110117,58.2463217],[14.6111731,58.2464143],[14.611234,58.2465857],[14.61138,58.246583],[14.6115044,58.2468232],[14.6116631,58.2468162],[14.6113974,58.246326],[14.6114497,58.2460426],[14.6113337,58.2459675],[14.6113616,58.2458032],[14.6113795,58.2456495],[14.6112977,58.2456022],[14.6114227,58.245335],[14.6113007,58.2449036],[14.6113629,58.2444663],[14.6113309,58.2443179],[14.6113624,58.2442696],[14.611498,58.2441157],[14.6115832,58.2436684],[14.6116338,58.2434816],[14.6119287,58.2431926],[14.6119151,58.2431396],[14.6118367,58.2431281],[14.6118738,58.2428253],[14.6118195,58.2427665],[14.6118539,58.2427413],[14.6119547,58.2427759],[14.6119147,58.2426753],[14.6119623,58.2426107],[14.6120817,58.2425871],[14.6121651,58.2426247],[14.6123965,58.2425776],[14.612308,58.2422608],[14.6124784,58.2419676],[14.6123777,58.2418092],[14.6123554,58.2413898],[14.6124686,58.2412538],[14.6127393,58.2410911],[14.6127684,58.2409745],[14.6125825,58.2409785],[14.6125443,58.2407133],[14.6125573,58.2406432],[14.6126594,58.2405595],[14.6126967,58.2403474],[14.6126224,58.2403417],[14.6126381,58.2402545],[14.6127425,58.24024],[14.6127519,58.2401577],[14.6126604,58.2400286],[14.6127894,58.2393676],[14.6126502,58.2386811],[14.612215,58.2370126],[14.6119903,58.2369351],[14.6115559,58.2352791],[14.6114279,58.232956],[14.6108681,58.2321693],[14.6099566,58.2317394],[14.6098674,58.2284657],[14.610286,58.228155],[14.6100634,58.2273096],[14.6096143,58.2270016],[14.6093102,58.2267096],[14.6093085,58.2264692],[14.6091825,58.2263958],[14.6092012,58.2262941],[14.6093005,58.2263054],[14.6093139,58.2262277],[14.60922,58.2261768],[14.6092522,58.2260667],[14.6094695,58.2261486],[14.6093085,58.2259551],[14.6093354,58.2259],[14.6094628,58.2258925],[14.6095425,58.2258565],[14.6094571,58.2258176],[14.6094439,58.2257541],[14.6093263,58.2256648],[14.6092656,58.225467],[14.6094652,58.2253105],[14.6092916,58.2248083],[14.6086053,58.2242345],[14.6081719,58.22343],[14.6084822,58.2227864],[14.607232,58.2186097],[14.6075753,58.2172309],[14.6073168,58.2168241],[14.606908,58.2165528],[14.6058373,58.2150496],[14.605377,58.2130852],[14.6042912,58.2109353],[14.604509,58.2103469],[14.6039665,58.2092762],[14.6041675,58.2093941],[14.6043989,58.2092802],[14.6043057,58.2088947],[14.6041441,58.2086547],[14.6039551,58.208325],[14.6040745,58.2082916],[14.6046356,58.2065153],[14.6051037,58.2063497],[14.6049186,58.2059088],[14.6044296,58.2054691],[14.6038489,58.2049895],[14.6038337,58.2046737],[14.6037555,58.204426],[14.6036825,58.2043967],[14.6033911,58.2041301],[14.6031998,58.2040599],[14.6029627,58.2038976],[14.6029917,58.2037902],[14.6022423,58.2030478],[14.60182,58.2028243],[14.6015642,58.2026524],[14.600849,58.2023577],[14.6007551,58.2022883],[14.6004978,58.2019854],[14.6003427,58.2017227],[14.6003064,58.2016298],[14.6003886,58.2013572],[14.6002682,58.2012813],[14.5998939,58.201382],[14.5997533,58.2013689],[14.5994148,58.201115],[14.5990703,58.2010798],[14.5990489,58.2009811],[14.5989564,58.2007831],[14.5988315,58.2007146],[14.5988078,58.200605],[14.5987045,58.2005232],[14.5985101,58.2004855],[14.5983727,58.2003407],[14.5985361,58.200113],[14.5984204,58.2000607],[14.5984154,58.1999214],[14.5985224,58.1998845],[14.5984031,58.1997183],[14.5984749,58.1996014],[14.5982273,58.1994882],[14.5982313,58.1993749],[14.5981876,58.1993233],[14.5980818,58.1991427],[14.5979945,58.1990778],[14.5978382,58.1990294],[14.5976954,58.1988707],[14.5977309,58.1988305],[14.59757,58.1986501],[14.5976302,58.198532],[14.5974002,58.1983603],[14.5973231,58.1982373],[14.5968755,58.1981221],[14.5966817,58.1981379],[14.596556,58.1982171],[14.596099,58.1981496],[14.5959749,58.1981168],[14.5959321,58.1978665],[14.5957803,58.1977677],[14.5958598,58.1977381],[14.5960129,58.1975688],[14.5958783,58.1974707],[14.5957937,58.1973567],[14.5956181,58.1972472],[14.5955542,58.1971678],[14.5953489,58.1970011],[14.5954032,58.1968895],[14.595547,58.1968858],[14.5956455,58.1967935],[14.5954833,58.1966173],[14.5953512,58.1965389],[14.5939493,58.195907],[14.5939083,58.1958796],[14.5936379,58.1958102],[14.5933469,58.1956494],[14.593141,58.1955313],[14.5930512,58.1954592],[14.5927333,58.1952956],[14.5925543,58.1951267],[14.5922753,58.1948793],[14.5922016,58.1947701],[14.5918348,58.1944704],[14.5917067,58.1942806],[14.5914754,58.1938993],[14.5913386,58.1938665],[14.5911032,58.1936477],[14.5910595,58.1935717],[14.5909319,58.1934412],[14.5909523,58.1933855],[14.5909215,58.193289],[14.5907941,58.193218],[14.5907646,58.1931352],[14.5907672,58.1930214],[14.5907719,58.1928992],[14.590794,58.192777],[14.5909208,58.1925186],[14.5906218,58.1924478],[14.5899188,58.1922088],[14.5895826,58.1916965],[14.5894271,58.1912906],[14.5892033,58.1911307],[14.5890401,58.1909167],[14.5888245,58.1907046],[14.588846,58.1904161],[14.5874584,58.1885374],[14.5871094,58.1880215],[14.5868906,58.1871102],[14.5869632,58.1870758],[14.5869634,58.1869848],[14.5870335,58.1869608],[14.5868799,58.1867768],[14.5868704,58.1865838],[14.5867149,58.1864199],[14.5865518,58.1863239],[14.5862764,58.1858804],[14.5863299,58.1858395],[14.5863953,58.1858417],[14.5864584,58.1857935],[14.5863793,58.1856939],[14.586314,58.1851338],[14.5862335,58.1850462],[14.5860094,58.1846022],[14.5857708,58.1844233],[14.5855275,58.1844006],[14.5849586,58.1842742],[14.58475,58.1844342],[14.5844162,58.1844622],[14.5842721,58.1843002],[14.5843555,58.1841422],[14.583851,58.1838403],[14.5833958,58.1836903],[14.5835362,58.1834783],[14.5834527,58.1833883],[14.5829103,58.1832203],[14.5826789,58.1827224],[14.5822297,58.1825835],[14.5818266,58.1824316],[14.581781,58.1823892],[14.581655,58.182351],[14.581596,58.1823793],[14.5813626,58.1823651],[14.5812392,58.1823128],[14.5812419,58.1822449],[14.5809415,58.1821502],[14.5807913,58.1820356],[14.5805794,58.1816764],[14.580735,58.1816623],[14.5806438,58.1815294],[14.5805231,58.1814983],[14.5806009,58.1814728],[14.5806277,58.1814092],[14.5809522,58.1813936],[14.5809844,58.1810245],[14.5806599,58.1809708],[14.5796155,58.1799263],[14.5783992,58.1787691],[14.5766067,58.1762329],[14.5740225,58.1728458],[14.5742317,58.1720975],[14.5738433,58.1717272],[14.5737985,58.1712152],[14.5732166,58.170911],[14.5731067,58.1703597],[14.5722617,58.1693514],[14.5716016,58.1693765],[14.5712018,58.1686536],[14.5693731,58.1644156],[14.5689539,58.16408],[14.5676523,58.1612944],[14.5677872,58.1596198],[14.5680513,58.1576639],[14.567238,58.1538856],[14.566731,58.1520074],[14.5666359,58.1511937],[14.5668788,58.1506865],[14.5667521,58.1500734],[14.5661923,58.1492485],[14.5663085,58.1487524],[14.5662001,58.1473229],[14.5661961,58.1473042],[14.5661927,58.1472659],[14.5662115,58.1472451],[14.5662383,58.1472677],[14.5662524,58.1472787],[14.5662644,58.1472854],[14.5662973,58.1472868],[14.5663389,58.1472826],[14.5663396,58.147273],[14.5663295,58.147238],[14.5662799,58.1472054],[14.5662584,58.147216],[14.5662162,58.1472252],[14.5662738,58.1471633],[14.5663235,58.1471385],[14.5663409,58.1471191],[14.566359,58.1470936],[14.566353,58.1470589],[14.56631,58.1470433],[14.5662584,58.1470278],[14.5662142,58.1470012],[14.5662966,58.1469814],[14.5663255,58.1469789],[14.5663583,58.1469673],[14.5663758,58.146951],[14.5663811,58.1468689],[14.5663375,58.1468558],[14.5663349,58.1468307],[14.5663603,58.14682],[14.5664093,58.1468193],[14.5663905,58.1465953],[14.5663556,58.1465706],[14.5663597,58.1465394],[14.5663945,58.1465157],[14.566424,58.146474],[14.5664669,58.1461604],[14.5665092,58.1451292],[14.5661712,58.1442874],[14.5655374,58.1438582],[14.56483,58.1437022],[14.5646297,58.1439591],[14.5641218,58.1435925],[14.5645027,58.1431786],[14.5643657,58.1429545],[14.564077,58.1427883],[14.5636513,58.142745],[14.5629343,58.1425045],[14.562419,58.1413928],[14.5620605,58.1412115],[14.5615451,58.1411721],[14.5612195,58.1410329],[14.5608804,58.1399421],[14.5609551,58.139607],[14.5605144,58.1391339],[14.5603725,58.1387278],[14.5584377,58.1376306],[14.5586846,58.137135],[14.5580647,58.1363741],[14.5582589,58.1363228],[14.5582738,58.1362085],[14.5581095,58.1360508],[14.5581394,58.1359167],[14.5583037,58.1354199],[14.5583261,58.1349507],[14.5580124,58.1347575],[14.5579602,58.1346235],[14.5582365,58.1345643],[14.5584456,58.1344224],[14.5584232,58.1342292],[14.5582667,58.1338901],[14.5577222,58.1332622],[14.5576614,58.1331922],[14.5576343,58.1331796],[14.5574567,58.1330971],[14.5566451,58.1327199],[14.5560834,58.1320748],[14.5555236,58.131757],[14.5543853,58.1299484],[14.5523064,58.1242893],[14.5515838,58.123235],[14.5503692,58.1221751],[14.5495664,58.1213886],[14.5490137,58.1204925],[14.5491334,58.1196259],[14.5482013,58.1181695],[14.5455211,58.1150178],[14.5435004,58.111757],[14.5429064,58.1113815],[14.540092,58.1076413],[14.5388774,58.1064025],[14.5378978,58.1057796],[14.5373458,58.1042427],[14.5367226,58.10364],[14.5356995,58.1023522],[14.5356802,58.1023421],[14.5334378,58.1011675],[14.5312728,58.0997636],[14.530268,58.0979857],[14.5295865,58.0967079],[14.5294693,58.0966152],[14.5293504,58.0965031],[14.5286565,58.095811],[14.5212467,58.0884196],[14.5203021,58.0874774],[14.5194735,58.0866507],[14.5191459,58.0863238],[14.517918,58.0850988],[14.5171729,58.0843554],[14.5162301,58.0818697],[14.5076587,58.0747983],[14.5034252,58.0718893],[14.5016194,58.0706484],[14.5004344,58.0702865],[14.5002375,58.0702263],[14.5003014,58.0699823],[14.4933445,58.0653698],[14.4873016,58.0605698],[14.4859302,58.0585555],[14.4840445,58.0571413],[14.4782401,58.0514488],[14.4779736,58.0511875],[14.4778777,58.0509041],[14.4776256,58.0506664],[14.4772338,58.0503534],[14.4768154,58.0502098],[14.4764322,58.0498351],[14.4760881,58.0497512],[14.4754876,58.0493727],[14.4747841,58.0486327],[14.4735233,58.0468759],[14.472944,58.046697],[14.4715866,58.0452691],[14.4711914,58.0450719],[14.4697119,58.0439951],[14.469356,58.0437923],[14.4689413,58.0434272],[14.4684471,58.0431215],[14.4680052,58.0426595],[14.4676354,58.0425935],[14.4674883,58.0424979],[14.467599,58.0424062],[14.4674403,58.0422724],[14.4659722,58.0410343],[14.4657886,58.0408021],[14.4656537,58.0406282],[14.4655773,58.0400654],[14.4652223,58.0391345],[14.4644108,58.0382196],[14.4638571,58.0379354],[14.4634684,58.0376745],[14.4634273,58.0369661],[14.4632032,58.0369072],[14.462699,58.0362039],[14.4625246,58.0355306],[14.4616252,58.0346186],[14.4617006,58.0343957],[14.4616697,58.0343269],[14.4615126,58.0341427],[14.4612768,58.0340298],[14.460738,58.0337088],[14.4604574,58.0333939],[14.4603002,58.0330611],[14.4602553,58.0328055],[14.4601431,58.0325856],[14.4597951,58.0323657],[14.4595481,58.0321815],[14.4595706,58.0319021],[14.4593769,58.0315124],[14.4591709,58.0310667],[14.4586653,58.0306859],[14.4584609,58.0303986],[14.4582475,58.0302928],[14.4580372,58.0302052],[14.4577581,58.0300931],[14.4573012,58.0299467],[14.4571263,58.0298293],[14.4573893,58.0298024],[14.4573901,58.0297875],[14.4573909,58.0297726],[14.4573394,58.0297724],[14.456948,58.0291162],[14.4565511,58.0291035],[14.4564369,58.0290642],[14.4562859,58.029029],[14.4563247,58.0289994],[14.4561567,58.028951],[14.4560576,58.0290214],[14.4560071,58.0289957],[14.4559139,58.0289503],[14.4558649,58.0289023],[14.4557763,58.0288308],[14.4556676,58.0286998],[14.4555869,58.0286732],[14.4549955,58.0286733],[14.45498,58.0286537],[14.4548965,58.0285582],[14.4549311,58.0285494],[14.4549599,58.0285353],[14.454993,58.0285133],[14.4550251,58.0284972],[14.4550537,58.0284811],[14.4550708,58.0284645],[14.4550787,58.028448],[14.4550825,58.0284271],[14.455083,58.0283926],[14.4550752,58.0283827],[14.4550685,58.0283454],[14.4550567,58.0283096],[14.4549935,58.028207],[14.4548748,58.0279766],[14.4547285,58.0276982],[14.4546099,58.0274951],[14.4544952,58.0272731],[14.4544158,58.0271795],[14.4543913,58.0271527],[14.4543517,58.0271233],[14.4542817,58.0270826],[14.4542227,58.0270178],[14.45415,58.026933],[14.4540763,58.0268465],[14.4540146,58.0267649],[14.4539568,58.0266666],[14.4539196,58.0265832],[14.4539021,58.02652],[14.4538957,58.0264414],[14.4539,58.0264049],[14.4539196,58.0263717],[14.4539476,58.0263505],[14.4539951,58.026321],[14.454044,58.0262891],[14.4542696,58.0262623],[14.4543498,58.0262717],[14.4544876,58.0262504],[14.4547446,58.0261963],[14.4550234,58.0261292],[14.4551847,58.0260829],[14.4552438,58.026056],[14.4552739,58.026029],[14.4552868,58.0260003],[14.4552861,58.0259568],[14.4552875,58.0259072],[14.455281,58.0258221],[14.4552414,58.0257208],[14.4552372,58.0256136],[14.4552246,58.0255378],[14.4551972,58.0254232],[14.4551125,58.0254098],[14.4550833,58.0253926],[14.4550266,58.0253269],[14.4549482,58.0251923],[14.4549064,58.0251354],[14.4549119,58.0250563],[14.4548893,58.0250203],[14.454828,58.0249787],[14.4547342,58.024916],[14.4546741,58.0249084],[14.454573,58.0249157],[14.4544935,58.0249166],[14.45443,58.0249031],[14.4543825,58.0248755],[14.454364,58.0248296],[14.4543784,58.0247899],[14.454385,58.0247321],[14.4542564,58.0246301],[14.4542026,58.0245331],[14.4541467,58.0245055],[14.4540951,58.0244861],[14.4540483,58.0244402],[14.454009,58.0243796],[14.4538171,58.024266],[14.4538289,58.0242039],[14.4538348,58.0240972],[14.4538438,58.0239876],[14.4538149,58.0239055],[14.453767,58.0238338],[14.4537066,58.0237739],[14.4536339,58.0237648],[14.4535733,58.0237506],[14.4535399,58.0237307],[14.4535248,58.0236947],[14.4535242,58.0235989],[14.4533196,58.0226734],[14.453679,58.0221463],[14.4540386,58.021539],[14.4540483,58.0202421],[14.4535624,58.0197069],[14.453203,58.0189743],[14.4532223,58.0183379],[14.4534458,58.0178232],[14.453164,58.0174578],[14.4530733,58.0172367],[14.4530808,58.0170775],[14.4530477,58.0170645],[14.4530439,58.0170353],[14.4529303,58.0168996],[14.4527963,58.0167395],[14.452402,58.0165505],[14.4513798,58.0156132],[14.4508357,58.013211],[14.4506635,58.0130551],[14.4505171,58.0129225],[14.4504339,58.0129458],[14.4504149,58.0129251],[14.4503801,58.0128873],[14.4503439,58.0128538],[14.4503187,58.0128305],[14.450352,58.012773],[14.4500236,58.0124756],[14.4493308,58.012125],[14.4486965,58.0113193],[14.4486368,58.011246],[14.4486816,58.011166],[14.4481379,58.0105802],[14.4479179,58.0103637],[14.4475187,58.0102778],[14.4472298,58.0099693],[14.44699,58.009663],[14.44654,58.0088854],[14.446507,58.0083178],[14.4462318,58.0083529],[14.4461059,58.0081353],[14.4459102,58.0077971],[14.4452667,58.0071987],[14.4450341,58.0070202],[14.4450478,58.0069059],[14.4445338,58.0065555],[14.4443385,58.0065154],[14.4441582,58.006288],[14.4441765,58.0061258],[14.4438187,58.0060522],[14.4433294,58.0057123],[14.4429839,58.0053465],[14.4421818,58.0051127],[14.4402126,58.0036595],[14.440189,58.0033525],[14.4389783,58.0027486],[14.4377087,58.0021113],[14.4370521,58.0016193],[14.4368305,58.0016705],[14.435027,58.0007652],[14.4340023,58.0001291],[14.4335034,58.0000004],[14.4331191,57.999961],[14.4326735,57.9997063],[14.4326364,57.9996632],[14.4325171,57.9996992],[14.4324718,57.9996599],[14.4325998,57.9995897],[14.4325038,57.9995024],[14.4323293,57.9993536],[14.4318631,57.9992405],[14.4316444,57.9992121],[14.431103,57.9995232],[14.4309821,57.9994637],[14.4314965,57.9991931],[14.4316507,57.9991089],[14.4317375,57.9990615],[14.4318058,57.9989915],[14.4316345,57.9989103],[14.4314882,57.9988566],[14.431331,57.9989796],[14.4314628,57.9990784],[14.4314571,57.9990909],[14.4314191,57.9991154],[14.4312653,57.9990455],[14.4312063,57.9990117],[14.4312816,57.9989678],[14.4314575,57.9988444],[14.4314224,57.9988509],[14.4313774,57.9988541],[14.4313206,57.998851],[14.4312854,57.9988614],[14.43121,57.9988726],[14.4311608,57.9988468],[14.4312109,57.9988086],[14.4312567,57.9987609],[14.431251,57.998712],[14.4310625,57.99864],[14.4309711,57.9985745],[14.4308127,57.9985537],[14.430748,57.9985305],[14.4306525,57.9984886],[14.430122,57.9983458],[14.4299926,57.9983608],[14.4298202,57.9983101],[14.429738,57.9982424],[14.4292475,57.9981085],[14.4290668,57.9980425],[14.4288032,57.9980213],[14.428646,57.9979554],[14.428568,57.9980018],[14.4283191,57.9978911],[14.428344,57.9978359],[14.428211,57.9977609],[14.4280596,57.9977556],[14.4278619,57.9976644],[14.4274679,57.9974074],[14.4272472,57.997388],[14.4270052,57.9972242],[14.4262202,57.9968807],[14.4257134,57.9967279],[14.4256881,57.9966729],[14.4250033,57.9964072],[14.4244248,57.9960948],[14.4240832,57.9958947],[14.4235994,57.9958176],[14.4232018,57.9956494],[14.4228008,57.9954837],[14.4224936,57.9953746],[14.4222223,57.9952943],[14.4217041,57.9951017],[14.4208022,57.994818],[14.4205354,57.9947552],[14.4202578,57.9946719],[14.4198708,57.9945085],[14.4198771,57.9944421],[14.4191908,57.9941633],[14.4184294,57.993863],[14.4181783,57.9938638],[14.4161807,57.9930583],[14.416061,57.9929537],[14.4149939,57.9925131],[14.4146165,57.9923674],[14.4143307,57.9924051],[14.4135109,57.9921002],[14.4127607,57.9917641],[14.4119533,57.9914595],[14.4113752,57.9911486],[14.4111517,57.9911062],[14.4110046,57.9910002],[14.4104911,57.9907945],[14.409655,57.9904975],[14.409402,57.9903493],[14.4080576,57.9897998],[14.4061593,57.9889689],[14.4040687,57.9882919],[14.4035387,57.9880649],[14.4009961,57.9871874],[14.4005318,57.9867487],[14.4004089,57.9865432],[14.4004122,57.9864286],[14.4000458,57.9860331],[14.3996952,57.9855944],[14.3996506,57.9854169],[14.399113,57.9845854],[14.3990838,57.984399],[14.3988238,57.9842227],[14.3987833,57.9840609],[14.3986053,57.9839306],[14.3984397,57.9837499],[14.3981717,57.9836232],[14.397454,57.9832269],[14.3969518,57.9829743],[14.3964725,57.9827973],[14.3960507,57.9826171],[14.3954548,57.9824046],[14.394902,57.9820206],[14.3942726,57.9817984],[14.3940976,57.9817556],[14.393903,57.9816923],[14.3937958,57.9816338],[14.3927549,57.9813684],[14.391855,57.981026],[14.3914266,57.9808356],[14.391297,57.9807399],[14.3906405,57.9805204],[14.3902065,57.9804233],[14.3899629,57.9802502],[14.3895702,57.9800892],[14.3889932,57.9799465],[14.388119,57.9795796],[14.3865101,57.9789918],[14.3861937,57.9788962],[14.3858451,57.9788389],[14.3857529,57.9787598],[14.3850732,57.9784943],[14.384485,57.9782425],[14.3842454,57.9781023],[14.3839948,57.9779557],[14.3832681,57.9774961],[14.382752,57.9771889],[14.3820963,57.9769231],[14.3815805,57.9766883],[14.3804886,57.9762041],[14.3802455,57.9760569],[14.3796158,57.9757919],[14.3795214,57.975814],[14.3793499,57.9757542],[14.3791688,57.9755777],[14.3763481,57.9746943],[14.3730975,57.9726353],[14.3686923,57.9709972],[14.3673319,57.971],[14.3652741,57.969759],[14.3613452,57.9682943],[14.3581737,57.9665342],[14.3558059,57.9647131],[14.3535753,57.9634691],[14.3513598,57.9621344],[14.3490156,57.959707],[14.3484094,57.9586802],[14.3469267,57.957281],[14.3442026,57.9546318],[14.3411428,57.952431],[14.3386344,57.9498127],[14.3362633,57.9473838],[14.3341444,57.9460081],[14.3311499,57.9445647],[14.3291243,57.9429054],[14.3258145,57.9396218],[14.3227782,57.9368989],[14.3222854,57.9360287],[14.3220359,57.9360487],[14.321993,57.9359874],[14.3222022,57.9358906],[14.3215026,57.9346429],[14.3200703,57.9325342],[14.3197939,57.9318474],[14.3187656,57.9310503],[14.3154687,57.9281143],[14.3124732,57.9252886],[14.3115689,57.9243282],[14.3112947,57.9241996],[14.3109964,57.9242242],[14.3108729,57.9241095],[14.3108886,57.9240781],[14.310949,57.9240574],[14.3110492,57.924145],[14.3115637,57.9240745],[14.3115109,57.9239745],[14.3113561,57.9237853],[14.3111267,57.9235696],[14.3106983,57.9237102],[14.3107337,57.9239115],[14.310625,57.923963],[14.3105377,57.9239398],[14.3105595,57.923793],[14.3105232,57.9236887],[14.3107123,57.9235767],[14.3107669,57.9234434],[14.3107014,57.9233662],[14.3107679,57.9232952],[14.3102434,57.9227263],[14.3099254,57.9221667],[14.3086217,57.9201728],[14.3079431,57.9186066],[14.307286,57.9166967],[14.3066272,57.9156504],[14.3055864,57.9138507],[14.3040274,57.9115618],[14.3012937,57.9087721],[14.3000531,57.9066223],[14.2988828,57.904534],[14.2979091,57.9035465],[14.2959382,57.9016913],[14.2950861,57.9005115],[14.2925739,57.8976625],[14.291652,57.8960067],[14.2911276,57.8948301],[14.2891106,57.8925542],[14.2883499,57.8921807],[14.2873087,57.8913641],[14.285277,57.8894389],[14.2827792,57.8863679],[14.2817813,57.8854083],[14.2799037,57.882688],[14.2777152,57.8807317],[14.2767933,57.8786655],[14.2754015,57.8761888],[14.2738539,57.8737055],[14.2732509,57.8723747],[14.2726166,57.8715915],[14.2711842,57.8698906],[14.2702856,57.8674752],[14.2676358,57.8638923],[14.2668921,57.8611674],[14.2667674,57.8588011],[14.2663885,57.8564496],[14.2659132,57.8541427],[14.2652373,57.8525335],[14.2655792,57.8490102],[14.2662373,57.8465657],[14.266445,57.8460852],[14.2663291,57.8460668],[14.2662885,57.8460459],[14.2662629,57.8460203],[14.2662614,57.8459987],[14.2663457,57.8457929],[14.2663818,57.845784],[14.2664254,57.8457864],[14.2663848,57.8459418],[14.2665157,57.8459594],[14.2666602,57.84576],[14.2665082,57.8457464],[14.2664781,57.8457288],[14.266463,57.84571],[14.2664721,57.8456981],[14.2665142,57.8456979],[14.2667467,57.8457224],[14.2669217,57.844932],[14.267042,57.8447429],[14.2675564,57.8417593],[14.2675886,57.8379263],[14.2675903,57.8377249],[14.2679114,57.8367129],[14.2679572,57.8329007],[14.268043,57.8319582],[14.2684261,57.8310804],[14.2683689,57.8304844],[14.2685534,57.8298022],[14.2686438,57.8289935],[14.2685527,57.8275801],[14.2683526,57.8266863],[14.2680048,57.8258356],[14.2675301,57.8246769],[14.2673156,57.8240298],[14.2672974,57.8239747],[14.2672665,57.8237497],[14.2672853,57.8235512],[14.2672317,57.8234176],[14.2672451,57.8232791],[14.267225,57.8231741],[14.2672116,57.8231134],[14.2670935,57.8230406],[14.2669567,57.8230091],[14.2667918,57.8229713],[14.2667757,57.8229491],[14.2667931,57.8229149],[14.2672062,57.8228741],[14.2672156,57.8229741],[14.2674127,57.8229641],[14.2674047,57.8227934],[14.2673649,57.8227581],[14.2672947,57.8227277],[14.267115,57.8227406],[14.2668897,57.8227777],[14.2668213,57.8227806],[14.2668173,57.8227634],[14.2668857,57.8227477],[14.2669138,57.8227113],[14.2669862,57.822702],[14.2673859,57.822652],[14.2674422,57.8226206],[14.26741,57.8224906],[14.2675375,57.8223704],[14.2674476,57.8223021],[14.2674208,57.8222249],[14.2674664,57.8221792],[14.26741,57.822055],[14.2673779,57.8219764],[14.2672867,57.821965],[14.2672463,57.8218735],[14.267222,57.8217599],[14.267166,57.8214979],[14.2670656,57.8210893],[14.2670644,57.821028],[14.2669769,57.821028],[14.2669081,57.8210363],[14.2668628,57.8210305],[14.2668393,57.8210159],[14.2668331,57.8209976],[14.2668502,57.8209864],[14.2669503,57.8209647],[14.2670585,57.8209466],[14.267059,57.8208048],[14.2670479,57.820328],[14.2670989,57.8202351],[14.2670773,57.8201394],[14.2673149,57.8197108],[14.2674031,57.8194039],[14.2674652,57.8192985],[14.2675323,57.8191482],[14.2677729,57.8188476],[14.2680952,57.8171806],[14.268103,57.8169906],[14.2681238,57.8164821],[14.2682571,57.8163317],[14.2684506,57.8159316],[14.268708,57.8154594],[14.2690389,57.8148544],[14.2692144,57.8134322],[14.2691748,57.8129201],[14.2705324,57.8105782],[14.270972,57.8084125],[14.2711249,57.8078609],[14.2712,57.8075765],[14.2713448,57.8069764],[14.2714629,57.8065476],[14.2715165,57.8061932],[14.2715675,57.8059446],[14.2716116,57.8058131],[14.2715388,57.8057108],[14.2714784,57.8056478],[14.2713678,57.8056017],[14.270936,57.8054676],[14.2707829,57.8054134],[14.2707325,57.8053653],[14.2707118,57.8052986],[14.2706999,57.8035636],[14.2706889,57.8035243],[14.2706398,57.8034864],[14.2703037,57.803231],[14.270256,57.8031939],[14.2702523,57.8031574],[14.2702639,57.8031393],[14.2702861,57.8031183],[14.2703791,57.8031312],[14.2708029,57.8034538],[14.2708408,57.8034911],[14.2708663,57.8035402],[14.27087,57.8036457],[14.2708409,57.8036837],[14.270853,57.8049472],[14.271716,57.8049533],[14.2717175,57.8047599],[14.2716908,57.8041497],[14.2716506,57.8035694],[14.2715836,57.803195],[14.2715433,57.8028763],[14.2713904,57.8022703],[14.2711866,57.8016029],[14.27108,57.801319],[14.2710619,57.8012742],[14.2710306,57.8012483],[14.270995,57.8012293],[14.2709688,57.8012182],[14.2709132,57.8012116],[14.2708499,57.8012206],[14.2707566,57.8012608],[14.2703382,57.8014849],[14.2707784,57.8028641],[14.2708148,57.8028891],[14.2708325,57.802922],[14.2708164,57.8029613],[14.2707548,57.8029742],[14.270689,57.8029728],[14.2706587,57.8029517],[14.2706434,57.8029249],[14.2706408,57.802842],[14.2702049,57.8014885],[14.2702049,57.8013213],[14.270162,57.8011698],[14.2703566,57.8010109],[14.2702102,57.8005524],[14.2704915,57.8003628],[14.2705023,57.8003331],[14.270512,57.8002901],[14.2704758,57.8001927],[14.2702178,57.7996701],[14.2699984,57.7994061],[14.2698723,57.7993332],[14.2698267,57.7992474],[14.2698133,57.7991774],[14.2696524,57.7988987],[14.2693868,57.7985799],[14.2690864,57.7981754],[14.2689899,57.7980296],[14.2688102,57.797901],[14.2687699,57.7977895],[14.2686814,57.7977295],[14.2686224,57.797708],[14.2684305,57.7975878],[14.268418,57.7975656],[14.2683865,57.7975262],[14.2684226,57.7974841],[14.2684222,57.7974607],[14.2683944,57.7973464],[14.2682201,57.7971163],[14.2681355,57.7970259],[14.2681,57.7969561],[14.2680699,57.7968961],[14.2680484,57.7968118],[14.2680441,57.7968009],[14.2680243,57.7967503],[14.2680109,57.796706],[14.2679197,57.7966932],[14.2678767,57.796626],[14.2677869,57.7965828],[14.2677366,57.7965548],[14.2676323,57.7965184],[14.2673886,57.7964859],[14.2673318,57.7964651],[14.2671901,57.796483],[14.2670758,57.7964556],[14.2670399,57.7965016],[14.266946,57.796493],[14.2668924,57.7964759],[14.2668951,57.796433],[14.2669004,57.7963044],[14.2669138,57.7961914],[14.2668334,57.79616],[14.2665625,57.7962115],[14.2664417,57.7962394],[14.2661387,57.7963158],[14.2660528,57.7963566],[14.2660421,57.7963744],[14.2660046,57.7964201],[14.2659214,57.796423],[14.265798,57.7962472],[14.2656907,57.7962715],[14.2653796,57.7963372],[14.2650577,57.7959913],[14.2645776,57.7953752],[14.2645213,57.795288],[14.2645884,57.7952065],[14.2646608,57.7951379],[14.2647198,57.7951179],[14.2647386,57.7950507],[14.2647922,57.7949936],[14.2648458,57.7949707],[14.2649317,57.7949364],[14.2649907,57.7948921],[14.26487,57.7948592],[14.2647165,57.7948062],[14.2644587,57.794954],[14.2642182,57.7950493],[14.2641458,57.7950522],[14.2641512,57.794995],[14.2642316,57.7949278],[14.264406,57.7948363],[14.2644489,57.794812],[14.2644578,57.7947311],[14.2643389,57.7946662],[14.2642508,57.7946359],[14.2640814,57.7945776],[14.2627378,57.794174],[14.2598183,57.7936607],[14.2554066,57.793216],[14.2535509,57.7931314],[14.2508437,57.7930081],[14.2461278,57.7928458],[14.2441512,57.7930385],[14.2440275,57.7930505],[14.2435551,57.7930966],[14.2429813,57.7932323],[14.242605,57.7933558],[14.2423668,57.7933975],[14.2421742,57.7934146],[14.2419983,57.7934555],[14.2417656,57.793493],[14.2416394,57.7935083],[14.2415991,57.7936984],[14.2415938,57.7938314],[14.2414167,57.7940158],[14.24128,57.7942731],[14.2412397,57.7945161],[14.2412746,57.7949235],[14.2413068,57.7952223],[14.241347,57.7954052],[14.2413792,57.7955653],[14.2412317,57.7956568],[14.240942,57.795724],[14.2404582,57.7956597],[14.2400857,57.7955021],[14.2396358,57.7951251],[14.2393354,57.7950736],[14.238874,57.7949878],[14.2370018,57.794822],[14.2362374,57.7947534],[14.2351109,57.7946062],[14.2331555,57.794406],[14.2320666,57.794306],[14.2318031,57.7942723],[14.2312163,57.7941973],[14.230012,57.7939243],[14.2295051,57.7938214],[14.2280298,57.7936198],[14.2279189,57.7936035],[14.2274396,57.7935333],[14.22645,57.7933882],[14.2259949,57.7933117],[14.2251223,57.7930994],[14.2242721,57.7928607],[14.2214802,57.7915798],[14.2201184,57.7905831],[14.2175686,57.7884839],[14.2174134,57.7883561],[14.2165864,57.7879473],[14.2162561,57.7878501],[14.2128799,57.7871447],[14.2128329,57.7870924],[14.2119598,57.7861209],[14.2114738,57.7851197],[14.2114111,57.784051],[14.2113589,57.783963],[14.2112116,57.7838678],[14.2109035,57.7837093],[14.210573,57.7835565],[14.2101897,57.7834122],[14.2099019,57.7833123],[14.2094924,57.7831984],[14.2085993,57.7830268],[14.2075696,57.7828486],[14.2060956,57.7826591],[14.2038216,57.7824178],[14.2015479,57.7823191],[14.1981569,57.7822362],[14.1940029,57.7822047],[14.1890275,57.7823189],[14.1881675,57.7823442],[14.1856786,57.7824481],[14.1808594,57.7826916],[14.1787192,57.7829643],[14.1784227,57.7830027],[14.1754775,57.7833551],[14.1749394,57.7834224],[14.1747816,57.7833947],[14.1711198,57.7838398],[14.1697652,57.7839893],[14.168867,57.7840496],[14.1687208,57.78407],[14.1685827,57.7840781],[14.1685425,57.7840948],[14.1684969,57.7841107],[14.1684271,57.7841415],[14.168378,57.7841515],[14.1683359,57.78416],[14.167829,57.7842315],[14.1674039,57.7842858],[14.1672765,57.7843009],[14.1671182,57.7843302],[14.1666623,57.7844317],[14.1663746,57.7844986],[14.1664006,57.78452],[14.1661796,57.7845609],[14.1635396,57.7848888],[14.1618737,57.7850773],[14.1602553,57.7853017],[14.1589353,57.7855709],[14.1576404,57.7859036],[14.1561598,57.786328],[14.1557872,57.7864772],[14.1556943,57.7865973],[14.1555162,57.7867142],[14.1554699,57.786722],[14.1553858,57.7867097],[14.1552928,57.7866604],[14.1537781,57.7871891],[14.1518484,57.7880586],[14.1511454,57.7884315],[14.1506117,57.7890093],[14.1504581,57.7892258],[14.1502672,57.7893498],[14.1500348,57.7895792],[14.1502336,57.7899858],[14.1503218,57.7900888],[14.1503933,57.7901762],[14.1503722,57.7902882],[14.1502966,57.7903307],[14.1503208,57.790441],[14.150263,57.7905194],[14.1500844,57.790483],[14.150089,57.7905564],[14.150052,57.7906747],[14.1501663,57.7908467],[14.1502504,57.7908538],[14.150442,57.7908377],[14.150489,57.7908019],[14.1506177,57.7907893],[14.1506369,57.7908467],[14.1503411,57.7910187],[14.1501193,57.7912319],[14.1496588,57.7915741],[14.1495645,57.7918296],[14.1492378,57.7921627],[14.1492756,57.7926128],[14.1493638,57.7929846],[14.1495067,57.7933115],[14.1496369,57.7935937],[14.1495988,57.7937324],[14.1495067,57.7939833],[14.1494628,57.7943706],[14.1494521,57.7951164],[14.1495613,57.7956024],[14.1496301,57.7960107],[14.1498806,57.7965764],[14.1502622,57.7973389],[14.1509353,57.7985357],[14.1511443,57.7988173],[14.1510852,57.7990062],[14.1514266,57.799426],[14.1518294,57.7996924],[14.1518993,57.7998983],[14.1521554,57.8000243],[14.1524377,57.8000697],[14.1524968,57.8001782],[14.1523589,57.8003356],[14.1521225,57.800682],[14.1522144,57.8009129],[14.1526419,57.8013005],[14.1525464,57.8016729],[14.1529485,57.80246],[14.1533588,57.8024906],[14.1531701,57.8030547],[14.1536131,57.80342],[14.1535762,57.8035175],[14.1530673,57.8048612],[14.1532159,57.8056181],[14.153244,57.8057613],[14.1534715,57.8066466],[14.1540834,57.8084185],[14.1542976,57.8085123],[14.1546751,57.8086777],[14.1552658,57.8089364],[14.1562835,57.8104486],[14.156011,57.8113122],[14.1567105,57.8123866],[14.1567282,57.8130476],[14.1567636,57.8143703],[14.1563253,57.8153241],[14.1557336,57.8158499],[14.1556182,57.816038],[14.1556669,57.8161907],[14.1556785,57.816256],[14.1556531,57.8164523],[14.1558221,57.8166509],[14.1560474,57.8169157],[14.1565823,57.8176168],[14.156502,57.8177728],[14.1561469,57.8184728],[14.1559832,57.8187947],[14.1553854,57.8201886],[14.1552091,57.8202839],[14.1551465,57.8203629],[14.155193,57.8206374],[14.1549617,57.8211767],[14.1555596,57.8236644],[14.1556302,57.8246178],[14.1559853,57.8256698],[14.1560335,57.8258125],[14.1562602,57.8261257],[14.156312,57.8261973],[14.1548191,57.8276932],[14.1547543,57.8279365],[14.1547043,57.8281244],[14.1539943,57.8307902],[14.1537191,57.8313557],[14.1527798,57.8345611],[14.1533799,57.836767],[14.1525589,57.8372604],[14.1525582,57.8376631],[14.1523356,57.8386198],[14.1523034,57.8394764],[14.1526456,57.8397072],[14.1526523,57.8404745],[14.151832,57.8411486],[14.1516002,57.8413391],[14.1516191,57.8430868],[14.1516317,57.8442486],[14.1515966,57.8448732],[14.1515203,57.8462284],[14.1517044,57.8466458],[14.1520131,57.8470034],[14.1525125,57.8474334],[14.1528436,57.8477095],[14.1529768,57.8479589],[14.1530754,57.8481436],[14.1528602,57.8485554],[14.1527539,57.8517572],[14.1525717,57.8522129],[14.1522348,57.8530556],[14.1516801,57.8544427],[14.1516022,57.8546376],[14.1517121,57.8555169],[14.1518743,57.8568149],[14.151741,57.8574041],[14.1519547,57.8579089],[14.1519714,57.85797],[14.1519601,57.8580609],[14.1519,57.8581383],[14.152044,57.8583585],[14.1522037,57.858572],[14.1522049,57.8586683],[14.1521581,57.8588543],[14.1521056,57.8590834],[14.1519655,57.8592428],[14.1517911,57.8593458],[14.15164,57.8594042],[14.15145,57.859496],[14.1511913,57.8595903],[14.1510569,57.8597341],[14.1509755,57.8599534],[14.1503742,57.8618401],[14.1496275,57.8628035],[14.147906,57.8650244],[14.1460028,57.8663198],[14.1451008,57.8667966],[14.1441004,57.8672104],[14.1430103,57.8676612],[14.1414767,57.8683281],[14.1413315,57.8683912],[14.1414626,57.8684666],[14.1414788,57.8684856],[14.1414796,57.8685023],[14.1414654,57.8685188],[14.141443,57.8685305],[14.141413,57.8685352],[14.1413771,57.8685363],[14.1413619,57.8685333],[14.1413514,57.8685313],[14.1412989,57.8685096],[14.141247,57.8684846],[14.1411847,57.8685002],[14.1402707,57.868852],[14.1400672,57.8689404],[14.1392411,57.8693284],[14.1380354,57.8700113],[14.1379482,57.8700546],[14.1378278,57.8700873],[14.1376691,57.8701798],[14.1374166,57.870289],[14.1372669,57.8704457],[14.1370435,57.8706141],[14.1358204,57.8711733],[14.1346939,57.8717553],[14.1319366,57.8724742],[14.1282153,57.8735041],[14.1281335,57.8735394],[14.1280103,57.8735926],[14.1279003,57.8736401],[14.1278742,57.8736514],[14.1277153,57.8737116],[14.127102,57.8739423],[14.1265339,57.8741262],[14.1260584,57.8742827],[14.1255857,57.8744518],[14.1250283,57.8746041],[14.1243115,57.874833],[14.1239125,57.8749338],[14.1238272,57.8750135],[14.1237551,57.8751278],[14.1234981,57.8752789],[14.1231822,57.87543],[14.1210428,57.876241],[14.1200452,57.876658],[14.1193097,57.8770432],[14.1192538,57.8770725],[14.1191342,57.8774211],[14.1191309,57.8774846],[14.1190451,57.8775038],[14.1189606,57.8774547],[14.118851,57.8774017],[14.1186392,57.8774637],[14.118418,57.8775306],[14.118309,57.8775318],[14.1182116,57.8775118],[14.1181279,57.8774605],[14.1180494,57.8773305],[14.118023,57.8771401],[14.1179235,57.8770127],[14.1177245,57.876867],[14.1177095,57.8767892],[14.1180905,57.8764747],[14.1176382,57.8762304],[14.1175996,57.8762096],[14.1171358,57.8759591],[14.1171223,57.8759518],[14.1171139,57.8759385],[14.116956,57.8756876],[14.1167746,57.8755568],[14.1159555,57.8757451],[14.115845,57.8757972],[14.1155617,57.8760634],[14.1154234,57.8762977],[14.1154823,57.8764568],[14.1155408,57.8765946],[14.115727,57.8769631],[14.1160207,57.8773792],[14.1160562,57.8774598],[14.1161521,57.877603],[14.1162401,57.8777402],[14.1162955,57.8777358],[14.1162471,57.8776274],[14.1171803,57.8776203],[14.1173025,57.8776732],[14.1173603,57.8776794],[14.1174662,57.8775931],[14.1176547,57.8775858],[14.1178324,57.8776242],[14.1179995,57.8776689],[14.1185141,57.8778238],[14.1183874,57.8779168],[14.1183068,57.8779553],[14.1179102,57.878088],[14.1176577,57.8782418],[14.1172094,57.878394],[14.117032,57.8785153],[14.1169052,57.8785627],[14.1165891,57.8787237],[14.115641,57.8791528],[14.1143948,57.8798752],[14.1136244,57.8803218],[14.1129393,57.8808438],[14.1120547,57.8815179],[14.1108756,57.882425],[14.1106089,57.8827646],[14.1105566,57.8828311],[14.1104916,57.8829139],[14.1101686,57.8838807],[14.1098639,57.8849222]]]}},{"type":"Feature","properties":{"kind":"lake-islands-focus-mask"},"geometry":{"type":"MultiPolygon","coordinates":[[[[14.2756404,57.9978284],[14.2759856,57.997333],[14.2768641,57.9972047],[14.2769929,57.9974579],[14.2778087,57.9976937],[14.2786163,57.9980911],[14.2800666,57.9989208],[14.2801325,57.9991129],[14.2807258,57.9995321],[14.2811213,57.9996282],[14.2816322,57.9996893],[14.2819042,57.9999077],[14.2823739,58.0000343],[14.2832092,58.000075],[14.2842939,57.9999994],[14.2852003,57.9998946],[14.2859584,57.9997112],[14.286288,58.0000299],[14.2870091,57.9999513],[14.2875907,57.9997834],[14.2878331,57.9997134],[14.2895059,57.9994164],[14.2902228,57.9991566],[14.2906554,57.9987483],[14.2907213,57.9984273],[14.2906183,57.9981042],[14.290985,57.9979623],[14.2913929,57.9978967],[14.2918338,57.9979448],[14.292938,57.9979448],[14.2931975,57.9981828],[14.293832,57.9984492],[14.2946808,57.9984666],[14.2954883,57.9989011],[14.2959951,57.9989579],[14.2963948,57.9993378],[14.2969757,57.9996086],[14.2974701,57.9996915],[14.2977668,57.9996304],[14.2981706,57.9998356],[14.2992088,57.999923],[14.3013901,58.0007555],[14.3019262,58.0007802],[14.3028294,58.0012372],[14.3032139,58.0013329],[14.3034837,58.0015082],[14.3037908,58.0016942],[14.3045891,58.0019257],[14.3050785,58.0022932],[14.3057835,58.0025371],[14.3060913,58.0027398],[14.3068021,58.0028756],[14.3078335,58.0033356],[14.308084,58.0034807],[14.308422,58.0038111],[14.308824,58.0039346],[14.3089755,58.0041013],[14.3095232,58.00462],[14.3099136,58.0046138],[14.3104264,58.0047342],[14.311347,58.0052374],[14.3115451,58.0054999],[14.312121,58.0056158],[14.3123274,58.0057802],[14.3127571,58.0059012],[14.312961,58.006142],[14.3134738,58.0065248],[14.3141089,58.0065835],[14.3148081,58.007204],[14.3153151,58.0073398],[14.316259,58.0078368],[14.3169349,58.0084049],[14.3181177,58.0093618],[14.319643,58.0105562],[14.3200844,58.0108809],[14.3211592,58.011067],[14.3232446,58.0128538],[14.3239438,58.0130884],[14.3249664,58.0140779],[14.3254967,58.0144404],[14.3259365,58.0148292],[14.3275447,58.0164403],[14.3283353,58.0171711],[14.32967,58.0180915],[14.3300288,58.0182077],[14.3310403,58.0191059],[14.3316175,58.0194841],[14.3325457,58.0202877],[14.3335394,58.0208833],[14.3344022,58.021668],[14.3350508,58.0220177],[14.336342,58.0225377],[14.337166,58.0227974],[14.3376541,58.0231494],[14.3388153,58.0236485],[14.3396234,58.0240238],[14.3429908,58.0255876],[14.3442983,58.0264578],[14.3452442,58.0268602],[14.3464267,58.0278999],[14.3483831,58.0290459],[14.3494274,58.0299483],[14.3496293,58.0301228],[14.3502211,58.0304641],[14.3501874,58.0305814],[14.3507253,58.0313471],[14.3510285,58.0315118],[14.3512626,58.0316008],[14.3515505,58.0316084],[14.3514919,58.0317667],[14.3514723,58.0318219],[14.351451,58.0318968],[14.3514647,58.0320551],[14.3515176,58.0321418],[14.3514457,58.0322589],[14.351516,58.0325298],[14.3515309,58.0325933],[14.3515508,58.0326717],[14.3515935,58.0327415],[14.3516158,58.0327549],[14.3516851,58.032961],[14.3520778,58.0331951],[14.3524476,58.0333722],[14.3525933,58.0334534],[14.3526367,58.0335233],[14.3526662,58.033648],[14.3527404,58.0336765],[14.3529492,58.0342264],[14.3533052,58.0344409],[14.3533459,58.0345181],[14.3533561,58.0345411],[14.3533517,58.0345667],[14.3533468,58.0345879],[14.3532099,58.0346374],[14.3532459,58.034774],[14.3533887,58.0348538],[14.3534542,58.0348624],[14.3535728,58.0349122],[14.3536067,58.0352658],[14.3536822,58.035684],[14.3535545,58.0358214],[14.3534867,58.0368044],[14.3535002,58.0368359],[14.3545134,58.0391963],[14.3557442,58.0407778],[14.3563275,58.0415174],[14.3565547,58.0419497],[14.3567605,58.042382],[14.3588961,58.045014],[14.3592196,58.0454127],[14.3597826,58.045917],[14.3600619,58.0461497],[14.3603219,58.0466147],[14.3606522,58.0471301],[14.3611156,58.0478343],[14.3614935,58.0482332],[14.361974,58.0487405],[14.3623037,58.0491899],[14.3627454,58.0495934],[14.3642708,58.0515183],[14.365181,58.0525422],[14.3660501,58.0535666],[14.36708,58.0546296],[14.367961,58.0552577],[14.3681407,58.0556287],[14.3692765,58.0568307],[14.369556,58.0570127],[14.3699036,58.0570677],[14.3699932,58.0570923],[14.3698892,58.0571492],[14.3696768,58.0571447],[14.3699248,58.0574156],[14.3699932,58.0573937],[14.3700218,58.0573596],[14.370029,58.0572515],[14.3701042,58.0572136],[14.3701974,58.0573065],[14.3701365,58.0573975],[14.3699967,58.0574942],[14.3701544,58.057826],[14.370966,58.0587892],[14.3719747,58.0599965],[14.3724292,58.0608682],[14.3731858,58.0624342],[14.373779,58.0639047],[14.3740022,58.0640519],[14.373877,58.0641391],[14.373927,58.0643727],[14.3740749,58.0645641],[14.3740974,58.0646554],[14.3742352,58.06477],[14.3742181,58.0650613],[14.3743378,58.0651206],[14.3743618,58.0652065],[14.3744989,58.0652403],[14.3745474,58.0653198],[14.3744225,58.0655557],[14.3748009,58.0666512],[14.3749297,58.0668292],[14.374913,58.0669364],[14.3749846,58.0670837],[14.3750844,58.0675588],[14.3751316,58.0681749],[14.3751995,58.0682485],[14.3752955,58.0686897],[14.3754009,58.0699297],[14.375532,58.0703018],[14.3754999,58.0709145],[14.3755951,58.0711795],[14.3754562,58.0720675],[14.3754993,58.0723415],[14.3754696,58.0732608],[14.3756026,58.0733885],[14.375645,58.0735686],[14.3755519,58.0737109],[14.3756324,58.0739723],[14.3757174,58.0748087],[14.375737,58.0759854],[14.3756691,58.076987],[14.3756058,58.077917],[14.3755763,58.0785473],[14.3756568,58.07856],[14.3756632,58.0786421],[14.3754779,58.0786448],[14.3754487,58.0787489],[14.3754475,58.0789959],[14.375163,58.0796444],[14.3750565,58.0801795],[14.3746225,58.0808817],[14.3744662,58.0817509],[14.3745952,58.0825406],[14.3749382,58.0834269],[14.3750517,58.0835901],[14.3752102,58.0838991],[14.3762497,58.0850388],[14.3778392,58.0861805],[14.378469,58.0865003],[14.3786414,58.086536],[14.3790183,58.0867554],[14.3789727,58.086843],[14.3794861,58.0870815],[14.3805286,58.0873867],[14.3827723,58.0879261],[14.3839149,58.088093],[14.3849521,58.0883401],[14.3868021,58.0885495],[14.3884476,58.0886862],[14.3889347,58.0886485],[14.3891552,58.0886315],[14.3894199,58.0887365],[14.3900057,58.0888243],[14.3909745,58.088922],[14.392159,58.0888834],[14.3922585,58.088807],[14.3930461,58.088824],[14.3931463,58.0888262],[14.3933163,58.0889173],[14.3944367,58.0889959],[14.3959087,58.088962],[14.399892,58.0886522],[14.4016623,58.088417],[14.4025032,58.0883692],[14.4033719,58.0882058],[14.4039261,58.0882248],[14.4042785,58.0883289],[14.404433,58.0887095],[14.4047973,58.0890146],[14.4056202,58.0893851],[14.406379,58.089859],[14.4064821,58.0899519],[14.4066748,58.0901253],[14.4072507,58.0903974],[14.408108,58.0906823],[14.4085157,58.0907943],[14.4089636,58.0908808],[14.4095162,58.0909885],[14.4100043,58.0910353],[14.4106534,58.0910665],[14.4111416,58.0910991],[14.4118282,58.0911175],[14.4126785,58.0911175],[14.4130379,58.0911175],[14.4134939,58.0910963],[14.4139606,58.0910552],[14.4143173,58.0910013],[14.4144756,58.0909488],[14.4145592,58.0909657],[14.4146499,58.0910084],[14.4147174,58.091098],[14.4146794,58.0912749],[14.4146848,58.0913132],[14.4147384,58.0913373],[14.4148189,58.0913461],[14.4148564,58.0913635],[14.4148698,58.0913841],[14.4146988,58.091484],[14.4146821,58.0915514],[14.4145855,58.0915726],[14.414674,58.0916137],[14.4147679,58.0916463],[14.4147572,58.091696],[14.4147143,58.0917286],[14.4146714,58.0917456],[14.4145346,58.091747],[14.4137465,58.0928913],[14.413165,58.0940665],[14.4112316,58.0963476],[14.411179,58.0969566],[14.4089324,58.098657],[14.407851,58.0994264],[14.4060249,58.1005943],[14.4051688,58.101354],[14.4047879,58.102273],[14.4039746,58.1034703],[14.4034253,58.1038036],[14.4032785,58.1054473],[14.4020589,58.1061966],[14.4014945,58.1067766],[14.3999233,58.1071129],[14.3987822,58.1074606],[14.3980458,58.1077111],[14.3976256,58.1079737],[14.3968991,58.1079799],[14.3964426,58.1080575],[14.3962542,58.1079913],[14.3956307,58.1075142],[14.3951649,58.107287],[14.3948168,58.1071998],[14.3946059,58.1069652],[14.3944841,58.106473],[14.3942623,58.106225],[14.3938391,58.1060224],[14.3935983,58.1058359],[14.3936886,58.1057006],[14.3938606,58.1054204],[14.3937675,58.1052765],[14.393832,58.105019],[14.3935525,58.1048184],[14.3936098,58.104576],[14.3931367,58.1041972],[14.3925778,58.1038339],[14.3918783,58.1035135],[14.3915244,58.1033151],[14.3911876,58.1031901],[14.3909153,58.1029857],[14.390342,58.1028077],[14.3896503,58.1025784],[14.3888227,58.102482],[14.3883963,58.102357],[14.3872604,58.101914],[14.386637,58.1016414],[14.3863861,58.1014331],[14.3854048,58.1011572],[14.3846232,58.1010052],[14.3840427,58.1009143],[14.3826087,58.1003134],[14.3799914,58.099743],[14.3785462,58.0994298],[14.377005,58.0992396],[14.3766373,58.0990924],[14.3753787,58.0989337],[14.3744327,58.098733],[14.3738881,58.0984187],[14.3730839,58.0976959],[14.3729923,58.0974416],[14.3732073,58.0970023],[14.3736444,58.0964493],[14.3737194,58.0961612],[14.3735584,58.0959153],[14.3739597,58.0956085],[14.3740314,58.0952714],[14.3739041,58.0949532],[14.3740027,58.0945745],[14.3737161,58.0937943],[14.3734849,58.0933279],[14.3732073,58.0928398],[14.3723903,58.0922315],[14.3725695,58.0918777],[14.3723473,58.0914307],[14.3720479,58.0910597],[14.3716092,58.0908095],[14.3715733,58.0906125],[14.3716307,58.0904118],[14.3713225,58.0901807],[14.3709507,58.0898204],[14.3702906,58.0892829],[14.368843,58.0885518],[14.3675324,58.0879202],[14.3662774,58.0873396],[14.3656038,58.0868888],[14.3657783,58.0866966],[14.3652383,58.0862561],[14.3641705,58.0855818],[14.3638767,58.0852598],[14.3637064,58.0848407],[14.3632604,58.0843619],[14.3629451,58.0837557],[14.3625868,58.0833351],[14.3621847,58.0826997],[14.361605,58.0822288],[14.361347,58.081903],[14.3609428,58.0816233],[14.3610532,58.0814369],[14.360186,58.0808117],[14.3596414,58.0804859],[14.3592866,58.0800359],[14.3580863,58.0792469],[14.3575052,58.0789898],[14.3571189,58.0787656],[14.3548645,58.0780973],[14.3537435,58.0775682],[14.3527972,58.0771528],[14.3524392,58.076943],[14.3516151,58.0767232],[14.3517083,58.076492],[14.3513858,58.0762268],[14.3502952,58.0758588],[14.3489922,58.0751543],[14.3475437,58.0746103],[14.3467133,58.0740553],[14.3467563,58.0737673],[14.3464124,58.0734527],[14.3462045,58.0730965],[14.3459216,58.0728161],[14.3449934,58.0722893],[14.3447283,58.0720088],[14.3445262,58.0717577],[14.343682,58.0712508],[14.3437106,58.0710878],[14.3429797,58.0706785],[14.3420982,58.070273],[14.3418006,58.0698871],[14.3411379,58.0694884],[14.3405001,58.0689161],[14.339977,58.0684878],[14.3397218,58.068046],[14.3394109,58.0678055],[14.338988,58.0673507],[14.3384147,58.0670664],[14.3374031,58.0662211],[14.3368883,58.065933],[14.3363652,58.0656677],[14.3357489,58.0651332],[14.3355195,58.0648944],[14.3354264,58.0646215],[14.334967,58.0641784],[14.3330361,58.0629248],[14.3325598,58.0622977],[14.3320582,58.06182],[14.3316999,58.0611604],[14.3313416,58.0608268],[14.3309403,58.060296],[14.3302147,58.0598415],[14.3289767,58.0587567],[14.3280101,58.0580946],[14.3278301,58.0573767],[14.3269844,58.0566714],[14.3261174,58.0558927],[14.3254222,58.0552534],[14.3248543,58.0541112],[14.3238886,58.0531072],[14.3229814,58.0523969],[14.3220397,58.0515601],[14.3219483,58.0511504],[14.3214359,58.0507817],[14.3209504,58.0504869],[14.3200546,58.0500773],[14.3199937,58.0499086],[14.3198217,58.0498081],[14.3195888,58.049718],[14.3194258,58.0495691],[14.3192234,58.0494814],[14.3190119,58.0490676],[14.3182772,58.0486391],[14.3176073,58.0481309],[14.316991,58.0474406],[14.3147318,58.046092],[14.3137303,58.0453547],[14.312598,58.0447516],[14.3113365,58.043656],[14.310484,58.043079],[14.3097387,58.0423962],[14.3083553,58.041839],[14.3082481,58.0415579],[14.3079973,58.0413948],[14.3074454,58.0410383],[14.3071875,58.0406855],[14.3070513,58.0401962],[14.3067145,58.0398965],[14.3062057,58.0396537],[14.3058749,58.0392171],[14.3049372,58.0382767],[14.3040988,58.0377608],[14.3034022,58.0373485],[14.3029808,58.0372221],[14.303031,58.0370931],[14.3031313,58.0369603],[14.3025867,58.0362395],[14.3021065,58.035845],[14.3016281,58.0355257],[14.3015691,58.0353935],[14.3015117,58.0351052],[14.3009814,58.0344412],[14.3005084,58.0340505],[14.3004511,58.0336976],[14.3003568,58.0332959],[14.2999638,58.0328136],[14.2996413,58.032529],[14.2993728,58.0321971],[14.298552,58.0315995],[14.2978784,58.0312618],[14.2973982,58.0311176],[14.2975487,58.0310417],[14.2972693,58.0308065],[14.2971546,58.030594],[14.2960438,58.0300476],[14.2959223,58.0298284],[14.295492,58.0295581],[14.295191,58.0294405],[14.295148,58.0292773],[14.2946965,58.0289776],[14.2949044,58.028564],[14.2950659,58.0283321],[14.2949545,58.0279986],[14.2949187,58.0275167],[14.295062,58.0267008],[14.2948184,58.0262416],[14.2944281,58.0257862],[14.2942451,58.025513],[14.2941519,58.0251335],[14.2937851,58.024856],[14.293517,58.0241031],[14.2937268,58.0233996],[14.2933729,58.0225144],[14.292604,58.0209779],[14.2917573,58.0196657],[14.290289,58.0178819],[14.2900559,58.0170425],[14.2894266,58.0161227],[14.2878885,58.0140638],[14.287633,58.0137386],[14.2875737,58.0136598],[14.2871891,58.0130177],[14.2861869,58.0121658],[14.2862802,58.0116843],[14.2854411,58.010073],[14.284602,58.0087024],[14.2828424,58.0065106],[14.2814905,58.0048929],[14.2799639,58.0032195],[14.2796609,58.0024538],[14.2780411,58.0003357],[14.2765611,57.9987363],[14.2759551,57.9984028],[14.2758269,57.9980199],[14.2756404,57.9978284]]],[[[14.4779759,58.4604957],[14.4788527,58.4600086],[14.4802165,58.4603009],[14.4814342,58.4613237],[14.48197,58.4622979],[14.4807523,58.4627363],[14.4800217,58.4619082],[14.478463,58.461616],[14.4779759,58.4604957]]],[[[14.5122502,58.542933],[14.5123476,58.5428492],[14.5124108,58.5428011],[14.5123923,58.5427214],[14.5123371,58.5426102],[14.5124897,58.5423547],[14.5127135,58.5422351],[14.5129241,58.5421706],[14.5129767,58.5420621],[14.5130451,58.5419755],[14.5131952,58.5418588],[14.5133294,58.5418107],[14.5135163,58.5418313],[14.5136769,58.5418066],[14.5138611,58.5418478],[14.5140348,58.5418519],[14.5141401,58.5418437],[14.5142059,58.5418382],[14.5145718,58.5416431],[14.5146297,58.5416967],[14.5142533,58.5419247],[14.5142744,58.5419714],[14.5143007,58.5420057],[14.5143691,58.5420538],[14.5144428,58.542095],[14.5145639,58.5421101],[14.5147297,58.5421582],[14.514914,58.54222],[14.5148929,58.5423176],[14.5148271,58.5424041],[14.5146481,58.5424673],[14.5146508,58.5425016],[14.5147587,58.542606],[14.5147982,58.5426912],[14.5148429,58.5427929],[14.5149245,58.5428629],[14.5149324,58.5429453],[14.5149324,58.5430566],[14.5149903,58.5431212],[14.5150245,58.5431898],[14.5150219,58.5432626],[14.5149166,58.5433519],[14.5149087,58.5434124],[14.5149982,58.5434824],[14.514914,58.5435552],[14.5149245,58.543617],[14.514993,58.5437146],[14.5149851,58.5437805],[14.5149614,58.543845],[14.5148877,58.5438876],[14.5146982,58.543856],[14.514506,58.5438121],[14.5143402,58.5438231],[14.5142059,58.543867],[14.514227,58.5439343],[14.5143165,58.5439865],[14.514377,58.5440648],[14.514377,58.544139],[14.5143955,58.5442077],[14.5143876,58.5443107],[14.5143033,58.5444],[14.5142138,58.5444165],[14.5140796,58.5443574],[14.5138953,58.5444357],[14.5137532,58.5443299],[14.5136137,58.5442448],[14.5133636,58.5441005],[14.5131846,58.5440854],[14.5131504,58.5439934],[14.5131952,58.5438615],[14.5131504,58.543753],[14.513053,58.5436843],[14.5128003,58.5436239],[14.5126477,58.5435896],[14.5126108,58.5434137],[14.5125108,58.5433341],[14.5123423,58.5432462],[14.5123081,58.5430951],[14.5122502,58.542933]]],[[[14.5171994,58.5397093],[14.5172599,58.5396297],[14.5173837,58.539517],[14.5174863,58.5394497],[14.5175337,58.5394154],[14.5175784,58.5393],[14.5175627,58.5392368],[14.5175153,58.5391379],[14.5174205,58.5390843],[14.5173021,58.5390348],[14.5174126,58.5389854],[14.5174074,58.5388988],[14.5173968,58.5388425],[14.5174126,58.5387614],[14.5174442,58.5386749],[14.51756,58.5385925],[14.5176864,58.538499],[14.5178285,58.5383987],[14.5178732,58.5383548],[14.517968,58.538282],[14.5180049,58.5382408],[14.5180733,58.5382147],[14.5182549,58.5382463],[14.5183391,58.5383232],[14.5183813,58.5384386],[14.5184181,58.5384798],[14.5185076,58.5384949],[14.5185392,58.5385677],[14.5185129,58.538657],[14.518476,58.5387037],[14.518455,58.5387972],[14.5184365,58.5390279],[14.5184997,58.5390843],[14.5185682,58.5391832],[14.5185839,58.5392711],[14.5185813,58.5393494],[14.5184892,58.5394676],[14.5184102,58.5395967],[14.5183365,58.5396654],[14.5182102,58.5397011],[14.5180338,58.5396819],[14.517818,58.5396297],[14.5176729,58.5395487],[14.5175416,58.5395294],[14.5175021,58.5395308],[14.5174021,58.5396132],[14.5172547,58.5397121],[14.5171994,58.5397093]]],[[[14.5510872,58.6271765],[14.5510925,58.6271192],[14.5511167,58.6271011],[14.5511556,58.6270962],[14.5511985,58.6270941],[14.5512347,58.6270857],[14.5512481,58.6270704],[14.5512454,58.6270543],[14.5512763,58.6270522],[14.5512588,58.6270417],[14.5512722,58.6270208],[14.5513098,58.6270166],[14.5513433,58.6270201],[14.5513675,58.6270089],[14.5514023,58.6270117],[14.5514627,58.6270082],[14.55146,58.6269963],[14.5514385,58.6269691],[14.5514841,58.6269691],[14.5515136,58.626981],[14.5515297,58.6269803],[14.5515525,58.6269817],[14.551574,58.626995],[14.5515499,58.6270292],[14.5515633,58.6270375],[14.5515338,58.6270557],[14.5514882,58.6270718],[14.5514305,58.6270571],[14.5514157,58.6270787],[14.5513688,58.6270773],[14.5513339,58.6270836],[14.5512682,58.6270801],[14.5512816,58.6270955],[14.5513031,58.6271102],[14.5513366,58.6271213],[14.5513809,58.6271325],[14.5514171,58.6271416],[14.5514144,58.6271555],[14.5514104,58.6271758],[14.5513956,58.6272002],[14.5513728,58.6272079],[14.5513594,58.6272156],[14.5513447,58.6272302],[14.5513071,58.6272414],[14.5512615,58.6272547],[14.5512159,58.6272575],[14.551165,58.627254],[14.5511435,58.6272491],[14.5511314,58.6272421],[14.5511274,58.627187],[14.5510872,58.6271765]]],[[[14.5527112,58.6272624],[14.5527126,58.6272379],[14.5527434,58.6272302],[14.5527515,58.6272212],[14.5527957,58.6272226],[14.5528132,58.6272135],[14.5528413,58.6272212],[14.5528682,58.6272386],[14.5528668,58.6272484],[14.5528775,58.6272554],[14.5528923,58.6272421],[14.5529231,58.6272512],[14.552907,58.6272631],[14.5529325,58.62727],[14.5529433,58.6272847],[14.5529003,58.6272812],[14.5528923,58.6273001],[14.5529044,58.6273112],[14.5529339,58.6273231],[14.5529728,58.6273322],[14.5529728,58.6273468],[14.5529325,58.6273482],[14.5529231,58.6273601],[14.5529392,58.6273748],[14.5529124,58.6274055],[14.552899,58.6274181],[14.5528722,58.6274306],[14.5528547,58.6274299],[14.5528802,58.6274076],[14.5528574,58.6273992],[14.5528454,58.6274215],[14.5528319,58.6274285],[14.5528145,58.6274257],[14.5527904,58.6274187],[14.5528011,58.6274083],[14.5528011,58.6273999],[14.5528226,58.6273859],[14.5528132,58.6273776],[14.5527944,58.6273776],[14.5527917,58.627365],[14.5527689,58.6273678],[14.5527542,58.6273587],[14.5527434,58.6273482],[14.5527595,58.6273301],[14.5527381,58.6273175],[14.552722,58.6273029],[14.5527153,58.6272861],[14.5527112,58.6272624]]],[[[14.5528816,58.6271555],[14.5529191,58.6271513],[14.5529392,58.6271534],[14.5529741,58.6271353],[14.5530009,58.6271499],[14.5530345,58.6271541],[14.5530492,58.6271639],[14.5530546,58.6271737],[14.553068,58.6271786],[14.5530854,58.6271918],[14.5531404,58.6272163],[14.5531109,58.6272421],[14.5530801,58.6272428],[14.553068,58.6272596],[14.5530801,58.6272686],[14.5530707,58.6272924],[14.5530398,58.6272854],[14.5530304,58.6272952],[14.5530117,58.6272861],[14.5529822,58.6272763],[14.5529848,58.6272672],[14.5529661,58.6272519],[14.5529446,58.6272323],[14.5529674,58.6272247],[14.5529205,58.6272086],[14.5529003,58.6271856],[14.5529258,58.6271835],[14.5528816,58.6271555]]],[[[14.5557885,58.6261547],[14.5563142,58.6260095],[14.5560567,58.6259034],[14.5560996,58.625719],[14.5571081,58.6256855],[14.5576446,58.6259983],[14.5575802,58.6264731],[14.5570223,58.6265234],[14.5568185,58.6266965],[14.5562069,58.6264899],[14.5562176,58.6263502],[14.5559172,58.6263335],[14.5557885,58.6261547]]],[[[14.5658326,58.6276589],[14.5658568,58.6276296],[14.5658997,58.6275696],[14.565964,58.6275388],[14.5659882,58.6275179],[14.5660418,58.6274746],[14.5660847,58.6274299],[14.5661142,58.6274376],[14.5661478,58.6274285],[14.5661357,58.6274153],[14.5661505,58.6273901],[14.5661826,58.6273559],[14.5662041,58.6273217],[14.5662832,58.6272805],[14.5662913,58.6272582],[14.5663168,58.6272274],[14.5663382,58.6271751],[14.5663449,58.6271255],[14.5663664,58.627078],[14.5663878,58.6270278],[14.5663932,58.6269768],[14.5664026,58.6269545],[14.5664281,58.626944],[14.5664871,58.6268658],[14.5665273,58.6268518],[14.5665756,58.6268546],[14.5666105,58.6268253],[14.5666507,58.6268113],[14.5667499,58.6268043],[14.5667472,58.626782],[14.5667043,58.6267429],[14.5666695,58.6266884],[14.566648,58.6266452],[14.5666373,58.6265251],[14.5666346,58.626412],[14.5666078,58.6262891],[14.5666963,58.6261131],[14.5667633,58.6260224],[14.5667633,58.6258394],[14.5668063,58.6257584],[14.5668002,58.6256865],[14.5668022,58.6256558],[14.5668056,58.625639],[14.566815,58.6256097],[14.5668264,58.6255905],[14.5668297,58.6255759],[14.5668472,58.6255553],[14.5668626,58.6255368],[14.5668753,58.6255144],[14.5668901,58.6254837],[14.5668753,58.6254669],[14.5668753,58.6254498],[14.5668934,58.6254275],[14.5669055,58.6254051],[14.5669135,58.6253692],[14.5669122,58.6253507],[14.5669565,58.6253269],[14.5669538,58.6253067],[14.5669672,58.6252767],[14.5669806,58.6252529],[14.5670195,58.6252194],[14.5670557,58.6251901],[14.5670705,58.6251615],[14.5671026,58.6251328],[14.5671415,58.6251279],[14.5671684,58.6251161],[14.5671791,58.6251007],[14.5671871,58.6250763],[14.5672354,58.62507],[14.5672743,58.6250784],[14.567281,58.6250902],[14.5672716,58.6251161],[14.5673186,58.6251363],[14.5673776,58.6251384],[14.5673883,58.6251265],[14.5674245,58.625107],[14.5674527,58.625086],[14.5674835,58.6250595],[14.567517,58.6250323],[14.5676136,58.624952],[14.5676377,58.6249171],[14.5676753,58.6248773],[14.5676981,58.6248507],[14.5677356,58.6248151],[14.5677987,58.6247774],[14.5678295,58.6247746],[14.5678523,58.6247586],[14.5678858,58.6247341],[14.5679368,58.6247293],[14.5680106,58.624746],[14.5680749,58.6247677],[14.568138,58.6247725],[14.5681742,58.6247614],[14.5682064,58.6247453],[14.5682372,58.6247244],[14.568252,58.6247048],[14.5682493,58.6246839],[14.5682211,58.6246469],[14.5681863,58.6246203],[14.5681085,58.6245735],[14.5680897,58.6245442],[14.5680763,58.6245107],[14.5680669,58.6244856],[14.5680508,58.6244695],[14.5680307,58.62445],[14.5680562,58.6244241],[14.5681219,58.6244262],[14.5681648,58.624422],[14.5682305,58.6244171],[14.568252,58.6243885],[14.5682694,58.6243634],[14.5683083,58.6243718],[14.568323,58.6243592],[14.5683552,58.6243417],[14.5683861,58.6243264],[14.5684183,58.6242831],[14.568425,58.6242691],[14.568433,58.6242496],[14.5684397,58.6242119],[14.5684209,58.6241881],[14.5683794,58.6241651],[14.5683217,58.6241462],[14.5682909,58.624133],[14.5682412,58.6241148],[14.5681983,58.6241022],[14.5681407,58.6240792],[14.5680736,58.624061],[14.5680106,58.6240415],[14.5679824,58.6240247],[14.5679636,58.6240038],[14.567973,58.6239877],[14.5679757,58.6239717],[14.567977,58.6239514],[14.5679851,58.6239249],[14.5679837,58.6239053],[14.5680025,58.6238767],[14.5680186,58.6238551],[14.5680106,58.6238299],[14.5680146,58.6238041],[14.568032,58.6237999],[14.5680387,58.6237789],[14.5680602,58.6237643],[14.5680951,58.6237482],[14.5681004,58.6237329],[14.5681138,58.6237175],[14.5681071,58.6236938],[14.5680816,58.6236805],[14.5681018,58.6236567],[14.5681514,58.6236449],[14.5681648,58.6236288],[14.5682278,58.6236225],[14.5683137,58.6236225],[14.5683217,58.6236044],[14.5683391,58.6235883],[14.5683579,58.6235869],[14.5684035,58.6235918],[14.5683981,58.6236058],[14.568374,58.6236218],[14.5683821,58.6236379],[14.5683888,58.623654],[14.5684183,58.6236735],[14.5684397,58.6237063],[14.5684223,58.6237196],[14.5684303,58.6237447],[14.5684598,58.6237748],[14.5684853,58.6237922],[14.568488,58.6238153],[14.5685215,58.6238222],[14.5684947,58.6238306],[14.5685175,58.6238592],[14.5685832,58.6238753],[14.568657,58.6238865],[14.5687495,58.6238746],[14.5687763,58.6238893],[14.5688179,58.6238983],[14.5688823,58.6238997],[14.5689614,58.6238956],[14.569007,58.623883],[14.5690191,58.6238725],[14.5690244,58.623853],[14.5690271,58.6238285],[14.5690231,58.6238125],[14.5690298,58.6237901],[14.5690271,58.6237727],[14.5690218,58.6237405],[14.5690311,58.6237084],[14.5690486,58.6236791],[14.5690379,58.6236512],[14.5690177,58.6236197],[14.5690137,58.623596],[14.5690151,58.6235597],[14.5690137,58.6235332],[14.5690191,58.6235178],[14.5690459,58.6234948],[14.569062,58.6234738],[14.5690499,58.6234598],[14.5690392,58.6234501],[14.5690459,58.6234361],[14.5690754,58.6234131],[14.5690995,58.6233935],[14.569129,58.6233998],[14.5691264,58.6234152],[14.5691237,58.6234396],[14.569117,58.6234536],[14.569117,58.6234717],[14.569117,58.6234892],[14.5690969,58.6235052],[14.5691156,58.623515],[14.5691451,58.6234941],[14.5691586,58.6234829],[14.5692042,58.6234752],[14.5691961,58.623492],[14.569235,58.623492],[14.5692283,58.6235087],[14.5692417,58.6235283],[14.5692725,58.6235325],[14.5692927,58.623515],[14.5693128,58.6235192],[14.5693195,58.6235366],[14.5693262,58.6235562],[14.5693383,58.6235792],[14.5693423,58.6236051],[14.5693356,58.6236386],[14.5693181,58.6236658],[14.5693222,58.6236861],[14.569357,58.6237447],[14.569357,58.6237699],[14.5693731,58.6238118],[14.5693892,58.6238453],[14.5694187,58.6238592],[14.5694777,58.6238243],[14.5695797,58.6238313],[14.5697057,58.6238467],[14.5697835,58.6238704],[14.5698184,58.6239011],[14.569805,58.6239472],[14.5697996,58.6239696],[14.5697594,58.6240129],[14.5696843,58.6240729],[14.569703,58.6241148],[14.5697486,58.6241539],[14.569746,58.6242],[14.5697352,58.6242349],[14.5697057,58.6242963],[14.5697406,58.6243354],[14.5698211,58.6243648],[14.5698264,58.624443],[14.5698801,58.6245184],[14.5699042,58.6245659],[14.5699123,58.624598],[14.5699471,58.624658],[14.5699847,58.6247153],[14.5699874,58.6247781],[14.5699552,58.6248801],[14.5699337,58.6249499],[14.5699525,58.6249932],[14.5699713,58.6250239],[14.5700276,58.6250504],[14.5700008,58.6250784],[14.5700034,58.6251021],[14.5700115,58.6251538],[14.56999,58.6252054],[14.5699954,58.6252515],[14.5700249,58.6252599],[14.5700651,58.6252669],[14.5700946,58.6252515],[14.5700973,58.6252264],[14.5701215,58.6251957],[14.5701778,58.6251412],[14.5702127,58.6251272],[14.5702341,58.6250993],[14.5702744,58.6250742],[14.570328,58.6250323],[14.5704916,58.6248982],[14.5705184,58.624901],[14.5705855,58.6249094],[14.5706713,58.6249415],[14.570725,58.624975],[14.570725,58.6250016],[14.570725,58.625049],[14.5706874,58.625063],[14.5706847,58.6251035],[14.5706606,58.6251286],[14.5706633,58.6251524],[14.570682,58.6251719],[14.5706499,58.6251929],[14.5705989,58.6252278],[14.5706364,58.6252278],[14.5706096,58.6252529],[14.5706177,58.6252864],[14.5705828,58.6253102],[14.5706686,58.6253339],[14.5706633,58.6253577],[14.5706525,58.6253968],[14.5706847,58.6254289],[14.5706874,58.6254526],[14.5706552,58.6254805],[14.5705774,58.6254931],[14.5706043,58.6255238],[14.5706123,58.6255434],[14.5705774,58.6255741],[14.5705104,58.6255825],[14.5704594,58.6256411],[14.5704111,58.6256705],[14.5703629,58.6256691],[14.5702904,58.6256788],[14.570269,58.6257165],[14.5703146,58.6257347],[14.5703682,58.6257487],[14.5704165,58.6257682],[14.5704246,58.6258255],[14.5704755,58.625866],[14.5705345,58.6258995],[14.570564,58.6259484],[14.5705104,58.6259763],[14.5704621,58.6260126],[14.5704702,58.6260447],[14.5704514,58.626102],[14.5705238,58.6261397],[14.570497,58.6261913],[14.5704997,58.6262346],[14.570497,58.6262877],[14.5704997,58.6263393],[14.5705104,58.6263687],[14.5705935,58.6264022],[14.5705721,58.6264427],[14.5705453,58.6264161],[14.5704675,58.6264385],[14.5704487,58.6264957],[14.5704004,58.6264957],[14.5703173,58.6265013],[14.5702153,58.6265041],[14.5701537,58.6265404],[14.5701215,58.6265963],[14.5700946,58.6266144],[14.5700437,58.6266535],[14.5699391,58.6266954],[14.5698801,58.6267569],[14.5698908,58.6267764],[14.5699337,58.626796],[14.5699847,58.6268183],[14.5700356,58.6268448],[14.5700598,58.6268686],[14.5701054,58.6268881],[14.570151,58.6268825],[14.5702046,58.6268658],[14.5702448,58.6268434],[14.5703146,58.6268169],[14.5704058,58.626789],[14.5704675,58.6267708],[14.5705828,58.6267499],[14.5706525,58.6267415],[14.570682,58.6267192],[14.5707276,58.6267192],[14.5708162,58.6267597],[14.570792,58.6268002],[14.5707786,58.626842],[14.570733,58.6268923],[14.5707276,58.6269649],[14.5707357,58.6270054],[14.5707491,58.6270431],[14.5707813,58.6271199],[14.5708725,58.6271744],[14.5708859,58.627187],[14.570969,58.6272121],[14.5710093,58.6271953],[14.5710441,58.6272191],[14.5710254,58.6272693],[14.5710227,58.6272931],[14.5710817,58.627314],[14.5711407,58.6273336],[14.5711729,58.6273671],[14.5712936,58.6274453],[14.5713982,58.6275291],[14.5714626,58.6276073],[14.5715162,58.627638],[14.5715725,58.6276785],[14.5716369,58.6277078],[14.5716181,58.6277287],[14.5716691,58.6277343],[14.5716691,58.6277678],[14.571653,58.6278],[14.5716557,58.6278209],[14.5717013,58.6278586],[14.5717388,58.6279019],[14.571771,58.6279424],[14.5717952,58.6279899],[14.5718354,58.6280443],[14.5718113,58.6280946],[14.5718193,58.6281155],[14.5718622,58.6281407],[14.5719293,58.6281756],[14.57194,58.6282021],[14.5719293,58.6282328],[14.5718837,58.6282719],[14.5718434,58.6283138],[14.5718434,58.6283389],[14.5718864,58.6283585],[14.5719561,58.6283683],[14.5719722,58.6284465],[14.57194,58.628473],[14.5719346,58.6284911],[14.5719212,58.6285358],[14.571889,58.6285861],[14.5719132,58.6286196],[14.5718756,58.6286294],[14.5718622,58.6286643],[14.5719078,58.6286796],[14.5718676,58.6287132],[14.571889,58.6287522],[14.5719212,58.6288151],[14.5718569,58.628836],[14.5718408,58.6288653],[14.5718005,58.6288765],[14.5717549,58.6288905],[14.5716611,58.6288989],[14.571543,58.628917],[14.5714492,58.628931],[14.571366,58.6289463],[14.5712507,58.6289505],[14.5711648,58.6289505],[14.5710951,58.6289435],[14.5710361,58.6289338],[14.5709503,58.6289296],[14.5708618,58.6289296],[14.570725,58.628917],[14.5706016,58.6289003],[14.5704326,58.6288821],[14.5702931,58.6288891],[14.5702502,58.6288947],[14.5701778,58.6289003],[14.5701107,58.6288933],[14.5700061,58.6288821],[14.5699337,58.6288695],[14.5698023,58.6288458],[14.5697272,58.62885],[14.5696574,58.6288765],[14.5696145,58.6288891],[14.5695046,58.6288863],[14.5694187,58.6288919],[14.5693329,58.6289212],[14.5692712,58.6289519],[14.5691907,58.628938],[14.5691183,58.6289296],[14.5690432,58.6289394],[14.5689386,58.6289505],[14.5688501,58.628938],[14.5687857,58.628924],[14.568716,58.6288919],[14.5686865,58.6288542],[14.5686436,58.6287955],[14.5686167,58.6287327],[14.5685819,58.6286741],[14.5685711,58.6286126],[14.5685899,58.6285554],[14.5686328,58.6285065],[14.5686731,58.6284395],[14.5686972,58.6283934],[14.5686999,58.6283473],[14.5686462,58.6283138],[14.5685282,58.6282747],[14.568437,58.6282775],[14.5682895,58.6282901],[14.5681366,58.6283082],[14.5680132,58.6283334],[14.5679435,58.6283571],[14.5678657,58.6283864],[14.5677718,58.6284283],[14.5677209,58.6284674],[14.5677263,58.6285233],[14.5676914,58.6285554],[14.5676351,58.6285973],[14.5675921,58.6286168],[14.5675465,58.6286391],[14.5675009,58.6286768],[14.5674071,58.6287104],[14.5673186,58.6287271],[14.5671952,58.6287299],[14.5670852,58.6287327],[14.5669779,58.6287383],[14.5668948,58.6287243],[14.5667151,58.6286922],[14.5665595,58.6286685],[14.5663798,58.6286559],[14.5662457,58.6286447],[14.5661813,58.6286629],[14.5661303,58.6286615],[14.5660955,58.6286294],[14.5660686,58.6285819],[14.5660472,58.6285498],[14.5660874,58.6284995],[14.5661062,58.6284702],[14.5661035,58.6284395],[14.5660579,58.628378],[14.5660177,58.6283389],[14.5659989,58.6282929],[14.5659721,58.6282412],[14.5658997,58.6281323],[14.5658809,58.6280974],[14.5658675,58.6280373],[14.5658889,58.6279298],[14.5659104,58.6278698],[14.5659238,58.6278391],[14.5659694,58.6278014],[14.5659775,58.6277706],[14.5659533,58.6277539],[14.5658863,58.6277273],[14.5658487,58.6276938],[14.5658326,58.6276589]]],[[[14.5662242,58.6256488],[14.5662591,58.6256369],[14.5662859,58.6256076],[14.5662671,58.6255839],[14.5662698,58.6255671],[14.5662779,58.6255378],[14.566302,58.6255099],[14.5663476,58.6254973],[14.5663583,58.6254596],[14.5664039,58.6254498],[14.5664629,58.6254317],[14.56653,58.6254484],[14.5665032,58.625468],[14.5664334,58.6254917],[14.566471,58.6254987],[14.5665407,58.6254861],[14.5665193,58.6255155],[14.5665139,58.625535],[14.5664978,58.625556],[14.5664844,58.6255797],[14.5664656,58.6256062],[14.5663878,58.6256104],[14.5663369,58.625623],[14.5663395,58.6256439],[14.5663168,58.6256621],[14.5662738,58.6256719],[14.5662296,58.625667],[14.5662242,58.6256488]]],[[[14.5664428,58.6251182],[14.5664844,58.6250958],[14.5665018,58.6250881],[14.566526,58.6250749],[14.5665541,58.6250707],[14.5665769,58.6250763],[14.5666265,58.6250902],[14.5666493,58.6251035],[14.5666453,58.6251147],[14.5666158,58.6251349],[14.5665957,58.6251475],[14.5666064,58.6251649],[14.5666105,58.6251782],[14.5665984,58.6251894],[14.5665689,58.6251943],[14.5665367,58.6251915],[14.5664951,58.625188],[14.5664562,58.6251775],[14.5664428,58.6251426],[14.5664428,58.6251182]]],[[[14.5665206,58.6250127],[14.5665447,58.6249974],[14.5665675,58.6249974],[14.5666024,58.6250016],[14.5666239,58.6250099],[14.5666212,58.6250211],[14.566593,58.6250253],[14.5665742,58.6250309],[14.5665434,58.6250211],[14.5665206,58.6250127]]],[[[14.5665635,58.6297869],[14.5665642,58.629781],[14.5665709,58.629774],[14.5665789,58.629768],[14.5665809,58.6297569],[14.5665944,58.6297478],[14.566589,58.6297359],[14.5666131,58.6297303],[14.5666413,58.6297178],[14.5666735,58.6297038],[14.5666695,58.6297213],[14.5666561,58.6297387],[14.5666413,58.6297485],[14.5666198,58.6297667],[14.5665984,58.6297743],[14.5665809,58.6297925],[14.5665675,58.6297925],[14.5665635,58.6297869]]],[[[14.5672944,58.6239905],[14.5672958,58.6239668],[14.5673226,58.623957],[14.5673373,58.6239367],[14.5673373,58.6239158],[14.567336,58.6238893],[14.5673628,58.6238781],[14.567399,58.6238585],[14.567399,58.6238453],[14.5673561,58.6238544],[14.5673347,58.6238495],[14.5673266,58.6238264],[14.5673293,58.6238104],[14.5673467,58.6237978],[14.5673655,58.6237901],[14.5673749,58.6237692],[14.5674004,58.6237608],[14.5674339,58.6237545],[14.5674647,58.6237475],[14.5674875,58.6237336],[14.5675237,58.623737],[14.5675103,58.6237468],[14.567513,58.6237566],[14.5675211,58.6237699],[14.5675184,58.6237831],[14.5674902,58.6238034],[14.5674902,58.623816],[14.5675197,58.6238355],[14.5675573,58.6238571],[14.5675975,58.6238571],[14.5676364,58.623876],[14.5676525,58.6238907],[14.5676632,58.6239039],[14.5676686,58.6239444],[14.5676512,58.6239458],[14.5676686,58.6239863],[14.5676391,58.6239947],[14.5676471,58.6240157],[14.5676579,58.6240436],[14.5676512,58.6240708],[14.5676431,58.6240904],[14.5676163,58.6241141],[14.5676069,58.6241323],[14.5676579,58.6241364],[14.5676485,58.6241483],[14.567627,58.6241658],[14.5676042,58.6241909],[14.5675828,58.6242126],[14.567517,58.6242258],[14.567458,58.6242244],[14.5674218,58.6242084],[14.5673977,58.6241888],[14.5673709,58.62417],[14.567332,58.6241581],[14.5673521,58.6241204],[14.5673682,58.6240925],[14.5673481,58.6240722],[14.5673347,58.6240401],[14.567336,58.6240101],[14.5672944,58.6239905]]],[[[14.5685135,58.6211017],[14.5685209,58.6210958],[14.5685477,58.6210756],[14.5685825,58.6210738],[14.5686067,58.6210738],[14.5686342,58.62107],[14.5686556,58.6210623],[14.568665,58.6210536],[14.5686577,58.621048],[14.568669,58.6210417],[14.5686892,58.6210487],[14.5686972,58.6210361],[14.5687106,58.6210263],[14.5687133,58.6210082],[14.5687187,58.6209928],[14.5687254,58.6209705],[14.5687133,58.620946],[14.568712,58.620932],[14.5686945,58.6208881],[14.5686905,58.6208748],[14.568716,58.6208503],[14.5686972,58.6208385],[14.5686932,58.6208182],[14.568712,58.6207987],[14.5687281,58.620777],[14.5687227,58.6207589],[14.5687388,58.620754],[14.5687723,58.620754],[14.5687965,58.6207631],[14.568826,58.6207777],[14.5688836,58.6207554],[14.5688917,58.6207435],[14.5689172,58.6207393],[14.568952,58.6207435],[14.5689628,58.6207323],[14.5689963,58.6207247],[14.5689936,58.6207456],[14.5690244,58.6207456],[14.569062,58.62074],[14.5691277,58.6207274],[14.5691612,58.6207358],[14.5692068,58.6207372],[14.5692524,58.6207267],[14.5692927,58.6207247],[14.5693047,58.6207128],[14.5693088,58.6207016],[14.5693396,58.6206953],[14.5693637,58.6206758],[14.569404,58.620673],[14.5694496,58.6206688],[14.5694885,58.6206709],[14.5695005,58.6206765],[14.5695059,58.6206904],[14.5694938,58.6206995],[14.569463,58.6207044],[14.5694388,58.6207121],[14.5694053,58.6207184],[14.5694107,58.6207267],[14.5693825,58.6207323],[14.5693356,58.6207365],[14.5693409,58.6207505],[14.5693517,58.6207603],[14.5693651,58.62077],[14.5693932,58.6207777],[14.5694321,58.6207833],[14.569471,58.6208015],[14.5694482,58.6208001],[14.5694228,58.6208022],[14.569404,58.6208133],[14.5693959,58.6208273],[14.5694147,58.6208385],[14.569463,58.6208483],[14.5694911,58.6208552],[14.5695274,58.6208587],[14.5695595,58.6208524],[14.569573,58.6208392],[14.569589,58.6208231],[14.569581,58.6208098],[14.5695877,58.6207861],[14.5695971,58.6207679],[14.5696132,58.6207247],[14.5696427,58.6206992],[14.5696501,58.6206862],[14.5696588,58.6206628],[14.5696514,58.6206548],[14.5696333,58.6206384],[14.5696367,58.6206255],[14.5696481,58.6206115],[14.5696729,58.620608],[14.5696997,58.6206045],[14.5697037,58.6205993],[14.5696957,58.6205871],[14.5696742,58.6205693],[14.5697097,58.6205707],[14.5697151,58.6205654],[14.5697285,58.6205557],[14.5697781,58.6205668],[14.5698412,58.6205696],[14.5698546,58.6205766],[14.569872,58.6205948],[14.5699055,58.6206101],[14.5699646,58.620629],[14.569978,58.6206443],[14.5700048,58.6206625],[14.5700504,58.6206793],[14.5700866,58.620696],[14.570092,58.6207121],[14.5701161,58.62071],[14.5701322,58.6207149],[14.5701148,58.6207226],[14.5701228,58.620733],[14.5701684,58.6207407],[14.5702261,58.6207533],[14.5702811,58.6207707],[14.5703146,58.6207896],[14.5703588,58.6208238],[14.570391,58.6208678],[14.5704326,58.6208985],[14.5704581,58.6209188],[14.5705131,58.6209467],[14.5705372,58.6209684],[14.5705439,58.6209879],[14.5705493,58.6210019],[14.5705654,58.6210179],[14.570564,58.6210263],[14.5705506,58.6210375],[14.5705385,58.6210424],[14.5704782,58.6210424],[14.5704836,58.6210563],[14.5705613,58.6210522],[14.5705694,58.6210759],[14.5705882,58.6211094],[14.5706069,58.6211499],[14.5705828,58.6212002],[14.5706069,58.6212225],[14.5706016,58.6212477],[14.5706016,58.6212798],[14.5706338,58.6213091],[14.5706364,58.621351],[14.5706499,58.6213594],[14.5706874,58.6213545],[14.5707035,58.6213461],[14.5707035,58.6213336],[14.5707263,58.6213217],[14.5707357,58.6213098],[14.5707022,58.6213098],[14.5707048,58.6212938],[14.5706834,58.6212791],[14.5706847,58.6212658],[14.5707048,58.6212491],[14.5707102,58.6212358],[14.5707116,58.6212267],[14.5707437,58.6212295],[14.5707558,58.6212421],[14.5707947,58.6212295],[14.5708014,58.6212456],[14.5707987,58.6212603],[14.5708376,58.6212386],[14.570855,58.621226],[14.5708658,58.6212498],[14.5708832,58.6212596],[14.5708913,58.6212735],[14.5708778,58.6212938],[14.5708671,58.6213008],[14.5708524,58.6213126],[14.5708202,58.6213154],[14.5708041,58.6213315],[14.5708135,58.621342],[14.5708296,58.6213475],[14.5708631,58.6213559],[14.570906,58.6213559],[14.5709382,58.6213482],[14.570965,58.6213315],[14.5709784,58.6213112],[14.5710039,58.6212938],[14.571024,58.6212784],[14.5710294,58.6212644],[14.5710173,58.6212414],[14.5710146,58.6212274],[14.5710187,58.6212086],[14.5710307,58.6211946],[14.5710576,58.6211779],[14.5710616,58.621159],[14.5710509,58.6211367],[14.57102,58.6211192],[14.5710053,58.6211031],[14.5710039,58.6210829],[14.5710227,58.621064],[14.5710415,58.6210563],[14.571071,58.6210557],[14.5711018,58.621057],[14.5711313,58.621085],[14.5711514,58.621092],[14.5712104,58.6211045],[14.5712413,58.6211108],[14.5712373,58.621085],[14.5712748,58.6210612],[14.5712842,58.6210431],[14.5712896,58.6210263],[14.5712949,58.6210193],[14.5713137,58.6210145],[14.5713419,58.6210138],[14.571366,58.620997],[14.5714237,58.6210054],[14.5714465,58.6210151],[14.5714746,58.6210256],[14.5714988,58.6210347],[14.5715216,58.6210417],[14.5715524,58.6210508],[14.5715806,58.6210647],[14.5716356,58.621064],[14.5716892,58.6210557],[14.5717281,58.6210529],[14.5717978,58.6210633],[14.5718274,58.6210766],[14.571822,58.6210892],[14.5718408,58.6211094],[14.5719118,58.6211185],[14.571932,58.621129],[14.5719574,58.6211401],[14.571991,58.6211576],[14.5720071,58.6211681],[14.5720205,58.6211772],[14.5720017,58.6211904],[14.5720553,58.6211904],[14.5720781,58.6212051],[14.5720942,58.6212267],[14.5721076,58.6212379],[14.572117,58.6212449],[14.5720942,58.6212575],[14.5721063,58.6212777],[14.5721264,58.621298],[14.572117,58.6213238],[14.572117,58.6213392],[14.572117,58.6213727],[14.5720956,58.621388],[14.572105,58.6213943],[14.572113,58.621402],[14.5720647,58.6214292],[14.5720392,58.6214467],[14.5720232,58.6214753],[14.5720164,58.6214949],[14.5720097,58.6215165],[14.5719829,58.6215361],[14.571991,58.6215528],[14.5720044,58.6215787],[14.5720232,58.621608],[14.5720218,58.6216352],[14.5720325,58.6216646],[14.5720594,58.6217065],[14.5720755,58.621733],[14.5720983,58.6217519],[14.5721345,58.6217714],[14.5721465,58.6217826],[14.5721345,58.6217924],[14.5721653,58.6218007],[14.5721774,58.6217945],[14.5721881,58.6218119],[14.5722082,58.6218259],[14.5722377,58.6218377],[14.5722619,58.6218112],[14.572278,58.6217979],[14.5722941,58.6217952],[14.5723155,58.6218168],[14.5723356,58.6218035],[14.5723356,58.6217812],[14.5723517,58.6217728],[14.5724054,58.6217854],[14.5724362,58.6217965],[14.5724604,58.6218028],[14.5724429,58.6218175],[14.5724845,58.6218294],[14.5724885,58.6218398],[14.5725086,58.621858],[14.5725287,58.6218685],[14.5725301,58.6218831],[14.5725408,58.6218936],[14.5726186,58.6219027],[14.5726374,58.6219125],[14.5726132,58.6219222],[14.5726226,58.6219418],[14.5725931,58.6219537],[14.5726012,58.6219725],[14.5726414,58.6219795],[14.5726749,58.6219844],[14.5726991,58.6220053],[14.5727473,58.6220221],[14.572801,58.6220242],[14.5728439,58.6220242],[14.5728868,58.6220437],[14.5729069,58.6220591],[14.5729056,58.6220731],[14.5728976,58.6220821],[14.5729592,58.6221045],[14.5730035,58.622115],[14.5730478,58.6221275],[14.5730866,58.6221275],[14.5731148,58.6221317],[14.573151,58.6221387],[14.5731926,58.6221436],[14.5732382,58.6221408],[14.5732757,58.6221401],[14.5733146,58.6221422],[14.5733388,58.6221499],[14.5733508,58.6221604],[14.5733683,58.6221729],[14.5733911,58.6221792],[14.5734246,58.6221813],[14.573442,58.6221904],[14.5734742,58.6221911],[14.573489,58.6221918],[14.5734943,58.6222023],[14.5735279,58.6222176],[14.573552,58.6222211],[14.5735936,58.6222309],[14.5736392,58.62224],[14.5736472,58.6222323],[14.5736593,58.6222183],[14.5736499,58.6222064],[14.573666,58.6221939],[14.5736995,58.6221981],[14.5737344,58.6222176],[14.5737585,58.6222281],[14.5738216,58.6222455],[14.5738511,58.6222504],[14.5738913,58.6222679],[14.5739396,58.6222819],[14.5739986,58.6222958],[14.5740348,58.622307],[14.5740724,58.6223063],[14.5741193,58.6223098],[14.5741448,58.6223175],[14.5741864,58.6223314],[14.5742293,58.6223398],[14.5742682,58.6223461],[14.5742936,58.6223566],[14.5743084,58.622365],[14.574303,58.6223796],[14.5743325,58.6223922],[14.5743339,58.6224187],[14.5743151,58.6224648],[14.574295,58.6225137],[14.5742775,58.6225542],[14.5742588,58.6225758],[14.5742588,58.6225898],[14.5742588,58.6226087],[14.5742467,58.6226261],[14.5742829,58.6226331],[14.5743057,58.6226275],[14.5743339,58.6226366],[14.5743687,58.6226135],[14.5743996,58.6225856],[14.5744278,58.622564],[14.5744412,58.6225584],[14.5744827,58.6225661],[14.5745069,58.6225626],[14.5745096,58.6225814],[14.5745122,58.6225996],[14.5744894,58.6226212],[14.5744894,58.6226401],[14.5745042,58.6226519],[14.5745619,58.6226478],[14.5746155,58.6226471],[14.5746611,58.6226373],[14.5747134,58.622617],[14.574751,58.6225961],[14.5747845,58.6225716],[14.5748194,58.6225549],[14.5748489,58.6225626],[14.5748998,58.6225772],[14.5749186,58.6225709],[14.574928,58.6225556],[14.574936,58.6225465],[14.5749186,58.6225465],[14.5749307,58.6225388],[14.5749602,58.6225388],[14.574987,58.6225311],[14.5750085,58.6225284],[14.5750205,58.6225388],[14.5750192,58.6225528],[14.5750339,58.6225682],[14.575038,58.6225786],[14.5750071,58.6225982],[14.5749924,58.6226219],[14.5749937,58.6226289],[14.5750098,58.6226526],[14.5750353,58.6226589],[14.5750634,58.622661],[14.575097,58.6226638],[14.5751278,58.6226708],[14.5751546,58.6226729],[14.5751694,58.6226624],[14.5752271,58.6226757],[14.5752659,58.6226806],[14.5753062,58.6226841],[14.5753196,58.622682],[14.5753182,58.622654],[14.5753276,58.6226359],[14.5753317,58.6226205],[14.5753705,58.6226177],[14.5753571,58.6226031],[14.5753478,58.6225842],[14.5753397,58.6225626],[14.5753424,58.6225388],[14.575388,58.6225423],[14.5754121,58.6225507],[14.5754269,58.6225612],[14.5754282,58.6225751],[14.5754349,58.6225919],[14.5754349,58.6226024],[14.5754416,58.6226177],[14.5754591,58.6226254],[14.5754778,58.6226345],[14.5754819,58.6226485],[14.5755047,58.622661],[14.5755529,58.6226617],[14.5755704,58.6226687],[14.5755918,58.6226806],[14.5755596,58.622698],[14.5755422,58.6227113],[14.5755409,58.6227246],[14.5755489,58.622735],[14.5755811,58.6227462],[14.5756294,58.622763],[14.575675,58.6227748],[14.5757058,58.6227916],[14.5757246,58.6228021],[14.5757487,58.6228279],[14.5757635,58.6228586],[14.5757823,58.6228775],[14.5758051,58.6228817],[14.5758252,58.6228726],[14.5758225,58.6228537],[14.5758386,58.6228412],[14.5758829,58.62283],[14.5758989,58.6228377],[14.5759392,58.6228586],[14.5759834,58.6228754],[14.5759754,58.622904],[14.5759325,58.6229299],[14.5759459,58.6229452],[14.5759392,58.6229599],[14.5758909,58.6229648],[14.5758641,58.6229606],[14.5758292,58.6229529],[14.5758131,58.6229487],[14.575848,58.6229787],[14.5758922,58.6230039],[14.5759633,58.6230353],[14.5760277,58.6230856],[14.5760612,58.6230946],[14.5760947,58.6231114],[14.5761082,58.6231324],[14.5761162,58.6231568],[14.5760934,58.6231743],[14.5761015,58.6231882],[14.5761175,58.6232008],[14.5761242,58.6232294],[14.5761363,58.6232357],[14.5761779,58.6232497],[14.5761953,58.6232783],[14.5762087,58.623302],[14.5761846,58.6233188],[14.5761631,58.6233453],[14.5761149,58.6233677],[14.5760599,58.6233872],[14.5760491,58.6234061],[14.5760491,58.62342],[14.576025,58.6234361],[14.5760491,58.6234584],[14.5761068,58.6234738],[14.5761672,58.6234724],[14.5761846,58.623478],[14.5762114,58.6234996],[14.5762208,58.6235087],[14.5762141,58.6235318],[14.5762342,58.6235513],[14.5762704,58.6235436],[14.5762973,58.6235562],[14.5763026,58.6235681],[14.5762986,58.6235918],[14.5763281,58.6236037],[14.5763455,58.6236128],[14.5763509,58.6235995],[14.5763911,58.6236107],[14.5764005,58.6236183],[14.5763938,58.6236372],[14.5763831,58.6236442],[14.5763925,58.6236616],[14.5764086,58.6236749],[14.5763871,58.6236924],[14.576367,58.6237112],[14.5763898,58.6237245],[14.5764005,58.6237398],[14.5764005,58.6237524],[14.5763911,58.6237629],[14.5763428,58.6237629],[14.5763107,58.6237419],[14.5762879,58.6237308],[14.5762704,58.6237315],[14.5762503,58.6237552],[14.5762597,58.6237866],[14.5762704,58.623809],[14.5762503,58.6238292],[14.5762047,58.6238432],[14.5761631,58.6238634],[14.5761336,58.6238795],[14.5761336,58.623906],[14.576135,58.6239291],[14.5761578,58.6239409],[14.5761685,58.623971],[14.5761685,58.6239996],[14.5761779,58.6240163],[14.5762034,58.6240366],[14.5762168,58.6240596],[14.5762369,58.6240834],[14.5762101,58.6241036],[14.5761913,58.6241239],[14.5762087,58.6241351],[14.5762154,58.6241532],[14.5762061,58.6241679],[14.5762356,58.6241846],[14.5762758,58.6241979],[14.5762986,58.6241839],[14.5763294,58.6241888],[14.5763361,58.6242035],[14.5763361,58.6242133],[14.576308,58.6242202],[14.5763308,58.6242426],[14.576308,58.6242621],[14.5763201,58.6242789],[14.576304,58.6242949],[14.5762838,58.6243124],[14.5762932,58.6243208],[14.5762624,58.6243403],[14.5762114,58.6243487],[14.5761779,58.6243424],[14.576139,58.624362],[14.5761149,58.6243648],[14.5761229,58.6243857],[14.5761256,58.6244102],[14.5761068,58.6244269],[14.5761323,58.6244444],[14.5761417,58.6244639],[14.576135,58.6244772],[14.576088,58.6244863],[14.576025,58.6244835],[14.5759834,58.6244884],[14.5759714,58.62451],[14.5759352,58.6245261],[14.5759003,58.6245421],[14.5758614,58.6245547],[14.5758466,58.6245728],[14.5758668,58.6245973],[14.5758922,58.6246092],[14.5759271,58.6246182],[14.57597,58.6246322],[14.5760143,58.6246448],[14.5760518,58.6246685],[14.5760626,58.6246902],[14.5760572,58.6247118],[14.5760384,58.6247279],[14.5760263,58.6247425],[14.5760398,58.6247704],[14.5760518,58.6247914],[14.5760505,58.6248123],[14.5760263,58.6248389],[14.5760103,58.6248605],[14.5759794,58.6248689],[14.5759821,58.6248947],[14.5759754,58.6249101],[14.5759459,58.6249269],[14.5759606,58.6249492],[14.5759928,58.6249618],[14.5759647,58.6249932],[14.575974,58.6250127],[14.575958,58.6250295],[14.5759727,58.6250463],[14.5759942,58.6250665],[14.5759901,58.625084],[14.5759687,58.6251098],[14.5759673,58.6251252],[14.5759794,58.6251524],[14.5759714,58.6251677],[14.5759177,58.6251894],[14.5758829,58.6252166],[14.5758533,58.6252334],[14.5758171,58.6252466],[14.5757863,58.625255],[14.5757407,58.6252432],[14.5756991,58.6252376],[14.5756857,58.6252306],[14.5756589,58.6252571],[14.5756562,58.6252836],[14.5756482,58.6252983],[14.5756374,58.6253144],[14.5755891,58.6253514],[14.5755261,58.625366],[14.5755114,58.6253814],[14.5754658,58.6253856],[14.5754108,58.6254009],[14.5753612,58.6253982],[14.5752807,58.6254149],[14.575282,58.6254373],[14.5752203,58.6254498],[14.5751519,58.6254407],[14.5751265,58.625424],[14.5751104,58.6254205],[14.575042,58.6254177],[14.5749857,58.6254128],[14.5748958,58.6254261],[14.574822,58.6254198],[14.5747939,58.6254135],[14.5746906,58.6253933],[14.5746423,58.6253744],[14.5745082,58.6253716],[14.5744358,58.6253493],[14.5743634,58.6253507],[14.5742856,58.6253674],[14.5742534,58.6253786],[14.5741931,58.625387],[14.5741729,58.625403],[14.5741609,58.6254254],[14.5741743,58.62544],[14.5742226,58.6254463],[14.5742427,58.6254519],[14.5742601,58.6254352],[14.57424,58.6254833],[14.5742333,58.6255029],[14.5742266,58.6255343],[14.5742306,58.6255539],[14.5742387,58.6255783],[14.5742467,58.6255937],[14.5742427,58.6256069],[14.5742199,58.6255944],[14.5742038,58.6255818],[14.5741542,58.6256153],[14.5741475,58.6256321],[14.5741729,58.6256439],[14.5741864,58.6256509],[14.5741877,58.625667],[14.5741703,58.6256788],[14.5741327,58.6257026],[14.5740925,58.6257117],[14.5740415,58.6257221],[14.5740455,58.6257389],[14.5740589,58.625764],[14.5740871,58.6257822],[14.574126,58.6257982],[14.5741796,58.6258129],[14.5742159,58.6258206],[14.5742373,58.6258227],[14.5742145,58.625845],[14.574189,58.6258632],[14.5741917,58.6258778],[14.5742387,58.6258897],[14.5742615,58.6258925],[14.5742762,58.6259044],[14.5742856,58.6259309],[14.5743124,58.6259463],[14.5743366,58.6259574],[14.5743392,58.6259721],[14.5743299,58.6259895],[14.5743366,58.6260035],[14.5743634,58.6260217],[14.5743325,58.6260524],[14.5743379,58.6260712],[14.5743674,58.6260936],[14.5743889,58.6261159],[14.5744076,58.6261522],[14.5744009,58.6261606],[14.5744197,58.626192],[14.5744371,58.6262137],[14.5744452,58.6262367],[14.5744492,58.6262646],[14.5744345,58.6262877],[14.5744371,58.6263079],[14.5744412,58.6263233],[14.5744184,58.6263428],[14.5744291,58.6263582],[14.574468,58.6263596],[14.5744814,58.6263757],[14.5744747,58.6263966],[14.5743942,58.6264029],[14.5743754,58.626421],[14.5743674,58.6264525],[14.5743057,58.6264839],[14.5742615,58.626502],[14.5742212,58.626523],[14.5742011,58.6265432],[14.5742024,58.6265642],[14.5741904,58.6265858],[14.5741408,58.6266088],[14.5741341,58.6266375],[14.574118,58.6266584],[14.5741113,58.6266863],[14.5741233,58.6267038],[14.5741421,58.6267296],[14.5741555,58.6267422],[14.5741716,58.6267499],[14.5741743,58.6267743],[14.5741501,58.6267967],[14.5741273,58.6268218],[14.5741287,58.6268393],[14.5740911,58.6268588],[14.5740281,58.6268434],[14.5740066,58.6268302],[14.5739771,58.6268386],[14.5739476,58.6268483],[14.5739302,58.6268721],[14.5739235,58.6268846],[14.5739007,58.6268707],[14.5739128,58.6268567],[14.5739101,58.6268469],[14.5738833,58.6268525],[14.5738819,58.6268393],[14.5738739,58.6268288],[14.5738216,58.6268379],[14.5737907,58.6268407],[14.5737854,58.6268302],[14.5737733,58.6268162],[14.5737492,58.6268372],[14.573717,58.6268386],[14.5737062,58.6268267],[14.5736888,58.6268127],[14.5736767,58.626796],[14.5737036,58.6267813],[14.5737451,58.6267708],[14.5737398,58.626745],[14.5737089,58.6267338],[14.5736834,58.6267213],[14.5736727,58.6267017],[14.5736928,58.6266633],[14.573729,58.6266333],[14.5736995,58.6266116],[14.5736781,58.6265844],[14.5736687,58.6265362],[14.5736405,58.6265132],[14.5736647,58.6264874],[14.5736647,58.6264685],[14.573662,58.626449],[14.5736231,58.6264182],[14.573603,58.6263938],[14.5735922,58.626354],[14.5735681,58.6263198],[14.5735574,58.6262821],[14.5735601,58.6262514],[14.5735453,58.6262304],[14.5735279,58.62622],[14.5734997,58.6262227],[14.5734823,58.6261962],[14.5734581,58.6261753],[14.5734112,58.6261606],[14.5734005,58.6261564],[14.5733763,58.6261404],[14.5733763,58.6261124],[14.5733629,58.6260929],[14.5733535,58.6260789],[14.5733173,58.6260405],[14.573316,58.6260217],[14.5733267,58.6260014],[14.5733428,58.6259742],[14.5733294,58.6259456],[14.5733361,58.6259183],[14.5733683,58.6258792],[14.5734005,58.625852],[14.5734327,58.6258234],[14.5734769,58.625785],[14.5734943,58.6257542],[14.5734809,58.6257326],[14.5734461,58.6257228],[14.5734313,58.6256949],[14.5734327,58.625667],[14.5734474,58.6256328],[14.5734796,58.6255727],[14.5734769,58.6255238],[14.5734823,58.6254917],[14.573544,58.6254652],[14.5735466,58.6254107],[14.5735788,58.6253856],[14.5736432,58.6253479],[14.5736486,58.6253004],[14.5736325,58.6252711],[14.5735601,58.6252404],[14.5735145,58.6252194],[14.5734555,58.6252082],[14.5733964,58.6252054],[14.5733133,58.6252054],[14.5732462,58.6252292],[14.5732114,58.6252627],[14.5731711,58.6252934],[14.5731229,58.6253214],[14.5730692,58.6253465],[14.57297,58.6253423],[14.5729351,58.6253116],[14.5728949,58.625285],[14.5728439,58.6252529],[14.5728305,58.6252362],[14.5728332,58.6252054],[14.5729029,58.6251929],[14.5729083,58.625165],[14.5729244,58.6251468],[14.5729163,58.6251231],[14.5729861,58.6250993],[14.5729713,58.6250847],[14.5729928,58.6250812],[14.5730223,58.6250951],[14.5730357,58.6251112],[14.573088,58.6251112],[14.5731322,58.625077],[14.5731497,58.625049],[14.5731792,58.6250281],[14.5732154,58.6249911],[14.57321,58.6249324],[14.573202,58.6248975],[14.5731671,58.6248738],[14.5731175,58.6248598],[14.5730625,58.6248445],[14.5730424,58.6248061],[14.5730129,58.6247865],[14.5729941,58.624767],[14.5729673,58.6247544],[14.5730075,58.6247251],[14.5729834,58.6246999],[14.5730129,58.6246566],[14.5730665,58.6246287],[14.573096,58.6246008],[14.5731631,58.6245882],[14.5732114,58.624524],[14.5731658,58.6244933],[14.5730934,58.6244681],[14.5730397,58.62445],[14.5729941,58.6244388],[14.5729458,58.6244472],[14.5729324,58.6244025],[14.5729378,58.6243536],[14.5729512,58.6243117],[14.5729566,58.6242503],[14.5730183,58.624207],[14.573037,58.6241707],[14.5730665,58.6241483],[14.5731255,58.6241497],[14.5731443,58.6241092],[14.573147,58.6240757],[14.5731819,58.6240338],[14.573206,58.6240254],[14.5732731,58.6240059],[14.5732677,58.6239668],[14.5732328,58.623943],[14.5731577,58.6239263],[14.573088,58.6239319],[14.5729485,58.623957],[14.5728439,58.6239961],[14.5727366,58.6240436],[14.5726776,58.6240715],[14.5726427,58.6240827],[14.572573,58.6240729],[14.5725569,58.6240282],[14.5725837,58.6239863],[14.5726213,58.6239361],[14.5725757,58.623883],[14.572522,58.6238704],[14.5724738,58.623869],[14.5724201,58.6239011],[14.5724174,58.6239305],[14.5723584,58.6239193],[14.5722726,58.6238774],[14.5722216,58.6238341],[14.5721734,58.6237741],[14.5720097,58.6237168],[14.5719105,58.623654],[14.5717978,58.623626],[14.5716503,58.6235925],[14.571535,58.6235506],[14.5714894,58.6235031],[14.5714545,58.6234235],[14.5713258,58.6233649],[14.5712212,58.6233635],[14.5711622,58.623302],[14.5710602,58.6232755],[14.5710039,58.6232532],[14.5709395,58.6232378],[14.5709556,58.6231358],[14.5709717,58.6230744],[14.5709208,58.6230702],[14.5708162,58.6230269],[14.5707706,58.6229766],[14.5707518,58.6229501],[14.5706096,58.6229375],[14.5705506,58.6229808],[14.5705131,58.6229585],[14.5704541,58.6229194],[14.5703495,58.6228733],[14.5702985,58.6228202],[14.5702636,58.6227518],[14.5701644,58.6227253],[14.5701241,58.6226596],[14.5700571,58.6225856],[14.5700142,58.6225549],[14.5699981,58.6225116],[14.5699337,58.6224557],[14.5698237,58.6224027],[14.5697218,58.6223719],[14.5696709,58.6223314],[14.5695931,58.62227],[14.5695327,58.6222539],[14.5695126,58.6222414],[14.5695072,58.6222274],[14.5695019,58.6221939],[14.5695193,58.622168],[14.56953,58.6221604],[14.5695542,58.622159],[14.5695783,58.6221352],[14.5696186,58.6221157],[14.5696507,58.6221038],[14.5696802,58.622078],[14.5697004,58.6220689],[14.5697379,58.6220647],[14.5697822,58.6220437],[14.5698318,58.6220263],[14.5698895,58.6220018],[14.5699109,58.6219837],[14.5699203,58.6219613],[14.5699042,58.6219334],[14.5698841,58.6219111],[14.5698546,58.6218817],[14.5698224,58.6218587],[14.5697768,58.6218433],[14.5697084,58.6218531],[14.5696548,58.6218671],[14.5695917,58.6218322],[14.5695475,58.6218133],[14.5695032,58.6218098],[14.5694683,58.6217945],[14.5694402,58.6217854],[14.5693899,58.621784],[14.5693597,58.6217746],[14.569345,58.6217836],[14.5692967,58.6217609],[14.5693416,58.6217278],[14.5693336,58.6217239],[14.5693054,58.6217148],[14.5692846,58.6217019],[14.5692712,58.6216887],[14.5692524,58.6216736],[14.5692484,58.6216576],[14.5692477,58.6216489],[14.5692625,58.6216338],[14.5692725,58.6216185],[14.5692504,58.6216118],[14.5692491,58.6216052],[14.5692739,58.621608],[14.5692806,58.6216028],[14.5692866,58.6215923],[14.5692866,58.6215776],[14.5692739,58.6215755],[14.5692766,58.6215647],[14.5692665,58.6215563],[14.5692766,58.6215483],[14.5692886,58.6215354],[14.569298,58.6215204],[14.5693101,58.621505],[14.5693108,58.6214921],[14.5693309,58.6214896],[14.5693416,58.6214935],[14.569355,58.6215012],[14.5693725,58.6215012],[14.5693798,58.6214987],[14.5693946,58.6214928],[14.5694,58.6214848],[14.5693959,58.6214802],[14.5693812,58.6214718],[14.5693597,58.6214649],[14.5693473,58.6214622],[14.569347,58.621456],[14.5693463,58.621447],[14.5693453,58.6214388],[14.5693487,58.6214292],[14.5693554,58.6214207],[14.5693691,58.6214214],[14.5693845,58.6214209],[14.5693909,58.6214193],[14.5693919,58.6214168],[14.5693966,58.6214055],[14.5694016,58.6213976],[14.5694097,58.6213908],[14.5694251,58.6213798],[14.5694415,58.6213802],[14.5694462,58.6213779],[14.5694543,58.6213601],[14.5694553,58.6213493],[14.5694549,58.6213388],[14.5694452,58.6213315],[14.5694321,58.6213259],[14.5694114,58.6213233],[14.5693993,58.621318],[14.5693892,58.62131],[14.5693852,58.6213018],[14.5693859,58.6212955],[14.5693875,58.6212831],[14.5693892,58.621273],[14.5693926,58.6212603],[14.569402,58.6212536],[14.5694221,58.6212393],[14.5694315,58.6212278],[14.5694523,58.6212267],[14.5694764,58.6212278],[14.5695005,58.6212344],[14.5695267,58.6212281],[14.5695361,58.6212218],[14.5695126,58.6212156],[14.5694838,58.6212093],[14.5694549,58.6212016],[14.5694657,58.6211876],[14.5694851,58.6211866],[14.5694965,58.6211806],[14.5695086,58.6211702],[14.5695267,58.6211632],[14.5695481,58.6211489],[14.5695401,58.6211381],[14.5695025,58.6211307],[14.5694704,58.6211206],[14.5694797,58.6211052],[14.5694824,58.6210899],[14.5694616,58.6210871],[14.5694422,58.6210902],[14.5694342,58.6210948],[14.5694315,58.621101],[14.5694254,58.6211098],[14.56941,58.6211234],[14.5693872,58.6211363],[14.5693644,58.6211422],[14.5693416,58.6211461],[14.5693255,58.6211478],[14.5693021,58.6211468],[14.5693074,58.621158],[14.5693,58.6211698],[14.5692819,58.6211813],[14.5692866,58.6211869],[14.5693148,58.6211859],[14.5693383,58.6211887],[14.5693302,58.6211946],[14.5692752,58.621196],[14.5692625,58.6212163],[14.5692417,58.6212431],[14.5692323,58.6212519],[14.5692062,58.6212606],[14.5692149,58.6212676],[14.5692269,58.6212795],[14.5692216,58.6212857],[14.5692088,58.6212955],[14.5691921,58.6212917],[14.5691706,58.6212938],[14.5691666,58.6213025],[14.56917,58.6213161],[14.5691492,58.6213266],[14.5691183,58.621335],[14.5690928,58.621342],[14.5690727,58.6213364],[14.5690506,58.6213294],[14.5690144,58.6213231],[14.5690023,58.6213165],[14.5689869,58.6213088],[14.5689601,58.6213084],[14.568952,58.6213161],[14.5689339,58.6213144],[14.5689212,58.6213029],[14.5688997,58.6212945],[14.5688608,58.6212896],[14.5688421,58.6212976],[14.5688159,58.6212962],[14.5687844,58.6212889],[14.5687576,58.6212826],[14.5687562,58.6212746],[14.5687435,58.6212686],[14.5687294,58.6212592],[14.5687227,58.6212466],[14.5687354,58.621233],[14.5687254,58.6212274],[14.5687046,58.621218],[14.5686918,58.6212103],[14.5686845,58.6212023],[14.5686939,58.621189],[14.5686972,58.6211761],[14.5687026,58.6211642],[14.56871,58.6211545],[14.56871,58.6211468],[14.5686999,58.6211419],[14.5686811,58.6211381],[14.568661,58.6211374],[14.5686302,58.6211384],[14.5685919,58.6211374],[14.5685738,58.6211279],[14.5685396,58.6211255],[14.5685383,58.6211175],[14.5685343,58.6211077],[14.5685135,58.6211017]]],[[[14.5686436,58.6206457],[14.5686449,58.620629],[14.5686583,58.620601],[14.5686838,58.6205801],[14.5686905,58.6205598],[14.5687133,58.6205494],[14.5687509,58.6205459],[14.5687965,58.6205354],[14.568834,58.6205305],[14.5688474,58.6205263],[14.5688944,58.6205214],[14.5689292,58.6205235],[14.5689547,58.62052],[14.5689815,58.6205096],[14.5689748,58.6204977],[14.5689681,58.6204809],[14.5690003,58.6204684],[14.5690204,58.6204481],[14.5690526,58.6204607],[14.5690338,58.6204816],[14.5690218,58.620504],[14.5690231,58.6205249],[14.5690472,58.6205438],[14.5690352,58.6205585],[14.5690285,58.6205766],[14.5690432,58.6205927],[14.5690942,58.6206031],[14.5690875,58.6206108],[14.569066,58.6206332],[14.569062,58.6206541],[14.5690338,58.620666],[14.568999,58.6206688],[14.5689547,58.6206737],[14.5689319,58.6206841],[14.5688903,58.6206911],[14.5688514,58.6206974],[14.5687911,58.6207009],[14.5687696,58.6206786],[14.5687549,58.6206828],[14.5687348,58.6206904],[14.5686878,58.6206821],[14.5686637,58.6206674],[14.5686436,58.6206457]]],[[[14.5687804,58.6234117],[14.5687938,58.6234054],[14.56883,58.6233914],[14.5688219,58.6233809],[14.5688193,58.6233607],[14.5688327,58.6233558],[14.5688608,58.6233425],[14.5688769,58.6233425],[14.5689373,58.623346],[14.5689252,58.62336],[14.5689453,58.623374],[14.568944,58.6233893],[14.5689158,58.6234054],[14.5689158,58.6234193],[14.5688997,58.6234319],[14.568893,58.6234417],[14.5688742,58.6234494],[14.5688407,58.6234536],[14.5688246,58.6234557],[14.5688219,58.6234445],[14.5688179,58.6234347],[14.5687884,58.6234284],[14.5687804,58.6234117]]],[[[14.5691425,58.6203943],[14.5691451,58.6203713],[14.5691438,58.6203566],[14.5691639,58.6203434],[14.5692001,58.6203441],[14.5692095,58.6203329],[14.5692296,58.6203287],[14.5692565,58.620328],[14.5692739,58.6203385],[14.5692846,58.6203524],[14.5692833,58.6203685],[14.5692752,58.6203741],[14.5692491,58.6203758],[14.5692511,58.6203881],[14.5692578,58.6204062],[14.5692484,58.6204202],[14.569239,58.6204223],[14.5692243,58.6204209],[14.5692055,58.6204181],[14.5691854,58.6204153],[14.5691653,58.6204055],[14.5691425,58.6203943]]],[[[14.5715001,58.6257682],[14.571531,58.6257424],[14.5715189,58.6257298],[14.5715269,58.6257117],[14.5715363,58.6256921],[14.5715779,58.625683],[14.5715967,58.625667],[14.5716342,58.6256439],[14.5716383,58.6256188],[14.571653,58.6255992],[14.5716919,58.6255587],[14.5717362,58.6255113],[14.5717737,58.6255182],[14.5718072,58.6254931],[14.5717885,58.6254889],[14.5717683,58.6254805],[14.571759,58.6254596],[14.5717683,58.6254387],[14.5718193,58.6254212],[14.5718327,58.6254093],[14.5718341,58.6253884],[14.5718059,58.6253814],[14.5717704,58.6253772],[14.5717559,58.6253709],[14.5717593,58.6253613],[14.5717559,58.6253505],[14.5717526,58.6253423],[14.5717683,58.6253299],[14.5717824,58.6253219],[14.5717995,58.6253116],[14.5718133,58.6253023],[14.571824,58.6252906],[14.5718334,58.6252798],[14.5718394,58.6252664],[14.5718327,58.625269],[14.57183,58.6252706],[14.5718163,58.6252782],[14.5718092,58.6252831],[14.5718012,58.6252924],[14.5717928,58.6252999],[14.5717747,58.6253084],[14.5717657,58.6253074],[14.5717522,58.6252948],[14.5717469,58.6252697],[14.5717496,58.6252418],[14.5717844,58.625232],[14.5718193,58.6252013],[14.5718783,58.6251845],[14.5718756,58.625158],[14.5719132,58.62513],[14.5718864,58.6251245],[14.571881,58.6251077],[14.5719159,58.6250895],[14.5719749,58.6250867],[14.5720178,58.6251021],[14.5720822,58.6250574],[14.5721023,58.6250483],[14.5721291,58.6250449],[14.5721117,58.625063],[14.5721291,58.6250665],[14.5721519,58.6250428],[14.572168,58.6250463],[14.5721506,58.6250658],[14.5721532,58.6250826],[14.5721506,58.6250979],[14.5721358,58.6251112],[14.5721224,58.6251252],[14.5721103,58.6251503],[14.5720929,58.6251698],[14.572054,58.6251999],[14.5720352,58.6252187],[14.5720392,58.6252369],[14.5720781,58.6252564],[14.5720929,58.6252459],[14.572105,58.6252341],[14.5721371,58.6252299],[14.5721734,58.6252208],[14.5721975,58.6252124],[14.5722176,58.6252257],[14.5722485,58.6252299],[14.5722686,58.6252124],[14.5722981,58.6252089],[14.5722847,58.6252362],[14.5723289,58.6252348],[14.5723678,58.6252466],[14.5724134,58.6252432],[14.5724349,58.6252501],[14.5724751,58.6252522],[14.5724885,58.625262],[14.5725033,58.6252816],[14.5724912,58.6252906],[14.5724925,58.625313],[14.5724604,58.6253241],[14.5724362,58.6253479],[14.5724416,58.6253744],[14.5724697,58.6254016],[14.5724644,58.6254212],[14.5724577,58.62544],[14.5724764,58.6254812],[14.5724764,58.6254987],[14.5724657,58.6255224],[14.5724939,58.6255406],[14.572522,58.625565],[14.5725609,58.6255713],[14.5725958,58.6255636],[14.5726414,58.625549],[14.5726387,58.6255392],[14.5726334,58.6255224],[14.5726307,58.6254938],[14.5726387,58.6254645],[14.5726494,58.6254589],[14.5726924,58.6254449],[14.5727487,58.6254414],[14.5728104,58.6254282],[14.5728144,58.6254352],[14.5728238,58.6254435],[14.5728466,58.6254666],[14.5728828,58.6254819],[14.5729378,58.6254924],[14.5729646,58.6254931],[14.5730209,58.6254959],[14.5730907,58.6254994],[14.573143,58.6255057],[14.5731711,58.6255176],[14.5731859,58.625535],[14.5732006,58.625565],[14.5731939,58.625586],[14.5731939,58.6256132],[14.5732154,58.6256342],[14.5732234,58.6256607],[14.5732073,58.6256795],[14.5732248,58.6257005],[14.5732033,58.6257333],[14.573202,58.6257529],[14.5731859,58.6257787],[14.5731524,58.6257933],[14.5731148,58.6258206],[14.5731215,58.6258345],[14.5731497,58.6258408],[14.5731886,58.6258429],[14.5731953,58.6258569],[14.5731845,58.6258813],[14.57321,58.6259072],[14.5732006,58.6259197],[14.5731644,58.6259379],[14.573092,58.6259302],[14.5730679,58.6259009],[14.5730518,58.625866],[14.5730183,58.6258688],[14.57297,58.6258722],[14.5729069,58.6258674],[14.5728466,58.6258464],[14.5727755,58.625838],[14.572683,58.6258373],[14.5726186,58.6258304],[14.572569,58.6258017],[14.5725261,58.6257717],[14.5724711,58.625741],[14.5724148,58.6257347],[14.5723625,58.6257535],[14.5723356,58.625771],[14.5723169,58.6258101],[14.572282,58.6258366],[14.5722364,58.6258506],[14.572176,58.6258604],[14.572109,58.6258841],[14.5720956,58.6259037],[14.5720929,58.6259253],[14.5720594,58.6259365],[14.5720366,58.6259253],[14.5720138,58.6259065],[14.5719548,58.6259065],[14.5719172,58.6259253],[14.5718448,58.6259414],[14.5717898,58.6259449],[14.571767,58.6259386],[14.5717791,58.6259204],[14.5717509,58.6259141],[14.5717268,58.6259072],[14.5716879,58.625896],[14.5716342,58.6258862],[14.5715886,58.6258876],[14.5715444,58.6258778],[14.5715336,58.6258632],[14.5715229,58.6258513],[14.571531,58.625829],[14.5715243,58.6258003],[14.5715122,58.625794],[14.5715001,58.6257682]]],[[[14.5729324,58.6293324],[14.5729539,58.6293198],[14.57297,58.6293122],[14.5730142,58.6292975],[14.5730518,58.6292849],[14.573088,58.6292814],[14.5730987,58.6292912],[14.5731175,58.6292975],[14.5731054,58.6293157],[14.5730947,58.6293268],[14.5731001,58.6293401],[14.5730826,58.6293527],[14.5730545,58.6293554],[14.5730115,58.6293443],[14.5729338,58.6293422],[14.5729324,58.6293324]]],[[[14.5749092,58.6289044],[14.5749333,58.6288681],[14.5749333,58.628836],[14.5749682,58.6288221],[14.574987,58.6287997],[14.5750299,58.6287802],[14.5750809,58.628755],[14.5751265,58.6287564],[14.5751587,58.6287439],[14.5752069,58.6287509],[14.5752579,58.6287578],[14.5752498,58.6287802],[14.5752901,58.6287872],[14.5753035,58.6288011],[14.5753679,58.6288011],[14.5753813,58.6287788],[14.5754269,58.6287788],[14.5754966,58.6287788],[14.5755288,58.6287886],[14.5755529,58.6288039],[14.5756361,58.6288165],[14.5756629,58.6288346],[14.5756951,58.628857],[14.5757675,58.6288584],[14.5757621,58.6288779],[14.5757353,58.6288835],[14.5757219,58.6289058],[14.5757353,58.6289268],[14.5757621,58.6289519],[14.5757273,58.6289924],[14.5757246,58.6290231],[14.5757085,58.6290608],[14.575687,58.6290818],[14.5756683,58.6290971],[14.5755959,58.6291279],[14.5755932,58.6291656],[14.5755663,58.6291949],[14.5755342,58.6292256],[14.5755181,58.6292507],[14.5754859,58.6292898],[14.5754698,58.629308],[14.5754269,58.6293261],[14.5753679,58.6293191],[14.5752954,58.6293108],[14.5752418,58.6292926],[14.575215,58.6292731],[14.5751882,58.6292423],[14.5751399,58.6292242],[14.5751023,58.6291991],[14.5750943,58.6291809],[14.575097,58.6291502],[14.5750648,58.6291292],[14.5750406,58.6290971],[14.5750299,58.6290566],[14.5750433,58.6290385],[14.5750433,58.6290161],[14.5750111,58.6290064],[14.5749816,58.6289715],[14.5749655,58.6289491],[14.5749387,58.628924],[14.5749092,58.6289044]]],[[[14.5758292,58.6295677],[14.5758346,58.6295356],[14.5758533,58.6295049],[14.5758533,58.6294644],[14.5758346,58.6294378],[14.5758668,58.6294197],[14.575915,58.6294001],[14.5759311,58.629375],[14.5759472,58.6293387],[14.5759875,58.629315],[14.5760787,58.6292759],[14.5761645,58.629234],[14.5761913,58.6292113],[14.5762161,58.62919],[14.5762657,58.6291715],[14.5762932,58.6291575],[14.5763174,58.6291422],[14.5763294,58.6291446],[14.5763241,58.6291617],[14.5763214,58.629169],[14.5763355,58.6291624],[14.5763455,58.6291495],[14.5763623,58.6291362],[14.5763791,58.6291327],[14.5763656,58.629146],[14.576367,58.6291663],[14.5763884,58.6291439],[14.5764059,58.6291327],[14.5764421,58.6291467],[14.5764461,58.6291635],[14.5764796,58.6291739],[14.576485,58.62919],[14.576485,58.6292123],[14.5765024,58.6292179],[14.5765333,58.6292193],[14.5765454,58.6292249],[14.5765708,58.6292361],[14.576595,58.6292389],[14.5766339,58.6292368],[14.5766567,58.6292437],[14.5766795,58.629257],[14.576654,58.6292773],[14.57665,58.6293031],[14.5766473,58.6293289],[14.5766526,58.6293554],[14.5766634,58.6293722],[14.5766325,58.6293813],[14.5766097,58.6294085],[14.5766017,58.6294315],[14.576599,58.6294637],[14.5765789,58.6294811],[14.576544,58.6294839],[14.5765011,58.629493],[14.5764649,58.6295048],[14.576426,58.6295293],[14.576418,58.6295495],[14.5763965,58.6295649],[14.5763563,58.6295789],[14.5763335,58.6295949],[14.5763174,58.6296145],[14.5762959,58.6296312],[14.576257,58.6296326],[14.5762302,58.6296487],[14.5762087,58.6296584],[14.5761551,58.6296633],[14.5761149,58.6296724],[14.5760934,58.6296766],[14.576021,58.6296675],[14.5759767,58.6296633],[14.5759204,58.6296598],[14.5758869,58.6296508],[14.5758614,58.6296368],[14.5758601,58.6296145],[14.5758453,58.6295928],[14.5758292,58.6295677]]],[[[14.5768967,58.6268393],[14.5769933,58.6268281],[14.5769799,58.6268016],[14.5769477,58.6267988],[14.576937,58.626775],[14.5769718,58.6267638],[14.5770013,58.6267485],[14.5770496,58.6267373],[14.5771596,58.6267345],[14.577173,58.6267555],[14.577181,58.6267708],[14.5772454,58.6267946],[14.5772722,58.6267722],[14.5773071,58.6267904],[14.5773071,58.6267638],[14.5773581,58.626775],[14.5773554,58.6268155],[14.5773795,58.6268658],[14.5774198,58.6269035],[14.5774198,58.6269272],[14.5774117,58.6269733],[14.5774493,58.6270236],[14.577527,58.6270124],[14.5775834,58.6270613],[14.577578,58.6270766],[14.577578,58.6271157],[14.5776075,58.6271897],[14.5776612,58.62718],[14.5776799,58.6272261],[14.5777121,58.6272638],[14.5777228,58.6273168],[14.5777148,58.6273713],[14.5777041,58.6274104],[14.5776746,58.6274243],[14.5776048,58.6274355],[14.5775431,58.627469],[14.577527,58.6274872],[14.5775297,58.6275277],[14.5774975,58.6275305],[14.5774412,58.6275221],[14.5774063,58.6275011],[14.5773715,58.6274732],[14.5773286,58.6274341],[14.5773286,58.6274104],[14.5772561,58.627409],[14.5772052,58.6273657],[14.5771569,58.6273266],[14.5771462,58.6272903],[14.5771542,58.6272693],[14.5771703,58.62724],[14.5771837,58.6272149],[14.5771891,58.6271758],[14.5771864,58.6271339],[14.5771676,58.6270808],[14.577122,58.6270334],[14.5771341,58.6270215],[14.5771522,58.6270054],[14.5771428,58.626997],[14.57712,58.6269897],[14.5771147,58.6269789],[14.5771026,58.6269695],[14.5770878,58.6269646],[14.5770664,58.6269649],[14.5770523,58.6269733],[14.576996,58.6269817],[14.5769772,58.6269552],[14.5769396,58.6269049],[14.5769343,58.6268756],[14.5768967,58.6268393]]],[[[14.5775324,58.6286531],[14.5775807,58.6286308],[14.5776343,58.6285945],[14.5776987,58.6285498],[14.5778006,58.628466],[14.5779723,58.6283794],[14.578203,58.6282258],[14.5783478,58.6281839],[14.5784229,58.6281225],[14.5785195,58.6280555],[14.5786697,58.6279773],[14.578836,58.6279103],[14.5789111,58.6278823],[14.5790495,58.6277638],[14.5790814,58.6277525],[14.5791149,58.6277441],[14.5791578,58.6277455],[14.5792812,58.6277595],[14.579426,58.6277762],[14.5795655,58.6277958],[14.579764,58.6278321],[14.5798981,58.6278963],[14.5800161,58.6279633],[14.5801395,58.6280164],[14.5802683,58.6280583],[14.5804346,58.6281141],[14.5804989,58.6281253],[14.5806384,58.6281784],[14.5806384,58.6282119],[14.580676,58.6282538],[14.5807618,58.6282398],[14.5808047,58.6282873],[14.5809227,58.6283487],[14.5810729,58.6284548],[14.5811319,58.6285498],[14.5812499,58.6286475],[14.5814162,58.6287592],[14.5815021,58.628857],[14.5815235,58.6289128],[14.5815235,58.6289938],[14.5815825,58.6290692],[14.5815289,58.6291055],[14.581427,58.629139],[14.5813519,58.6290943],[14.5813197,58.6290497],[14.5811641,58.6290804],[14.5809925,58.6291586],[14.5810515,58.6292619],[14.5809603,58.6292703],[14.5809871,58.6293122],[14.5809334,58.6293624],[14.5809227,58.6294071],[14.580971,58.6294462],[14.5810085,58.6294909],[14.5810032,58.6295439],[14.5809925,58.6296026],[14.5809925,58.6296501],[14.5810729,58.6296836],[14.5810622,58.6297394],[14.5809656,58.6297785],[14.5808208,58.6297729],[14.5807242,58.629759],[14.5806599,58.6297115],[14.5805687,58.6296389],[14.5804828,58.6295775],[14.5804131,58.629516],[14.5803916,58.6294518],[14.5803165,58.6293848],[14.5802414,58.6292898],[14.5801073,58.6292787],[14.5799947,58.6293205],[14.579882,58.6293792],[14.5797318,58.6294462],[14.5796084,58.6295328],[14.5794958,58.6296026],[14.5794207,58.6296529],[14.5792705,58.6296752],[14.5793402,58.6297701],[14.5792222,58.629812],[14.579072,58.6298372],[14.5788896,58.6298427],[14.578734,58.6298064],[14.5785838,58.629759],[14.5784926,58.6297059],[14.5783853,58.629611],[14.578321,58.6295104],[14.5782566,58.6293792],[14.5781493,58.62922],[14.5780367,58.6291139],[14.5779616,58.6290357],[14.5778757,58.6289463],[14.5778221,58.6288933],[14.5777041,58.6288179],[14.5776504,58.6287704],[14.577586,58.6287229],[14.5775324,58.6286531]]],[[[14.5778556,58.6248494],[14.577857,58.6248256],[14.5778663,58.6247851],[14.5778757,58.6247725],[14.5779093,58.6247453],[14.5779133,58.6247251],[14.5779026,58.6247027],[14.5778798,58.6246727],[14.5778596,58.624649],[14.5778798,58.6246364],[14.5778985,58.624628],[14.5779146,58.6246182],[14.5779374,58.6246064],[14.5779683,58.6245994],[14.5779911,58.6245882],[14.5780206,58.6245798],[14.5780528,58.6245735],[14.5780782,58.624568],[14.5781104,58.6245659],[14.5781386,58.6245652],[14.5781855,58.6245652],[14.5782472,58.6245687],[14.5782754,58.6245756],[14.5783009,58.6245917],[14.578325,58.6246126],[14.5783411,58.624612],[14.5783827,58.6246168],[14.5783813,58.6246099],[14.5784001,58.6246029],[14.5784229,58.6245952],[14.5784363,58.6245924],[14.5784457,58.6246008],[14.5784806,58.6246078],[14.5785074,58.6246001],[14.5784846,58.6245875],[14.5785168,58.6245715],[14.5785785,58.6245889],[14.5785825,58.6246001],[14.5785262,58.6246413],[14.578553,58.6246448],[14.5785597,58.6246538],[14.5786013,58.6246469],[14.5786254,58.6246462],[14.5786656,58.6246517],[14.5786804,58.6246643],[14.5786804,58.6246825],[14.5786965,58.624709],[14.5787153,58.6246992],[14.57873,58.624686],[14.5787381,58.6246713],[14.5787247,58.6246483],[14.5787702,58.6246441],[14.5787796,58.6246357],[14.5788078,58.6246343],[14.5788346,58.6246406],[14.5788588,58.6246566],[14.5788614,58.6246755],[14.5788427,58.624702],[14.578844,58.6247195],[14.5788306,58.6247383],[14.5788038,58.6247516],[14.5787716,58.6247663],[14.5787917,58.624783],[14.5787662,58.6248012],[14.5787542,58.6248179],[14.5787515,58.6248305],[14.5787501,58.6248466],[14.5787609,58.6248675],[14.5787595,58.624901],[14.57873,58.6249059],[14.5787394,58.6249136],[14.5787354,58.6249248],[14.5787139,58.6249436],[14.5787327,58.6249492],[14.5787327,58.6249722],[14.5787314,58.6249946],[14.5787287,58.6250099],[14.5787059,58.6250218],[14.5787059,58.6250351],[14.5786817,58.6250372],[14.5786764,58.6250449],[14.5786764,58.625056],[14.5786616,58.6250679],[14.5786415,58.6250798],[14.5786321,58.6250895],[14.5785986,58.625093],[14.5785584,58.6250986],[14.5785436,58.6251098],[14.5785597,58.6251196],[14.5785543,58.6251307],[14.5785436,58.6251377],[14.5785087,58.6251293],[14.5784859,58.6251384],[14.5784806,58.6251559],[14.578443,58.6251559],[14.5783907,58.6251538],[14.5783518,58.6251656],[14.5783693,58.6251796],[14.5783867,58.6251999],[14.5783907,58.6252138],[14.5783974,58.6252313],[14.5784014,58.6252473],[14.5783545,58.6252299],[14.5783518,58.6252075],[14.5783183,58.625195],[14.5782928,58.6251817],[14.5782499,58.6251712],[14.5782164,58.6251705],[14.5781627,58.6251601],[14.5781238,58.6251468],[14.5780997,58.6251286],[14.5780863,58.6251119],[14.5780796,58.6250874],[14.5780648,58.6250665],[14.5780635,58.625049],[14.5780916,58.6250169],[14.5780782,58.6250058],[14.578097,58.6249855],[14.5780782,58.6249708],[14.5780621,58.6249569],[14.5780662,58.6249443],[14.5781104,58.6249199],[14.5780957,58.6249052],[14.5780689,58.6248989],[14.5780353,58.6249024],[14.577979,58.6249066],[14.5779589,58.6249031],[14.5779227,58.6248933],[14.577873,58.6248689],[14.5778556,58.6248494]]],[[[14.5780595,58.6259372],[14.5780782,58.6259246],[14.5780782,58.6259127],[14.5781051,58.6259002],[14.5781252,58.6258862],[14.578144,58.6258918],[14.5781721,58.6258967],[14.5781976,58.6258904],[14.5782244,58.6258743],[14.5782351,58.6258667],[14.5782553,58.6258527],[14.5782526,58.6258401],[14.5782472,58.6258241],[14.5782606,58.6258122],[14.5782419,58.6258024],[14.5782566,58.6257668],[14.5782928,58.6257305],[14.5782781,58.6257256],[14.5782606,58.6257033],[14.5782834,58.6256865],[14.5782968,58.6256656],[14.5782995,58.6256439],[14.5782995,58.6256265],[14.5783116,58.625609],[14.578325,58.6255867],[14.5783398,58.625579],[14.5783317,58.625565],[14.5783491,58.6255497],[14.5783679,58.6255238],[14.5783827,58.6255162],[14.5783733,58.6255036],[14.5783921,58.6255015],[14.5784202,58.6255064],[14.5784444,58.6254868],[14.5784242,58.6254826],[14.5784202,58.6254645],[14.5784216,58.6254449],[14.5784149,58.6254289],[14.5784283,58.6253947],[14.5784685,58.6253933],[14.5784631,58.6253856],[14.5784605,58.6253702],[14.5784846,58.6253528],[14.5785061,58.6253451],[14.5785369,58.6253472],[14.578561,58.6253325],[14.5785597,58.6253144],[14.5785744,58.6253046],[14.5785718,58.625292],[14.5785718,58.6252753],[14.5785664,58.6252592],[14.5785798,58.6252487],[14.5786026,58.6252306],[14.5786254,58.625232],[14.5786402,58.6252152],[14.5786469,58.6251943],[14.5786697,58.6251733],[14.5786777,58.6251629],[14.5786911,58.6251433],[14.5787247,58.6251279],[14.5787542,58.6251272],[14.5787756,58.6251349],[14.5787743,58.6251489],[14.5787649,58.6251559],[14.5787662,58.6251663],[14.5787863,58.6251663],[14.5787823,58.6251824],[14.5787971,58.6251936],[14.5788212,58.625204],[14.5788507,58.625211],[14.5788842,58.6251957],[14.5789164,58.625181],[14.5789191,58.6251636],[14.5789298,58.6251496],[14.5789821,58.6251649],[14.5789593,58.6251482],[14.5789661,58.6251286],[14.5789446,58.6251112],[14.5789365,58.6250993],[14.5789245,58.6250847],[14.5789231,58.62507],[14.5789392,58.625049],[14.5789365,58.625033],[14.578954,58.6250127],[14.5789741,58.6250023],[14.5790036,58.6249904],[14.5790438,58.6249862],[14.579076,58.6249667],[14.5790854,58.6249443],[14.5790988,58.6249331],[14.579131,58.6249234],[14.5791605,58.6249052],[14.5791565,58.6248815],[14.5791887,58.6248794],[14.5792168,58.6248801],[14.5792316,58.6248682],[14.579226,58.6248505],[14.5792598,58.6248507],[14.5793067,58.624848],[14.5793268,58.6248521],[14.5793496,58.6248577],[14.5793684,58.6248696],[14.5793791,58.6248829],[14.5793791,58.6249045],[14.5793845,58.6249303],[14.5794006,58.624938],[14.5794019,58.6249464],[14.5794046,58.6249632],[14.5794247,58.6250023],[14.5794408,58.6250072],[14.579481,58.6250225],[14.5794985,58.625056],[14.57954,58.6250637],[14.5795521,58.6250756],[14.5795763,58.6251077],[14.5795776,58.6251238],[14.5796259,58.6251391],[14.5796433,58.6251622],[14.5796527,58.6251789],[14.5796594,58.6251915],[14.57965,58.6252138],[14.5796889,58.6252201],[14.5796849,58.6252334],[14.5796728,58.6252634],[14.5796943,58.6252725],[14.5796943,58.6252899],[14.5797157,58.625313],[14.5797546,58.6253025],[14.5797694,58.6253381],[14.5797814,58.625357],[14.5797814,58.6253765],[14.5797949,58.6254016],[14.5798257,58.6254212],[14.5798284,58.6254414],[14.5798297,58.6254596],[14.5798592,58.625484],[14.5798472,58.6255015],[14.5798659,58.6255224],[14.579886,58.6255385],[14.5799115,58.6255504],[14.5799088,58.6255671],[14.5799263,58.6255811],[14.5799357,58.6255992],[14.5799464,58.6256076],[14.5799679,58.6256376],[14.5799759,58.6256614],[14.5799839,58.625676],[14.5799719,58.6256858],[14.5799424,58.6257082],[14.5799933,58.6256935],[14.5800027,58.6256998],[14.5800067,58.6257284],[14.5800269,58.6257843],[14.5800336,58.6258052],[14.580043,58.6258199],[14.5800322,58.6258311],[14.580051,58.625852],[14.5800577,58.6258646],[14.580047,58.6258785],[14.580055,58.6258883],[14.5800671,58.6259072],[14.5800577,58.625926],[14.5800322,58.6259365],[14.5800269,58.6259463],[14.5800215,58.6259581],[14.5800175,58.6259735],[14.5799947,58.6259791],[14.5799638,58.62597],[14.5799263,58.6259909],[14.5799434,58.6259917],[14.5799665,58.6259916],[14.579992,58.6259965],[14.5800228,58.6260028],[14.5800322,58.62603],[14.5800658,58.6260356],[14.580102,58.6260503],[14.5801127,58.6260636],[14.5801073,58.6260817],[14.5800953,58.6260929],[14.5800993,58.6261047],[14.5801274,58.6261187],[14.5801234,58.6261362],[14.5801449,58.6261557],[14.5801288,58.6261676],[14.5801462,58.626169],[14.5801502,58.6261871],[14.580161,58.6262095],[14.5801771,58.6262276],[14.5802052,58.626243],[14.5802267,58.6262514],[14.5802414,58.6262591],[14.5802468,58.6262751],[14.5802508,58.626303],[14.5802508,58.6263177],[14.5802401,58.6263261],[14.5801637,58.6263533],[14.580169,58.6263631],[14.580161,58.6263701],[14.5801368,58.6263729],[14.580114,58.6263582],[14.5800859,58.6263561],[14.5800886,58.6263722],[14.5800805,58.6263819],[14.5800577,58.6263889],[14.5800309,58.6263868],[14.5799759,58.6263819],[14.5799437,58.6263903],[14.5799196,58.6264043],[14.5799303,58.626428],[14.5799129,58.6264343],[14.5799048,58.6264469],[14.5799075,58.626465],[14.5798713,58.6264783],[14.5798565,58.6264643],[14.5798405,58.6264706],[14.5798337,58.6264832],[14.5798109,58.6264783],[14.5797814,58.6264776],[14.5797667,58.6264936],[14.5797358,58.6264985],[14.5797144,58.6265034],[14.5796849,58.626495],[14.5796621,58.6264804],[14.5796219,58.6264853],[14.5796125,58.6264985],[14.5795695,58.6264874],[14.5795628,58.6264992],[14.5795789,58.6265027],[14.5795749,58.6265146],[14.5795347,58.6265209],[14.5794998,58.6265334],[14.5794824,58.6265348],[14.5794556,58.6265251],[14.5794354,58.62653],[14.5794207,58.6265418],[14.579422,58.6265558],[14.5794421,58.6265593],[14.5794368,58.6265725],[14.5794153,58.6265844],[14.5793992,58.6265844],[14.5793724,58.6265781],[14.5793603,58.6265642],[14.5793617,58.6265495],[14.5793791,58.6265432],[14.5793724,58.6265327],[14.5793737,58.6265139],[14.5793818,58.6264964],[14.5793751,58.6264888],[14.5793402,58.6264748],[14.5793188,58.6264762],[14.5793201,58.6264881],[14.579304,58.6264923],[14.5792986,58.6265076],[14.579308,58.6265195],[14.5792866,58.6265286],[14.5792852,58.626516],[14.5792799,58.626495],[14.5792665,58.6264664],[14.5792745,58.6264469],[14.5792691,58.6264385],[14.5792463,58.6264441],[14.5792142,58.6264504],[14.5791887,58.6264455],[14.5791806,58.6264329],[14.5791699,58.626421],[14.5791431,58.6264085],[14.5791431,58.6263952],[14.579131,58.626375],[14.5791216,58.6263631],[14.5791203,58.6263442],[14.5790908,58.6263359],[14.5790921,58.6263219],[14.579076,58.6263191],[14.5790707,58.6263037],[14.5790666,58.6262877],[14.5790894,58.6262744],[14.5790586,58.6262674],[14.5790479,58.6262472],[14.5790546,58.6262395],[14.5790452,58.626229],[14.5790291,58.6262039],[14.5790049,58.6261774],[14.5789956,58.6261508],[14.5789795,58.6261278],[14.5789808,58.6261068],[14.5789969,58.6260894],[14.5790197,58.6260663],[14.5790277,58.6260482],[14.5790505,58.6260468],[14.5790599,58.626065],[14.5790774,58.6260698],[14.5790992,58.6260485],[14.5790787,58.6260447],[14.579088,58.6260353],[14.5790741,58.626019],[14.5790479,58.6260175],[14.5790331,58.6260098],[14.5790237,58.625993],[14.5790418,58.6259812],[14.5790653,58.625977],[14.5790867,58.6259854],[14.5791176,58.6259944],[14.5791565,58.6260035],[14.5791592,58.6259902],[14.5791471,58.6259749],[14.5791122,58.6259525],[14.5790747,58.6259218],[14.5790479,58.6258967],[14.5790398,58.6258743],[14.57908,58.6258478],[14.5791069,58.6258436],[14.5792007,58.6258338],[14.57919,58.6258017],[14.5792061,58.6257682],[14.5791632,58.6257542],[14.5791391,58.6257347],[14.5791444,58.6257068],[14.5791605,58.6256719],[14.5791391,58.6256579],[14.5790881,58.6256383],[14.5790908,58.6256174],[14.5790586,58.6255923],[14.5790023,58.6255811],[14.5789754,58.6255657],[14.5789701,58.6255406],[14.5789432,58.6255169],[14.5789513,58.6254792],[14.5788789,58.6254666],[14.5788681,58.6254247],[14.5788319,58.6254331],[14.5788011,58.6254449],[14.5787837,58.6254352],[14.5787635,58.6254226],[14.5787407,58.6254156],[14.5787434,58.625403],[14.5787086,58.6253814],[14.5786911,58.62538],[14.5786911,58.6254009],[14.5786978,58.6254163],[14.5786938,58.6254261],[14.578671,58.6254338],[14.5786254,58.6254156],[14.5786308,58.6254226],[14.5786388,58.6254359],[14.5786563,58.625454],[14.5786925,58.6254617],[14.5786911,58.6254757],[14.5786723,58.6255113],[14.578667,58.6255322],[14.578667,58.6255497],[14.5786697,58.6255678],[14.5786884,58.6255832],[14.5786925,58.6255937],[14.5786951,58.6256132],[14.5786858,58.6256279],[14.5786925,58.6256432],[14.578667,58.6256537],[14.5786469,58.6256558],[14.57862,58.6256586],[14.5785986,58.6256753],[14.5786107,58.6256977],[14.5786147,58.6257172],[14.5786214,58.6257333],[14.5786321,58.6257591],[14.5786663,58.6257518],[14.578669,58.6257581],[14.5786656,58.62577],[14.5786737,58.6257707],[14.5786855,58.6257766],[14.5786898,58.6257843],[14.5786878,58.6257965],[14.5786664,58.6258026],[14.5786757,58.6258112],[14.5786871,58.6258185],[14.5786723,58.6258195],[14.5786563,58.625829],[14.5786426,58.6258349],[14.5786261,58.6258384],[14.5786127,58.6258516],[14.5785999,58.625866],[14.578617,58.6258699],[14.5786294,58.6258743],[14.5786375,58.6258796],[14.5786415,58.6258883],[14.5786402,58.6258977],[14.5786247,58.6259072],[14.5786288,58.6259169],[14.5786348,58.6259257],[14.57862,58.6259344],[14.57861,58.6259431],[14.5786247,58.6259522],[14.5786375,58.6259599],[14.5786408,58.6259669],[14.5786382,58.6259728],[14.5786174,58.6259773],[14.5785999,58.625971],[14.5785865,58.6259703],[14.5785852,58.625985],[14.5785872,58.6260004],[14.5785812,58.6260126],[14.5785785,58.6260231],[14.5785785,58.6260423],[14.5785905,58.626043],[14.578608,58.6260468],[14.5786241,58.6260531],[14.5786247,58.6260608],[14.5786314,58.6260716],[14.5786455,58.6260824],[14.5786415,58.6260918],[14.5786308,58.6261039],[14.5786475,58.626111],[14.5786412,58.6261178],[14.5786281,58.6261278],[14.578611,58.6261437],[14.5786237,58.62615],[14.578612,58.6261589],[14.578616,58.6261634],[14.5786388,58.6261578],[14.5786817,58.6261578],[14.5786643,58.6261711],[14.5786764,58.6261753],[14.5786817,58.6261997],[14.5786992,58.6262095],[14.5786938,58.6262276],[14.5787072,58.6262381],[14.578734,58.6262465],[14.578777,58.6262437],[14.5787904,58.6262514],[14.5787877,58.6262604],[14.5787595,58.6262891],[14.5787448,58.6263156],[14.5787166,58.6263331],[14.5787609,58.6263254],[14.5787649,58.6263359],[14.5787582,58.6263449],[14.5787515,58.6263687],[14.5787287,58.6263673],[14.5787019,58.6263715],[14.5786844,58.6263805],[14.5786737,58.6263889],[14.5786549,58.6264106],[14.5786415,58.6264036],[14.5786227,58.6263959],[14.578604,58.6264043],[14.5785838,58.6264148],[14.5785637,58.626405],[14.5785382,58.6263945],[14.5785128,58.6263868],[14.5784765,58.6263917],[14.5784725,58.6263798],[14.5784886,58.6263687],[14.5785101,58.6263596],[14.5785114,58.626347],[14.5785195,58.6263317],[14.5784792,58.62634],[14.5784618,58.6263233],[14.5784497,58.6263428],[14.5784377,58.6263324],[14.5784296,58.6263226],[14.5784122,58.6262995],[14.5784055,58.6262863],[14.5784149,58.6262758],[14.5784444,58.62625],[14.5784712,58.6262297],[14.5784993,58.6262081],[14.5785262,58.626192],[14.5785651,58.6261662],[14.5785718,58.6261487],[14.578557,58.6261397],[14.5785275,58.6261515],[14.5785074,58.6261564],[14.5784658,58.6261536],[14.5784256,58.6261599],[14.5783912,58.6261772],[14.5783612,58.6261822],[14.5783344,58.626185],[14.5783009,58.6261892],[14.5782673,58.6261829],[14.5782459,58.6261892],[14.5782311,58.626192],[14.5781936,58.6261836],[14.5781654,58.6261948],[14.5781466,58.6261767],[14.5781386,58.6261592],[14.578144,58.626139],[14.5781453,58.626118],[14.5781292,58.6260964],[14.5781158,58.6260524],[14.5781748,58.626051],[14.578203,58.6260454],[14.578215,58.626037],[14.5782311,58.6260175],[14.5782298,58.6260014],[14.5782123,58.6259972],[14.5781828,58.626007],[14.578144,58.6260056],[14.5781466,58.6259909],[14.5781292,58.6259784],[14.5781144,58.6259819],[14.5780997,58.6259902],[14.5780957,58.62597],[14.578093,58.6259581],[14.5780796,58.62594],[14.5780595,58.6259372]]],[[[14.5780608,58.6326359],[14.5780621,58.6326289],[14.5780836,58.632601],[14.5781144,58.6325779],[14.5781305,58.6325612],[14.5781185,58.63255],[14.5780943,58.6325374],[14.5780863,58.6325221],[14.578097,58.6324983],[14.5781279,58.6324921],[14.5781668,58.6324907],[14.5781936,58.6324739],[14.5781989,58.6324634],[14.5781802,58.6324488],[14.5781694,58.6324397],[14.5781708,58.6324146],[14.5781815,58.6323929],[14.5781748,58.6323657],[14.5781855,58.6323524],[14.5781909,58.6323434],[14.5782177,58.6323301],[14.5782606,58.6323308],[14.578274,58.6323245],[14.5783183,58.6323182],[14.5783599,58.632321],[14.5783934,58.6323301],[14.5784162,58.6323434],[14.5784162,58.6323685],[14.578435,58.6323713],[14.5784175,58.6324013],[14.5784444,58.6324034],[14.5784739,58.6324397],[14.5784658,58.6325193],[14.5785007,58.6325863],[14.5784819,58.6326673],[14.5784792,58.6327245],[14.5784926,58.6327413],[14.5785302,58.632765],[14.5785382,58.6327873],[14.5785248,58.6328236],[14.5784819,58.6328502],[14.5783907,58.6329158],[14.5783384,58.6329249],[14.5783062,58.6329311],[14.5782606,58.632943],[14.5782204,58.6329465],[14.5781815,58.6329451],[14.578148,58.6329318],[14.5781185,58.6329172],[14.5780957,58.6328732],[14.5780756,58.632862],[14.5780809,58.6328404],[14.5780984,58.6328202],[14.5780984,58.6327873],[14.5780943,58.6327615],[14.578093,58.6327441],[14.5780876,58.6327294],[14.5780876,58.6327127],[14.5780863,58.6326729],[14.5780702,58.6326498],[14.5780608,58.6326359]]],[[[14.5781098,58.6255493],[14.5781118,58.6255406],[14.5781198,58.6255249],[14.5781265,58.6255137],[14.5781272,58.6254987],[14.5781205,58.6254924],[14.5781326,58.6254722],[14.578152,58.6254502],[14.5781842,58.625424],[14.5782056,58.6254121],[14.5782123,58.6253968],[14.578211,58.6253845],[14.5782036,58.625373],[14.5781875,58.6253664],[14.5781688,58.6253559],[14.5781708,58.6253468],[14.5781661,58.625344],[14.57815,58.6253371],[14.5781554,58.6253301],[14.5781779,58.6253283],[14.5781714,58.6253221],[14.5781486,58.625314],[14.5781419,58.6253032],[14.5781401,58.6252924],[14.5781614,58.6252767],[14.5781842,58.6252753],[14.578215,58.6252753],[14.5782365,58.6252697],[14.5782204,58.625255],[14.5782338,58.6252459],[14.5782512,58.6252487],[14.5782754,58.6252564],[14.578317,58.6252676],[14.578317,58.6252802],[14.578333,58.6252781],[14.5783384,58.625285],[14.5783398,58.6252941],[14.578333,58.6253053],[14.5783223,58.6253193],[14.578333,58.6253304],[14.5783478,58.6253374],[14.5783666,58.6253465],[14.5783491,58.6253639],[14.578333,58.6253758],[14.5783076,58.6253744],[14.5782942,58.6253863],[14.5782821,58.625394],[14.5782767,58.6254065],[14.5782861,58.6254149],[14.5782866,58.6254315],[14.5782754,58.6254435],[14.5782727,58.625454],[14.5782767,58.6254659],[14.5782727,58.6254743],[14.5782512,58.6254847],[14.5782271,58.6254966],[14.5782097,58.6255015],[14.5782003,58.6255141],[14.5781882,58.6255182],[14.5781735,58.6255266],[14.5781654,58.6255392],[14.578156,58.6255511],[14.5781305,58.6255601],[14.5781212,58.6255622],[14.5781151,58.6255584],[14.5781098,58.6255493]]],[[[14.5781131,58.6333381],[14.5781279,58.6333242],[14.578144,58.6333095],[14.578144,58.6332886],[14.5781815,58.6332851],[14.5782003,58.6332774],[14.5782365,58.6332774],[14.5782526,58.6332676],[14.5782204,58.6332551],[14.5782284,58.6332453],[14.5782673,58.6332453],[14.5782848,58.633225],[14.5783076,58.6332194],[14.5783196,58.6332097],[14.5783451,58.6331964],[14.5783733,58.633179],[14.5783773,58.6331496],[14.5784283,58.6331378],[14.5784403,58.6331455],[14.5784377,58.6331615],[14.5784685,58.6331636],[14.578494,58.6331622],[14.5785262,58.6331545],[14.578553,58.633151],[14.5785651,58.6331678],[14.578557,58.6331762],[14.5785503,58.6331915],[14.5785436,58.6332062],[14.5785396,58.6332208],[14.578549,58.6332362],[14.5785436,58.6332523],[14.5785382,58.6332767],[14.5785168,58.6332913],[14.5784779,58.6333116],[14.5784336,58.6333318],[14.5783746,58.63335],[14.5783599,58.6333632],[14.5783398,58.63338],[14.5783116,58.6333989],[14.5782512,58.6334463],[14.578215,58.6334282],[14.5782204,58.633403],[14.57816,58.6333793],[14.5781627,58.6333612],[14.5781131,58.6333381]]],[[[14.5790827,58.6314777],[14.5791069,58.6314666],[14.5791391,58.6314456],[14.5791766,58.6314289],[14.5792383,58.6314386],[14.5792946,58.631387],[14.5792732,58.6313605],[14.5793241,58.6313451],[14.5794113,58.6312865],[14.5794958,58.6312488],[14.5795977,58.6312257],[14.5796809,58.6311908],[14.5797439,58.6311545],[14.5797895,58.6311238],[14.5798083,58.6311049],[14.5798324,58.6310749],[14.5798659,58.6310219],[14.5799021,58.6309884],[14.5799719,58.6309549],[14.5800014,58.6309283],[14.5800161,58.6309004],[14.5800188,58.6308864],[14.5800175,58.6308599],[14.5800778,58.6308425],[14.5801114,58.6308341],[14.5801811,58.6308006],[14.58022,58.6307929],[14.5802535,58.6308055],[14.5802522,58.6308152],[14.5802374,58.6308348],[14.5802307,58.6308655],[14.5802642,58.6308899],[14.5803259,58.6308802],[14.5804144,58.6308564],[14.5804627,58.6308362],[14.5805472,58.6307957],[14.5805942,58.6307657],[14.5806371,58.6307252],[14.5806679,58.6307154],[14.5807095,58.6307014],[14.5807618,58.6306749],[14.5808235,58.6306651],[14.5808597,58.6306596],[14.5808744,58.6306477],[14.5809013,58.6306344],[14.5809549,58.6306226],[14.5810005,58.6306191],[14.5810541,58.6306177],[14.581089,58.6305967],[14.5811239,58.6305911],[14.5811453,58.6306051],[14.5811748,58.630603],[14.5812124,58.6305883],[14.5812727,58.6305807],[14.5813009,58.6305883],[14.5813546,58.6305716],[14.5814028,58.6305423],[14.5814726,58.6305283],[14.5815182,58.6305325],[14.581596,58.6305395],[14.5815477,58.6305116],[14.5816067,58.6305116],[14.5816684,58.6304934],[14.5816979,58.6304808],[14.5817783,58.6304725],[14.5818159,58.6304934],[14.5818481,58.6304892],[14.5819259,58.6304892],[14.5819393,58.6304725],[14.5819232,58.6304515],[14.5820037,58.6304362],[14.582009,58.6304697],[14.5820573,58.6304557],[14.5821297,58.6304348],[14.5822343,58.630432],[14.5822585,58.630418],[14.5823684,58.6303817],[14.5823228,58.6304166],[14.5822906,58.6304362],[14.5822826,58.6304515],[14.5822611,58.6304892],[14.5823041,58.6305074],[14.5823389,58.6305367],[14.5823792,58.6305506],[14.5824113,58.6305311],[14.582473,58.6305311],[14.5824677,58.6305604],[14.5824864,58.6305856],[14.582473,58.6306149],[14.582526,58.6306397],[14.5826313,58.6306735],[14.5826501,58.6307056],[14.5827091,58.630721],[14.5827627,58.6307377],[14.5827278,58.6308062],[14.5826715,58.6308522],[14.5825991,58.6308955],[14.582524,58.6309374],[14.582408,58.6309572],[14.582347,58.6309877],[14.5822719,58.6310337],[14.582186,58.6311259],[14.5819075,58.6313274],[14.5817317,58.6314335],[14.5816791,58.6315294],[14.5815316,58.6316397],[14.5814618,58.6317207],[14.5814082,58.6317374],[14.5813251,58.6317472],[14.5812392,58.6317793],[14.5811883,58.63181],[14.5811293,58.6318924],[14.5810783,58.6319385],[14.5810166,58.6319915],[14.5809737,58.632025],[14.58092,58.6320641],[14.5808396,58.6321214],[14.5807162,58.6321633],[14.5805821,58.6321828],[14.5804131,58.6322121],[14.5803085,58.6322149],[14.5801797,58.6321982],[14.5800483,58.632173],[14.579992,58.6321716],[14.5798767,58.6321535],[14.5796594,58.6321228],[14.5795441,58.6320948],[14.5794663,58.6320739],[14.5793912,58.6320278],[14.5793107,58.6319929],[14.5792195,58.6319203],[14.5792073,58.6318686],[14.5791887,58.6318114],[14.5791793,58.6317842],[14.5791538,58.63175],[14.5791391,58.6317249],[14.5791216,58.6316893],[14.579131,58.631662],[14.5791471,58.6316306],[14.5791122,58.6316132],[14.5790935,58.6315964],[14.5791055,58.6315643],[14.579131,58.6315392],[14.5791766,58.6314861],[14.5791592,58.6314819],[14.5791444,58.6314945],[14.5790961,58.6315057],[14.5790827,58.6314777]]],[[[14.5798847,58.6272372],[14.5799035,58.6272093],[14.5799866,58.6271311],[14.5801046,58.6270445],[14.5801851,58.6270529],[14.5802629,58.6270124],[14.58033,58.6270026],[14.5803943,58.6270054],[14.5804372,58.6270194],[14.5804909,58.6270473],[14.5805714,58.6270725],[14.5806089,58.6271102],[14.5806116,58.6271506],[14.5806867,58.6271744],[14.5807564,58.6271842],[14.5808154,58.6271576],[14.5808235,58.6271311],[14.5808235,58.6271088],[14.5808208,58.6270906],[14.5808074,58.6270655],[14.5807591,58.6270222],[14.5807457,58.6269803],[14.5807216,58.6269607],[14.5806894,58.6269482],[14.5806384,58.6269202],[14.580676,58.6268909],[14.5806411,58.6268742],[14.5806947,58.6268309],[14.5806196,58.6268309],[14.5805982,58.6268141],[14.5806089,58.6267792],[14.5806357,58.6267443],[14.5806679,58.6267094],[14.5807028,58.6266843],[14.5807403,58.6266479],[14.5807752,58.626613],[14.5808127,58.6266256],[14.5808476,58.6265642],[14.5808208,58.6265348],[14.5808396,58.6265195],[14.5808718,58.626486],[14.5809093,58.6264594],[14.5809522,58.6264469],[14.5809925,58.6264497],[14.5810676,58.6264343],[14.5810622,58.6264148],[14.5810166,58.6263938],[14.5810434,58.6263715],[14.5810756,58.6263575],[14.5810997,58.6263449],[14.5811722,58.6263212],[14.5812339,58.6263072],[14.5812768,58.6262905],[14.5813251,58.6262877],[14.5813612,58.6262823],[14.5813921,58.6262632],[14.5814176,58.6262549],[14.5814364,58.6262563],[14.5814377,58.6262695],[14.5814404,58.6262786],[14.5814337,58.6262891],[14.5814069,58.6262988],[14.5814243,58.6263149],[14.5814095,58.6263254],[14.5813961,58.6263407],[14.5813546,58.6263463],[14.5813599,58.6263547],[14.5813438,58.6263687],[14.581321,58.6263736],[14.5812942,58.6263882],[14.5812929,58.6264071],[14.5813251,58.6264036],[14.5813666,58.626398],[14.5814082,58.6264008],[14.5814511,58.6264008],[14.58149,58.6264015],[14.5815061,58.6264099],[14.5815195,58.6264273],[14.5815235,58.6264497],[14.5815517,58.6264525],[14.5815665,58.6264713],[14.5815718,58.626509],[14.581612,58.6265251],[14.5815919,58.6265376],[14.581604,58.6265579],[14.5816214,58.62659],[14.5816509,58.6265886],[14.5816684,58.6266047],[14.5816845,58.6266221],[14.581718,58.6266375],[14.5817623,58.6266459],[14.5817555,58.6266598],[14.5817435,58.6266745],[14.5817368,58.6266863],[14.5817676,58.6267017],[14.5817864,58.6267031],[14.5818025,58.6267192],[14.581836,58.626752],[14.5818441,58.6267841],[14.5818709,58.6268169],[14.5818762,58.6268462],[14.5818709,58.6268658],[14.581883,58.6268853],[14.581899,58.6269056],[14.5819326,58.6269133],[14.5819809,58.6269091],[14.5820144,58.6269223],[14.582001,58.6269314],[14.5819849,58.626951],[14.5819607,58.6269747],[14.5819554,58.6269956],[14.5819795,58.627004],[14.5820372,58.626997],[14.5820358,58.6270047],[14.5820211,58.6270306],[14.5820613,58.6270278],[14.5820573,58.6270354],[14.5820546,58.6270543],[14.5820855,58.6270613],[14.582119,58.6270669],[14.5821351,58.6270711],[14.5821579,58.6270864],[14.5821659,58.6270997],[14.5822115,58.6271234],[14.582241,58.6271381],[14.5822893,58.627173],[14.5823108,58.6271953],[14.5823671,58.6272177],[14.5823926,58.6272358],[14.5823912,58.6272491],[14.582347,58.627247],[14.5823336,58.6272686],[14.5823564,58.6272749],[14.5823832,58.6272805],[14.5824462,58.6273077],[14.5824502,58.6273266],[14.5824663,58.6273406],[14.5824851,58.6273601],[14.5824972,58.6273915],[14.5825066,58.6274041],[14.5825066,58.6274257],[14.582532,58.6274355],[14.5825589,58.6274495],[14.5825978,58.6274516],[14.5826367,58.6274502],[14.5826675,58.6274585],[14.5826782,58.6274725],[14.5826769,58.6274879],[14.5826501,58.6274935],[14.5826192,58.6275053],[14.5825937,58.6275339],[14.5825964,58.62755],[14.582634,58.6275619],[14.582634,58.6275723],[14.5826407,58.6275919],[14.5826407,58.6276094],[14.5826527,58.6276387],[14.5826675,58.6276554],[14.5826903,58.6276708],[14.5827466,58.6276875],[14.5827641,58.6277036],[14.5827775,58.6277225],[14.5827708,58.6277469],[14.5827587,58.6277699],[14.58276,58.6277804],[14.582815,58.6277965],[14.582811,58.6278111],[14.5828284,58.627816],[14.5828338,58.6278286],[14.5828043,58.6278481],[14.5828177,58.62786],[14.5828244,58.627867],[14.5828217,58.6278768],[14.5828123,58.62789],[14.5828338,58.6279082],[14.5828311,58.6279284],[14.5828123,58.6279375],[14.5828325,58.6279494],[14.5828579,58.6279647],[14.5828646,58.6279843],[14.5828848,58.6279899],[14.5829022,58.627994],[14.5829169,58.6280136],[14.582933,58.6280297],[14.5829639,58.6280359],[14.5829867,58.6280485],[14.5829988,58.6280771],[14.5830216,58.6280855],[14.583039,58.6281002],[14.5830511,58.6281225],[14.5830511,58.62814],[14.5830846,58.6281714],[14.5831114,58.6281839],[14.5831262,58.6282091],[14.5830993,58.6282314],[14.5831101,58.628237],[14.5831355,58.6282461],[14.5831691,58.6282691],[14.5831758,58.6282908],[14.5832066,58.6283236],[14.5831972,58.628341],[14.5832187,58.6283529],[14.5832361,58.6283857],[14.5832656,58.6284402],[14.5832106,58.6284513],[14.5832187,58.6284688],[14.5832482,58.6284828],[14.5831892,58.6285302],[14.5831865,58.6285554],[14.583208,58.6285791],[14.5832093,58.6286021],[14.5831798,58.6286231],[14.5831476,58.6286468],[14.5831342,58.6286615],[14.5831396,58.628688],[14.5831302,58.6287069],[14.5831248,58.6287341],[14.5831074,58.6287655],[14.5831127,58.6287851],[14.5830886,58.6288109],[14.5830993,58.6288256],[14.5830993,58.628857],[14.5831047,58.6288905],[14.5830752,58.6289037],[14.5830591,58.6289254],[14.5830524,58.628938],[14.5830122,58.6289561],[14.5829679,58.6289722],[14.5829424,58.6289826],[14.5829062,58.6289994],[14.5828995,58.6290168],[14.5828821,58.6290427],[14.5828485,58.6290559],[14.5828029,58.6290755],[14.5827949,58.6290895],[14.5827761,58.6290992],[14.5827319,58.6291027],[14.5827091,58.6291076],[14.5826648,58.6291111],[14.5826313,58.629095],[14.5826125,58.6290741],[14.5826125,58.6290552],[14.5826313,58.6290315],[14.5825911,58.6290301],[14.5825884,58.6290734],[14.5825589,58.6290846],[14.5825374,58.6290608],[14.5825589,58.6290301],[14.5825267,58.6290078],[14.5824328,58.6289784],[14.5824489,58.6289533],[14.5824033,58.6289449],[14.582347,58.6289421],[14.5822826,58.6289254],[14.5822209,58.6288933],[14.5821673,58.6288723],[14.5820814,58.6288556],[14.5819929,58.6288193],[14.5819446,58.6287927],[14.5819017,58.6287592],[14.5818856,58.6287229],[14.5818669,58.628681],[14.5818293,58.6286475],[14.5817918,58.628621],[14.5817676,58.6286028],[14.5817381,58.6285805],[14.5816657,58.6285554],[14.5817006,58.6285344],[14.581655,58.6285121],[14.5816576,58.6284688],[14.5816389,58.6284227],[14.5815745,58.6283906],[14.5815289,58.6283557],[14.5814887,58.6283082],[14.5814726,58.6282663],[14.5814028,58.6282244],[14.5813814,58.6281672],[14.5813572,58.6281407],[14.5813277,58.6281169],[14.5813358,58.6280848],[14.5813519,58.6280597],[14.5813438,58.6280276],[14.5813143,58.6280108],[14.5812848,58.6279745],[14.5813063,58.6279452],[14.5812553,58.6279103],[14.5812714,58.6278795],[14.5813009,58.6278488],[14.5812982,58.6278195],[14.5812795,58.627793],[14.5812285,58.6277623],[14.5812204,58.6277399],[14.5811748,58.6277148],[14.5811427,58.6277176],[14.5811024,58.6277232],[14.5810676,58.6276994],[14.581089,58.6276771],[14.5811266,58.6276464],[14.5811453,58.6276184],[14.5811748,58.6275905],[14.5812204,58.627571],[14.581258,58.6275388],[14.581258,58.6275165],[14.5812204,58.6274886],[14.5812097,58.6274509],[14.5811427,58.6274201],[14.5810863,58.6273978],[14.58103,58.6273713],[14.5809603,58.627335],[14.5809147,58.6273266],[14.5808342,58.6273029],[14.5808449,58.6272679],[14.5808262,58.6272428],[14.5808423,58.6272205],[14.5808074,58.6272079],[14.5807242,58.6272121],[14.580684,58.6272274],[14.5806465,58.6272651],[14.5805955,58.6273112],[14.5805553,58.6273266],[14.5804372,58.627321],[14.5802549,58.6272861],[14.580161,58.6272749],[14.580043,58.6272707],[14.5799652,58.6272638],[14.5799169,58.6272568],[14.5798847,58.6272372]]],[[[14.5805955,58.6250393],[14.5806129,58.6250197],[14.5806183,58.6249911],[14.5806223,58.6249743],[14.5806652,58.6249576],[14.5806974,58.6249604],[14.5806974,58.6249422],[14.5806907,58.6249171],[14.5807041,58.6248947],[14.5807108,58.6248549],[14.5807189,58.6248193],[14.5807511,58.6248005],[14.5807806,58.6247746],[14.5807913,58.624753],[14.580849,58.6247418],[14.580857,58.6247195],[14.5808771,58.6247041],[14.5809187,58.6246957],[14.580979,58.6246888],[14.5809911,58.6247097],[14.5810045,58.6247104],[14.5810153,58.6247216],[14.5810474,58.6247251],[14.5810515,58.6247362],[14.5810769,58.6247488],[14.5810702,58.62479],[14.5810823,58.6248019],[14.581085,58.6248221],[14.5810729,58.6248473],[14.5810676,58.6248549],[14.5810314,58.6248598],[14.5810273,58.6248759],[14.5809992,58.6248745],[14.5809388,58.6248933],[14.5809858,58.6249122],[14.5810448,58.6249366],[14.581093,58.6249611],[14.5811172,58.624989],[14.5811105,58.6250023],[14.5811118,58.6250197],[14.5811225,58.6250267],[14.5811145,58.6250428],[14.581093,58.6250553],[14.5811038,58.6250665],[14.5811306,58.6250819],[14.581148,58.625107],[14.5811453,58.625137],[14.5811293,58.6251545],[14.5811346,58.6251698],[14.5811655,58.6251775],[14.5812044,58.6251754],[14.5812432,58.6251552],[14.5812741,58.6251559],[14.5812996,58.6251649],[14.5813559,58.625188],[14.5813586,58.6252061],[14.5813479,58.6252348],[14.5813653,58.6252578],[14.5813586,58.6252843],[14.5813358,58.6253032],[14.5812915,58.6253193],[14.58125,58.62532],[14.5811735,58.6253339],[14.5811628,58.6253255],[14.5811494,58.6253151],[14.5811172,58.6252934],[14.5811024,58.6252767],[14.5810837,58.6252564],[14.5810528,58.6252271],[14.5810287,58.6252264],[14.5810005,58.625218],[14.5809737,58.6252061],[14.5809469,58.6251922],[14.5809254,58.6251978],[14.5809053,58.6251964],[14.5808731,58.6251838],[14.5808557,58.6251691],[14.5808302,58.6251559],[14.5808262,58.6251426],[14.5808355,58.6251293],[14.5808624,58.6251021],[14.5808624,58.6250881],[14.5808396,58.6250735],[14.5808221,58.62507],[14.5807765,58.6250665],[14.5807189,58.6250679],[14.5807014,58.6250728],[14.5806693,58.6250714],[14.5806357,58.6250644],[14.5806143,58.6250553],[14.5805955,58.6250393]]],[[[14.581439,58.6255832],[14.5814551,58.6255755],[14.5814726,58.6255573],[14.5814806,58.625542],[14.5815048,58.6255364],[14.5815209,58.6255273],[14.5815289,58.6255148],[14.5815316,58.6254994],[14.581549,58.6254889],[14.5815852,58.6254896],[14.5815799,58.6254764],[14.581612,58.6254694],[14.581612,58.6254589],[14.5816429,58.6254512],[14.5816456,58.6254715],[14.5816644,58.6254736],[14.581667,58.6254875],[14.5816778,58.6255022],[14.5817032,58.6255238],[14.5816858,58.625535],[14.5816912,58.6255567],[14.5816872,58.6255727],[14.5816697,58.625586],[14.5816483,58.6255636],[14.5816348,58.6255678],[14.5816375,58.6255783],[14.5816322,58.6256013],[14.5816134,58.6256181],[14.5815866,58.6256286],[14.5815825,58.6256132],[14.5815852,58.6255999],[14.5815799,58.625586],[14.5815584,58.6255874],[14.5815423,58.6255985],[14.5815182,58.6255902],[14.5814954,58.6255895],[14.5814605,58.6255944],[14.581439,58.6255832]]],[[[14.5820962,58.631557],[14.5821076,58.6315482],[14.582115,58.6315395],[14.5821156,58.631528],[14.5821062,58.6315137],[14.5821277,58.6315102],[14.5821371,58.6314987],[14.582125,58.6314927],[14.5821297,58.6314851],[14.5821612,58.6314837],[14.5821961,58.6314868],[14.5822122,58.631483],[14.5822216,58.6314728],[14.5822337,58.6314589],[14.5822618,58.6314442],[14.5822732,58.6314345],[14.582302,58.6314222],[14.5823222,58.6314212],[14.5823503,58.6314243],[14.5823798,58.6314292],[14.5823604,58.6314428],[14.5823523,58.6314505],[14.5823336,58.6314683],[14.5823074,58.6314931],[14.5822833,58.6315259],[14.5822618,58.6315399],[14.5822343,58.6315594],[14.5821572,58.6315999],[14.5821431,58.631602],[14.5821277,58.6315992],[14.5821123,58.6315947],[14.5821062,58.631588],[14.5821056,58.6315814],[14.582115,58.6315657],[14.5820962,58.631557]]],[[[14.5851378,58.6311608],[14.5851405,58.631144],[14.58517,58.6311426],[14.5851848,58.6311322],[14.5852035,58.6311357],[14.5852371,58.6311357],[14.5852505,58.631144],[14.5852397,58.6311573],[14.5852411,58.6311713],[14.5852612,58.6311817],[14.5852545,58.6311915],[14.5852397,58.6311915],[14.5852089,58.6311838],[14.5851874,58.6311776],[14.5851512,58.6311706],[14.5851378,58.6311608]]],[[[14.5864749,58.6310673],[14.5865017,58.6310575],[14.5865299,58.63104],[14.5865513,58.6310289],[14.5865808,58.6310093],[14.5865701,58.6309988],[14.5865299,58.6309926],[14.5865017,58.6309842],[14.5865178,58.6309611],[14.5865446,58.6309521],[14.586558,58.6309374],[14.5865473,58.6309206],[14.5865621,58.630913],[14.5865862,58.6309095],[14.5866546,58.6309004],[14.5867123,58.6308955],[14.5867337,58.630899],[14.5867847,58.6309018],[14.586833,58.6309046],[14.5868129,58.6309151],[14.5868129,58.6309276],[14.5868504,58.6309339],[14.5868598,58.6309563],[14.5868611,58.6309688],[14.586845,58.6309877],[14.5867994,58.6310009],[14.5868048,58.63101],[14.5868236,58.6310289],[14.5868075,58.6310379],[14.5867713,58.6310477],[14.5867069,58.631061],[14.5866586,58.6310735],[14.5866331,58.631091],[14.5866479,58.6310987],[14.5866935,58.6311042],[14.5867029,58.6311175],[14.5867458,58.6311245],[14.5867592,58.6311357],[14.5867726,58.6311615],[14.5867686,58.6311789],[14.5867605,58.6311908],[14.5867901,58.6312034],[14.5868249,58.6312034],[14.5868638,58.6312006],[14.5869108,58.6311908],[14.5869483,58.631195],[14.5869791,58.6311901],[14.5869805,58.6312062],[14.5870221,58.6312257],[14.5870462,58.6312376],[14.5870784,58.6312488],[14.5870838,58.6312655],[14.5871146,58.6312844],[14.5871736,58.6312718],[14.5871991,58.6312662],[14.5872306,58.6312645],[14.5872836,58.6312652],[14.5872936,58.6312714],[14.5872514,58.6312854],[14.5872045,58.6312987],[14.587177,58.6313133],[14.5871555,58.6313214],[14.5871501,58.6313325],[14.5871615,58.6313444],[14.5871501,58.6313545],[14.5871213,58.6313664],[14.5870918,58.6313772],[14.5870697,58.6313964],[14.5870576,58.6314135],[14.5870469,58.6314201],[14.5870274,58.6314289],[14.5869926,58.6314411],[14.586945,58.6314488],[14.5869074,58.6314561],[14.5868544,58.6314613],[14.5868343,58.6314592],[14.586831,58.6314477],[14.5868343,58.6314379],[14.5868289,58.6314278],[14.5868021,58.6314177],[14.5867243,58.6314205],[14.5867109,58.6313982],[14.5867082,58.6313549],[14.5867217,58.6313102],[14.586668,58.6313325],[14.5866331,58.6313144],[14.5865983,58.6312865],[14.5865661,58.6312516],[14.5865634,58.6312166],[14.5865554,58.6311803],[14.5865232,58.631151],[14.5865151,58.6311203],[14.5865151,58.6310868],[14.5864749,58.6310673]]],[[[14.5864937,58.6317542],[14.5864984,58.6317465],[14.5865165,58.6317465],[14.5865379,58.6317395],[14.5865379,58.6317297],[14.5865339,58.6317179],[14.5865607,58.631706],[14.5865755,58.6316976],[14.5866036,58.6316976],[14.586609,58.6317081],[14.5866184,58.6317158],[14.5866251,58.6317228],[14.5866211,58.631736],[14.5866305,58.6317472],[14.5866117,58.6317542],[14.5866224,58.6317647],[14.5865969,58.6317737],[14.586558,58.6317723],[14.5865259,58.6317716],[14.5865031,58.6317667],[14.5864937,58.6317542]]],[[[14.5869523,58.6315601],[14.5869617,58.6315385],[14.5869765,58.6315189],[14.5870087,58.6315036],[14.5870422,58.6314959],[14.5870556,58.6314952],[14.5870838,58.6314875],[14.5870998,58.6314882],[14.5871159,58.6314994],[14.5871374,58.6314938],[14.5871495,58.6314889],[14.5871763,58.6314903],[14.5872031,58.6314973],[14.5872366,58.6315057],[14.5872514,58.6315168],[14.5872635,58.6315385],[14.5872098,58.6315329],[14.5872112,58.6315454],[14.5872192,58.6315552],[14.5872554,58.6315678],[14.5872836,58.6315797],[14.5873024,58.6315783],[14.5873064,58.6315859],[14.5873064,58.6315971],[14.5873305,58.631609],[14.5873453,58.6316208],[14.5873319,58.631632],[14.5873238,58.6316474],[14.5873533,58.6316634],[14.5873332,58.6316837],[14.5873506,58.6316976],[14.5873654,58.6317088],[14.5873748,58.6317207],[14.5874043,58.6317325],[14.587415,58.6317514],[14.5874298,58.6317647],[14.5874459,58.6317856],[14.5874365,58.6318135],[14.5874043,58.6318247],[14.587411,58.6318359],[14.5874096,58.6318498],[14.5874003,58.6318694],[14.5874003,58.6318833],[14.5873775,58.6318973],[14.5873842,58.6319126],[14.587352,58.631914],[14.5873238,58.6319308],[14.587297,58.6319224],[14.587293,58.6319008],[14.5872621,58.6319252],[14.5872313,58.6319189],[14.5872098,58.6319008],[14.5872085,58.6318826],[14.5871843,58.6318694],[14.5871361,58.6318729],[14.5871294,58.6318603],[14.5871548,58.6318407],[14.5871508,58.6318282],[14.5871146,58.6318135],[14.5871079,58.631794],[14.5870878,58.6317786],[14.5870811,58.631764],[14.5870663,58.6317353],[14.5870918,58.6317186],[14.5870784,58.6317067],[14.5870408,58.6316907],[14.5870207,58.6316767],[14.5870113,58.6316585],[14.5869979,58.6316397],[14.5869778,58.6316348],[14.5869724,58.6316208],[14.5869738,58.6316034],[14.5869698,58.6315859],[14.5869564,58.6315734],[14.5869523,58.6315601]]],[[[14.6104521,58.6525989],[14.6107885,58.6519902],[14.6119601,58.6514804],[14.6116205,58.6509716],[14.611289,58.6510112],[14.6110368,58.650318],[14.6107654,58.6502697],[14.6104645,58.6499353],[14.6111197,58.6498347],[14.6112452,58.64965],[14.610936,58.6496275],[14.6108526,58.6494632],[14.6111307,58.6492539],[14.6115969,58.64921],[14.6121824,58.6494045],[14.6123962,58.649528],[14.6129584,58.6496144],[14.6129954,58.6498603],[14.6137097,58.6506414],[14.614233,58.6507982],[14.6147123,58.651219],[14.6152353,58.6522234],[14.616147,58.6522987],[14.6171327,58.6525982],[14.6174355,58.6528509],[14.6175932,58.6532431],[14.6178963,58.6534859],[14.6180028,58.6536828],[14.6173567,58.6536308],[14.6170377,58.6537164],[14.6166282,58.6538918],[14.6165724,58.6540535],[14.6165144,58.6543541],[14.6154866,58.6543049],[14.6150156,58.6542105],[14.6147434,58.6544036],[14.6136069,58.6543091],[14.6132287,58.6541293],[14.61282,58.6539256],[14.6124962,58.6538929],[14.612224,58.6540354],[14.6122776,58.6542773],[14.6114158,58.6543277],[14.6111307,58.6540676],[14.6104537,58.6534604],[14.6104531,58.65313],[14.6110422,58.6529636],[14.6104521,58.6525989]]],[[[14.6118058,58.2594612],[14.6118273,58.2593596],[14.6120633,58.2593934],[14.6121921,58.2594216],[14.6125354,58.2596136],[14.6125998,58.2597659],[14.6124496,58.2598393],[14.6124603,58.2599861],[14.6125676,58.2600312],[14.612589,58.2602457],[14.6125461,58.2603078],[14.612589,58.2604489],[14.6126534,58.2606069],[14.6126856,58.2608383],[14.6127178,58.2610471],[14.6125676,58.2612108],[14.6123315,58.26116],[14.6122457,58.2610641],[14.6122457,58.261002],[14.6121706,58.2608835],[14.6121921,58.260844],[14.6122779,58.2608383],[14.6122779,58.2607367],[14.6121813,58.2606295],[14.6122672,58.2606125],[14.612235,58.2604432],[14.6120848,58.2604037],[14.6119775,58.2601892],[14.6119668,58.2599635],[14.6120741,58.2598845],[14.6119882,58.2598506],[14.6118917,58.2597377],[14.6119239,58.2596361],[14.6118273,58.2595515],[14.6118058,58.2594612]]],[[[14.6268463,58.6605075],[14.6268919,58.6604545],[14.6270287,58.6604405],[14.6270824,58.6604614],[14.6270663,58.6605158],[14.6269322,58.6605493],[14.6268463,58.6605075]]],[[[14.6326598,58.2796524],[14.6326652,58.2796129],[14.6326894,58.2795523],[14.632751,58.2795241],[14.632751,58.2794973],[14.6328208,58.2794832],[14.6328932,58.2795015],[14.6329254,58.2795339],[14.6329281,58.2795734],[14.6329495,58.2796087],[14.6329522,58.2796651],[14.6329361,58.2796792],[14.6328798,58.2796975],[14.6328369,58.2796848],[14.6327403,58.2796764],[14.6326598,58.2796524]]],[[[14.6492512,58.6651946],[14.6493668,58.6647822],[14.6506059,58.6642323],[14.6510189,58.6642238],[14.6515641,58.6650657],[14.6517128,58.6653493],[14.6502424,58.6654524],[14.6492512,58.6651946]]],[[[14.6785659,58.6772082],[14.6787464,58.6771241],[14.6789736,58.6770827],[14.6798558,58.6767343],[14.6801269,58.6766421],[14.6801537,58.6764608],[14.679966,58.6762712],[14.6794617,58.6760146],[14.6795314,58.6757329],[14.6791989,58.6756046],[14.6790916,58.6755293],[14.6790808,58.675454],[14.6790969,58.6753843],[14.6792793,58.675309],[14.6794295,58.6751947],[14.6798259,58.6750852],[14.6802235,58.6750692],[14.6807492,58.6751054],[14.6810657,58.6752727],[14.68135,58.6751417],[14.681527,58.6751584],[14.6816182,58.6753202],[14.6819293,58.6754819],[14.6820635,58.6757106],[14.6821493,58.675864],[14.681865,58.6761429],[14.6817738,58.6762572],[14.6818972,58.676366],[14.6819454,58.6765305],[14.6822351,58.6766867],[14.6824872,58.6767313],[14.6828198,58.6767369],[14.6831131,58.6767046],[14.6833187,58.6765974],[14.6833348,58.6764301],[14.6835869,58.6763325],[14.6836769,58.6762291],[14.6836781,58.6761206],[14.6833974,58.6756883],[14.6834958,58.6755265],[14.6837854,58.6753704],[14.6841609,58.6752588],[14.6849549,58.675309],[14.6858749,58.6753118],[14.6859124,58.6752923],[14.6861109,58.6751891],[14.6861538,58.6750817],[14.6861243,58.6748251],[14.6860948,58.674747],[14.6859151,58.6746285],[14.685773,58.6745183],[14.6856979,58.6744416],[14.6857166,58.6743092],[14.6858454,58.6742269],[14.6858132,58.6741711],[14.6854725,58.6740609],[14.6847805,58.6740331],[14.684397,58.6739187],[14.6839383,58.6737946],[14.6837935,58.6736635],[14.683713,58.6735324],[14.6838257,58.6733107],[14.6838659,58.6731434],[14.6836111,58.6730123],[14.6834636,58.672983],[14.6830988,58.6730834],[14.6827474,58.6731503],[14.6825033,58.6731824],[14.6822754,58.6731615],[14.681932,58.6730778],[14.6815619,58.6728909],[14.6814555,58.6727931],[14.6814519,58.6726846],[14.6815431,58.6725116],[14.6815968,58.672308],[14.6815458,58.6722327],[14.6813741,58.6721755],[14.6813661,58.6720723],[14.6814653,58.6719845],[14.6815887,58.6718896],[14.6818837,58.6717753],[14.6821144,58.6717488],[14.6823934,58.6717348],[14.6824631,58.6717084],[14.6825275,58.6716121],[14.6826428,58.6714573],[14.6825597,58.6713388],[14.6823505,58.6712969],[14.6821815,58.6712649],[14.6821198,58.6707112],[14.6823075,58.6706206],[14.682616,58.6703863],[14.6827072,58.6703737],[14.6828172,58.6704323],[14.6828654,58.6704699],[14.6829513,58.6704783],[14.6830881,58.6704365],[14.6833321,58.6704044],[14.6835306,58.6703723],[14.6837532,58.6703151],[14.6839061,58.6701966],[14.6840242,58.6699372],[14.6840537,58.6696875],[14.6840939,58.6696248],[14.6841931,58.6695327],[14.6843809,58.6693974],[14.6845901,58.6693417],[14.6847001,58.6693068],[14.6847108,58.6691994],[14.6848771,58.6692133],[14.6850112,58.6692622],[14.6851185,58.6691659],[14.6852097,58.6691813],[14.6852446,58.6692845],[14.6854565,58.6692956],[14.6855128,58.6692831],[14.6856683,58.6692175],[14.6860519,58.6689539],[14.6862933,58.6688926],[14.6866178,58.6687503],[14.6868351,58.6687112],[14.6870282,58.6687182],[14.6871918,58.6688131],[14.6872696,58.6688954],[14.6874306,58.6689205],[14.6874225,58.6690488],[14.6875137,58.6691324],[14.6878195,58.6691171],[14.6879724,58.6690571],[14.6879804,58.6689707],[14.688423,58.6688075],[14.6887904,58.6687057],[14.6888897,58.668682],[14.6891579,58.668682],[14.689284,58.6687029],[14.6893778,58.6687405],[14.6895307,58.6687601],[14.6895334,58.6688814],[14.6893939,58.6690223],[14.689292,58.6691659],[14.688836,58.6694797],[14.6884847,58.6696903],[14.6883318,58.6697545],[14.6884498,58.6697893],[14.6884525,58.6698103],[14.688423,58.6698591],[14.6883881,58.6699302],[14.6882942,58.6699428],[14.6882755,58.6698354],[14.6882218,58.6698103],[14.6881467,58.6697782],[14.6880448,58.669774],[14.6878624,58.6699218],[14.6876505,58.6700683],[14.6875674,58.6701506],[14.6874654,58.6705899],[14.6873152,58.6706791],[14.6869183,58.6707238],[14.6866742,58.6708827],[14.6866339,58.6710166],[14.6865991,58.671191],[14.6859902,58.6716637],[14.6858749,58.6717544],[14.6858615,58.6721142],[14.6856979,58.6722983],[14.6855691,58.6724363],[14.6852204,58.6724391],[14.6847537,58.6726553],[14.684507,58.672778],[14.6844667,58.6728129],[14.6845406,58.6728455],[14.6849173,58.6728603],[14.6855986,58.6728812],[14.6859258,58.6727794],[14.6861887,58.6727891],[14.6862423,58.6728073],[14.6861458,58.6729188],[14.6861351,58.6730374],[14.6864332,58.672855],[14.6868378,58.6725897],[14.6873179,58.6724531],[14.6880636,58.6722536],[14.6883962,58.6721923],[14.6887046,58.6722202],[14.6888146,58.6722801],[14.6887878,58.6723917],[14.6888119,58.6724252],[14.6891096,58.6725214],[14.6892357,58.6725521],[14.6891874,58.6726608],[14.6892947,58.6727431],[14.6894261,58.6728658],[14.6893135,58.6730597],[14.6891016,58.6734153],[14.6887475,58.6736217],[14.6887207,58.6737946],[14.6882701,58.6738922],[14.6882813,58.6739209],[14.6883237,58.6740289],[14.6884471,58.6741321],[14.6886456,58.6741906],[14.6890211,58.6741293],[14.6899491,58.6738504],[14.6897238,58.6736914],[14.6897989,58.6735018],[14.6901637,58.6732814],[14.6905285,58.673142],[14.6909201,58.6730667],[14.6912903,58.6729077],[14.6916926,58.6728045],[14.6918642,58.6727348],[14.6920574,58.6725507],[14.692111,58.6724029],[14.6919769,58.6722913],[14.6916014,58.6720626],[14.691655,58.6719343],[14.6917999,58.671859],[14.6920305,58.6718785],[14.6923095,58.6719315],[14.6927869,58.6720207],[14.6931088,58.6719928],[14.6933126,58.671845],[14.6933716,58.6716442],[14.6935058,58.6716024],[14.6937954,58.6716749],[14.6942729,58.6715633],[14.6946484,58.6715326],[14.6946591,58.671449],[14.6944016,58.6714322],[14.6942246,58.6713681],[14.6942782,58.6712677],[14.6945143,58.6710975],[14.69482,58.6709553],[14.6951514,58.6708812],[14.6953565,58.6708353],[14.6955335,58.6707544],[14.695453,58.6706345],[14.6956569,58.670548],[14.6957213,58.6706317],[14.6959197,58.6707349],[14.6961665,58.6705955],[14.6965313,58.6706122],[14.6967243,58.6706019],[14.6965527,58.6707684],[14.696542,58.6708521],[14.6967244,58.670866],[14.6970034,58.6708688],[14.6976203,58.6708688],[14.6977007,58.670933],[14.697985,58.6709302],[14.6980548,58.6710389],[14.6983445,58.6710808],[14.6983659,58.6709776],[14.6984786,58.6708855],[14.6986395,58.6709692],[14.6987522,58.6710947],[14.6990472,58.6710557],[14.6993156,58.6710673],[14.6993154,58.6711477],[14.6997392,58.6712426],[14.6998626,58.6712426],[14.6998894,58.6711784],[14.6997446,58.6710919],[14.6997392,58.6710752],[14.6998143,58.6710083],[14.6999055,58.6709999],[14.700281,58.6711896],[14.7003025,58.6712704],[14.700163,58.6713067],[14.7002649,58.6714155],[14.7001684,58.6714406],[14.699986,58.6714043],[14.6999538,58.6715354],[14.6999188,58.6715776],[14.6996534,58.6715717],[14.6995085,58.6714629],[14.6992725,58.6715159],[14.6991706,58.671647],[14.6988594,58.6716303],[14.6987039,58.6717139],[14.6986824,58.6717669],[14.6986878,58.6718367],[14.6992886,58.6719343],[14.6996587,58.6720737],[14.7000021,58.672255],[14.7003029,58.6722813],[14.7004741,58.6722522],[14.7003776,58.6721463],[14.7008443,58.672163],[14.7008711,58.6723052],[14.70137,58.6725674],[14.7010374,58.6726762],[14.701075,58.6728296],[14.7011983,58.67293],[14.7011822,58.6731754],[14.7010775,58.673284],[14.7005761,58.6731726],[14.7000933,58.6732479],[14.6998304,58.6733874],[14.699825,58.6737779],[14.6992832,58.6741572],[14.699015,58.6744054],[14.6982211,58.6746452],[14.6968102,58.6749688],[14.6958715,58.6750329],[14.6952546,58.67515],[14.6940683,58.675505],[14.6934146,58.6755963],[14.6930646,58.6755765],[14.6927923,58.6754903],[14.6927226,58.6754094],[14.6926635,58.6752337],[14.692371,58.6751102],[14.6922612,58.6750608],[14.6924436,58.6749353],[14.6928298,58.6748405],[14.6928245,58.6747456],[14.6928055,58.6745839],[14.692347,58.6744723],[14.6917945,58.6745114],[14.6916068,58.6742046],[14.6913975,58.6739229],[14.6907649,58.6739595],[14.6907163,58.6741321],[14.6908075,58.674199],[14.6908718,58.6744556],[14.6903837,58.6747819],[14.6903729,58.6750719],[14.6904534,58.6753564],[14.6903354,58.6755182],[14.6903492,58.6756047],[14.6899652,58.6756771],[14.6895307,58.6758556],[14.689123,58.6757998],[14.6889192,58.6756799],[14.6885168,58.6757245],[14.6883184,58.6756771],[14.6881252,58.6756297],[14.6878678,58.6756492],[14.6878007,58.6756939],[14.6877927,58.6757357],[14.6879804,58.6758138],[14.6880212,58.6758262],[14.6882915,58.6759086],[14.6886617,58.6758835],[14.6889085,58.6759253],[14.6890318,58.6760787],[14.689182,58.6761735],[14.6890855,58.6763074],[14.6889514,58.6763855],[14.6888119,58.6763883],[14.6884578,58.6764859],[14.6879911,58.6764859],[14.6876424,58.6764719],[14.6873474,58.6762461],[14.687444,58.6760815],[14.6876264,58.675917],[14.6874493,58.6757775],[14.687106,58.6757636],[14.6867621,58.6758188],[14.6867412,58.6758222],[14.6864408,58.675917],[14.6861887,58.6758668],[14.6860895,58.6758591],[14.6859902,58.6759142],[14.6855289,58.6761568],[14.6850461,58.6763297],[14.6846652,58.6764496],[14.6845096,58.6765556],[14.6835548,58.6768568],[14.6830988,58.6771273],[14.6824282,58.6771664],[14.6820205,58.6771915],[14.6811944,58.6775875],[14.6799492,58.6776444],[14.679392,58.6776488],[14.6789563,58.6775739],[14.6787268,58.6774424],[14.6787,58.6774034],[14.6786785,58.6773002],[14.6785659,58.6772082]]],[[[14.6897185,58.6699707],[14.6899116,58.6698256],[14.6905312,58.6694811],[14.6907538,58.6692663],[14.6907498,58.669191],[14.6906948,58.6691422],[14.6906921,58.6691053],[14.6907498,58.6690509],[14.6907578,58.6689923],[14.6908168,58.6689344],[14.6909174,58.6688507],[14.6911669,58.6687266],[14.6911494,58.668682],[14.6911897,58.6686513],[14.6913198,58.6686094],[14.691419,58.6686115],[14.6914244,58.6686589],[14.6914351,58.6686952],[14.6915062,58.6687036],[14.6915933,58.6686882],[14.6916738,58.6686541],[14.691757,58.668652],[14.6918964,58.6687036],[14.6919313,58.6686994],[14.6920091,58.6686896],[14.6920855,58.6687112],[14.6921177,58.6687845],[14.6922371,58.6687921],[14.6923055,58.668903],[14.6923256,58.6690062],[14.6923779,58.669055],[14.6924409,58.6691206],[14.6924128,58.6692092],[14.6924584,58.6692649],[14.692563,58.6693786],[14.6926059,58.6694358],[14.6926072,58.6695055],[14.69263,58.6695662],[14.6927534,58.6696262],[14.6928138,58.6696813],[14.692803,58.6697447],[14.6927252,58.6698158],[14.6924543,58.6699065],[14.6920842,58.6701101],[14.6917623,58.6702077],[14.6914566,58.6702356],[14.6908982,58.6704418],[14.6906573,58.6704393],[14.6899277,58.6703221],[14.6897882,58.6702803],[14.6897185,58.6701826],[14.6897185,58.6699707]]],[[[14.7028774,58.6725395],[14.7030061,58.6724642],[14.7033173,58.6723024],[14.7038376,58.6723275],[14.7042131,58.6721741],[14.7052995,58.6720014],[14.7061014,58.6718506],[14.7066003,58.6719594],[14.7071615,58.6721931],[14.7072279,58.672269],[14.7077751,58.6722941],[14.7080648,58.6723833],[14.7081774,58.6725451],[14.7077483,58.6726232],[14.707244,58.6729607],[14.707067,58.6730667],[14.7068846,58.673128],[14.7068095,58.6730499],[14.70689,58.6729384],[14.7066647,58.6728184],[14.7062355,58.6728017],[14.7057742,58.6729746],[14.7055596,58.6731169],[14.7051734,58.6731475],[14.7048998,58.6731754],[14.7046637,58.6733679],[14.7044233,58.6734527],[14.7041488,58.6734599],[14.703961,58.6736133],[14.7039288,58.6737249],[14.7035694,58.6738364],[14.7033602,58.6738643],[14.7031832,58.6738281],[14.7029793,58.6737472],[14.7030705,58.6736245],[14.7032261,58.6735743],[14.7034085,58.6736049],[14.7034514,58.673499],[14.7034299,58.6734515],[14.7033977,58.6733958],[14.7034836,58.6733456],[14.7033709,58.6733233],[14.7031885,58.6733149],[14.7033495,58.6732368],[14.7032851,58.6731169],[14.7032529,58.6729216],[14.7031295,58.672771],[14.7028828,58.6726539],[14.7028774,58.6725395]]],[[[14.7053182,58.6711645],[14.7054577,58.6710724],[14.7053236,58.6709497],[14.7055274,58.6708325],[14.7058332,58.6707489],[14.7058171,58.6706261],[14.7055113,58.6706122],[14.7054201,58.6705564],[14.7053879,58.6704588],[14.705506,58.6703639],[14.7056562,58.6702886],[14.7060049,58.6702886],[14.706198,58.6703639],[14.7064662,58.6704783],[14.7067934,58.6705369],[14.7071689,58.6705452],[14.7075337,58.670442],[14.707759,58.6704393],[14.707979,58.6704699],[14.7081131,58.670442],[14.7082579,58.6704978],[14.7085047,58.670509],[14.7086763,58.6705815],[14.7089016,58.6706317],[14.7089338,58.6705452],[14.709084,58.6705118],[14.7092235,58.6705592],[14.7092664,58.6706206],[14.7092409,58.6706701],[14.7092785,58.6707028],[14.7093201,58.6707021],[14.7093952,58.6707349],[14.7092865,58.6708033],[14.7092691,58.6708437],[14.7093134,58.6708653],[14.7093616,58.6708604],[14.7094528,58.670813],[14.709595,58.6707963],[14.7097707,58.6707872],[14.7099102,58.6707551],[14.7100188,58.6708046],[14.7100309,58.6709044],[14.7099638,58.6709797],[14.7099772,58.6710396],[14.7099316,58.6710815],[14.7100013,58.6711596],[14.7099021,58.6712439],[14.7096808,58.6713339],[14.7094676,58.6714713],[14.7093831,58.6714427],[14.7092906,58.6714768],[14.709135,58.6714831],[14.709084,58.6715152],[14.7090653,58.6715787],[14.7090036,58.6716017],[14.7089379,58.6715891],[14.7088426,58.6715675],[14.7088185,58.6715068],[14.7087769,58.6714831],[14.7086227,58.6714978],[14.7084577,58.6715598],[14.7081667,58.6716623],[14.7078127,58.6717453],[14.7074801,58.671739],[14.7070295,58.6717251],[14.7068176,58.6716902],[14.7065359,58.6716191],[14.706367,58.6716052],[14.7062463,58.6716554],[14.7061095,58.671707],[14.7059888,58.6717084],[14.7058064,58.6716665],[14.7056293,58.6715298],[14.7056401,58.6713681],[14.705463,58.6713262],[14.7053182,58.6711645]]],[[[14.7113066,58.6884662],[14.7113334,58.6884384],[14.7113629,58.688437],[14.7114729,58.6885206],[14.7114434,58.6885429],[14.7113468,58.6884997],[14.7113066,58.688483],[14.7113066,58.6884662]]],[[[14.7157979,58.6901187],[14.7158248,58.6900824],[14.7160393,58.6900824],[14.7160286,58.6900518],[14.7159213,58.6900351],[14.7159052,58.6899932],[14.7159535,58.6899347],[14.715873,58.6898789],[14.7158999,58.6898343],[14.7160554,58.6898734],[14.7161144,58.6899263],[14.7161144,58.6898762],[14.7162217,58.689812],[14.7163344,58.6898176],[14.7163934,58.6898706],[14.7164309,58.6899235],[14.7165221,58.689996],[14.7165114,58.6900769],[14.7164417,58.6901661],[14.7163988,58.690219],[14.7163505,58.6902525],[14.7162539,58.6902386],[14.7162056,58.6902692],[14.7160393,58.6902441],[14.7159052,58.6901772],[14.7159428,58.6901271],[14.7158784,58.6901131],[14.7157979,58.6901187]]],[[[14.7162697,58.4846558],[14.7163448,58.4846362],[14.716436,58.484618],[14.7165191,58.4845717],[14.7165942,58.484517],[14.7167069,58.4844932],[14.7169295,58.4845591],[14.7172567,58.4847049],[14.7173667,58.4847988],[14.7174525,58.4848788],[14.7175008,58.4849951],[14.717651,58.4851409],[14.7177073,58.4852531],[14.7177073,58.4853499],[14.7175973,58.4854508],[14.7173399,58.4855265],[14.7171977,58.4855335],[14.7170073,58.4855181],[14.7167873,58.485455],[14.7165835,58.4852966],[14.7164976,58.485169],[14.7163501,58.4850624],[14.7162723,58.4849825],[14.7162911,58.4849152],[14.716334,58.484876],[14.7163528,58.4847876],[14.7163206,58.4847231],[14.7162723,58.4846727],[14.7162697,58.4846558]]],[[[14.7163835,58.6909151],[14.7164135,58.6909034],[14.7164675,58.6909009],[14.7165279,58.6909243],[14.7165103,58.6909582],[14.7164851,58.6909735],[14.7164413,58.6909804],[14.7163926,58.6909699],[14.7163942,58.6909396],[14.7163835,58.6909151]]],[[[14.7171256,58.6910818],[14.7171524,58.6909369],[14.7172114,58.6909201],[14.7172651,58.6909675],[14.7173114,58.6910571],[14.7173168,58.6911105],[14.7172919,58.6911738],[14.7173187,58.6912686],[14.7172954,58.6912806],[14.7172651,58.6912937],[14.7171739,58.6912156],[14.7171256,58.6910818]]],[[[14.7173375,58.6903724],[14.7175843,58.6903696],[14.7175789,58.6904727],[14.7176379,58.6903947],[14.7176862,58.6902859],[14.7177774,58.6902664],[14.7176916,58.69018],[14.7176487,58.6901466],[14.7177291,58.6900295],[14.7177077,58.6899375],[14.7178203,58.6899319],[14.7178525,58.6900183],[14.7180564,58.6901215],[14.7184533,58.6903584],[14.7186572,58.6905396],[14.7188342,58.6905006],[14.7190541,58.6906985],[14.7192419,58.6908072],[14.7192258,58.6909438],[14.719494,58.6910526],[14.7193814,58.6911529],[14.7192365,58.6910749],[14.7192204,58.6909968],[14.7191346,58.6909857],[14.7191829,58.6911473],[14.7191775,58.6913759],[14.7188771,58.6912365],[14.718861,58.6913899],[14.7187859,58.6914122],[14.7186357,58.6913703],[14.7186679,58.6912784],[14.7188074,58.691033],[14.7187269,58.6910163],[14.7184748,58.6909104],[14.7185553,58.6909996],[14.7184104,58.6910275],[14.7180725,58.6909215],[14.7177613,58.6907571],[14.7175253,58.6905564],[14.7173375,58.6903724]]],[[[14.7184426,58.6916491],[14.7185499,58.6915989],[14.7185392,58.6915404],[14.7186679,58.6915209],[14.7188932,58.6914317],[14.7190863,58.6913982],[14.719081,58.6914902],[14.7193814,58.6916937],[14.7195155,58.6916017],[14.7195959,58.6916045],[14.719553,58.6917439],[14.7195906,58.6920171],[14.7196067,58.6921787],[14.7196925,58.6922401],[14.7197944,58.6924798],[14.719714,58.6925132],[14.7193331,58.6924185],[14.7193116,58.6924436],[14.719199,58.6924157],[14.7190541,58.6924519],[14.7189576,58.692385],[14.7189683,58.692346],[14.7188718,58.692346],[14.7187108,58.6923599],[14.7185606,58.6922958],[14.7185231,58.6921537],[14.718625,58.6920868],[14.7189254,58.6920366],[14.7189844,58.6919362],[14.7189469,58.6918721],[14.7186572,58.6918247],[14.7185123,58.6917411],[14.7186196,58.6916798],[14.7185874,58.6916547],[14.7184426,58.6917021],[14.7184426,58.6916491]]],[[[14.7186733,58.6937955],[14.7186947,58.6937453],[14.7188181,58.6937453],[14.719022,58.6936171],[14.7191614,58.6935781],[14.7191239,58.6936477],[14.7189683,58.6937091],[14.7189951,58.6937676],[14.718979,58.6938289],[14.7189308,58.6938847],[14.7187913,58.6939181],[14.718684,58.6938986],[14.7187323,58.6938373],[14.7186733,58.6937955]]],[[[14.7187832,58.6954717],[14.7190452,58.6953393],[14.7193715,58.694917],[14.7196979,58.6947177],[14.720613,58.6944493],[14.7210764,58.6942039],[14.721056,58.6940757],[14.7212931,58.6939585],[14.7215044,58.6938999],[14.721823,58.6934677],[14.7219446,58.6933106],[14.7224184,58.6933352],[14.7228923,58.6932594],[14.7230642,58.6937725],[14.7229117,58.6939436],[14.7225714,58.694031],[14.7228672,58.6940888],[14.7230081,58.6942547],[14.7234139,58.6941799],[14.7239484,58.6942388],[14.7238617,58.6943673],[14.7240967,58.6943786],[14.7243738,58.694301],[14.7243273,58.6944424],[14.7241306,58.6945726],[14.72378,58.6945765],[14.7236369,58.6947183],[14.7231575,58.6948903],[14.7234217,58.6950782],[14.7238035,58.6950955],[14.7238634,58.6951965],[14.7214449,58.6954145],[14.7215661,58.6955123],[14.7230429,58.6955334],[14.723513,58.6953599],[14.7241236,58.6954795],[14.7237257,58.6956436],[14.7232404,58.6956589],[14.7230192,58.6958339],[14.7225406,58.6958973],[14.7223097,58.6960564],[14.7218832,58.6960356],[14.7211562,58.6963381],[14.7209016,58.6961297],[14.721272,58.6957362],[14.7206933,58.6957131],[14.7199988,58.6962223],[14.7191956,58.696047],[14.7188645,58.6957825],[14.7187832,58.6954717]]],[[[14.7199232,58.692516],[14.7199285,58.692424],[14.7200948,58.692307],[14.7200895,58.6921537],[14.7202236,58.6920645],[14.7203094,58.6921118],[14.7203148,58.6922289],[14.7203738,58.692346],[14.7203845,58.6925049],[14.7199232,58.692516]]],[[[14.7202259,58.6917568],[14.7205263,58.6916397],[14.7206712,58.6916871],[14.7207034,58.6918878],[14.720639,58.6920077],[14.7205853,58.6920774],[14.7203761,58.6920523],[14.7204512,58.691991],[14.7202903,58.6919045],[14.7202259,58.6917568]]],[[[14.752316,58.69506],[14.7531837,58.6942573],[14.7527933,58.6935198],[14.7536609,58.6931944],[14.7547673,58.6942573],[14.7553746,58.6943007],[14.7561556,58.6945393],[14.756481,58.6950166],[14.7556783,58.6952986],[14.754507,58.6955372],[14.7541816,58.6962747],[14.752316,58.69506]]],[[[14.7546371,58.692843],[14.7550015,58.6924091],[14.7560601,58.6921315],[14.7566502,58.6924612],[14.7571881,58.6918885],[14.7577608,58.691177],[14.7585244,58.6911944],[14.7586459,58.6917323],[14.7591318,58.6917323],[14.7592533,58.6912985],[14.7603292,58.6910555],[14.7610581,58.6915414],[14.7612837,58.692253],[14.7622034,58.6930339],[14.7626373,58.6936413],[14.7625331,58.6940925],[14.763557,58.6943181],[14.7637479,58.6948387],[14.7649453,58.6951164],[14.7652577,58.6947172],[14.766108,58.6944048],[14.7671493,58.6949775],[14.7670625,58.6953246],[14.7679302,58.6952031],[14.7693359,58.6956717],[14.7692318,58.6959841],[14.7674964,58.695932],[14.7668543,58.695637],[14.7665766,58.6954634],[14.7663684,58.695689],[14.7649627,58.695689],[14.7639909,58.6954808],[14.7625852,58.6950122],[14.7611448,58.6949775],[14.7593921,58.695099],[14.7585244,58.6950296],[14.7580558,58.6946652],[14.7568758,58.6945437],[14.7566675,58.6939016],[14.7564766,58.693433],[14.7559734,58.6933289],[14.755366,58.6934851],[14.7549668,58.6932074],[14.7546371,58.692843]]],[[[14.7549183,58.6972564],[14.7556632,58.6970968],[14.7562751,58.6978417],[14.7568338,58.6976289],[14.7561953,58.6963785],[14.7560357,58.6957134],[14.7569136,58.6951547],[14.7578182,58.6955272],[14.7586429,58.6958996],[14.7592548,58.695873],[14.7597337,58.6961923],[14.759175,58.6967244],[14.7596006,58.6968574],[14.7604254,58.6964051],[14.7617556,58.6971234],[14.7624207,58.6978417],[14.7639637,58.6977353],[14.7644958,58.6981078],[14.7653738,58.6978417],[14.7671829,58.698028],[14.7678746,58.6984004],[14.7679278,58.6988527],[14.7701359,58.6989059],[14.7703754,58.6995178],[14.7736211,58.6995178],[14.7764145,58.6998371],[14.7780906,58.7005288],[14.7807776,58.7011407],[14.7821611,58.7022314],[14.7828262,58.7029764],[14.7836509,58.7032424],[14.7843692,58.7042268],[14.7849279,58.7042534],[14.7850343,58.7035616],[14.7876947,58.7034818],[14.7898497,58.7033222],[14.7918982,58.703003],[14.7933349,58.7034818],[14.7939201,58.7030562],[14.7955696,58.7039341],[14.7966604,58.7042534],[14.7968998,58.7032956],[14.7978842,58.703269],[14.79823,58.7044396],[14.7988685,58.7049451],[14.7988685,58.7053973],[14.7978842,58.70569],[14.8000657,58.7065147],[14.7993208,58.7083504],[14.7981502,58.7094678],[14.7979108,58.7104256],[14.7963411,58.7119952],[14.7932284,58.714629],[14.7926964,58.714496],[14.7921909,58.7138575],[14.7906478,58.7138575],[14.790302,58.7142832],[14.7871893,58.714363],[14.7855664,58.7139639],[14.7849279,58.7134318],[14.7837307,58.7134318],[14.782773,58.713086],[14.7819216,58.7123145],[14.7814693,58.7112237],[14.7820014,58.7101063],[14.7825867,58.709654],[14.784316,58.7100797],[14.785327,58.7104522],[14.7865508,58.7114897],[14.7877214,58.7116493],[14.7884663,58.710931],[14.7884397,58.7096008],[14.7897167,58.7092284],[14.7900359,58.7087229],[14.7889185,58.7083504],[14.787748,58.7076055],[14.7868168,58.7073661],[14.7863911,58.7075257],[14.784449,58.7071],[14.784183,58.7060891],[14.7830656,58.7053441],[14.7833849,58.7049451],[14.7826665,58.7044662],[14.7816024,58.7042002],[14.7809107,58.7043066],[14.7805116,58.7049983],[14.7797135,58.7052377],[14.7797667,58.705823],[14.7786227,58.7057698],[14.7765742,58.7052377],[14.7758825,58.7048919],[14.7750843,58.7048919],[14.7745549,58.7049975],[14.7739745,58.7049106],[14.7731169,58.7048586],[14.7725003,58.7047737],[14.7722773,58.7046234],[14.7714471,58.7045194],[14.7707287,58.7043942],[14.7699627,58.7043159],[14.7696113,58.704193],[14.7691944,58.7040954],[14.7688485,58.7039813],[14.7684349,58.7038804],[14.7682443,58.70376],[14.7680694,58.7035765],[14.7680423,58.7032213],[14.7680516,58.7031161],[14.7682144,58.7030876],[14.7683811,58.7029317],[14.7683569,58.7027787],[14.7681107,58.7026885],[14.7676108,58.7026554],[14.7671338,58.7025484],[14.7671002,58.7023636],[14.7665205,58.7024357],[14.7662145,58.702659],[14.7657082,58.7026416],[14.7655501,58.7028929],[14.7648472,58.7031315],[14.7644595,58.7030553],[14.7623143,58.7025241],[14.7614629,58.7022846],[14.7612501,58.7014599],[14.7602391,58.7010076],[14.7598933,58.7013535],[14.7602657,58.7019122],[14.7596804,58.7022846],[14.7587227,58.7014865],[14.7576585,58.7005288],[14.7577117,58.6995178],[14.7586429,58.6987197],[14.7598933,58.698294],[14.7597603,58.6979215],[14.7582172,58.6984536],[14.7564879,58.6985866],[14.7557696,58.6993316],[14.7549183,58.6991453],[14.7555568,58.6982142],[14.7549183,58.6972564]]],[[[14.7779521,58.7106243],[14.7786469,58.7104929],[14.7779896,58.7099671],[14.7783088,58.7096854],[14.7781023,58.7091221],[14.7783276,58.7086902],[14.7789285,58.7091784],[14.7801679,58.7095164],[14.7809378,58.7097605],[14.7807876,58.7108872],[14.7807876,58.7122017],[14.7801116,58.7123332],[14.7794731,58.7120891],[14.7789285,58.7114694],[14.7782525,58.7112816],[14.7779521,58.7106243]]],[[[14.7796074,58.6467109],[14.779737,58.6466132],[14.7797995,58.6466411],[14.7798576,58.646597],[14.7801882,58.6466946],[14.7803446,58.6468015],[14.7803267,58.646841],[14.7804428,58.646948],[14.7805724,58.6470107],[14.7806215,58.6470084],[14.7806751,58.6470479],[14.7806439,58.6470944],[14.7807422,58.647206],[14.7807824,58.6472246],[14.7809253,58.6472664],[14.7812291,58.6474524],[14.7812068,58.6474919],[14.7812112,58.6475198],[14.78118,58.6475407],[14.7808449,58.6473292],[14.7807868,58.6473222],[14.7807734,58.6472618],[14.7807332,58.6472548],[14.7806617,58.6472525],[14.7804071,58.6470828],[14.780282,58.647034],[14.7802463,58.6469526],[14.7801614,58.6469387],[14.7801391,58.6469084],[14.7799872,58.6468968],[14.7799336,58.6468434],[14.7798353,58.6468434],[14.7797147,58.6468085],[14.7796074,58.6467109]]],[[[14.7813703,58.6501778],[14.7813817,58.650164],[14.7814395,58.650129],[14.7814945,58.6501029],[14.7814945,58.650057],[14.7815485,58.6500506],[14.781539,58.6500146],[14.7814831,58.6499732],[14.7814225,58.6498485],[14.7814035,58.6497824],[14.7814604,58.6498056],[14.7815312,58.6498588],[14.7815892,58.6499165],[14.7815892,58.6500314],[14.781629,58.6500738],[14.7816091,58.6501107],[14.7816395,58.6501655],[14.7816489,58.6502074],[14.7816461,58.6502715],[14.7816802,58.6503425],[14.781683,58.6503972],[14.7817115,58.6504687],[14.7818015,58.650585],[14.781882,58.6506831],[14.7819408,58.6507378],[14.7820365,58.6508335],[14.7820346,58.6508774],[14.7821123,58.6509695],[14.7821531,58.6510208],[14.7821587,58.6510637],[14.7821768,58.6510928],[14.7822213,58.6511431],[14.7822033,58.6511776],[14.7822774,58.6512145],[14.7824127,58.6512915],[14.782571,58.6513102],[14.7826487,58.651326],[14.7826344,58.6513501],[14.7824771,58.65136],[14.7821768,58.651362],[14.7819484,58.6513398],[14.7817522,58.6513319],[14.7816603,58.6513314],[14.7815021,58.6513023],[14.7814632,58.6512575],[14.7814379,58.6512403],[14.7813931,58.6511884],[14.7814244,58.6511593],[14.7814793,58.6511593],[14.7815551,58.6511751],[14.7815953,58.6511978],[14.7816631,58.6512151],[14.7816575,58.6511584],[14.7816186,58.651076],[14.7815895,58.6510158],[14.7815437,58.6509548],[14.7815523,58.6508887],[14.7816082,58.6507916],[14.7816224,58.6507354],[14.7816215,58.6506599],[14.7815079,58.6504623],[14.7814774,58.650409],[14.7814822,58.6503301],[14.7814547,58.6502877],[14.7814594,58.6502503],[14.7814594,58.6502113],[14.7814244,58.6502074],[14.7813703,58.6501778]]],[[[14.7829781,58.5355735],[14.7829958,58.5354812],[14.7833672,58.5354489],[14.7837881,58.5357167],[14.7844619,58.5361779],[14.7851636,58.5370212],[14.785229,58.5371759],[14.7852059,58.537196],[14.7851099,58.53717],[14.7850133,58.5371112],[14.7847234,58.5370916],[14.7844459,58.5370551],[14.7838977,58.5366489],[14.7831196,58.5359243],[14.7829781,58.5355735]]],[[[14.7849796,58.7207107],[14.785044,58.7204322],[14.7859023,58.7204935],[14.7859779,58.7208948],[14.7858272,58.7210895],[14.7853658,58.7210951],[14.7849796,58.7207107]]],[[[14.7852232,58.5377617],[14.7853466,58.5376216],[14.7853896,58.5374983],[14.7854862,58.5374703],[14.7856687,58.5375263],[14.7862431,58.5375879],[14.7866242,58.5376272],[14.787145,58.5376104],[14.7874939,58.5375879],[14.7879448,58.5375375],[14.7882401,58.5375235],[14.7884494,58.5375375],[14.7886051,58.537742],[14.7887286,58.5378485],[14.7883528,58.5378765],[14.7882293,58.537913],[14.7879824,58.5380615],[14.7877247,58.5382324],[14.7875852,58.5382772],[14.7874778,58.5382744],[14.7872899,58.5382352],[14.7871718,58.5382072],[14.7870215,58.5382324],[14.786898,58.53821],[14.7866887,58.5382352],[14.7864578,58.5383136],[14.7862431,58.5385125],[14.7861733,58.5386218],[14.7861089,58.5386386],[14.7860499,58.538619],[14.7859908,58.5385574],[14.7857117,58.5383388],[14.7855506,58.5382688],[14.7855775,58.5381427],[14.7853466,58.5378597],[14.7852232,58.5377617]]],[[[14.7897829,58.5392525],[14.7897884,58.5391884],[14.7898403,58.5391183],[14.7898546,58.539009],[14.7898783,58.5389414],[14.7899989,58.538877],[14.7900747,58.5388191],[14.7901112,58.5387119],[14.7901854,58.538646],[14.7902606,58.5385933],[14.7902171,58.5385615],[14.7900552,58.5385625],[14.7899498,58.5385325],[14.7898863,58.5384662],[14.7898625,58.5383792],[14.7899716,58.5383763],[14.7899591,58.5384255],[14.7900476,58.5384889],[14.7902026,58.5384933],[14.7901165,58.5383357],[14.7899309,58.5381798],[14.789877,58.5381044],[14.7902954,58.5381394],[14.7905632,58.5383083],[14.7906653,58.5384331],[14.7907915,58.5385316],[14.7909527,58.5387445],[14.7913812,58.5391724],[14.7913928,58.5392856],[14.7912866,58.5394307],[14.7912416,58.5395168],[14.7912797,58.5396022],[14.7913805,58.5396819],[14.7913635,58.5397473],[14.7913557,58.5397943],[14.791403,58.5398656],[14.7913729,58.539984],[14.7912913,58.5400206],[14.7912741,58.5400686],[14.7912451,58.5400959],[14.7911602,58.5401124],[14.7911082,58.5401054],[14.7910648,58.540091],[14.7909956,58.5400085],[14.7909273,58.5399383],[14.7907495,58.5399407],[14.7907037,58.5399676],[14.7906431,58.5400092],[14.7906095,58.5400511],[14.7905179,58.5400534],[14.7904269,58.5400339],[14.7903202,58.5399763],[14.7901341,58.5399363],[14.7899934,58.5398038],[14.7897829,58.5392525]]],[[[14.7989568,58.6668395],[14.7990909,58.6667935],[14.7992009,58.6667182],[14.7992009,58.6666275],[14.7990829,58.6665368],[14.7993377,58.666541],[14.7994906,58.6665829],[14.7995925,58.6666889],[14.7997427,58.6667739],[14.7998929,58.6667865],[14.7999707,58.6668381],[14.7999841,58.666926],[14.8001826,58.667032],[14.8003811,58.6670641],[14.8000646,58.6670878],[14.7998956,58.6671296],[14.7997776,58.6671966],[14.799732,58.6672984],[14.7996891,58.6672133],[14.7995523,58.6671017],[14.7993377,58.6670208],[14.7991312,58.6669734],[14.7989729,58.6669232],[14.7989568,58.6668395]]],[[[14.7996609,58.6681352],[14.7997037,58.6681096],[14.7998004,58.6681736],[14.7999169,58.6681936],[14.8000417,58.6682823],[14.8000847,58.66835],[14.8000618,58.6684126],[14.8001128,58.6684644],[14.800306,58.6685453],[14.8004803,58.668629],[14.8004964,58.6687475],[14.8003677,58.6688563],[14.8003596,58.6689623],[14.8004401,58.6691032],[14.8001998,58.6690468],[14.8000195,58.6689689],[14.7998956,58.6688668],[14.7998415,58.6687595],[14.7997997,58.6686386],[14.799751,58.6684587],[14.7997642,58.6683427],[14.7997628,58.6682887],[14.7996609,58.6681352]]],[[[14.8024249,58.6664308],[14.8024866,58.6663527],[14.8025939,58.6663555],[14.8026744,58.6664225],[14.8028004,58.6664392],[14.8029962,58.6663681],[14.8031732,58.6663876],[14.8032698,58.666336],[14.8034307,58.6663485],[14.8035702,58.6663137],[14.8036024,58.6662188],[14.8037526,58.6661226],[14.80372,58.6660111],[14.8034468,58.6658171],[14.8031598,58.6657055],[14.8028355,58.6656815],[14.8027065,58.6655549],[14.8027468,58.6654405],[14.8028596,58.6653166],[14.803074,58.6652773],[14.8032349,58.6653219],[14.8033503,58.6654349],[14.8033825,58.6655075],[14.8034924,58.6655451],[14.8036265,58.6655326],[14.8037446,58.6654715],[14.8038116,58.6653122],[14.8037767,58.6651504],[14.8037616,58.664869],[14.8038357,58.6647221],[14.8041201,58.6646552],[14.8042783,58.6646984],[14.80443,58.6647885],[14.8048888,58.6655985],[14.8050159,58.6659426],[14.8049355,58.6660612],[14.8046136,58.6661728],[14.8045143,58.6663039],[14.8046109,58.6664685],[14.8050749,58.6666944],[14.8054558,58.6670892],[14.8057213,58.6673151],[14.8060271,58.6674058],[14.8065384,58.6673801],[14.8065501,58.6674839],[14.8062149,58.6676722],[14.8056918,58.6678214],[14.8051769,58.6678139],[14.8046994,58.6676875],[14.8043561,58.667396],[14.8038689,58.6671122],[14.8031974,58.666859],[14.8026127,58.6666428],[14.8024604,58.6665293],[14.8024249,58.6664308]]],[[[14.8030084,58.6590732],[14.8030529,58.6590028],[14.8031413,58.6589522],[14.8032231,58.6589641],[14.8032748,58.6589907],[14.8033534,58.6590237],[14.8034276,58.6590579],[14.8035463,58.6591235],[14.8036458,58.6591593],[14.8037275,58.6591823],[14.8038288,58.659179],[14.8038927,58.659161],[14.8039556,58.6591491],[14.8040827,58.6591551],[14.8041963,58.659133],[14.8042473,58.6591134],[14.8043204,58.6590742],[14.8043724,58.6590566],[14.8044951,58.6590639],[14.8045449,58.6590477],[14.8045891,58.6590253],[14.8047012,58.6589883],[14.8047848,58.6589502],[14.8048329,58.658913],[14.8049172,58.6588638],[14.804999,58.658829],[14.8051258,58.6587851],[14.8052685,58.6587485],[14.8054907,58.6587501],[14.8058199,58.658777],[14.805991,58.6588072],[14.8061228,58.658821],[14.8062571,58.6588404],[14.806406,58.6588671],[14.8066888,58.6589422],[14.8067521,58.6589646],[14.8068956,58.6590068],[14.807099,58.6590159],[14.8072851,58.6590368],[14.807476,58.6590482],[14.8077614,58.6590483],[14.8082798,58.6589909],[14.8085888,58.6589618],[14.8089272,58.6589053],[14.8091775,58.6588574],[14.8093671,58.658818],[14.8095538,58.658762],[14.8097757,58.6586798],[14.8102265,58.6584848],[14.8103509,58.6584221],[14.8105079,58.6583709],[14.8106311,58.6583191],[14.810715,58.6582339],[14.8107775,58.658118],[14.8108588,58.6580066],[14.810879,58.6579584],[14.810915,58.6578977],[14.8109878,58.6578371],[14.8109854,58.6578133],[14.8109944,58.6577686],[14.81104,58.6577134],[14.8111382,58.6576421],[14.8112321,58.6575636],[14.8112696,58.6575047],[14.8112903,58.6574308],[14.8113114,58.6574068],[14.8113133,58.65735],[14.8112519,58.6572584],[14.8111411,58.6571153],[14.8109989,58.6568744],[14.8109471,58.6568681],[14.8109112,58.6568135],[14.8108981,58.6567923],[14.8109267,58.6567744],[14.8109196,58.6567588],[14.81085,58.6567398],[14.8108899,58.6567057],[14.8109059,58.6566918],[14.8109303,58.6566789],[14.8109862,58.6566861],[14.81104,58.6566834],[14.8112123,58.6566641],[14.8113052,58.6566398],[14.811383,58.6565904],[14.8114882,58.6565483],[14.8117328,58.6565025],[14.8120096,58.6564625],[14.8121484,58.6564483],[14.8122902,58.6564638],[14.8123679,58.6564852],[14.8124462,58.6565145],[14.8125289,58.6565361],[14.8126115,58.6565761],[14.8127859,58.6566816],[14.813199,58.656811],[14.8135936,58.6569417],[14.8139861,58.6570494],[14.814189,58.6571015],[14.8143347,58.6571476],[14.8144304,58.6571814],[14.8145368,58.6572277],[14.8146662,58.6572686],[14.8147883,58.6573005],[14.8149393,58.6573333],[14.8150123,58.6573626],[14.8151624,58.6574584],[14.8152529,58.6575427],[14.8153336,58.6575923],[14.8154232,58.657673],[14.8155295,58.657782],[14.8155548,58.6578908],[14.8155826,58.6580792],[14.8155729,58.6581392],[14.8154773,58.6584859],[14.815474,58.6585891],[14.8155028,58.6586939],[14.815541,58.6587418],[14.8155698,58.6587938],[14.8155838,58.6588586],[14.8155881,58.6589352],[14.8155677,58.6590081],[14.815459,58.6591234],[14.815389,58.6591749],[14.8153125,58.6592266],[14.815234,58.6592931],[14.8151172,58.6593328],[14.8148788,58.659383],[14.8147109,58.6594617],[14.8146156,58.6595182],[14.8145836,58.6595866],[14.8145613,58.6596727],[14.8145788,58.6597353],[14.8145619,58.6597973],[14.8144759,58.6598559],[14.8144102,58.6599383],[14.8143835,58.6600276],[14.814333,58.6600476],[14.8141981,58.6601444],[14.8141232,58.6601815],[14.8140341,58.6602484],[14.8139678,58.66032],[14.8139419,58.6603642],[14.8139086,58.6604059],[14.8138265,58.660446],[14.8137562,58.6605001],[14.8134735,58.6607046],[14.8133994,58.6607698],[14.8133233,58.6607959],[14.8132016,58.6608243],[14.8131456,58.660835],[14.8130413,58.6608668],[14.8129262,58.6609542],[14.8127336,58.6611446],[14.8126443,58.6611759],[14.8125264,58.6611938],[14.8124689,58.661185],[14.8124091,58.6611476],[14.8122584,58.6611736],[14.8121697,58.6611513],[14.8119368,58.6611637],[14.811763,58.6611621],[14.8116684,58.6611525],[14.811586,58.6611319],[14.8112503,58.6611337],[14.8111341,58.6611262],[14.8109653,58.6611367],[14.8108375,58.6611347],[14.8106961,58.661099],[14.8105965,58.6610783],[14.8104769,58.6610594],[14.8103416,58.6610454],[14.8102444,58.661048],[14.8100602,58.6610668],[14.8099395,58.6610814],[14.8098329,58.6610883],[14.8097113,58.6610943],[14.8094657,58.6610897],[14.8093102,58.6611183],[14.8091676,58.6611352],[14.8089701,58.6611743],[14.8089038,58.6611906],[14.8087989,58.6612247],[14.8086927,58.661268],[14.8086143,58.6613125],[14.8085427,58.661362],[14.8084777,58.6614287],[14.8084265,58.661476],[14.8083744,58.6615165],[14.8082546,58.6615378],[14.8081847,58.661585],[14.8080913,58.6616189],[14.8080097,58.6616572],[14.8079654,58.6616805],[14.8078666,58.6617395],[14.8077345,58.6618784],[14.807586,58.662014],[14.807452,58.662162],[14.8073584,58.6622545],[14.8073247,58.6623012],[14.8073169,58.6623455],[14.8073161,58.6624989],[14.8073083,58.6625519],[14.8072721,58.6626577],[14.8072717,58.662731],[14.8072904,58.6627902],[14.8073104,58.6628399],[14.8073508,58.662886],[14.8074269,58.6629193],[14.8074607,58.6629591],[14.8074637,58.6629945],[14.8074492,58.6630194],[14.8074424,58.6630501],[14.807431,58.6630757],[14.8074322,58.6630967],[14.8073751,58.663123],[14.8073011,58.6631753],[14.8072239,58.6632346],[14.8071798,58.6632826],[14.8071793,58.6633176],[14.8072014,58.6633502],[14.8072281,58.663368],[14.8072803,58.6633733],[14.8073538,58.6633719],[14.8074015,58.6633816],[14.8074224,58.663396],[14.8074392,58.6634129],[14.8074384,58.6634452],[14.8074014,58.6634683],[14.8073534,58.6634864],[14.8073616,58.6635327],[14.807415,58.6635942],[14.8074535,58.6636429],[14.8075175,58.6637155],[14.8075193,58.6638457],[14.8075267,58.6638593],[14.8075648,58.6640388],[14.8076072,58.6641133],[14.8076561,58.6642096],[14.8076896,58.6643025],[14.8076746,58.6643611],[14.8076424,58.664433],[14.8076214,58.66449],[14.8075708,58.664549],[14.8075207,58.6646175],[14.8074663,58.6647298],[14.807447,58.66483],[14.8073658,58.6649335],[14.8073014,58.665051],[14.8072474,58.6650812],[14.8071436,58.6650928],[14.8070954,58.6651546],[14.8070882,58.6651673],[14.8069433,58.6651285],[14.806991,58.6650997],[14.8070313,58.6650509],[14.8070648,58.6649943],[14.8070807,58.6649314],[14.8071091,58.664879],[14.8070801,58.6648262],[14.8070855,58.6647523],[14.8071234,58.6646814],[14.8071318,58.6646244],[14.8070629,58.6645458],[14.8069338,58.6644808],[14.8067245,58.6643408],[14.8065822,58.6640771],[14.8065762,58.6639305],[14.8066018,58.6638175],[14.8066418,58.6637059],[14.8066578,58.6636323],[14.8067281,58.6635864],[14.8068052,58.6635484],[14.8067985,58.6635172],[14.8067476,58.6634445],[14.8067814,58.6633859],[14.8067678,58.6633499],[14.8067566,58.6632872],[14.8066805,58.6631447],[14.8065447,58.6630634],[14.8063196,58.6629608],[14.8061747,58.6628772],[14.8060074,58.6628412],[14.805852,58.662796],[14.8057689,58.6627801],[14.8055866,58.6625712],[14.8054083,58.6623849],[14.8051629,58.6622155],[14.8048807,58.6621529],[14.8048296,58.6620821],[14.8048523,58.6619781],[14.8048275,58.6618934],[14.8047719,58.6617708],[14.8047182,58.6617004],[14.8044657,58.66148],[14.8043059,58.6614384],[14.8042137,58.6613725],[14.8041498,58.6613004],[14.8040723,58.6611876],[14.8040589,58.661115],[14.803953,58.6608308],[14.8039237,58.6607005],[14.8039083,58.6605555],[14.8038334,58.6603173],[14.8037627,58.6602127],[14.8036731,58.6601396],[14.8035991,58.6600652],[14.8035614,58.6600046],[14.8035931,58.6599235],[14.8035798,58.6598346],[14.8035433,58.6597762],[14.8034665,58.6596357],[14.8033411,58.6594981],[14.8031717,58.6593877],[14.8030741,58.6592827],[14.8030137,58.6591903],[14.8030084,58.6590732]]],[[[14.8065243,58.6651898],[14.806582,58.6651058],[14.8067914,58.665155],[14.8069433,58.6651285],[14.8070882,58.6651673],[14.8070602,58.6652127],[14.8071108,58.665304],[14.8071797,58.6653319],[14.8073047,58.6653121],[14.8073791,58.6652786],[14.8075901,58.6652613],[14.8077435,58.6653009],[14.8078625,58.6654448],[14.8090633,58.6668169],[14.81155,58.6703755],[14.8119359,58.6729051],[14.8147228,58.6776643],[14.8151944,58.6798937],[14.814637,58.6810085],[14.814294,58.6814372],[14.814637,58.6821232],[14.8159233,58.6828092],[14.8178955,58.6832809],[14.8204251,58.6842241],[14.8225689,58.6847815],[14.8241124,58.6845671],[14.8265562,58.6845242],[14.8278425,58.6845671],[14.8284427,58.684267],[14.8297718,58.6846528],[14.8308008,58.6859391],[14.8318727,58.6860677],[14.8325158,58.6870538],[14.8343166,58.6885116],[14.8353884,58.6893691],[14.8340593,58.6903981],[14.8302006,58.6923274],[14.8290001,58.6933993],[14.827328,58.6956717],[14.8245411,58.6975153],[14.8224402,58.6975153],[14.8216685,58.6970437],[14.8207253,58.6970437],[14.8199535,58.697258],[14.8191818,58.6968722],[14.8190103,58.6959289],[14.8166093,58.6947713],[14.8145513,58.6930992],[14.8121932,58.6897978],[14.8116358,58.6863678],[14.8104353,58.6862821],[14.8098351,58.6851673],[14.8086346,58.6833237],[14.8083773,58.68118],[14.8079057,58.6771498],[14.8098351,58.6751775],[14.8098351,58.6743629],[14.8091062,58.6741485],[14.810178,58.6734625],[14.8096207,58.6723049],[14.8087632,58.6711473],[14.8079914,58.6711902],[14.8082481,58.6706011],[14.8082699,58.6701605],[14.8080662,58.6696892],[14.8075835,58.6693629],[14.8070482,58.6692179],[14.8079057,58.6686177],[14.8069624,58.6676315],[14.8075627,58.6669455],[14.8067052,58.6657451],[14.8066575,58.6655936],[14.8067446,58.6653692],[14.8065243,58.6651898]]],[[[14.8086047,58.6950613],[14.8086986,58.6949861],[14.8088407,58.6949317],[14.809117,58.6948927],[14.8093611,58.6948913],[14.8094979,58.6949261],[14.8096293,58.6950307],[14.8097929,58.6951644],[14.8097554,58.695262],[14.8096856,58.6954167],[14.8095864,58.6955602],[14.8094925,58.6956954],[14.8094174,58.6957651],[14.8093477,58.6958069],[14.8092619,58.6958501],[14.8091921,58.6958571],[14.8091546,58.6958459],[14.8090956,58.6958139],[14.8089212,58.6956745],[14.8088595,58.6955937],[14.8087898,58.6955449],[14.8087147,58.6955031],[14.8087066,58.6954404],[14.8086852,58.6953345],[14.8086745,58.6952272],[14.8086289,58.6951324],[14.8086047,58.6950613]]],[[[14.8177284,58.7435126],[14.8179363,58.7434047],[14.8183289,58.7432789],[14.818733,58.7434527],[14.8188947,58.7435725],[14.8195644,58.7436384],[14.8199455,58.7438062],[14.8205228,58.7438541],[14.8204997,58.7439679],[14.8203265,58.7439799],[14.8204651,58.7441716],[14.8202572,58.7441776],[14.8201187,58.7442435],[14.8196222,58.7442495],[14.8187099,58.7440878],[14.8181672,58.7439619],[14.8178554,58.7437223],[14.8178323,58.7435785],[14.8177284,58.7435126]]],[[[14.82049,58.5575558],[14.8205424,58.5573116],[14.8206549,58.5571037],[14.8208375,58.5569161],[14.8209462,58.5568967],[14.8210428,58.5570026],[14.8210792,58.5571757],[14.821068,58.5572989],[14.8212466,58.5575046],[14.8213313,58.5576582],[14.8214531,58.5577403],[14.821707,58.5578384],[14.8218457,58.5579049],[14.8218974,58.5579999],[14.822005,58.5581975],[14.8220639,58.5583531],[14.8219762,58.558461],[14.8217903,58.5585079],[14.8215745,58.5584956],[14.821251,58.558383],[14.8210222,58.5582381],[14.8206513,58.5578411],[14.82049,58.5575558]]],[[[14.8205458,58.5556568],[14.820573,58.5555549],[14.8208412,58.5551636],[14.8210685,58.5549691],[14.8212367,58.5548885],[14.8214412,58.5548458],[14.8217003,58.5548458],[14.8218731,58.5548719],[14.8220503,58.5549359],[14.8221003,58.5549786],[14.8221321,58.555064],[14.8221231,58.5551162],[14.8220503,58.5553154],[14.8219731,58.5554007],[14.8217685,58.5555264],[14.8216912,58.5555833],[14.8216412,58.5556639],[14.8216003,58.555728],[14.8215412,58.5557635],[14.821464,58.5557777],[14.8212094,58.5557801],[14.8211094,58.5557896],[14.8209821,58.555837],[14.8208276,58.5558821],[14.8207454,58.5559052],[14.8206594,58.5559129],[14.8205821,58.5558916],[14.8205458,58.5558299],[14.8205458,58.5556568]]],[[[14.8209501,58.7427097],[14.8211579,58.7426678],[14.8211392,58.7427377],[14.8211926,58.7428415],[14.8209732,58.7427876],[14.8209501,58.7427097]]],[[[14.8216102,58.7479744],[14.8218389,58.7478897],[14.8219532,58.7480506],[14.8217899,58.7481015],[14.8216102,58.7479744]]],[[[14.8216818,58.5563577],[14.8216956,58.5563236],[14.8217919,58.5562284],[14.8218539,58.5561333],[14.8219331,58.5561279],[14.822088,58.5561674],[14.8222085,58.5561871],[14.822384,58.5561871],[14.8225286,58.556153],[14.8226112,58.5560973],[14.822625,58.5560147],[14.8225734,58.5559483],[14.8227937,58.5559555],[14.8229761,58.5559932],[14.8232481,58.556065],[14.8233582,58.5560973],[14.8233686,58.5561351],[14.8233169,58.5561512],[14.8231689,58.5561404],[14.8229452,58.5561369],[14.822866,58.5561566],[14.8227283,58.5562302],[14.8225458,58.5563811],[14.8224632,58.5563703],[14.8223393,58.5563685],[14.822236,58.5563865],[14.82215,58.5564385],[14.8221018,58.5565032],[14.8220673,58.556593],[14.8219985,58.5566504],[14.8219262,58.5567546],[14.8218815,58.5568282],[14.8218333,58.5568498],[14.8217679,58.5568516],[14.8217265,58.556839],[14.8216852,58.5568103],[14.82173,58.5567205],[14.8217782,58.5565607],[14.8217472,58.5564745],[14.8216887,58.5563937],[14.8216818,58.5563577]]],[[[14.8221279,58.7429134],[14.8223819,58.7429254],[14.8224858,58.7430392],[14.8224512,58.743213],[14.8223704,58.7430992],[14.8221741,58.7430093],[14.8221279,58.7429134]]],[[[14.8223675,58.7689835],[14.8226562,58.7687739],[14.8227023,58.7686063],[14.8230488,58.7684087],[14.8233374,58.7681153],[14.8237247,58.7682455],[14.8238224,58.7684925],[14.8241457,58.768744],[14.8246076,58.7690493],[14.824961,58.7691166],[14.824882,58.7692957],[14.8250209,58.7697656],[14.8251188,58.7698715],[14.8254275,58.7699713],[14.8253801,58.7704133],[14.8257394,58.7708409],[14.8258864,58.7711499],[14.826044,58.7712203],[14.8259843,58.7714971],[14.826066,58.7717511],[14.8259645,58.7721174],[14.8255271,58.7719415],[14.8252331,58.7719288],[14.8250535,58.7717257],[14.8246764,58.7716533],[14.8244003,58.7715648],[14.8239186,58.7714293],[14.8233734,58.7710777],[14.8234777,58.7708409],[14.8230694,58.7704218],[14.8228408,58.7700408],[14.8229714,58.769791],[14.8228653,58.7696598],[14.8226775,58.7696175],[14.8223911,58.7693116],[14.8223675,58.7689835]]],[[[14.8228513,58.7479829],[14.8230146,58.7478388],[14.8234555,58.748076],[14.8237658,58.7481099],[14.8238475,58.7482624],[14.8236188,58.7483133],[14.8232269,58.7482285],[14.8228513,58.7479829]]],[[[14.8239803,58.5578498],[14.8240767,58.5577463],[14.8241901,58.5576073],[14.8242638,58.5576073],[14.8243432,58.557628],[14.8245247,58.5577286],[14.824451,58.557764],[14.8243602,58.5579445],[14.8243376,58.558051],[14.8241731,58.5580539],[14.8240257,58.5579652],[14.8239803,58.5578498]]],[[[14.8242291,58.5583728],[14.8242413,58.5583304],[14.8243226,58.5582371],[14.8243673,58.5581862],[14.8244508,58.5581846],[14.8245136,58.5582138],[14.8245136,58.5582498],[14.824477,58.558305],[14.8243876,58.5583749],[14.8243185,58.5584046],[14.8242534,58.5584004],[14.8242291,58.5583728]]],[[[14.8251137,58.5582883],[14.8251378,58.558238],[14.825248,58.5581464],[14.8252859,58.5580333],[14.8253341,58.5579687],[14.8254167,58.5579561],[14.8254855,58.5579615],[14.8255854,58.5579758],[14.8256508,58.5580064],[14.8256439,58.5580979],[14.8256267,58.5581554],[14.8255681,58.5581716],[14.8255096,58.5581716],[14.8254064,58.5581841],[14.8253409,58.5582703],[14.8252996,58.5583655],[14.8252996,58.5584301],[14.8252446,58.5584194],[14.8251447,58.5583637],[14.8251137,58.5582883]]],[[[14.8252622,58.7656904],[14.8253275,58.765483],[14.8254745,58.7653856],[14.8256743,58.765476],[14.8259971,58.765339],[14.8262339,58.7653983],[14.8264217,58.7653432],[14.8264217,58.7652035],[14.8261849,58.7651993],[14.8260306,58.7650231],[14.8260216,58.764742],[14.8262058,58.7643728],[14.826487,58.7642339],[14.8268217,58.7643017],[14.8270791,58.7641217],[14.8275565,58.7643065],[14.8275893,58.7644583],[14.8277689,58.7645811],[14.8277934,58.7648182],[14.8276767,58.7649469],[14.8273849,58.7647974],[14.8269687,58.7647547],[14.8268707,58.7649029],[14.8271993,58.7651741],[14.8274831,58.7652247],[14.8276485,58.7653558],[14.8276217,58.7654268],[14.8278122,58.7655525],[14.8276737,58.7657292],[14.8276737,58.7658938],[14.8274889,58.7661543],[14.8274947,58.7663219],[14.8273272,58.7664387],[14.8266448,58.7666356],[14.8263919,58.7665554],[14.8261321,58.7665884],[14.8260024,58.7665185],[14.8256125,58.766289],[14.8254381,58.7660106],[14.8255259,58.7656094],[14.8253929,58.7657412],[14.8252622,58.7656904]]],[[[14.8256316,58.7451743],[14.8257933,58.7450126],[14.8257356,58.7449047],[14.8259434,58.7447789],[14.8261282,58.7448209],[14.8264284,58.7447609],[14.8262898,58.7448928],[14.8264515,58.7450186],[14.826463,58.7451264],[14.8266593,58.7452163],[14.8268903,58.7452043],[14.827075,58.7452762],[14.8272367,58.7451983],[14.8271097,58.7450665],[14.8273406,58.7450545],[14.8275023,58.7451803],[14.8276755,58.7452462],[14.8279988,58.7452223],[14.8283568,58.7453421],[14.8287725,58.7453002],[14.8287725,58.7451743],[14.8290727,58.7451684],[14.8292343,58.7452642],[14.8293267,58.7451684],[14.8297655,58.7451564],[14.8299734,58.7452402],[14.8302505,58.7452762],[14.8304468,58.745378],[14.8302505,58.745438],[14.8302736,58.7455937],[14.8300657,58.7456237],[14.8298925,58.7455218],[14.8293498,58.7456536],[14.8288995,58.7458453],[14.8290034,58.7459891],[14.8287263,58.7459831],[14.8283798,58.746109],[14.8278256,58.746109],[14.8274792,58.7460071],[14.8269826,58.7459232],[14.826209,58.7456117],[14.8260242,58.7454619],[14.8258164,58.745384],[14.8256316,58.7451743]]],[[[14.8260598,58.78147],[14.8264681,58.7815631],[14.8266641,58.7814362],[14.8272846,58.7815123],[14.8274479,58.7816393],[14.8278398,58.7816732],[14.8280358,58.7815208],[14.8283134,58.7816139],[14.8283134,58.7818001],[14.8284604,58.7819186],[14.828591,58.782291],[14.8282318,58.7825873],[14.8277745,58.7825788],[14.8277092,58.7823757],[14.8275132,58.7821217],[14.8273336,58.7819271],[14.82686,58.7819017],[14.8264191,58.7819694],[14.8260925,58.7819017],[14.8260925,58.7816647],[14.8260598,58.78147]]],[[[14.8265334,58.7796333],[14.8271866,58.7795825],[14.8274642,58.779591],[14.8274642,58.7792355],[14.8276765,58.7790577],[14.8282154,58.7791085],[14.828689,58.779354],[14.8291299,58.7797857],[14.8297505,58.7797857],[14.8300117,58.7795233],[14.830224,58.7792778],[14.8307303,58.7794809],[14.8315141,58.7795741],[14.8311059,58.7799042],[14.8313671,58.780065],[14.8311712,58.7804289],[14.8302893,58.7802512],[14.8296851,58.7799465],[14.8292442,58.7800142],[14.8291789,58.7802258],[14.8285257,58.7802512],[14.8283461,58.7800904],[14.8277418,58.7801666],[14.827105,58.7800142],[14.8265987,58.7799888],[14.8265334,58.7796333]]],[[[14.8276275,58.7803866],[14.8281011,58.7804713],[14.8282481,58.780539],[14.8284114,58.7806659],[14.8282644,58.7807083],[14.8278235,58.780539],[14.8276275,58.7803866]]],[[[14.8289689,58.7472985],[14.8291536,58.7471967],[14.8294423,58.7473764],[14.8296271,58.7477658],[14.8295924,58.7478796],[14.829246,58.7477059],[14.8292345,58.7475681],[14.8289689,58.7472985]]],[[[14.8293422,58.7819102],[14.8297668,58.7819694],[14.8297015,58.7821133],[14.8293422,58.7819102]]],[[[14.8298856,58.7515695],[14.8300853,58.7512044],[14.8303102,58.7512899],[14.8307919,58.7510908],[14.8304783,58.750765],[14.8309225,58.7508579],[14.831192,58.7508367],[14.8314369,58.7510315],[14.8316901,58.7511459],[14.8320085,58.751112],[14.8323258,58.750859],[14.8327025,58.7505826],[14.8330066,58.7505161],[14.8331108,58.7506715],[14.83374,58.7509113],[14.8342192,58.7510238],[14.8347193,58.7509299],[14.8347683,58.750824],[14.8341977,58.7507128],[14.834507,58.7505741],[14.8345887,58.7503877],[14.8351624,58.7501666],[14.8350867,58.7503242],[14.8353043,58.7505905],[14.8356392,58.7507881],[14.8359785,58.7508809],[14.8361027,58.7508035],[14.836332,58.7509499],[14.8367824,58.7510757],[14.8372913,58.7512668],[14.8376779,58.7516823],[14.8378216,58.7520461],[14.8374966,58.7523413],[14.8374636,58.752651],[14.8378331,58.7528307],[14.8378807,58.7530706],[14.8374867,58.7531662],[14.8368285,58.7533758],[14.8367593,58.7535136],[14.8364503,58.7535136],[14.8362396,58.7536394],[14.8364194,58.7538653],[14.8355603,58.7542421],[14.8351818,58.7542364],[14.8351357,58.7540261],[14.8357073,58.7537677],[14.8360127,58.7533724],[14.8358297,58.7533357],[14.835593,58.7531239],[14.8352908,58.7531366],[14.8351194,58.7533611],[14.8348572,58.75343],[14.8345397,58.7533653],[14.8344009,58.7530731],[14.8341396,58.7529714],[14.8340377,58.7526812],[14.8334292,58.7526877],[14.832876,58.7529122],[14.8324412,58.7529672],[14.8322643,58.7529109],[14.8320003,58.7526368],[14.8318452,58.7524547],[14.8316144,58.7523689],[14.8312083,58.7521159],[14.8301637,58.7519897],[14.8298856,58.7515695]]],[[[14.8299337,58.7448427],[14.8300377,58.7447528],[14.8301993,58.7449445],[14.8300723,58.7450104],[14.8299337,58.7448427]]],[[[14.8302069,58.7498761],[14.830334,58.7498282],[14.8307728,58.749942],[14.8310268,58.7498103],[14.8313848,58.7497743],[14.8317081,58.7496605],[14.8316388,58.7495407],[14.8314079,58.7494808],[14.8310961,58.7496605],[14.830842,58.7496785],[14.8306457,58.7494988],[14.8307381,58.749373],[14.8307381,58.7490315],[14.8309229,58.7489836],[14.830946,58.7488158],[14.8312577,58.7488757],[14.8316388,58.7488727],[14.8318178,58.7490225],[14.8316908,58.7491603],[14.831812,58.749325],[14.8319563,58.7492891],[14.8319621,58.7492202],[14.8321295,58.7492202],[14.8321526,58.749322],[14.8326088,58.7492382],[14.8327127,58.7491663],[14.8330187,58.7492022],[14.8332034,58.749331],[14.8331688,58.7494239],[14.8335672,58.7495377],[14.8336826,58.7494568],[14.8338327,58.7494329],[14.8339251,58.7495826],[14.8339309,58.7496934],[14.8336364,58.7496395],[14.8336134,58.7497264],[14.8338905,58.7498881],[14.8337519,58.749954],[14.8332785,58.7499301],[14.8330129,58.7497863],[14.8328166,58.7497324],[14.8326203,58.7499301],[14.8323894,58.7501697],[14.8321007,58.7500319],[14.831812,58.7500918],[14.8316619,58.7503254],[14.8314079,58.7504093],[14.831327,58.750571],[14.8312,58.7505351],[14.8311307,58.7503554],[14.8308882,58.7502715],[14.8308074,58.7501218],[14.8304956,58.7500439],[14.8302069,58.7498761]]],[[[14.8302391,58.7484368],[14.8304931,58.7484787],[14.8305162,58.7487962],[14.8303314,58.7487243],[14.8302391,58.7484368]]],[[[14.8311458,58.7779605],[14.8312044,58.7775766],[14.8317107,58.7771533],[14.8319135,58.7766553],[14.8318903,58.7759851],[14.8320105,58.7750789],[14.8326823,58.7748042],[14.8328293,58.774474],[14.8333845,58.7743936],[14.8332865,58.7742455],[14.834201,58.7740296],[14.834117,58.7738508],[14.8341847,58.7737671],[14.8346391,58.7735929],[14.8353525,58.7735844],[14.8364668,58.773755],[14.8369082,58.7738988],[14.8377485,58.7739495],[14.8379102,58.7738478],[14.8377081,58.7737819],[14.8375192,58.7735574],[14.8379852,58.7735305],[14.838118,58.7733659],[14.837814,58.7729095],[14.8369864,58.7727822],[14.8359925,58.7727176],[14.836155,58.7725936],[14.8354449,58.7725428],[14.8354624,58.772438],[14.8359703,58.7723213],[14.8360684,58.7722434],[14.8364148,58.7720938],[14.8362012,58.771986],[14.8355661,58.771995],[14.8352428,58.7719291],[14.8354737,58.771534],[14.8354102,58.7712706],[14.8356816,58.7711509],[14.8358721,58.7712018],[14.8360165,58.7716747],[14.8363167,58.7718962],[14.8367035,58.771971],[14.8373271,58.7723003],[14.8376792,58.7723093],[14.8381182,58.7718416],[14.8382566,58.7716508],[14.8380603,58.7713425],[14.8371604,58.7708222],[14.8369749,58.7705193],[14.8366412,58.7704077],[14.8366342,58.7703038],[14.8369576,58.770208],[14.8368074,58.7700703],[14.8368305,58.7699386],[14.8363629,58.769726],[14.8364091,58.7695374],[14.8360453,58.7695135],[14.835416,58.7693369],[14.8352197,58.7690106],[14.835416,58.7688878],[14.8354864,58.7687054],[14.8366364,58.7688309],[14.8368418,58.7689753],[14.8372691,58.7689753],[14.8377425,58.7692926],[14.8383892,58.7693048],[14.838597,58.7694004],[14.8388741,58.7693345],[14.8396421,58.769664],[14.8395785,58.7697715],[14.8394515,58.7699691],[14.8400641,58.7702697],[14.8402367,58.770496],[14.8412759,58.7709809],[14.8411489,58.7713461],[14.8413683,58.7715556],[14.8412914,58.7720271],[14.8407332,58.7722141],[14.8398804,58.7721898],[14.8398095,58.7723219],[14.8400635,58.7726272],[14.8405947,58.7728247],[14.840433,58.7730642],[14.8405316,58.7732928],[14.8401674,58.7733336],[14.8397402,58.7732618],[14.8396016,58.7737945],[14.8397864,58.7739083],[14.8401674,58.7739262],[14.8404036,58.7741923],[14.8411027,58.7741836],[14.8417494,58.7742974],[14.8420265,58.7741896],[14.8423593,58.7744381],[14.8422344,58.7746206],[14.8422459,58.774872],[14.8428233,58.7752252],[14.8427078,58.7753988],[14.8427424,58.7755784],[14.8429503,58.775752],[14.8436866,58.7758537],[14.8438625,58.7760932],[14.8443821,58.7760453],[14.8446246,58.7759316],[14.845329,58.7760573],[14.845869,58.7760402],[14.8458833,58.7759196],[14.8463451,58.7756323],[14.8467955,58.7757041],[14.8471866,58.7759199],[14.8472574,58.776171],[14.8475229,58.7763027],[14.84771,58.7766153],[14.8474998,58.7767756],[14.8479271,58.7773861],[14.847904,58.7777153],[14.8481811,58.7779248],[14.8480657,58.7784336],[14.8490125,58.7787687],[14.8493287,58.7787502],[14.8494167,58.7783976],[14.8498901,58.7787388],[14.8502733,58.7788108],[14.8504559,58.779092],[14.8515067,58.7795468],[14.8516799,58.7797683],[14.853181,58.7804147],[14.8532734,58.780672],[14.8537156,58.7809277],[14.8543127,58.7815159],[14.8550547,58.7819897],[14.8550863,58.7824735],[14.8546591,58.7827548],[14.8544133,58.7831772],[14.8547745,58.7834969],[14.8553404,58.7836704],[14.8557099,58.7838919],[14.8561487,58.7839697],[14.8563565,58.7843108],[14.8570147,58.7847297],[14.8573211,58.7848839],[14.8574272,58.7847019],[14.8576661,58.7847249],[14.8581866,58.785379],[14.8579661,58.7853451],[14.8578518,58.7856667],[14.8581835,58.7859],[14.8587418,58.786056],[14.858799,58.7861999],[14.8591746,58.7862591],[14.8595338,58.7866357],[14.8597216,58.7867669],[14.8596073,58.7868981],[14.859962,58.7870846],[14.8601548,58.7868935],[14.8607765,58.7869443],[14.8608453,58.7872102],[14.8605278,58.787288],[14.8604952,58.7874715],[14.8601525,58.7874227],[14.860037,58.7877997],[14.8596906,58.7879253],[14.8597714,58.7882425],[14.8595405,58.7882903],[14.8595289,58.7885955],[14.8601761,58.7887844],[14.8606259,58.7890203],[14.8610185,58.7889246],[14.8613304,58.788641],[14.8618787,58.7888211],[14.8622687,58.7892003],[14.8623464,58.7895888],[14.8622656,58.78987],[14.8618615,58.7900256],[14.8614797,58.7902486],[14.8612379,58.7903307],[14.8611917,58.790576],[14.8616767,58.7905222],[14.8617344,58.7906119],[14.8623349,58.7906179],[14.8627275,58.7904923],[14.8631626,58.7905186],[14.8633626,58.7906778],[14.8633049,58.790965],[14.8634781,58.7911205],[14.8633972,58.791318],[14.8630321,58.7913761],[14.8625312,58.7911325],[14.8623349,58.7912701],[14.8620231,58.7912462],[14.8616998,58.7914915],[14.861293,58.7914657],[14.8610763,58.7912581],[14.8614227,58.7910068],[14.8612726,58.7907376],[14.8607701,58.7906566],[14.8605476,58.7907523],[14.8603618,58.7906862],[14.8597168,58.7908978],[14.8589901,58.7908935],[14.8585982,58.7907074],[14.8584839,58.790462],[14.8583042,58.7905466],[14.8583042,58.7907031],[14.8580517,58.7908278],[14.8578143,58.7906228],[14.8573571,58.790627],[14.857251,58.7908216],[14.8574306,58.7910332],[14.8570227,58.7912258],[14.8564671,58.7912447],[14.8560752,58.7910205],[14.856361,58.7908639],[14.8559783,58.7906713],[14.8556261,58.7906566],[14.8552832,58.7907708],[14.855177,58.7911474],[14.8550301,58.7913632],[14.8546881,58.7914475],[14.8546358,58.7910594],[14.8543605,58.7908808],[14.8538788,58.7909528],[14.8538951,58.7912066],[14.8537927,58.7916478],[14.8532011,58.7916508],[14.8529806,58.7912955],[14.8526295,58.7913251],[14.8522991,58.7912526],[14.8519518,58.7913335],[14.8517069,58.7906143],[14.851911,58.7905931],[14.8520253,58.7908089],[14.8522621,58.7904493],[14.8524788,58.7904173],[14.8517636,58.7897838],[14.8517722,58.7895904],[14.8521315,58.789565],[14.851715,58.7892392],[14.851217,58.7893239],[14.8502061,58.788506],[14.8498044,58.7881984],[14.8503841,58.7879868],[14.8497064,58.7877922],[14.8489495,58.7877928],[14.8487021,58.7876272],[14.8484724,58.7870752],[14.8481551,58.7871194],[14.8476815,58.7868656],[14.8464309,58.7867036],[14.8449299,58.7855665],[14.8425334,58.784395],[14.8421783,58.7839881],[14.8404554,58.7832941],[14.8369547,58.7814258],[14.8362423,58.7811782],[14.8356952,58.7812078],[14.8351434,58.7810539],[14.8348624,58.7806788],[14.8342337,58.780518],[14.8336703,58.7802133],[14.8334498,58.7795954],[14.8330181,58.7793845],[14.8319195,58.7793943],[14.8313596,58.7791341],[14.8311473,58.7787659],[14.8320288,58.7783416],[14.8319474,58.7781649],[14.8315229,58.7781522],[14.8311458,58.7779605]]],[[[14.8314401,58.7469883],[14.8317287,58.7470362],[14.8320405,58.7470003],[14.8324677,58.7470901],[14.8328488,58.7470482],[14.8330336,58.7469284],[14.8336571,58.7468984],[14.8340843,58.7470302],[14.8340959,58.7471321],[14.8346155,58.7473597],[14.8348234,58.7475694],[14.8348465,58.7477252],[14.8344308,58.747839],[14.8342576,58.7481146],[14.8341421,58.7483662],[14.8340035,58.7483422],[14.8338996,58.7479648],[14.8337033,58.7477611],[14.8334031,58.7476054],[14.8330797,58.7476173],[14.8326871,58.7478749],[14.8326179,58.7481146],[14.8323523,58.7482524],[14.8322253,58.7483961],[14.8321098,58.7483782],[14.8320751,58.7480966],[14.8322137,58.7479109],[14.8323176,58.7476054],[14.831925,58.7472579],[14.8315093,58.7471321],[14.8314401,58.7469883]]],[[[14.8324107,58.7709588],[14.8326416,58.7709288],[14.832734,58.7710426],[14.8329303,58.7710964],[14.8329534,58.771318],[14.8327918,58.7713359],[14.8324684,58.7711384],[14.8324107,58.7709588]]],[[[14.8331728,58.7716532],[14.8333691,58.7714556],[14.833219,58.7712701],[14.8333114,58.7711623],[14.8335885,58.7713239],[14.8339234,58.7713239],[14.8341312,58.7712461],[14.8341312,58.7713778],[14.8344661,58.7714556],[14.8343853,58.7716352],[14.8344084,58.7718029],[14.8341197,58.7719465],[14.8339927,58.771737],[14.8337502,58.7715634],[14.8336347,58.7717729],[14.8333576,58.7718388],[14.8331728,58.7716532]]],[[[14.83349,58.7816647],[14.8337023,58.7816901],[14.8338493,58.7818255],[14.8342576,58.7820033],[14.8343229,58.7823333],[14.833931,58.7819863],[14.8335554,58.7819102],[14.83349,58.7816647]]],[[[14.8345346,58.7498086],[14.8346154,58.7497127],[14.8347193,58.749581],[14.8349157,58.7497906],[14.8347078,58.7499224],[14.8345346,58.7498086]]],[[[14.8347965,58.7824349],[14.8351884,58.782418],[14.8355966,58.7825449],[14.8357926,58.7828242],[14.8354497,58.7828496],[14.8351231,58.7825957],[14.8347965,58.7824349]]],[[[14.8362217,58.7506108],[14.8364122,58.7506318],[14.8366143,58.7506737],[14.83647,58.7507486],[14.8362275,58.7507097],[14.8362217,58.7506108]]],[[[14.8375778,58.7572046],[14.8380472,58.7567916],[14.8383154,58.7568873],[14.8386003,58.756896],[14.8383405,58.7566482],[14.8385829,58.7565614],[14.8382818,58.7563308],[14.8382591,58.7557698],[14.8391116,58.7552701],[14.8397087,58.7552834],[14.8407059,58.7541505],[14.8404945,58.7540006],[14.8405951,58.7538398],[14.8402347,58.7537137],[14.8402583,58.7534343],[14.8407124,58.7533833],[14.8404945,58.7532398],[14.8406202,58.7528441],[14.841383,58.7527485],[14.8417553,58.7524537],[14.8428581,58.7522485],[14.8431011,58.7527398],[14.8433945,58.7529224],[14.8437968,58.7528702],[14.8439951,58.7526926],[14.843537,58.7523268],[14.8443332,58.7523094],[14.8447355,58.7525659],[14.8448026,58.7528137],[14.8443416,58.7529267],[14.8446768,58.7531963],[14.8449786,58.7530398],[14.8452803,58.7529398],[14.8458586,58.7532702],[14.845867,58.7535485],[14.8463553,58.7537547],[14.8466381,58.753931],[14.8474762,58.7540963],[14.8477193,58.754431],[14.8474806,58.7545029],[14.8468728,58.7544919],[14.8476942,58.755057],[14.8480126,58.7555048],[14.8478869,58.7556657],[14.8476271,58.7556831],[14.8478031,58.7561352],[14.8482653,58.7560706],[14.8487921,58.7564047],[14.8487334,58.7567177],[14.8494729,58.7570027],[14.8497895,58.7569742],[14.8498314,58.7568134],[14.8510286,58.7571762],[14.8520357,58.7576567],[14.8524213,58.7575741],[14.8528068,58.757735],[14.8531334,58.7581746],[14.8534941,58.7588913],[14.8538712,58.7588391],[14.8536244,58.7585049],[14.8538461,58.7584739],[14.8541897,58.7586739],[14.854592,58.7586131],[14.8545358,58.7583511],[14.8545669,58.7580132],[14.8541394,58.7577958],[14.8544663,58.7576132],[14.8549682,58.7576283],[14.8554972,58.757974],[14.8562432,58.7581827],[14.8562867,58.7580367],[14.8555224,58.7576219],[14.8552184,58.7572787],[14.8553045,58.7570742],[14.8555643,58.7569872],[14.8556565,58.7567873],[14.855866,58.7567221],[14.8558325,58.7564569],[14.8562699,58.756367],[14.8563689,58.7562308],[14.856855,58.7562786],[14.8569807,58.7564699],[14.8573134,58.7566305],[14.857953,58.7567525],[14.8582044,58.7569829],[14.8585816,58.7570003],[14.8590633,58.757247],[14.8595371,58.7573698],[14.8597382,58.7576871],[14.8601728,58.7578928],[14.8604674,58.7579914],[14.8603249,58.7581045],[14.8600064,58.7579697],[14.8597298,58.7582001],[14.8599919,58.7584517],[14.8597131,58.7587435],[14.859118,58.7588217],[14.8583489,58.758827],[14.8583469,58.7590695],[14.8590929,58.7592042],[14.8595622,58.7594911],[14.8605327,58.759548],[14.8610792,58.7594998],[14.8614732,58.7597824],[14.8622778,58.7601692],[14.8627103,58.7601368],[14.8618252,58.7595781],[14.8622275,58.7594172],[14.861909,58.7591868],[14.8622694,58.759026],[14.8622024,58.7588608],[14.8626801,58.7590695],[14.8625292,58.7593781],[14.8630908,58.7599128],[14.8635518,58.7598476],[14.8629232,58.7593346],[14.8632752,58.7592781],[14.8627478,58.7588585],[14.8631662,58.7589912],[14.8633757,58.7587304],[14.8632416,58.7586217],[14.8635601,58.7585],[14.8641385,58.7586435],[14.8642813,58.7585403],[14.864876,58.7586696],[14.8647,58.7582914],[14.8654627,58.7584479],[14.8654962,58.7586391],[14.8655358,58.7588837],[14.8657644,58.7588956],[14.8661248,58.7592738],[14.8664852,58.7594216],[14.8668205,58.7599562],[14.8672144,58.7600519],[14.8668306,58.760223],[14.8665691,58.7601518],[14.8664852,58.7603127],[14.8671558,58.7604822],[14.8674323,58.7607734],[14.8678179,58.7609038],[14.8675245,58.7610733],[14.8682956,58.7613298],[14.8687901,58.7617775],[14.869293,58.7617297],[14.8693328,58.7615721],[14.8695109,58.7613863],[14.8697456,58.7612863],[14.870152,58.7615863],[14.869821,58.7615776],[14.8702485,58.7619079],[14.8701563,58.761947],[14.8698965,58.7618253],[14.8701395,58.7623904],[14.8701395,58.7627685],[14.8705551,58.7631483],[14.8708059,58.7630368],[14.871095,58.7631293],[14.8711202,58.7629684],[14.8713986,58.7632427],[14.8716771,58.7632058],[14.8718905,58.7633226],[14.8717245,58.7634701],[14.8720979,58.7635716],[14.8722935,58.7634917],[14.8727913,58.7639066],[14.8728802,58.7640664],[14.873384,58.7635777],[14.8737514,58.7639004],[14.8740774,58.7639434],[14.8742907,58.7638267],[14.87467,58.7638574],[14.8749137,58.7640647],[14.8746108,58.764386],[14.8749486,58.7646165],[14.875239,58.7644597],[14.8752034,58.7646902],[14.8753219,58.7648316],[14.876288,58.7649115],[14.8763591,58.7652311],[14.877254,58.7654678],[14.8772658,58.7656952],[14.8780719,58.7659195],[14.8786902,58.7663147],[14.8784749,58.7664512],[14.8782674,58.7664174],[14.878125,58.7663609],[14.8780659,58.7663375],[14.8777044,58.766445],[14.8775148,58.7664419],[14.8770169,58.7663006],[14.8768154,58.7663928],[14.8772007,58.766654],[14.8777755,58.7668414],[14.8783326,58.7670074],[14.8787749,58.7670407],[14.8790497,58.7671672],[14.8793435,58.7672324],[14.8792846,58.7674832],[14.8795691,58.7677414],[14.8792609,58.7676369],[14.8790238,58.7676246],[14.8793083,58.7678212],[14.8787986,58.7679196],[14.879166,58.7682883],[14.8786445,58.7685956],[14.878609,58.769075],[14.8784193,58.7692471],[14.8781941,58.7692286],[14.8773918,58.7696532],[14.8767717,58.7696035],[14.8761672,58.7696588],[14.8755272,58.769499],[14.8752782,58.7692348],[14.8753494,58.768989],[14.8751123,58.7687984],[14.8749701,58.7688537],[14.8749938,58.7690012],[14.8744006,58.7693574],[14.8739284,58.7692959],[14.8736307,58.76937],[14.8729981,58.7692133],[14.8726125,58.7689917],[14.8719672,58.768996],[14.8711542,58.7690742],[14.8686212,58.7687069],[14.8677932,58.7686266],[14.8674831,58.7687744],[14.8673768,58.7689222],[14.8671982,58.76887],[14.866888,58.7690134],[14.8664187,58.7690091],[14.866184,58.769235],[14.8664693,58.7697655],[14.8663181,58.7700868],[14.8673335,58.770307],[14.8682039,58.7705387],[14.8684637,58.770769],[14.8683045,58.7712253],[14.8686939,58.7714028],[14.8685727,58.7714947],[14.8681955,58.7714686],[14.8677597,58.7715338],[14.8674831,58.7717945],[14.8677681,58.7719466],[14.8677416,58.7722667],[14.8674552,58.7722645],[14.8674161,58.772468],[14.8672359,58.7724796],[14.8670878,58.7725994],[14.8672401,58.772694],[14.8669337,58.772793],[14.8667144,58.7727469],[14.8664299,58.7728053],[14.8663588,58.7729681],[14.8660862,58.7730326],[14.8661988,58.773174],[14.8663785,58.7732124],[14.8665425,58.7735703],[14.8669276,58.773753],[14.8666373,58.7738038],[14.8667796,58.7740742],[14.8666136,58.7743231],[14.8668566,58.774701],[14.8668746,58.7752434],[14.8674671,58.7753554],[14.8677634,58.7756626],[14.8676683,58.7758931],[14.8671885,58.7758531],[14.8669337,58.7760343],[14.8673367,58.7760927],[14.867307,58.7762187],[14.8669989,58.7762709],[14.8671292,58.7766887],[14.8664121,58.7768393],[14.8664892,58.7770144],[14.8666611,58.7770973],[14.8665959,58.7772202],[14.8667578,58.7773237],[14.866987,58.7774752],[14.866904,58.7775919],[14.8667203,58.7776534],[14.8666551,58.7777578],[14.8668388,58.7779421],[14.86723,58.7778285],[14.8673666,58.7779605],[14.8671944,58.7781388],[14.867556,58.7782709],[14.8682079,58.778363],[14.8686649,58.7780794],[14.8689428,58.7780312],[14.8697014,58.7782862],[14.869814,58.7781388],[14.8699681,58.7781818],[14.8701162,58.7784245],[14.8702943,58.7784366],[14.8704066,58.7785934],[14.8701933,58.7785934],[14.8703355,58.7789221],[14.8705322,58.7790065],[14.8699799,58.7791156],[14.8695947,58.7791249],[14.8692095,58.7796072],[14.8694459,58.7799628],[14.8701222,58.780071],[14.8710289,58.7800004],[14.8713608,58.7802062],[14.8717594,58.7801664],[14.8719535,58.7805072],[14.8727002,58.7806455],[14.872795,58.7809096],[14.8729499,58.7810787],[14.8724987,58.7812414],[14.8718949,58.7818317],[14.8712186,58.7816776],[14.8705429,58.7813612],[14.8700214,58.7812352],[14.8692924,58.7812352],[14.8689131,58.7810939],[14.8688842,58.7812112],[14.8688435,58.7811971],[14.8681901,58.7809711],[14.8681563,58.7809783],[14.8678464,58.7810448],[14.8679234,58.7811584],[14.868202,58.781226],[14.8676449,58.7815424],[14.8676449,58.7816407],[14.8674493,58.7817083],[14.8674774,58.7818936],[14.8673011,58.7818711],[14.8672359,58.7817728],[14.8669929,58.7818588],[14.8663958,58.7815381],[14.8664299,58.7812967],[14.8669337,58.7811216],[14.8675737,58.7809342],[14.8674967,58.7806086],[14.8672332,58.7802857],[14.8669811,58.7799481],[14.8663764,58.779735],[14.8658847,58.7796901],[14.8656772,58.779386],[14.8654105,58.7793338],[14.8652683,58.7793829],[14.8651083,58.7796409],[14.8649724,58.7796656],[14.8648215,58.7795417],[14.8647171,58.7796348],[14.8644548,58.7795547],[14.864063,58.7795244],[14.8636691,58.779368],[14.8632674,58.7793388],[14.8631243,58.7790378],[14.8624622,58.7789683],[14.8621353,58.7792941],[14.8623365,58.7795939],[14.8620766,58.7794375],[14.8622275,58.7797503],[14.8622307,58.7801931],[14.8618922,58.780176],[14.8616576,58.780037],[14.8608712,58.7800075],[14.8606937,58.7799414],[14.860283,58.7799371],[14.8600316,58.7797155],[14.8594881,58.7795913],[14.8587073,58.7784817],[14.8586403,58.7786338],[14.8585062,58.7784513],[14.8584475,58.7786381],[14.8579695,58.7784845],[14.8578776,58.7781819],[14.8575842,58.7778995],[14.8574519,58.7774565],[14.8578105,58.777161],[14.8578356,58.7769177],[14.8583637,58.7770523],[14.8588749,58.7771001],[14.8596125,58.7770132],[14.859822,58.776683],[14.8596257,58.7763522],[14.8598388,58.7761139],[14.8595287,58.7758532],[14.8589504,58.7757576],[14.8580138,58.7751647],[14.8567293,58.7749973],[14.8565745,58.7753446],[14.8545753,58.7745975],[14.8534689,58.773911],[14.8533844,58.7739251],[14.8529996,58.7739892],[14.8524932,58.7738353],[14.8522565,58.7731137],[14.8516753,58.7729421],[14.8505103,58.7731637],[14.8505271,58.7734157],[14.8500996,58.7736807],[14.8503594,58.7738849],[14.849999,58.773911],[14.8499077,58.7741845],[14.8495578,58.7740133],[14.8493872,58.7737459],[14.8489178,58.7735026],[14.8493956,58.77352],[14.849119,58.7729421],[14.8496198,58.7723928],[14.8500828,58.7720296],[14.8497476,58.7716515],[14.8498146,58.7714386],[14.8493096,58.7712132],[14.8500158,58.7710127],[14.8503175,58.7704478],[14.8509294,58.7703522],[14.8508324,58.7693654],[14.8510802,58.7692137],[14.8511221,58.7689834],[14.8514071,58.7688747],[14.8513313,58.7684364],[14.8518346,58.7685314],[14.8526912,58.7681801],[14.8521447,58.7679491],[14.8522285,58.7676927],[14.8527366,58.7677075],[14.8526727,58.7674276],[14.8537288,58.7670495],[14.8546423,58.7671668],[14.8547513,58.7670495],[14.8541707,58.7669023],[14.854701,58.7667583],[14.8549273,58.7665975],[14.8555056,58.7664802],[14.8555056,58.766063],[14.8559628,58.766097],[14.8568466,58.7662629],[14.8574333,58.7662716],[14.8574687,58.7658803],[14.8567712,58.76575],[14.8568047,58.7655979],[14.8563182,58.7655847],[14.8560253,58.7652155],[14.8561115,58.7649575],[14.8565533,58.7650503],[14.8563857,58.7646418],[14.8558995,58.7644375],[14.8554218,58.7643984],[14.8549297,58.7642403],[14.8546507,58.7638638],[14.8542652,58.763942],[14.8536282,58.7636334],[14.8533246,58.7631854],[14.8529996,58.7628815],[14.8521111,58.7627294],[14.8518252,58.76298],[14.8505774,58.7629858],[14.8496135,58.7626033],[14.8491457,58.7627368],[14.8475852,58.7620774],[14.847602,58.7617949],[14.8472583,58.7617514],[14.8471326,58.7615167],[14.8467303,58.7614906],[14.846373,58.7611473],[14.8467722,58.7611299],[14.8469733,58.7609299],[14.8468895,58.7606083],[14.8474595,58.7599171],[14.8472416,58.7597737],[14.8472543,58.7596144],[14.847602,58.7593955],[14.8476103,58.7589434],[14.8473254,58.7586783],[14.8469985,58.7586478],[14.8468728,58.7588043],[14.8466136,58.7589255],[14.846395,58.7586652],[14.8465291,58.7582218],[14.8461771,58.7582523],[14.8462274,58.7581262],[14.8466632,58.7580958],[14.8461576,58.7576728],[14.8457748,58.7573394],[14.845163,58.7570872],[14.8444422,58.757122],[14.84406,58.7575424],[14.8440884,58.7575958],[14.844241,58.7578828],[14.8440745,58.7580478],[14.8436459,58.7579958],[14.8425396,58.7576915],[14.8424666,58.7582229],[14.8417601,58.7579393],[14.8410425,58.7575781],[14.8414165,58.7572307],[14.8412623,58.757017],[14.8409646,58.7566679],[14.8399863,58.7564535],[14.8393211,58.7567742],[14.8395303,58.757384],[14.8392708,58.7573785],[14.838835,58.7575611],[14.8380072,58.7572811],[14.8375778,58.7572046]]],[[[14.8383959,58.7584328],[14.8386211,58.7582053],[14.8390952,58.758273],[14.8394745,58.7584697],[14.839676,58.7588139],[14.839676,58.759066],[14.8391544,58.7588385],[14.8387277,58.7587832],[14.8385025,58.7585988],[14.8385025,58.7585127],[14.8383959,58.7584328]]],[[[14.8388458,58.762405],[14.8393654,58.7624649],[14.8397234,58.7623032],[14.8398273,58.762405],[14.8399774,58.7624949],[14.839989,58.7626146],[14.8398042,58.7626326],[14.8395733,58.7625368],[14.839377,58.7625787],[14.8389844,58.7625188],[14.8388458,58.762405]]],[[[14.8390656,58.7649774],[14.8391676,58.7649097],[14.8392493,58.7649414],[14.8393473,58.765007],[14.8392166,58.7651065],[14.8391636,58.7650515],[14.8390656,58.7649774]]],[[[14.8393432,58.764808],[14.8394289,58.7647594],[14.839482,58.7648271],[14.8394085,58.764916],[14.8393432,58.764808]]],[[[14.8397494,58.7509283],[14.8399687,58.7508504],[14.8402112,58.7509493],[14.8402286,58.7510751],[14.840269,58.7511739],[14.8405519,58.7512099],[14.8404422,58.7513686],[14.8401939,58.7514195],[14.8399572,58.7512757],[14.8399399,58.7511739],[14.8398244,58.751129],[14.8397494,58.7509283]]],[[[14.8402978,58.7521713],[14.8405288,58.7520335],[14.8406674,58.7520275],[14.8406962,58.7521653],[14.840754,58.7522881],[14.8405172,58.7524258],[14.8403787,58.752318],[14.8402978,58.7521713]]],[[[14.8403084,58.7655845],[14.8403426,58.7654532],[14.8408623,58.7652945],[14.8416532,58.7651478],[14.841677,58.764887],[14.8420285,58.7649981],[14.8421902,58.7649832],[14.8419419,58.7647676],[14.8420385,58.7647076],[14.8423749,58.7647646],[14.8426636,58.7648993],[14.8431948,58.7648185],[14.8434293,58.7649949],[14.8435181,58.7651838],[14.8437837,58.7653065],[14.843749,58.7654442],[14.8439897,58.7657581],[14.8448691,58.7658514],[14.8449961,58.7659532],[14.8453252,58.7659173],[14.845582,58.7660723],[14.8454176,58.7662526],[14.8451809,58.7662406],[14.8450654,58.7661358],[14.8448807,58.7661059],[14.8448229,58.7662376],[14.8446208,58.7662526],[14.84454,58.7664322],[14.8443437,58.7664681],[14.8437846,58.7670419],[14.8437895,58.7674051],[14.8436126,58.7681043],[14.8433589,58.7680654],[14.8432006,58.767935],[14.8429696,58.7680787],[14.8428195,58.7680099],[14.8428888,58.7678572],[14.8424789,58.7678751],[14.8423518,58.7677285],[14.8426232,58.7677674],[14.8427675,58.7677704],[14.842525,58.7676476],[14.842092,58.7672764],[14.8421093,58.7671417],[14.8419823,58.7671477],[14.8418564,58.7670509],[14.8419477,58.767001],[14.8421324,58.7670968],[14.8421209,58.766995],[14.8414974,58.7666298],[14.8413299,58.7663723],[14.8412262,58.7661142],[14.8407641,58.7657616],[14.8403084,58.7655845]]],[[[14.840702,58.751755],[14.8409041,58.7515453],[14.8410773,58.7515932],[14.8412505,58.7516112],[14.8413717,58.7514674],[14.841493,58.7515573],[14.841695,58.7515693],[14.8417586,58.7514884],[14.841978,58.7515243],[14.8421569,58.7515064],[14.8423706,58.7515872],[14.8422262,58.751707],[14.8420299,58.7516951],[14.8418625,58.7516411],[14.8418221,58.7516741],[14.8418798,58.751749],[14.8416315,58.7519287],[14.8413833,58.7518658],[14.8413371,58.7519946],[14.8409214,58.7520604],[14.8407135,58.7518987],[14.840702,58.751755]]],[[[14.8408479,58.7690752],[14.8409785,58.7690244],[14.8413704,58.7690413],[14.8415827,58.7688339],[14.8417868,58.7688678],[14.841991,58.7690202],[14.8421624,58.7689948],[14.8420155,58.7688466],[14.8419833,58.7685981],[14.8423747,58.7686857],[14.8423747,58.768927],[14.8426033,58.7688678],[14.8428565,58.7689778],[14.8430837,58.7687417],[14.8435913,58.7691768],[14.8439914,58.7693842],[14.844367,58.7694562],[14.8445934,58.7696209],[14.8448406,58.7695493],[14.844963,58.7692784],[14.8451835,58.7692869],[14.8454203,58.7690879],[14.845755,58.7693038],[14.8461397,58.769096],[14.8462613,58.7688974],[14.8462205,58.7686942],[14.8459264,58.7684806],[14.8461551,58.768364],[14.8465062,58.768093],[14.8464381,58.7677337],[14.8471143,58.7679281],[14.8472084,58.7682327],[14.8473636,58.7683724],[14.8471839,58.7688889],[14.8472901,58.7692022],[14.8471349,58.7693927],[14.8472414,58.7696543],[14.8471676,58.7699049],[14.8474126,58.7701928],[14.8475922,58.7706288],[14.84778,58.7708109],[14.8477881,58.7711199],[14.8473227,58.7714035],[14.8475677,58.7717168],[14.8481719,58.7718057],[14.8483515,58.7720258],[14.8485638,58.7721655],[14.8483107,58.7723729],[14.8482893,58.7726955],[14.847633,58.7726438],[14.8474339,58.7727558],[14.8470206,58.7725422],[14.8471594,58.7723475],[14.8467838,58.772428],[14.8458857,58.7719581],[14.8458694,58.7718396],[14.846098,58.7718311],[14.8459837,58.7717337],[14.8461061,58.7715686],[14.8459347,58.7713697],[14.8455591,58.7712723],[14.8454203,58.7715771],[14.845257,58.7716406],[14.84511,58.7711114],[14.8449222,58.7713697],[14.8446691,58.7713358],[14.8444895,58.7710649],[14.8443098,58.7711199],[14.8439506,58.770832],[14.843379,58.7707304],[14.8428646,58.770396],[14.8429218,58.7702097],[14.8425217,58.7700108],[14.8421788,58.7700489],[14.8417215,58.7698457],[14.8413684,58.7694809],[14.8410193,58.7693377],[14.8408479,58.7690752]]],[[[14.8411206,58.7605726],[14.8412938,58.7605187],[14.8414901,58.7605966],[14.8416287,58.7606265],[14.8417788,58.7607702],[14.8414554,58.7606804],[14.8411668,58.7606325],[14.8411206,58.7605726]]],[[[14.8411374,58.7682209],[14.8411489,58.7680772],[14.8413914,58.7681251],[14.8414838,58.7682269],[14.841657,58.7683766],[14.8416108,58.7684724],[14.8413452,58.7684724],[14.8413106,58.7682987],[14.8411374,58.7682209]]],[[[14.8412333,58.5564595],[14.8414547,58.5565049],[14.8417236,58.5565791],[14.8420004,58.5565915],[14.842127,58.5566369],[14.8423247,58.5567153],[14.8423484,58.5568514],[14.8423168,58.556905],[14.8421586,58.5569298],[14.8420004,58.5569257],[14.8417948,58.5568679],[14.8416604,58.5567606],[14.841518,58.5566328],[14.841257,58.556542],[14.8412333,58.5564595]]],[[[14.8433013,58.7525619],[14.8434401,58.7524433],[14.8436034,58.7524941],[14.8436197,58.7526466],[14.8434483,58.7526635],[14.8433013,58.7525619]]],[[[14.8438838,58.7591582],[14.8439431,58.7588877],[14.8444409,58.7590475],[14.8445476,58.759484],[14.8443817,58.7595147],[14.8441802,58.7593119],[14.8438838,58.7591582]]],[[[14.8450813,58.7511345],[14.8450894,58.7510498],[14.8452756,58.7510942],[14.8453911,58.7510103],[14.845465,58.7511218],[14.8460039,58.7511176],[14.8460856,58.7511726],[14.8462244,58.7511726],[14.8463142,58.7513378],[14.8461101,58.7513886],[14.8461019,58.7512743],[14.8459386,58.7513844],[14.8456447,58.7513802],[14.8453834,58.7513251],[14.8453916,58.7512065],[14.8450813,58.7511345]]],[[[14.8453299,58.7629387],[14.8455077,58.762742],[14.8460767,58.7626682],[14.8463137,58.7627481],[14.8465982,58.7627604],[14.8467997,58.7628342],[14.8471197,58.7627666],[14.8473094,58.7628157],[14.8473212,58.7629694],[14.8477835,58.7630923],[14.8482221,58.7630063],[14.8484828,58.7632337],[14.8485302,58.7634427],[14.848388,58.7636332],[14.848471,58.7642848],[14.8481272,58.7645614],[14.8475701,58.7644753],[14.8467641,58.764125],[14.8461952,58.7636025],[14.8457803,58.7634796],[14.8453299,58.7629387]]],[[[14.8462475,58.7665233],[14.8463976,58.7664365],[14.8466921,58.7665053],[14.8471886,58.7664964],[14.8473733,58.7666341],[14.8476562,58.7667299],[14.847841,58.7669933],[14.8481355,58.767164],[14.848147,58.7672747],[14.8477602,58.7675052],[14.847789,58.7677238],[14.8479218,58.7677956],[14.8479218,58.7679453],[14.8476909,58.7680201],[14.847535,58.7679962],[14.8475292,58.7678884],[14.8472752,58.7677986],[14.8472694,58.7676579],[14.8469634,58.7675501],[14.8469057,58.7674813],[14.8471251,58.7673017],[14.8475235,58.7671699],[14.8475235,58.7670682],[14.847281,58.7668736],[14.8469576,58.7667987],[14.8467902,58.766658],[14.8462475,58.7665233]]],[[[14.8465997,58.7527435],[14.8466863,58.7524739],[14.8468768,58.7521864],[14.84705,58.7519558],[14.8471944,58.7519438],[14.8472232,58.7516323],[14.8471366,58.7514946],[14.847102,58.7513238],[14.8472521,58.7513149],[14.847356,58.7511891],[14.8474946,58.7512639],[14.8483722,58.7512639],[14.8488398,58.7513688],[14.8490246,58.7515215],[14.8491862,58.7515185],[14.8495269,58.7516683],[14.8495673,58.751821],[14.8496712,58.7518839],[14.8495096,58.7519738],[14.8495731,58.7520846],[14.8494056,58.7521565],[14.8489091,58.7521265],[14.8483664,58.7522523],[14.8481124,58.7522583],[14.8478237,58.7524739],[14.8478814,58.7525608],[14.8478872,58.7526776],[14.847483,58.7525728],[14.8474022,58.7526446],[14.8477486,58.7528243],[14.8477371,58.7529711],[14.847535,58.75304],[14.8472867,58.753016],[14.8470962,58.7529022],[14.8465997,58.7527435]]],[[[14.848322,58.7559425],[14.8483301,58.7558621],[14.8485506,58.7557562],[14.8486975,58.7558451],[14.848771,58.7559891],[14.848322,58.7559425]]],[[[14.8486744,58.5780727],[14.848846,58.5778741],[14.8496999,58.577999],[14.8498156,58.5779102],[14.8500269,58.5779531],[14.850305,58.5780675],[14.8513535,58.5782267],[14.8512172,58.5784083],[14.8502256,58.5784144],[14.8494341,58.578482],[14.8491435,58.5783778],[14.8486744,58.5780727]]],[[[14.849016,58.7552649],[14.8492201,58.7551633],[14.8492936,58.7550489],[14.8493426,58.7549515],[14.849857,58.7549176],[14.84971,58.754744],[14.849612,58.7545026],[14.8501264,58.7545237],[14.8502326,58.7548202],[14.8508205,58.7546212],[14.850796,58.7544052],[14.8512532,58.7542654],[14.8517676,58.7542612],[14.8520452,58.7544179],[14.852233,58.7544052],[14.8527148,58.7545407],[14.8528617,58.7546677],[14.8523882,58.754511],[14.8527719,58.754744],[14.8527882,58.754871],[14.8530659,58.7551082],[14.8535231,58.7552522],[14.8535476,58.7553496],[14.853417,58.7554258],[14.8534741,58.7555063],[14.8533843,58.7555995],[14.853123,58.7556334],[14.8532536,58.7558451],[14.8532945,58.756023],[14.853768,58.7559171],[14.8538007,58.7560018],[14.8535884,58.7561331],[14.8533435,58.7561331],[14.8534006,58.7562093],[14.8540048,58.7563279],[14.854111,58.7562602],[14.8542498,58.7562432],[14.8543559,58.7563195],[14.8543396,58.7565312],[14.8538579,58.7568404],[14.8534088,58.7568404],[14.853025,58.7568785],[14.8527311,58.7568785],[14.8524943,58.7566159],[14.8520534,58.7565651],[14.8517513,58.756383],[14.8512777,58.7562729],[14.8510654,58.7560484],[14.8510981,58.7558705],[14.8509756,58.7556715],[14.8505755,58.7553877],[14.8501836,58.755375],[14.8493752,58.7555105],[14.849163,58.7554851],[14.849016,58.7552649]]],[[[14.8494403,58.7525608],[14.8497751,58.7525159],[14.8498502,58.7525907],[14.849677,58.7527495],[14.8495788,58.7526476],[14.8494461,58.7526327],[14.8494403,58.7525608]]],[[[14.8503551,58.7560399],[14.8503877,58.7559087],[14.8504939,58.755951],[14.850502,58.7560653],[14.8503551,58.7560399]]],[[[14.8516696,58.7540452],[14.8518656,58.7540621],[14.8518738,58.7542019],[14.8516696,58.7541341],[14.8516696,58.7540452]]],[[[14.8586164,58.800258],[14.8586409,58.8001628],[14.8589634,58.7999534],[14.8591349,58.7999661],[14.859388,58.8000909],[14.8597963,58.800203],[14.8599514,58.8003362],[14.8599106,58.80048],[14.8598738,58.8007232],[14.8596452,58.8007338],[14.859388,58.8008417],[14.8592206,58.8010214],[14.8590083,58.8009051],[14.8590614,58.8007972],[14.8590206,58.8006788],[14.8588287,58.8005392],[14.8586164,58.800258]]],[[[14.8598674,58.7589676],[14.8600579,58.7589167],[14.8603581,58.7587161],[14.8608027,58.7585484],[14.8611029,58.7585065],[14.861432,58.7587281],[14.8612646,58.7589078],[14.8613627,58.7591204],[14.8611433,58.759285],[14.8608258,58.7592641],[14.8606295,58.7590904],[14.8602022,58.7591114],[14.859902,58.7590754],[14.8598674,58.7589676]]],[[[14.8601505,58.7950378],[14.8602429,58.7949092],[14.8604796,58.7948344],[14.8603699,58.7942601],[14.8605373,58.7938323],[14.8605604,58.7935003],[14.8605419,58.7931626],[14.8608627,58.7931633],[14.8609892,58.7930935],[14.8611811,58.7930956],[14.8614301,58.7932035],[14.861871,58.79325],[14.8620752,58.7932247],[14.8626426,58.793231],[14.8625977,58.7931379],[14.8628835,58.7933093],[14.8631897,58.7933664],[14.8634265,58.793487],[14.8638096,58.7935757],[14.8639368,58.793542],[14.8640715,58.7935504],[14.8641287,58.7936921],[14.8639858,58.7938106],[14.8639817,58.7939375],[14.8642634,58.7940496],[14.8646023,58.7940454],[14.8648145,58.7939396],[14.8646346,58.7936998],[14.8645573,58.7935758],[14.8647002,58.7934489],[14.86528,58.7934489],[14.8655584,58.7935037],[14.8659536,58.7934827],[14.8660189,58.7936012],[14.8661495,58.7936393],[14.8663169,58.7935568],[14.8665819,58.7936379],[14.866766,58.7938487],[14.8666598,58.7939502],[14.8667007,58.7940433],[14.8668885,58.7940644],[14.8672069,58.7942844],[14.8672314,58.7941575],[14.8674029,58.7940644],[14.8676805,58.7941363],[14.8679574,58.7944935],[14.8679499,58.7947963],[14.867705,58.7950543],[14.8673865,58.7953293],[14.867685,58.7957707],[14.8676747,58.7960838],[14.8673848,58.7961954],[14.8674367,58.7963929],[14.8672027,58.7965478],[14.8667728,58.7962822],[14.8665014,58.7963121],[14.8661492,58.7965215],[14.8662127,58.796668],[14.8661896,58.7967697],[14.8659587,58.7967877],[14.8657104,58.7967189],[14.8655545,58.7965963],[14.8651042,58.7965394],[14.8647693,58.7964221],[14.8646019,58.7961835],[14.8642439,58.7961566],[14.8638802,58.7962134],[14.8636089,58.7962403],[14.8630604,58.7962194],[14.8626939,58.7960746],[14.8623502,58.7959831],[14.8623156,58.7958993],[14.862431,58.7956929],[14.8623675,58.7955463],[14.8617774,58.7954248],[14.8615766,58.795328],[14.8612301,58.795325],[14.8607801,58.7951553],[14.8604334,58.7950767],[14.8602775,58.7951036],[14.8601505,58.7950378]]],[[[14.8609373,58.7042081],[14.8610151,58.7041732],[14.8611331,58.7041746],[14.8612189,58.7041997],[14.8613235,58.7042164],[14.8613879,58.7042081],[14.8614308,58.7042457],[14.8614094,58.7042889],[14.8614255,58.7043293],[14.8613745,58.7043627],[14.8613235,58.7043781],[14.8612833,58.7043781],[14.8611465,58.7043418],[14.8610204,58.7043014],[14.860948,58.7042527],[14.8609373,58.7042081]]],[[[14.8612641,58.7989933],[14.8615009,58.7989002],[14.8619663,58.7989087],[14.8622766,58.7987056],[14.8624326,58.7985192],[14.8626767,58.7986887],[14.8632482,58.7987014],[14.8638841,58.7984579],[14.8643505,58.7985364],[14.8646363,58.7987099],[14.8651834,58.7988706],[14.8666865,58.7991736],[14.8668082,58.799374],[14.8666857,58.7994797],[14.8667756,58.7996785],[14.8664898,58.7997546],[14.8662765,58.8000365],[14.8664,58.8002157],[14.8664,58.800516],[14.8661142,58.8009009],[14.8661468,58.8012054],[14.8664455,58.8013282],[14.8663591,58.8017003],[14.8658692,58.8017087],[14.8652554,58.8016459],[14.86462,58.8015142],[14.8644998,58.801193],[14.8638851,58.8010362],[14.863877,58.8011716],[14.8635422,58.8009728],[14.8630982,58.8008695],[14.8628155,58.8005752],[14.8631094,58.8004821],[14.862742,58.8003256],[14.8623862,58.7999689],[14.8623583,58.7998223],[14.8620511,58.7997749],[14.8615349,58.799414],[14.8614356,58.7992048],[14.8612641,58.7989933]]],[[[14.8618881,58.7588479],[14.8620093,58.758788],[14.8620729,58.7588299],[14.8620093,58.7589227],[14.8618939,58.7589107],[14.8618881,58.7588479]]],[[[14.8645439,58.7578777],[14.8645555,58.7577968],[14.8645844,58.7577459],[14.8646825,58.7577968],[14.8646536,58.7578956],[14.8645439,58.7578777]]],[[[14.8651588,58.7849673],[14.865269,58.7849012],[14.8653907,58.7849673],[14.866092,58.7850664],[14.8663297,58.7849583],[14.8666021,58.7854239],[14.8668224,58.7852016],[14.8668861,58.7854539],[14.8670658,58.785463],[14.8672281,58.7853578],[14.8674136,58.7856252],[14.8675875,58.7856041],[14.8679584,58.7859676],[14.8681671,58.7865714],[14.8677382,58.7866885],[14.8675875,58.7866345],[14.8678831,58.7864482],[14.8675701,58.7863281],[14.8670774,58.7864302],[14.8671528,58.786259],[14.8669267,58.7861989],[14.8670368,58.7860727],[14.8672281,58.7860397],[14.8671643,58.7858324],[14.867002,58.7858024],[14.8668745,58.7856252],[14.8667006,58.7855591],[14.8663703,58.7859256],[14.8660283,58.7859105],[14.8657906,58.7858024],[14.8658544,58.78549],[14.8651762,58.7851656],[14.8651588,58.7849673]]],[[[14.8670979,58.8043785],[14.8672448,58.8043235],[14.8673673,58.8043446],[14.8674735,58.8044715],[14.8675714,58.804666],[14.8674735,58.804776],[14.8673591,58.8047802],[14.8673265,58.8047083],[14.8673836,58.8045392],[14.8672285,58.8044081],[14.8670979,58.8043785]]],[[[14.8671296,58.7740616],[14.8673311,58.7739357],[14.8676037,58.7740586],[14.8671474,58.7743044],[14.8671296,58.7740616]]],[[[14.8679993,58.8027175],[14.8682035,58.8025906],[14.8683586,58.8024806],[14.8683668,58.8023876],[14.8681513,58.8023865],[14.8681167,58.8022609],[14.86844,58.8022609],[14.8686248,58.802243],[14.8688442,58.8020935],[14.8693869,58.8021054],[14.8696409,58.8021712],[14.8697217,58.802255],[14.8696568,58.8024003],[14.8694935,58.8025271],[14.8692731,58.802506],[14.8689791,58.8025525],[14.868775,58.8026456],[14.8685464,58.802616],[14.8683096,58.8027428],[14.8680075,58.8027936],[14.8679993,58.8027175]]],[[[14.8685659,58.7917827],[14.8688446,58.7916043],[14.8691561,58.7916043],[14.8696562,58.7913494],[14.8705742,58.7915618],[14.8708693,58.7915066],[14.8708939,58.7917359],[14.8709185,58.7919101],[14.8721317,58.7923858],[14.8722465,58.792802],[14.8720251,58.7928275],[14.8718448,58.7931758],[14.8722793,58.7932607],[14.871894,58.7933457],[14.8717546,58.7937407],[14.8710005,58.7939742],[14.8704923,58.7938936],[14.8702136,58.7937322],[14.869984,58.7935028],[14.8696562,58.7936727],[14.8691889,58.7936685],[14.8687791,58.7934349],[14.8688528,58.7930781],[14.8690742,58.7930314],[14.8689512,58.7925769],[14.8687954,58.7923348],[14.8685659,58.7917827]]],[[[14.8691012,58.5555947],[14.8691763,58.5553764],[14.8691656,58.5552925],[14.86923,58.5551582],[14.8700189,58.5549066],[14.8705446,58.554831],[14.8710704,58.5548954],[14.8714137,58.5548842],[14.8717195,58.5548926],[14.871875,58.5548646],[14.8723632,58.5547638],[14.872626,58.5546883],[14.8732426,58.5545873],[14.8739829,58.5545089],[14.8745515,58.5544193],[14.8749485,58.5543634],[14.8755064,58.5542626],[14.8761715,58.5543466],[14.8764076,58.5544473],[14.8767509,58.5545985],[14.8773624,58.5547888],[14.8776843,58.5548727],[14.8780491,58.5549063],[14.8785212,58.555147],[14.8786392,58.5552869],[14.8787035,58.5554044],[14.8788752,58.5555499],[14.8788752,58.5556787],[14.8787786,58.555841],[14.8783066,58.5561376],[14.8781568,58.5562207],[14.8780226,58.5562627],[14.8780495,58.5563886],[14.8782158,58.5565285],[14.8783315,58.5566233],[14.8780012,58.5565453],[14.8775985,58.5565182],[14.8771586,58.5564287],[14.8767294,58.5563951],[14.8764076,58.5563279],[14.8759784,58.5561656],[14.875281,58.5559977],[14.8746588,58.5560089],[14.8741223,58.5559305],[14.8735859,58.5559417],[14.8726525,58.5560425],[14.8720946,58.5561376],[14.8717513,58.5560649],[14.8714401,58.5560033],[14.8710753,58.5559081],[14.8704423,58.5558914],[14.8698415,58.5559529],[14.8694767,58.5559137],[14.8693158,58.5557458],[14.8691012,58.5555947]]],[[[14.8699753,58.803022],[14.8700488,58.8027175],[14.8703754,58.8026202],[14.8706693,58.8026667],[14.870751,58.8025906],[14.8708734,58.8025525],[14.8708734,58.8026329],[14.8711102,58.8026371],[14.8711102,58.8027809],[14.8714205,58.8028443],[14.8716328,58.8029585],[14.871641,58.8030727],[14.8718451,58.8032927],[14.8717389,58.803483],[14.8714613,58.8036183],[14.8714695,58.8037114],[14.8713552,58.8037663],[14.8711919,58.8037114],[14.8711266,58.8038298],[14.8709388,58.8037748],[14.8707183,58.8037748],[14.8706203,58.8038805],[14.8704652,58.8039609],[14.8703345,58.8038763],[14.8704734,58.803724],[14.8704244,58.8036099],[14.8704815,58.8034365],[14.8704325,58.8033223],[14.8701467,58.8032715],[14.8699753,58.803022]]],[[[14.8700682,58.8024105],[14.8701605,58.8023507],[14.870149,58.802255],[14.8703222,58.802243],[14.8703684,58.8024165],[14.8701259,58.8024942],[14.8700682,58.8024105]]],[[[14.8703647,58.7878141],[14.8704166,58.7877483],[14.8704397,58.787675],[14.870561,58.7876481],[14.8706562,58.787687],[14.8706014,58.7877588],[14.8706995,58.7878605],[14.870636,58.7879278],[14.8704282,58.7879173],[14.8703647,58.7878141]]],[[[14.8709051,58.7896083],[14.8711602,58.7895332],[14.8712645,58.7896774],[14.8719195,58.7899086],[14.8718035,58.7900859],[14.8721687,58.7904823],[14.8719137,58.7905934],[14.8718847,58.7907226],[14.8720238,58.7909358],[14.8719137,58.791092],[14.8715833,58.791128],[14.8714094,58.7910319],[14.8715427,58.7908968],[14.8714152,58.7908547],[14.8713572,58.7905484],[14.8714674,58.7905214],[14.8715021,58.7903982],[14.871363,58.7902991],[14.8710326,58.7902901],[14.8709051,58.7896083]]],[[[14.8709226,58.8014116],[14.871015,58.8013099],[14.8709573,58.8011663],[14.8711767,58.8010347],[14.8713152,58.8008314],[14.8714076,58.8006758],[14.8718233,58.8005921],[14.8722275,58.8005443],[14.8725162,58.8005682],[14.8727125,58.8006938],[14.8729665,58.8008732],[14.8729203,58.8011843],[14.8730589,58.8013338],[14.8729896,58.8014056],[14.8729665,58.801609],[14.8728395,58.8016628],[14.8725739,58.8018602],[14.8725739,58.8021114],[14.8724007,58.8021174],[14.8722621,58.8019021],[14.8720427,58.8018961],[14.8718464,58.8019978],[14.8716386,58.8021772],[14.8712575,58.8019439],[14.871015,58.8017944],[14.8710497,58.8015671],[14.8709226,58.8014116]]],[[[14.8714457,58.7828934],[14.8716217,58.7827674],[14.871781,58.782863],[14.8718983,58.7829759],[14.8715463,58.7830367],[14.8714457,58.7828934]]],[[[14.8722,58.783015],[14.8726107,58.7828847],[14.872837,58.7830454],[14.8725353,58.7831714],[14.8722,58.783015]]],[[[14.8722827,58.79809],[14.8723462,58.7980302],[14.8725598,58.7980511],[14.8727561,58.7980302],[14.8728658,58.798084],[14.8730332,58.7980332],[14.8730332,58.7979404],[14.8731372,58.7979913],[14.8731949,58.7980661],[14.873397,58.7981797],[14.8737145,58.7983592],[14.8738242,58.7985685],[14.873778,58.7987241],[14.8733739,58.7987301],[14.873091,58.7986403],[14.872964,58.798742],[14.8727908,58.798757],[14.8725887,58.7986343],[14.8724155,58.7985147],[14.8724212,58.7982156],[14.8722827,58.79809]]],[[[14.8724143,58.788426],[14.8724893,58.7884394],[14.8725326,58.7885008],[14.8726337,58.7885666],[14.8725355,58.7885905],[14.8724634,58.7884888],[14.8724143,58.788426]]],[[[14.8730387,58.7882168],[14.8732673,58.7882464],[14.8734061,58.7884664],[14.8730387,58.7883395],[14.8730387,58.7882168]]],[[[14.8732592,58.788661],[14.8735286,58.7887203],[14.8737817,58.7888303],[14.8738634,58.788936],[14.8735858,58.7888726],[14.8732837,58.7888303],[14.8732592,58.7887203],[14.8732592,58.788661]]],[[[14.8732812,58.7818986],[14.873298,58.7817552],[14.8737757,58.781677],[14.8740691,58.7817248],[14.8740356,58.7818942],[14.8738679,58.7818421],[14.8738428,58.7820506],[14.8732812,58.7818986]]],[[[14.8735554,58.8006639],[14.8736131,58.8004964],[14.873694,58.8002452],[14.8739018,58.8004964],[14.8739134,58.8007775],[14.8736131,58.8007596],[14.8735554,58.8006639]]],[[[14.8740635,58.8011245],[14.874075,58.8009989],[14.874306,58.8008613],[14.8743406,58.8006878],[14.8745715,58.8006459],[14.8746986,58.8004785],[14.8749641,58.8005622],[14.8750334,58.8006699],[14.8752297,58.8007297],[14.8752297,58.8009271],[14.8752297,58.8011185],[14.8753452,58.8013518],[14.8752413,58.8015252],[14.8752297,58.8018064],[14.874814,58.8018482],[14.8745715,58.8017286],[14.8745138,58.8015611],[14.874202,58.8014953],[14.8742251,58.8013398],[14.8740635,58.8011245]]],[[[14.8764628,58.7737267],[14.8766891,58.773592],[14.876949,58.7736659],[14.8769406,58.77397],[14.8764628,58.7737267]]],[[[14.8765718,58.7725579],[14.877016,58.7725318],[14.8774686,58.7726708],[14.8775608,58.7727969],[14.8778122,58.7727708],[14.8778206,58.7730793],[14.8775859,58.7731575],[14.8773764,58.7729837],[14.8771585,58.7729359],[14.8770244,58.772736],[14.8767227,58.7726926],[14.8765718,58.7725579]]],[[[14.8771417,58.7741134],[14.8773429,58.7741525],[14.8773932,58.7740613],[14.8776195,58.7741829],[14.8777536,58.7744002],[14.8780302,58.7746522],[14.8780469,58.7747826],[14.8779212,58.7748043],[14.8778625,58.7746479],[14.8773345,58.7744523],[14.8771417,58.7741134]]],[[[14.8774854,58.7734964],[14.8779212,58.7735138],[14.8779212,58.7736528],[14.8783319,58.7738918],[14.8783486,58.7739918],[14.8792119,58.77407],[14.8791533,58.7743437],[14.8793628,58.7746696],[14.8790862,58.7746088],[14.8790862,58.7748043],[14.8788851,58.7747087],[14.8783403,58.7746783],[14.8777955,58.774209],[14.8777536,58.7738744],[14.8774854,58.7734964]]],[[[14.8778357,58.7665176],[14.8779949,58.7666089],[14.8780536,58.7666567],[14.8780536,58.7667175],[14.8778692,58.7666306],[14.8778357,58.7665176]]],[[[14.8782463,58.7666306],[14.8784475,58.7666524],[14.8785146,58.766748],[14.8784559,58.7668392],[14.8782715,58.766774],[14.8782463,58.7666306]]],[[[14.8788582,58.7689513],[14.8791934,58.7685645],[14.8794114,58.7685645],[14.8795119,58.768495],[14.879755,58.768482],[14.8800819,58.7686732],[14.8801908,58.7688687],[14.8801908,58.76896],[14.8800232,58.7689513],[14.8799226,58.7691034],[14.8797634,58.7691295],[14.8797299,58.7689947],[14.8796377,58.7689861],[14.87947,58.7690556],[14.8793611,58.7690208],[14.87947,58.7689383],[14.8793659,58.7688574],[14.8790258,58.769073],[14.8788582,58.7689513]]],[[[14.8790963,58.7988751],[14.8792841,58.798837],[14.8794882,58.7987524],[14.879725,58.7988539],[14.8798883,58.798799],[14.8799863,58.7989089],[14.8801985,58.7987059],[14.8805007,58.7986678],[14.8808109,58.7985917],[14.8813253,58.7986974],[14.8814723,58.7986805],[14.8816928,58.7987313],[14.8818397,58.7986721],[14.8819867,58.7986763],[14.882003,58.7985494],[14.8821582,58.7986594],[14.8823623,58.7986594],[14.8824603,58.7987693],[14.8823051,58.7989555],[14.8820602,58.7989555],[14.8819377,58.7989301],[14.8818316,58.7989978],[14.8816683,58.7989639],[14.8817172,58.799112],[14.8814886,58.7991331],[14.881505,58.7992727],[14.8816438,58.7992769],[14.8817172,58.799425],[14.8817091,58.7995857],[14.8817172,58.7996914],[14.8815376,58.7998226],[14.8817907,58.7998226],[14.8818479,58.7998945],[14.8818479,58.8000256],[14.882003,58.8003301],[14.881905,58.8004782],[14.8816764,58.8005501],[14.8816846,58.8006643],[14.8815376,58.8006601],[14.8813825,58.8005839],[14.8813661,58.8005078],[14.8814886,58.8003682],[14.8814805,58.8002752],[14.8813335,58.8002329],[14.8812192,58.8001356],[14.8813335,58.8000425],[14.8812518,58.7999537],[14.8811294,58.7999875],[14.8807538,58.8000044],[14.8804108,58.8000637],[14.8802965,58.8000171],[14.880174,58.7998564],[14.8800352,58.7998226],[14.8800026,58.7996111],[14.8798311,58.7995815],[14.8798964,58.79948],[14.8794719,58.7994377],[14.8794719,58.7993531],[14.8793167,58.7992389],[14.8792759,58.7989512],[14.8790963,58.7988751]]],[[[14.879646,58.7683125],[14.8797885,58.768269],[14.8798472,58.7683472],[14.8797718,58.7684037],[14.879646,58.7683125]]],[[[14.8797969,58.7694988],[14.88004,58.7694945],[14.88004,58.7696596],[14.8797969,58.7694988]]],[[[14.8802623,58.7876263],[14.8805246,58.7875796],[14.8805656,58.7874054],[14.8809017,58.7873289],[14.8810574,58.7874054],[14.8811804,58.7876348],[14.8815001,58.7875626],[14.8820001,58.7874691],[14.8826149,58.7873799],[14.882992,58.7874776],[14.8830493,58.7877028],[14.8838445,58.7880553],[14.8840986,58.7884716],[14.8836805,58.7885778],[14.8834018,58.7885438],[14.8830985,58.7885481],[14.8825821,58.788599],[14.8821395,58.7885226],[14.8816394,58.7884206],[14.8815574,58.7886075],[14.8813607,58.7885481],[14.8812296,58.788752],[14.8809345,58.7885183],[14.8805328,58.7883952],[14.8806803,58.7881233],[14.881082,58.7882295],[14.8811312,58.7881445],[14.8806803,58.7880383],[14.8802869,58.7877792],[14.8802623,58.7876263]]],[[[14.8802746,58.7668914],[14.8805009,58.7669609],[14.8803836,58.766761],[14.8805931,58.7666741],[14.8807189,58.7667349],[14.8808781,58.7669044],[14.8808111,58.7671043],[14.8810709,58.7672695],[14.8807692,58.7672999],[14.8803585,58.7670956],[14.8802746,58.7668914]]],[[[14.8804926,58.7686688],[14.8805261,58.7685819],[14.8808027,58.7685602],[14.8809535,58.7686732],[14.881205,58.7686427],[14.8812553,58.7685341],[14.8812301,58.7684602],[14.8813978,58.7683038],[14.8816073,58.7682386],[14.8818001,58.7683429],[14.8817833,58.7684168],[14.8815738,58.7684298],[14.8815402,58.7685167],[14.881666,58.7685819],[14.8817162,58.7687123],[14.8818504,58.7688166],[14.8816073,58.7688991],[14.8814061,58.7689947],[14.8811296,58.7689296],[14.8811296,58.7690121],[14.8813307,58.7691208],[14.8811631,58.7692294],[14.8806602,58.7691251],[14.8804926,58.7686688]]],[[[14.880635,58.767578],[14.8808613,58.7675911],[14.8809284,58.7676649],[14.8807105,58.7677301],[14.880635,58.767578]]],[[[14.8806619,58.772119],[14.8810475,58.7719061],[14.8811061,58.7720017],[14.8814079,58.7720191],[14.881433,58.7721277],[14.8814498,58.7722494],[14.8812654,58.7722928],[14.8815084,58.7724319],[14.8811816,58.7724579],[14.8809553,58.772371],[14.8807122,58.7723189],[14.8806619,58.772119]]],[[[14.8810699,58.7979038],[14.8811434,58.7978234],[14.8811352,58.7977219],[14.8812659,58.79776],[14.8813883,58.7978404],[14.8815761,58.7978657],[14.8816904,58.7978361],[14.882164,58.7981449],[14.882164,58.7982211],[14.8822457,58.798293],[14.8821232,58.7983776],[14.8819762,58.7983902],[14.8816659,58.7983099],[14.8812659,58.7979715],[14.8810699,58.7979038]]],[[[14.8813616,58.7825753],[14.8815092,58.7824266],[14.8815502,58.7822567],[14.8818453,58.782125],[14.8818534,58.7820357],[14.8820748,58.7818998],[14.8824273,58.7818913],[14.8824436,58.7816194],[14.8827715,58.7816109],[14.8827633,58.7818913],[14.8833781,58.7824691],[14.8837552,58.7825286],[14.8837962,58.7823714],[14.8840339,58.7822652],[14.8840257,58.7819635],[14.8843946,58.7818191],[14.8848372,58.7818573],[14.8856078,58.7821759],[14.8859193,58.7826688],[14.8854192,58.783306],[14.8856569,58.7836587],[14.8856488,58.7838668],[14.8849684,58.7838966],[14.8848618,58.7840368],[14.8845175,58.7835822],[14.8846569,58.783323],[14.8836322,58.7831573],[14.883288,58.7834717],[14.8833863,58.7838498],[14.8830093,58.7839348],[14.8816813,58.7835992],[14.8814518,58.7832041],[14.8813616,58.7825753]]],[[[14.8819354,58.8011142],[14.8819517,58.8010381],[14.8820987,58.8010804],[14.8820497,58.8011819],[14.8819354,58.8011142]]],[[[14.8824416,58.7968844],[14.8826294,58.7967363],[14.8826784,58.7966052],[14.8829642,58.7964867],[14.8830948,58.7962668],[14.8834704,58.7962879],[14.8835684,58.7964402],[14.8835766,58.7965544],[14.8837154,58.7966729],[14.8837317,58.7967998],[14.8837072,58.7969267],[14.8835357,58.7969309],[14.8835194,58.7970155],[14.8836501,58.7971509],[14.8835766,58.7972735],[14.8835112,58.7975062],[14.8831602,58.7975696],[14.882907,58.7974554],[14.8826049,58.7974639],[14.8826458,58.797337],[14.8827846,58.7973539],[14.8827682,58.7971678],[14.8826131,58.7971636],[14.8825396,58.7969267],[14.8824416,58.7968844]]],[[[14.882458,58.8006701],[14.8826458,58.8007166],[14.8826213,58.8008477],[14.8824988,58.8007801],[14.882458,58.8006701]]],[[[14.8828335,58.7960976],[14.8830295,58.7960383],[14.8830785,58.7960849],[14.8831357,58.7961356],[14.8829724,58.7961399],[14.8828744,58.7961695],[14.8828335,58.7960976]]],[[[14.8828936,58.7858889],[14.8832871,58.7857954],[14.8832625,58.7856425],[14.8834592,58.7855745],[14.8836149,58.7856382],[14.8839346,58.7855363],[14.8839264,58.7853833],[14.8841724,58.7853451],[14.8848035,58.7856127],[14.8850659,58.7859441],[14.885197,58.7862372],[14.8849839,58.7862287],[14.884533,58.7860503],[14.8839756,58.7860928],[14.8838035,58.7863392],[14.8834428,58.7863689],[14.8829756,58.7861183],[14.8828936,58.7858889]]],[[[14.8829417,58.7711456],[14.8829836,58.7710109],[14.8831931,58.7710022],[14.8832937,58.7711456],[14.8831428,58.771263],[14.8830171,58.7712717],[14.8829417,58.7711456]]],[[[14.8829445,58.7716331],[14.8835253,58.7713012],[14.8839994,58.7715532],[14.8843313,58.771928],[14.8845328,58.7718174],[14.8844735,58.7716392],[14.884675,58.7715348],[14.8858011,58.7719834],[14.8859907,58.7723398],[14.8865004,58.7727884],[14.8869864,58.7731448],[14.8868797,58.7734151],[14.8860618,58.7736118],[14.8852795,58.7734151],[14.8845446,58.7727822],[14.8846276,58.7725241],[14.8844261,58.7723951],[14.884189,58.7725671],[14.883952,58.7724565],[14.883952,58.772561],[14.8836912,58.7726163],[14.8832052,58.7721984],[14.8831815,58.7719772],[14.8829445,58.7716331]]],[[[14.8830202,58.7931821],[14.8834607,58.7928818],[14.8834607,58.7926655],[14.8838317,58.7927496],[14.8842026,58.7926415],[14.8838085,58.7924853],[14.8842722,58.7924253],[14.8841563,58.792197],[14.884504,58.7921129],[14.8847359,58.7925094],[14.8846663,58.79305],[14.8844345,58.7932061],[14.8847127,58.7934944],[14.8844809,58.7935425],[14.8844113,58.7938908],[14.883994,58.7936866],[14.8838549,58.7938548],[14.8833448,58.7939509],[14.8831129,58.7936506],[14.8830202,58.7931821]]],[[[14.8835063,58.77806],[14.8836539,58.7778688],[14.8840309,58.7776521],[14.8840965,58.7774609],[14.8846129,58.7771209],[14.8852195,58.7769212],[14.8858261,58.7772357],[14.8859163,58.7775203],[14.886236,58.7775288],[14.8867278,58.7780515],[14.886695,58.7784339],[14.8863917,58.7786633],[14.8857687,58.7786166],[14.8853179,58.7785316],[14.8849572,58.7785529],[14.8842031,58.7782172],[14.8835063,58.77806]]],[[[14.884585,58.802032],[14.8846584,58.8019897],[14.8846625,58.8018755],[14.884783,58.8019855],[14.8847217,58.8021303],[14.884585,58.802032]]],[[[14.8850621,58.771276],[14.8851627,58.7712021],[14.8852633,58.7713195],[14.8851543,58.7714064],[14.8850621,58.771276]]],[[[14.8860205,58.7908006],[14.8861944,58.7907105],[14.8862176,58.7905693],[14.8865016,58.7905123],[14.8867161,58.7907315],[14.8867219,58.7908516],[14.8868494,58.7909748],[14.8867451,58.7910619],[14.8867451,58.7912],[14.8866117,58.7913022],[14.886461,58.7912271],[14.886177,58.7912151],[14.8861017,58.7909297],[14.8860205,58.7908006]]],[[[14.8863582,58.7696174],[14.8869034,58.7692978],[14.8864411,58.7690766],[14.8864767,58.7689168],[14.8869982,58.7688492],[14.8865715,58.7687201],[14.8865952,58.7686341],[14.8872708,58.7686402],[14.8868797,58.7683268],[14.8878991,58.7684435],[14.8879346,58.7686525],[14.8884206,58.7688615],[14.8886577,58.7689967],[14.8890133,58.7694023],[14.8889066,58.769433],[14.8889303,58.7697587],[14.8896178,58.7706068],[14.8892977,58.7710493],[14.8887496,58.7708877],[14.8880769,58.7709079],[14.8873064,58.7707973],[14.887342,58.7705945],[14.8870338,58.7705331],[14.8869508,58.7704409],[14.8871523,58.7703118],[14.8869982,58.7702196],[14.8871642,58.7700353],[14.8869271,58.7698448],[14.8864411,58.7698448],[14.8863582,58.7696174]]],[[[14.886981,58.7680062],[14.8870936,58.7679371],[14.8874641,58.7680016],[14.887707,58.7682075],[14.8876004,58.7681722],[14.8874878,58.7682398],[14.8873426,58.7681537],[14.8872211,58.7681399],[14.886981,58.7680062]]],[[[14.8874704,58.7735268],[14.8878853,58.7733854],[14.8879682,58.7731212],[14.888715,58.7729307],[14.8885964,58.7728016],[14.8887861,58.7726665],[14.8893576,58.7729238],[14.8898857,58.7731519],[14.8897893,58.7733344],[14.8902085,58.7736865],[14.8896751,58.7737111],[14.8896869,58.7738217],[14.8903625,58.7738709],[14.8904218,58.7741044],[14.889924,58.7742949],[14.890161,58.7746205],[14.890161,58.7747741],[14.8897936,58.774639],[14.8899121,58.7748786],[14.8897936,58.7749585],[14.8894262,58.7745407],[14.8885727,58.7743809],[14.8879919,58.7741351],[14.8880868,58.7740429],[14.8877312,58.7737603],[14.8874941,58.7737111],[14.8874704,58.7735268]]],[[[14.8878279,58.7681485],[14.887982,58.7682284],[14.8878279,58.7682899],[14.8878279,58.7681485]]],[[[14.8889338,58.7916719],[14.8889512,58.7914587],[14.8891656,58.7915848],[14.8890439,58.791744],[14.8889338,58.7916719]]],[[[14.889002,58.7967377],[14.8897207,58.7961131],[14.890254,58.796041],[14.8907177,58.7958128],[14.8909032,58.795957],[14.8907872,58.7962453],[14.8910191,58.7967017],[14.8917378,58.797038],[14.8916683,58.7973623],[14.8914132,58.7973503],[14.8914132,58.7976026],[14.8915523,58.798047],[14.8910655,58.798107],[14.8905554,58.798071],[14.8904626,58.7978908],[14.8899062,58.7978668],[14.8894193,58.7977347],[14.8895584,58.7975425],[14.8891411,58.7973383],[14.889002,58.7967377]]],[[[14.8892004,58.7910532],[14.8892236,58.7909481],[14.8893395,58.7909331],[14.8894554,58.7910021],[14.8896583,58.7909391],[14.8893801,58.7911824],[14.8892004,58.7910532]]],[[[14.8895058,58.7641598],[14.8898139,58.7640245],[14.8902525,58.7642151],[14.8902881,58.7640122],[14.8906674,58.7640614],[14.8905844,58.7638463],[14.8911059,58.7641475],[14.8908333,58.7645716],[14.8914022,58.7644425],[14.8916749,58.7644917],[14.8916986,58.7646207],[14.8920593,58.7646969],[14.8923386,58.764756],[14.8919119,58.7649834],[14.8921016,58.7651493],[14.892149,58.7653522],[14.8922557,58.765555],[14.8921253,58.7656042],[14.8916393,58.765137],[14.8913785,58.7653153],[14.8918527,58.7654997],[14.8918408,58.7655857],[14.8913667,58.7655857],[14.8913074,58.7656964],[14.8908214,58.7656472],[14.890371,58.765389],[14.8900036,58.7652784],[14.8899443,58.7649219],[14.8903592,58.7647068],[14.8895769,58.7644671],[14.8895058,58.7641598]]],[[[14.890254,58.7954284],[14.8903699,58.7950801],[14.8906713,58.795032],[14.8906017,58.7952483],[14.8906481,58.7955245],[14.8904626,58.7956326],[14.890254,58.7954284]]],[[[14.8910602,58.7708744],[14.891134,58.7708021],[14.8911012,58.7705726],[14.8912979,58.7705726],[14.8913225,58.7706746],[14.8916094,58.7706321],[14.8916012,58.7704961],[14.8914783,58.7703516],[14.8916668,58.7702624],[14.8919865,58.7702751],[14.8921258,58.7701986],[14.8920931,58.7701051],[14.8922242,58.7700116],[14.8923226,58.7700159],[14.8923144,58.7701094],[14.8925275,58.7701179],[14.8926669,58.7700669],[14.892839,58.7701264],[14.892921,58.7704621],[14.8931259,58.7703729],[14.893462,58.7705939],[14.8934784,58.7709254],[14.8932489,58.7709764],[14.892757,58.7708574],[14.8926505,58.7707044],[14.8924209,58.7707129],[14.8923554,58.7710189],[14.8920193,58.7711166],[14.8918143,58.7713121],[14.8922488,58.7714651],[14.8926095,58.7714184],[14.8926751,58.7712356],[14.8930521,58.7713079],[14.8936177,58.7716521],[14.8937899,58.7718221],[14.8939046,58.7719836],[14.8936505,58.7720771],[14.8937489,58.7722641],[14.89388,58.7723576],[14.8939128,58.7724936],[14.8936751,58.7724723],[14.8934702,58.7723193],[14.893339,58.7723533],[14.8929456,58.7722088],[14.892921,58.7720898],[14.8927816,58.7719709],[14.8924783,58.7718391],[14.8921586,58.7717116],[14.8921586,58.7719199],[14.8923472,58.7720474],[14.8920685,58.7720431],[14.8917406,58.7719156],[14.8915766,58.7719326],[14.8913225,58.7716054],[14.8914455,58.7714694],[14.891134,58.7711124],[14.8910602,58.7708744]]],[[[14.8915479,58.7745222],[14.8918442,58.774387],[14.8921879,58.774387],[14.8922353,58.7741535],[14.8918797,58.7740675],[14.8922472,58.7740245],[14.8926265,58.7740183],[14.8928991,58.774172],[14.8929702,58.7745714],[14.8931954,58.7746635],[14.8931954,58.7747803],[14.8930176,58.774854],[14.8930058,58.7750629],[14.8927095,58.7753026],[14.8922472,58.7750937],[14.892259,58.7749523],[14.8920812,58.7747741],[14.8921524,58.7745468],[14.891856,58.7746513],[14.8915479,58.7745222]]],[[[14.8915523,58.7958008],[14.8917146,58.7953564],[14.892016,58.7953203],[14.8921783,58.7951522],[14.8924566,58.7951642],[14.892758,58.7955005],[14.8925957,58.7957888],[14.8922711,58.7958128],[14.8921552,58.7961251],[14.8915523,58.7958008]]],[[[14.8917276,58.7693224],[14.8920476,58.7694146],[14.8919884,58.769138],[14.8921425,58.7692609],[14.8923914,58.7693162],[14.8924981,58.7692118],[14.8926996,58.769304],[14.8924625,58.7695252],[14.8925573,58.7696727],[14.8917395,58.769642],[14.8917276,58.7693224]]],[[[14.8921552,58.7945996],[14.892758,58.7941792],[14.8924797,58.7937587],[14.8930826,58.7935185],[14.8933608,58.7938308],[14.8932912,58.794023],[14.8937549,58.7941671],[14.8935231,58.7945395],[14.8927116,58.7947678],[14.8924334,58.7946597],[14.8921552,58.7948278],[14.8921552,58.7945996]]],[[[14.8922017,58.7686095],[14.8924388,58.7687017],[14.8924151,58.7688061],[14.8922254,58.7688369],[14.8922017,58.7686095]]],[[[14.8930024,58.7648727],[14.8933936,58.7644302],[14.8941759,58.7646207],[14.8943655,58.7645224],[14.8946144,58.7647252],[14.8948989,58.7651063],[14.8945907,58.7652415],[14.894247,58.7650203],[14.8930024,58.7648727]]],[[[14.8930891,58.6519239],[14.8931427,58.6517397],[14.8932715,58.6515946],[14.8934539,58.6514327],[14.8934753,58.6513323],[14.8936684,58.6512095],[14.8936362,58.6511257],[14.8937006,58.6509806],[14.8939045,58.6509471],[14.8940654,58.6509192],[14.8940332,58.6508801],[14.8938186,58.6508969],[14.8936362,58.6507678],[14.8936899,58.6506115],[14.8939259,58.6505054],[14.8941405,58.6505612],[14.8944409,58.6506115],[14.8945804,58.6506729],[14.8946448,58.6508068],[14.8950203,58.6509352],[14.8954923,58.651192],[14.8956747,58.6513036],[14.8957713,58.6514655],[14.8959322,58.651538],[14.8959966,58.6514487],[14.8961897,58.6514822],[14.8962112,58.6516273],[14.8964043,58.651739],[14.8965974,58.6519678],[14.8967154,58.6521911],[14.8969729,58.6522915],[14.897048,58.6524199],[14.8971553,58.652565],[14.8972948,58.6526822],[14.8977132,58.6528273],[14.8978956,58.6531399],[14.898078,58.6533632],[14.8980887,58.6535027],[14.8983033,58.6536813],[14.898711,58.6538152],[14.8989256,58.6538655],[14.898947,58.6540273],[14.8991616,58.6542561],[14.8994405,58.654438],[14.8994942,58.6545607],[14.8995586,58.6547784],[14.8995049,58.6548398],[14.8996659,58.6548956],[14.8996551,58.6550184],[14.8994942,58.6551133],[14.8993333,58.6551468],[14.8993118,58.6552249],[14.8991938,58.6552974],[14.8989685,58.6553979],[14.8987646,58.6555263],[14.8987217,58.6556323],[14.8987539,58.65585],[14.8988719,58.6560676],[14.8988183,58.6561736],[14.8987968,58.6562462],[14.8988719,58.6562741],[14.899065,58.6561736],[14.8991938,58.6563411],[14.8993976,58.6563913],[14.8994191,58.6564359],[14.899226,58.6564806],[14.8992582,58.656542],[14.8994835,58.656542],[14.8995478,58.6566424],[14.8995049,58.6567931],[14.8996337,58.6569605],[14.8996444,58.6571614],[14.8997195,58.6573679],[14.8997839,58.6575521],[14.8997517,58.6577083],[14.8996873,58.6578758],[14.899698,58.6580432],[14.8997731,58.6581939],[14.8998912,58.6582776],[14.9000628,58.6583724],[14.9003525,58.6584115],[14.9006529,58.658445],[14.900728,58.6583948],[14.9008782,58.6583892],[14.9009211,58.6584506],[14.9008889,58.6585398],[14.9007817,58.6585733],[14.9006636,58.6585622],[14.9006207,58.6585119],[14.9004276,58.6584785],[14.9000735,58.6584394],[14.8998268,58.6583724],[14.8996766,58.6584115],[14.8996229,58.6584952],[14.8994835,58.6584952],[14.8993869,58.658378],[14.899226,58.6584785],[14.8989041,58.658484],[14.8985393,58.6584561],[14.8983998,58.6585398],[14.8981745,58.6585901],[14.8980458,58.6585677],[14.8980887,58.6584227],[14.8978527,58.6584394],[14.8976917,58.6583836],[14.8975952,58.6582608],[14.8976166,58.6580822],[14.8976703,58.6580041],[14.8976381,58.6579092],[14.8974879,58.6578144],[14.8975845,58.6577418],[14.8975523,58.6576302],[14.8974772,58.6575967],[14.8973162,58.6576693],[14.8971768,58.6576693],[14.897166,58.6575632],[14.8974128,58.6574014],[14.8974664,58.6572507],[14.897445,58.6571168],[14.8973055,58.6570387],[14.8969085,58.6569271],[14.8963936,58.6567404],[14.8961468,58.6566232],[14.8959966,58.6564223],[14.8959215,58.6562884],[14.8957498,58.6561879],[14.8956855,58.6560763],[14.8957391,58.6559926],[14.8956962,58.6559201],[14.8955996,58.655747],[14.8954816,58.6556187],[14.8953958,58.6554401],[14.8952027,58.6553117],[14.8951383,58.6550717],[14.8951061,58.6550271],[14.8948057,58.6549824],[14.8946233,58.6548987],[14.8946018,58.6548318],[14.8947413,58.6547536],[14.8949452,58.6546364],[14.8947628,58.6545471],[14.8945482,58.654469],[14.8944087,58.6544746],[14.8942049,58.6543741],[14.8939581,58.6541509],[14.8936899,58.6537937],[14.8937221,58.6536932],[14.8936255,58.6535816],[14.8934968,58.6534309],[14.8936684,58.6533193],[14.8935611,58.653269],[14.8936148,58.6531686],[14.893765,58.6531128],[14.8935826,58.6529676],[14.8933466,58.652789],[14.8933466,58.6526886],[14.8932715,58.6525714],[14.8932286,58.6523481],[14.8931964,58.6522811],[14.8931213,58.6521137],[14.8930891,58.6519239]]],[[[14.8930942,58.7696336],[14.8934362,58.7696366],[14.8932276,58.7694864],[14.8934304,58.7693091],[14.8937608,58.7693511],[14.8939231,58.7694443],[14.8940854,58.7694082],[14.8938536,58.769264],[14.8939637,58.769255],[14.8942825,58.7692249],[14.8942767,58.7690596],[14.8946824,58.7691918],[14.8946419,58.769273],[14.894978,58.7694413],[14.8951867,58.7697388],[14.8946882,58.7695585],[14.8946708,58.7696216],[14.8950476,58.7698049],[14.8951171,58.7699732],[14.8945491,58.7697328],[14.8943694,58.7696847],[14.8941144,58.7695465],[14.8939927,58.7695495],[14.8943636,58.7700453],[14.8943115,58.7700604],[14.8940448,58.7699011],[14.8938825,58.7698801],[14.8938825,58.7699762],[14.8936391,58.7698861],[14.8934246,58.7698861],[14.8931174,58.7697148],[14.8930942,58.7696336]]],[[[14.8945432,58.7955966],[14.8951692,58.7954765],[14.8948678,58.7958849],[14.8946128,58.7958969],[14.8945432,58.7955966]]],[[[14.8954001,58.7751305],[14.8957794,58.7749216],[14.8961587,58.7749462],[14.896218,58.7751367],[14.896135,58.7752043],[14.8962654,58.7754193],[14.8960757,58.775407],[14.8960757,58.7755545],[14.8954949,58.7753456],[14.8954001,58.7751305]]],[[[14.8956865,58.7758462],[14.8958373,58.7756724],[14.8963067,58.7757941],[14.8968766,58.77602],[14.8969605,58.7762025],[14.8972789,58.776246],[14.8974633,58.7764111],[14.8977483,58.7764806],[14.8978656,58.7767239],[14.8971951,58.7767239],[14.8967928,58.7766196],[14.8967258,58.7767326],[14.8962899,58.7766717],[14.8959714,58.7764371],[14.8957368,58.7763937],[14.8958876,58.7761938],[14.8958206,58.7759592],[14.8956865,58.7758462]]],[[[14.8958038,58.7969917],[14.8963602,58.7968115],[14.8967808,58.7964526],[14.8970677,58.7961961],[14.8970352,58.7956624],[14.8973794,58.7954288],[14.8980024,58.795123],[14.897856,58.794976],[14.8983795,58.7949319],[14.8984041,58.7946516],[14.8987156,58.7943373],[14.8985352,58.7940358],[14.8988549,58.7938234],[14.8989697,58.7937215],[14.8988877,58.7935431],[14.8990265,58.793397],[14.8996009,58.7934412],[14.8997812,58.7935941],[14.9003386,58.793696],[14.900314,58.7935473],[14.9009042,58.7936323],[14.9013059,58.7938404],[14.902099,58.794783],[14.9025519,58.7950253],[14.9032322,58.7956878],[14.9031011,58.7958874],[14.9034454,58.7960828],[14.9032486,58.796136],[14.9034044,58.7967198],[14.9033287,58.7969492],[14.903347,58.7970808],[14.9032978,58.7977645],[14.9031257,58.7979641],[14.9035355,58.7983421],[14.9039273,58.7983691],[14.9042487,58.7990045],[14.9050684,58.7990555],[14.9051832,58.7988984],[14.9055521,58.7988814],[14.9061177,58.7985586],[14.9062652,58.7986733],[14.9061996,58.7989111],[14.9064453,58.7988915],[14.9068964,58.7994759],[14.906757,58.7996118],[14.9070691,58.7997825],[14.9069702,58.7999218],[14.9066669,58.799977],[14.9071013,58.8005672],[14.9070096,58.8008032],[14.9068718,58.8007158],[14.9064701,58.8008305],[14.9063108,58.8010264],[14.9059373,58.8011235],[14.9057324,58.8010258],[14.9054783,58.8011404],[14.9055684,58.8016755],[14.9057734,58.8018665],[14.9058938,58.8020449],[14.9056094,58.8023846],[14.9050028,58.8027412],[14.9050356,58.8028686],[14.9045468,58.8031387],[14.9038798,58.803306],[14.9036339,58.8032041],[14.9036339,58.8030512],[14.9036749,58.8028219],[14.9036667,58.8026691],[14.9039372,58.8025587],[14.9039536,58.8024865],[14.9036913,58.8024101],[14.9035355,58.8025077],[14.9033224,58.8024228],[14.9034044,58.8022912],[14.9031749,58.8022614],[14.9025519,58.8019897],[14.9024831,58.8018704],[14.902765,58.8017434],[14.9027322,58.8014674],[14.9023633,58.801374],[14.9021092,58.8014886],[14.9016502,58.8014419],[14.901601,58.8013697],[14.9012403,58.8012636],[14.9010436,58.8013655],[14.9012813,58.8015056],[14.9012075,58.8015608],[14.9010026,58.8014419],[14.900784,58.8014903],[14.900355,58.8014292],[14.9000435,58.8014037],[14.8997894,58.8013443],[14.899773,58.8007455],[14.8996337,58.8006054],[14.8994287,58.8007286],[14.8991091,58.8007583],[14.8988631,58.8005927],[14.8988616,58.8004166],[14.8986556,58.8001926],[14.8982962,58.8001806],[14.8982151,58.8000485],[14.8982962,58.799472],[14.8984347,58.799401],[14.8984817,58.7991237],[14.8987715,58.7989675],[14.8990149,58.7988114],[14.8993401,58.7986405],[14.8992333,58.7982608],[14.8988874,58.7980547],[14.8981803,58.7979466],[14.8975659,58.7980307],[14.8969987,58.7979976],[14.8969167,58.7980907],[14.8966385,58.7980186],[14.8967892,58.7977244],[14.8966153,58.7975982],[14.8960936,58.7975622],[14.8961043,58.7974562],[14.8958618,58.797328],[14.8958038,58.7969917]]],[[[14.8958115,58.7775809],[14.8961078,58.7774765],[14.896499,58.7775625],[14.8971746,58.7775809],[14.8973524,58.7778758],[14.8977672,58.7780233],[14.8986444,58.778693],[14.8986918,58.7788589],[14.8988933,58.7789633],[14.8988696,58.7790616],[14.8986325,58.7795716],[14.8982058,58.779633],[14.8980754,58.7794733],[14.8960485,58.7781892],[14.8959656,58.778054],[14.8964278,58.7778021],[14.8962382,58.7776547],[14.8961671,58.7777468],[14.8958115,58.7775809]]],[[[14.8970458,58.7758041],[14.8972828,58.7757949],[14.8973065,58.7757396],[14.8972354,58.7756812],[14.8972947,58.7756106],[14.8974132,58.7756014],[14.8974843,58.7755461],[14.897514,58.7756229],[14.8976562,58.7756536],[14.8977747,58.775712],[14.8978162,58.7760806],[14.897668,58.776096],[14.8976858,58.7761451],[14.8978044,58.7762189],[14.8978162,58.7763172],[14.8978695,58.776351],[14.8979762,58.776351],[14.8979999,58.7763018],[14.8981303,58.7763018],[14.898077,58.7763725],[14.8981599,58.77652],[14.8980533,58.776523],[14.8980059,58.7764462],[14.8979051,58.7764247],[14.8975673,58.7763233],[14.8973954,58.7761236],[14.8970517,58.775884],[14.8970458,58.7758041]]],[[[14.8973229,58.7720304],[14.8975852,58.7719156],[14.8984541,58.7718859],[14.8988967,58.7717966],[14.899323,58.7719156],[14.8992,58.7723108],[14.8989295,58.7725488],[14.8986918,58.7724723],[14.8982246,58.7726806],[14.8979786,58.7725658],[14.8979786,58.7724468],[14.8979786,58.7723193],[14.8977983,58.7722853],[14.8976016,58.7723151],[14.8973229,58.7720304]]],[[[14.8976088,58.7755491],[14.8976443,58.775503],[14.8977332,58.7755461],[14.897917,58.7756351],[14.8980059,58.7757734],[14.8981422,58.7758226],[14.8981125,58.7758748],[14.8981125,58.77601],[14.8980177,58.7759854],[14.8980118,58.7758963],[14.8978992,58.775755],[14.8977629,58.775629],[14.8976088,58.7755491]]],[[[14.8978458,58.7754877],[14.8979466,58.7754631],[14.8980059,58.7755553],[14.897917,58.775586],[14.8978458,58.7754877]]],[[[14.8978741,58.6477501],[14.8978956,58.6476663],[14.8980673,58.6476021],[14.8982175,58.6476077],[14.8983355,58.6476552],[14.8983569,58.6477194],[14.8985608,58.6477194],[14.8986252,58.6476803],[14.8987378,58.6476021],[14.8988558,58.6475882],[14.8989899,58.6476328],[14.8989202,58.6477277],[14.8989309,58.647831],[14.8990329,58.6478478],[14.8990543,58.647898],[14.8990168,58.6479315],[14.8990865,58.6479957],[14.899167,58.6480041],[14.8992474,58.6479957],[14.8992796,58.6480599],[14.8993976,58.6480655],[14.8995425,58.6481101],[14.8995747,58.6481827],[14.8995854,58.6482497],[14.8995371,58.6483167],[14.8995478,58.6484143],[14.8995478,58.6485037],[14.8994942,58.6485679],[14.899403,58.6486097],[14.8992474,58.6486181],[14.899124,58.6485818],[14.8990865,58.6485511],[14.8989148,58.6485372],[14.8988236,58.6485204],[14.8986895,58.648526],[14.8985769,58.6485009],[14.898475,58.6484367],[14.8982926,58.6483334],[14.8982228,58.6482469],[14.898196,58.6481464],[14.8981638,58.6481045],[14.8980404,58.6480627],[14.8979922,58.6479845],[14.8979761,58.6478673],[14.8979439,58.6478171],[14.8978741,58.6477501]]],[[[14.8981272,58.7833669],[14.8985125,58.7829845],[14.8991847,58.7825894],[14.8994962,58.7827678],[14.8995208,58.7829505],[14.8999306,58.7832437],[14.8999306,58.7834051],[14.9000372,58.783762],[14.8997995,58.7840594],[14.8999224,58.7841358],[14.8997503,58.78431],[14.8994388,58.7842165],[14.8995781,58.7843567],[14.8991683,58.784429],[14.8988568,58.784327],[14.8985453,58.7838937],[14.8983731,58.7837662],[14.8984879,58.7835963],[14.8981272,58.7833669]]],[[[14.8983318,58.7759332],[14.8983674,58.7758533],[14.898557,58.7757949],[14.8984326,58.7757089],[14.8985867,58.7756997],[14.8985689,58.7756075],[14.8987408,58.7756843],[14.8987408,58.7757642],[14.8988356,58.7758287],[14.8987585,58.7759147],[14.8989304,58.7760991],[14.8987882,58.7761206],[14.8988059,58.7761974],[14.8990252,58.7762557],[14.8991675,58.7764309],[14.8991793,58.7765906],[14.8990845,58.7767504],[14.8987882,58.7766213],[14.8985511,58.7764063],[14.8984622,58.7764001],[14.8984681,58.776268],[14.8983615,58.7760929],[14.8984089,58.7759823],[14.8983318,58.7759332]]],[[[14.8990193,58.7759424],[14.899126,58.7759639],[14.8995112,58.7759454],[14.8995586,58.7760499],[14.8994934,58.7760653],[14.8994519,58.7761574],[14.8995942,58.7762619],[14.8996001,58.7763141],[14.899363,58.7762988],[14.8992208,58.7761943],[14.8990963,58.7761636],[14.8990193,58.7759424]]],[[[14.8990958,58.7802737],[14.8996244,58.7802772],[14.8996736,58.7798226],[14.9002228,58.7794997],[14.9005294,58.7794943],[14.9006901,58.7793042],[14.9003622,58.779079],[14.9005425,58.7788751],[14.9003131,58.7784099],[14.9009606,58.7786159],[14.900977,58.7784969],[14.9013622,58.7785309],[14.9013376,58.7782972],[14.9014442,58.778174],[14.9018869,58.7782547],[14.9021935,58.7788487],[14.9023951,58.7785989],[14.902641,58.7784587],[14.902477,58.7783185],[14.9024443,58.7781273],[14.9028869,58.7781443],[14.903928,58.7772902],[14.9042968,58.7774644],[14.9044677,58.7773702],[14.9043952,58.777184],[14.9041155,58.7769773],[14.9049116,58.7766741],[14.9045345,58.7765593],[14.9042394,58.7767463],[14.9039116,58.776827],[14.9037503,58.7767024],[14.9039116,58.7763639],[14.9040427,58.7762619],[14.9034689,58.7761641],[14.903836,58.7759312],[14.9045509,58.7759559],[14.9049772,58.7761302],[14.9054479,58.7761671],[14.9055264,58.7764276],[14.9052887,58.7764956],[14.9051411,58.7766103],[14.9055264,58.7766656],[14.9056412,58.7767293],[14.9057824,58.7766503],[14.9058543,58.7764828],[14.9060592,58.7764446],[14.9060581,58.7762774],[14.9066494,58.7764149],[14.9073216,58.7766953],[14.9074446,58.7768568],[14.9079282,58.7769928],[14.9080259,58.7768466],[14.9086004,58.777235],[14.9086659,58.7773667],[14.908379,58.7773072],[14.9086495,58.7774984],[14.9088791,58.7775451],[14.9092725,58.7779616],[14.909817,58.7782294],[14.9100759,58.7785394],[14.9103955,58.7786881],[14.9104939,58.7789771],[14.9110349,58.7793552],[14.9112972,58.779266],[14.9116743,58.779368],[14.9117399,58.7796102],[14.9119324,58.7797173],[14.9118874,58.7799883],[14.9121743,58.780239],[14.9119259,58.7804097],[14.9109202,58.7806724],[14.9105103,58.7809145],[14.9101824,58.7807106],[14.9099119,58.7808083],[14.9103949,58.7810416],[14.9101578,58.7813861],[14.9098709,58.7812459],[14.9096414,58.7813607],[14.9096578,58.7815688],[14.9095102,58.7816326],[14.9093463,58.7820319],[14.9088381,58.7824738],[14.9080993,58.782777],[14.9073742,58.7828926],[14.9069609,58.7828477],[14.9065593,58.7828519],[14.9059936,58.7826352],[14.9054245,58.7827366],[14.9055838,58.7829666],[14.9055428,58.7831196],[14.905055,58.7829701],[14.9050428,58.7832683],[14.9047395,58.7833447],[14.9038132,58.783179],[14.9028088,58.7831178],[14.9021738,58.7829199],[14.9015637,58.7824859],[14.9011901,58.7821297],[14.9014442,58.7819767],[14.9018705,58.7821127],[14.9022207,58.7818635],[14.9025754,58.7814626],[14.9032276,58.7814568],[14.9033951,58.7812459],[14.9031805,58.780962],[14.9023787,58.7808933],[14.9021656,58.780991],[14.9019278,58.7811907],[14.9012198,58.7811956],[14.9010835,58.7812927],[14.9007392,58.7813352],[14.9004769,58.781161],[14.90043,58.780962],[14.8999359,58.7807233],[14.8997556,58.7809145],[14.8999277,58.781025],[14.8996253,58.7810533],[14.8991654,58.7806554],[14.8990958,58.7802737]]],[[[14.8991061,58.777419],[14.8993408,58.7772887],[14.8992402,58.7770801],[14.8996425,58.7770888],[14.8997885,58.7772764],[14.8999945,58.7773408],[14.9001789,58.7772365],[14.9001621,58.7774016],[14.8998939,58.7775146],[14.8998939,58.7778013],[14.8997096,58.7778274],[14.8991899,58.7775407],[14.8991061,58.777419]]],[[[14.8991971,58.7767473],[14.8993571,58.776692],[14.8993927,58.7767903],[14.8993216,58.7768272],[14.8991971,58.7767473]]],[[[14.8995586,58.7766367],[14.8995645,58.7764892],[14.8996653,58.77648],[14.899689,58.7765845],[14.8997186,58.7766275],[14.8996416,58.7766674],[14.8995586,58.7766367]]],[[[14.8996685,58.6538557],[14.8997329,58.6537469],[14.8998617,58.653705],[14.899985,58.6537497],[14.9000387,58.6537776],[14.9000816,58.6537748],[14.9001031,58.6537329],[14.900146,58.653705],[14.9003069,58.6536855],[14.9003552,58.6536966],[14.9003391,58.6537469],[14.9002264,58.653772],[14.9002157,58.6537943],[14.9002425,58.6538194],[14.9003069,58.6538222],[14.900323,58.6538557],[14.9003069,58.6539087],[14.9003176,58.6539534],[14.9002801,58.6539841],[14.9002533,58.6540873],[14.9001782,58.654171],[14.9000655,58.6542296],[14.8998885,58.6542687],[14.8997544,58.6541487],[14.89969,58.6539757],[14.8996685,58.6538557]]],[[[14.8997779,58.7765077],[14.8998312,58.7764001],[14.8998964,58.7763141],[14.8999498,58.7764216],[14.9001157,58.776437],[14.9000861,58.7766213],[14.8999083,58.7766152],[14.8998372,58.776563],[14.8997779,58.7765077]]],[[[14.899932,58.7767196],[14.9000446,58.7767074],[14.9000327,58.7768241],[14.8999438,58.776821],[14.899932,58.7767196]]],[[[14.9001232,58.7734352],[14.900364,58.7733223],[14.9006263,58.7733478],[14.9005935,58.773148],[14.9009309,58.7728429],[14.9011674,58.7727656],[14.9019707,58.7726848],[14.9030199,58.7728548],[14.9033437,58.7729722],[14.9036019,58.773233],[14.903897,58.7732585],[14.904061,58.7734073],[14.9040774,58.7736027],[14.9042855,58.7737391],[14.9039298,58.7740192],[14.903479,58.7740319],[14.9034708,58.7741764],[14.9031593,58.7741849],[14.902945,58.7743288],[14.9025445,58.7743592],[14.9022002,58.7742827],[14.9020117,58.7743422],[14.9019133,58.7741594],[14.9017002,58.7742147],[14.9015198,58.7741212],[14.9016264,58.773981],[14.9013641,58.7739597],[14.9012411,58.7740744],[14.9009132,58.7740319],[14.9008477,58.773862],[14.9006181,58.7737982],[14.9006837,58.773658],[14.9002001,58.7736325],[14.9001232,58.7734352]]],[[[14.9001765,58.784429],[14.9006438,58.7836897],[14.9007995,58.783745],[14.9009799,58.7838597],[14.9016848,58.7839786],[14.9018406,58.7841656],[14.9017504,58.7844629],[14.9019881,58.7847816],[14.9019471,58.7849897],[14.9016028,58.7850407],[14.9015455,58.7849855],[14.9014061,58.785011],[14.9010126,58.7849218],[14.9008815,58.7849727],[14.9006766,58.7849727],[14.9002339,58.7847901],[14.9002175,58.7846031],[14.9002913,58.7845224],[14.9001765,58.784429]]],[[[14.9005477,58.7755769],[14.9007656,58.7755073],[14.9014696,58.7756464],[14.9016373,58.7760026],[14.9016373,58.7761677],[14.9017714,58.776272],[14.9015535,58.7763328],[14.9009835,58.7758028],[14.9005477,58.7755769]]],[[[14.9009479,58.6588408],[14.9010123,58.6586733],[14.901184,58.6585785],[14.9015488,58.6584892],[14.9019457,58.6584055],[14.9022783,58.6583887],[14.902686,58.6584334],[14.9029221,58.6584166],[14.9029328,58.6583497],[14.903083,58.6583218],[14.9032332,58.6583218],[14.9031688,58.6584111],[14.90348,58.658372],[14.9035765,58.6584166],[14.9036731,58.658545],[14.9039091,58.6585673],[14.9040486,58.658612],[14.9041237,58.6587347],[14.9041451,58.6588966],[14.9043812,58.659103],[14.904467,58.659237],[14.9045528,58.6593207],[14.9047567,58.6594546],[14.9050464,58.6595271],[14.9051858,58.6596053],[14.9054433,58.6596053],[14.9056901,58.659689],[14.9060012,58.6597448],[14.9061192,58.6598117],[14.9063875,58.6598173],[14.9064733,58.6598787],[14.906645,58.6599122],[14.9066664,58.6600294],[14.9067093,58.6601633],[14.9068381,58.6602693],[14.9067201,58.6602972],[14.9065162,58.6603251],[14.9058618,58.6604814],[14.9053575,58.6606041],[14.9051322,58.6607436],[14.9049391,58.6608385],[14.9048211,58.6609445],[14.9046816,58.660978],[14.9043061,58.660911],[14.9039735,58.6608552],[14.9038876,58.6607604],[14.9038447,58.6605706],[14.9038876,58.6603586],[14.9039413,58.660141],[14.9037696,58.6599791],[14.9038018,58.6598899],[14.9038233,58.6596722],[14.9037911,58.6596053],[14.9036409,58.659516],[14.9035551,58.6593988],[14.9034478,58.6593318],[14.9034478,58.6592258],[14.90348,58.659103],[14.9033512,58.6590528],[14.9031044,58.6590528],[14.9027075,58.6591923],[14.9024393,58.6593039],[14.9023749,58.6594323],[14.9023534,58.6596109],[14.902214,58.6597392],[14.9019243,58.6598452],[14.9016131,58.6598843],[14.9013235,58.6598117],[14.9011625,58.6597448],[14.9011947,58.6596276],[14.9013127,58.6594881],[14.9012484,58.6593765],[14.901184,58.6593207],[14.901066,58.6593039],[14.9009801,58.6592314],[14.9009801,58.6590696],[14.9009479,58.6588408]]],[[[14.9010003,58.7765066],[14.9011009,58.7763068],[14.9013523,58.7763328],[14.9014529,58.7764284],[14.9021066,58.7763242],[14.9019055,58.7764197],[14.9020563,58.776524],[14.9017881,58.7766196],[14.9018384,58.776776],[14.9014026,58.777028],[14.9012182,58.7770454],[14.9011679,58.7767586],[14.9010003,58.7765066]]],[[[14.9013503,58.6579563],[14.9014254,58.6579172],[14.9016185,58.6578977],[14.9017043,58.6579144],[14.901699,58.657853],[14.9019135,58.6578167],[14.9019726,58.6578614],[14.9020584,58.6578753],[14.9020959,58.6579367],[14.9020584,58.6579814],[14.9020423,58.6580232],[14.9019082,58.6580428],[14.9018331,58.6580344],[14.9017633,58.6579842],[14.9017419,58.6580288],[14.9016614,58.6580623],[14.9015917,58.6580232],[14.9013986,58.6580149],[14.9013503,58.6579563]]],[[[14.9020825,58.7942494],[14.9022137,58.7942579],[14.902312,58.7943513],[14.9025579,58.7943683],[14.9025907,58.7945849],[14.9022219,58.7944703],[14.9020825,58.7942494]]],[[[14.9029678,58.7951116],[14.9031973,58.7952942],[14.9034023,58.7953961],[14.903476,58.7956254],[14.9032137,58.7956679],[14.9032301,58.7954131],[14.9031072,58.7953706],[14.9029678,58.7952135],[14.9029678,58.7951116]]],[[[14.903575,58.7840962],[14.9036324,58.7839942],[14.9040832,58.7840919],[14.9040996,58.7842661],[14.9037389,58.7842279],[14.903575,58.7840962]]],[[[14.9040908,58.7972392],[14.9041564,58.7971543],[14.9041236,58.7969717],[14.9044269,58.797167],[14.9044433,58.7972732],[14.9041974,58.7973327],[14.9040908,58.7972392]]],[[[14.904181,58.7968698],[14.904263,58.7967339],[14.9044761,58.7966277],[14.90464,58.7968103],[14.9046154,58.7968995],[14.9045499,58.7970991],[14.9043285,58.7969504],[14.904181,58.7968698]]],[[[14.9042655,58.7746855],[14.9044858,58.7746765],[14.9044858,58.7745833],[14.9045843,58.7745593],[14.9046191,58.7746524],[14.9044626,58.7747396],[14.9044916,58.7748177],[14.9043119,58.7748387],[14.9042655,58.7746855]]],[[[14.9043941,58.7964281],[14.9044269,58.7963219],[14.9045663,58.7964069],[14.9044925,58.7965088],[14.9043941,58.7964281]]],[[[14.9050248,58.7755118],[14.9051407,58.7752654],[14.905361,58.7752895],[14.9055349,58.7754938],[14.9059116,58.775608],[14.9063232,58.7755929],[14.9064623,58.7757312],[14.9061377,58.7757342],[14.9058247,58.7756921],[14.9055001,58.7757222],[14.9053146,58.775614],[14.9050248,58.7755118]]],[[[14.9052144,58.7847079],[14.9054849,58.7845422],[14.9055915,58.7846314],[14.9059932,58.7846527],[14.9064276,58.7848396],[14.9067965,58.7849458],[14.9067883,58.7852092],[14.9069276,58.7853112],[14.9069522,58.7854981],[14.9062227,58.7853664],[14.9060259,58.7850988],[14.9058128,58.7850478],[14.9057063,58.7849501],[14.9055259,58.7848991],[14.9052144,58.7847079]]],[[[14.9060751,58.7840962],[14.9063374,58.783888],[14.9067227,58.7839347],[14.907149,58.7840664],[14.9070588,58.784402],[14.9067883,58.7844063],[14.9067063,58.7842873],[14.9060997,58.7842236],[14.9060751,58.7840962]]],[[[14.9062131,58.6623437],[14.9062399,58.6622767],[14.9062668,58.6622349],[14.9063419,58.6622237],[14.9063955,58.6621261],[14.9063955,58.6620675],[14.9063794,58.6620312],[14.9064116,58.6620005],[14.9065082,58.6619782],[14.9067227,58.6619475],[14.9070339,58.6619001],[14.9070232,58.661875],[14.9071251,58.6618499],[14.9071412,58.6619057],[14.9073289,58.6619475],[14.9072699,58.6620005],[14.9072485,58.6620759],[14.9072055,58.6621651],[14.907109,58.6622181],[14.90705,58.6623046],[14.9070339,58.6623939],[14.9068515,58.6624051],[14.90683,58.662433],[14.9069641,58.6624832],[14.9069963,58.6625362],[14.9069963,58.6626478],[14.9068783,58.6627761],[14.906712,58.6628236],[14.906535,58.662765],[14.906417,58.6627287],[14.9063097,58.6626785],[14.9063043,58.6626115],[14.9063258,58.662525],[14.9062507,58.6624888],[14.9062453,58.6624274],[14.9062882,58.6624079],[14.9063526,58.6623967],[14.9062936,58.6623688],[14.9062131,58.6623437]]],[[[14.9071264,58.6604786],[14.9071559,58.6604647],[14.9072176,58.6604633],[14.9073222,58.66048],[14.9074617,58.660494],[14.9075556,58.660501],[14.907628,58.660487],[14.9076548,58.6604633],[14.9076602,58.6604061],[14.9076655,58.6603698],[14.9077192,58.6603573],[14.9077675,58.6604256],[14.907797,58.6604996],[14.9078533,58.6605721],[14.9078104,58.6606112],[14.9077541,58.6606098],[14.9074161,58.6605568],[14.9071881,58.6605177],[14.9071371,58.6604982],[14.9071264,58.6604786]]],[[[14.9074633,58.7849267],[14.9074756,58.7848353],[14.9076108,58.7848714],[14.9075985,58.7849819],[14.9074633,58.7849267]]],[[[14.9076524,58.7922427],[14.9077836,58.7918434],[14.9081412,58.7917723],[14.9081607,58.7912658],[14.9087837,58.7903908],[14.9095176,58.7904916],[14.909897,58.7907081],[14.9100624,58.7905012],[14.9097345,58.7903653],[14.9098493,58.790017],[14.9101444,58.7899235],[14.9098821,58.7896007],[14.9104074,58.7892437],[14.9111936,58.7890315],[14.9118155,58.7893211],[14.9119314,58.7888276],[14.9124661,58.7887296],[14.9128659,58.7890485],[14.913755,58.7897036],[14.9139479,58.7902718],[14.9143905,58.7904502],[14.9146037,58.7909599],[14.9150833,58.7912764],[14.914866,58.7930666],[14.9152595,58.7928288],[14.9155314,58.7924381],[14.91603,58.7925485],[14.9162115,58.7928289],[14.9156365,58.7929817],[14.916489,58.793194],[14.9167194,58.7934105],[14.916791,58.7937837],[14.9162497,58.7938474],[14.9159457,58.7934365],[14.9153086,58.793211],[14.9145873,58.7932535],[14.9146037,58.7935848],[14.9153086,58.7938821],[14.915092,58.7941947],[14.9148004,58.794018],[14.9146037,58.7942219],[14.9142758,58.7942473],[14.9140878,58.793921],[14.9135483,58.7940576],[14.9132532,58.793891],[14.9132068,58.7936027],[14.9124301,58.7936267],[14.911607,58.793855],[14.9115444,58.7945614],[14.9110349,58.7951434],[14.9103331,58.7951345],[14.9098218,58.7950983],[14.9095814,58.794967],[14.9092305,58.7949301],[14.9091262,58.7947379],[14.9094276,58.7946658],[14.9092421,58.7944977],[14.9092749,58.7941086],[14.9091958,58.7936207],[14.9086973,58.7935907],[14.9085582,58.7938009],[14.9082452,58.793879],[14.9079515,58.7936127],[14.9080046,58.7929818],[14.9080295,58.7926589],[14.9076524,58.7922427]]],[[[14.9082228,58.6607572],[14.9086137,58.660858],[14.9094908,58.6609878],[14.9098717,58.6609626],[14.9101855,58.6610059],[14.9104302,58.6611604],[14.9107608,58.6612702],[14.9110592,58.6615196],[14.9122374,58.6618917],[14.9127229,58.6621526],[14.9135235,58.6623611],[14.9147426,58.6626868],[14.9171136,58.6646118],[14.9172853,58.6650107],[14.9175642,58.6653873],[14.9175106,58.6659146],[14.9172134,58.6659646],[14.9168627,58.6657997],[14.9166138,58.6657716],[14.916424,58.6658244],[14.9162707,58.6659238],[14.9163685,58.6660321],[14.9166379,58.6660958],[14.9167946,58.6660228],[14.9169621,58.666],[14.9171646,58.666052],[14.9171619,58.666301],[14.9170707,58.6664865],[14.915617,58.6668993],[14.9141632,58.667368],[14.913718,58.6674349],[14.9132915,58.667368],[14.9132492,58.667262],[14.9136465,58.6671253],[14.9139525,58.6669175],[14.9140196,58.6667243],[14.9142249,58.6665663],[14.9145635,58.6664594],[14.9147436,58.6663112],[14.9147585,58.6661477],[14.9142584,58.6659732],[14.9136583,58.6656105],[14.9127148,58.6654599],[14.9119423,58.6652144],[14.9107407,58.6644556],[14.9101613,58.664132],[14.9098717,58.6642101],[14.9095445,58.6642156],[14.9091502,58.6638613],[14.9090298,58.6636901],[14.9088865,58.6636282],[14.9088612,58.6635803],[14.908894,58.6634666],[14.9090235,58.6632246],[14.9095388,58.6628859],[14.9099252,58.6629008],[14.9101184,58.6630588],[14.910097,58.6632327],[14.9102365,58.6632415],[14.9105315,58.6629893],[14.9104645,58.6627571],[14.9109875,58.6626812],[14.9112852,58.6625613],[14.9114662,58.6624567],[14.9114387,58.6623318],[14.9109637,58.6620629],[14.9105759,58.6619173],[14.9096732,58.6617383],[14.9089409,58.6614955],[14.9085842,58.6611859],[14.9084112,58.6609187],[14.9082228,58.6607572]]],[[[14.908231,58.7876447],[14.9084113,58.787428],[14.9087556,58.7874917],[14.9090261,58.7874408],[14.9090671,58.7876404],[14.9088212,58.7876192],[14.9086081,58.78753],[14.908731,58.7877976],[14.9086982,58.7878995],[14.9088294,58.7880227],[14.9088294,58.7881247],[14.9085261,58.7882096],[14.9084359,58.7880652],[14.9085589,58.787942],[14.9085507,58.7877976],[14.908231,58.7876447]]],[[[14.9086297,58.8017183],[14.9086471,58.8015952],[14.9087573,58.8015772],[14.9090934,58.8010398],[14.9093949,58.8011599],[14.9094122,58.801325],[14.9096615,58.8015802],[14.9095282,58.8017484],[14.9093833,58.8019315],[14.9086297,58.8017183]]],[[[14.9089716,58.7847843],[14.9091191,58.7847589],[14.9091683,58.7848438],[14.9090453,58.7849606],[14.9090248,58.7848651],[14.9089716,58.7848396],[14.9089716,58.7847843]]],[[[14.9102901,58.6655109],[14.9103169,58.6654258],[14.9104403,58.6653309],[14.9104859,58.6653337],[14.9106119,58.6653784],[14.91062,58.6654118],[14.9105717,58.6654453],[14.910561,58.6654649],[14.9106012,58.6655081],[14.9105824,58.6655736],[14.9105395,58.665582],[14.9104993,58.6655695],[14.9104939,58.6655095],[14.9104671,58.6654816],[14.9104537,58.6654621],[14.9104752,58.6654314],[14.910443,58.6654258],[14.9104001,58.665469],[14.9104108,58.6655193],[14.9103974,58.6655625],[14.910333,58.6655667],[14.9102901,58.6655109]]],[[[14.9133759,58.7982774],[14.9133991,58.7981513],[14.9136078,58.7980311],[14.9135846,58.797827],[14.9144424,58.797899],[14.9145004,58.7980432],[14.9148366,58.7980492],[14.9149177,58.7981813],[14.915138,58.7982413],[14.9152655,58.7986257],[14.915196,58.7987878],[14.9153235,58.7991542],[14.9152191,58.7992322],[14.9145584,58.7991001],[14.9144888,58.7991962],[14.913944,58.7991121],[14.9133875,58.7985777],[14.9133759,58.7982774]]],[[[14.9140344,58.6705102],[14.9140988,58.6703338],[14.9142705,58.6703014],[14.9143563,58.6699728],[14.9143134,58.6698003],[14.9141095,58.6695214],[14.9142812,58.6693541],[14.9145816,58.6691421],[14.9151502,58.668958],[14.9153809,58.6687321],[14.9158583,58.6686902],[14.9161963,58.6688297],[14.9164618,58.6691449],[14.9167703,58.6693931],[14.9171994,58.6700235],[14.9171418,58.6705884],[14.9168695,58.6712759],[14.9165181,58.671513],[14.9159871,58.6716636],[14.9157564,58.6715618],[14.9156116,58.6713484],[14.9147855,58.671022],[14.9142276,58.6707403],[14.9140344,58.6705102]]],[[[14.9157356,58.7991326],[14.9158518,58.7988662],[14.9160771,58.7987039],[14.915862,58.7986729],[14.9158438,58.7984241],[14.9162225,58.7985861],[14.9163616,58.7988624],[14.9165756,58.7988597],[14.9166973,58.7987628],[14.9163455,58.7981681],[14.9167094,58.7981177],[14.9168138,58.7982858],[14.9170804,58.7982498],[14.9174166,58.798436],[14.9176021,58.7983459],[14.9177412,58.798508],[14.9176252,58.7987783],[14.9179266,58.7990666],[14.9180889,58.7988143],[14.9179962,58.798466],[14.9182585,58.7986885],[14.9186338,58.7987062],[14.9189352,58.7988984],[14.9192134,58.7988564],[14.9196655,58.7992647],[14.9198492,58.7992392],[14.92031,58.7998965],[14.920188,58.8004715],[14.9203379,58.8005979],[14.9198278,58.8006039],[14.9201176,58.800736],[14.9203031,58.8009762],[14.9200249,58.8009822],[14.9192018,58.8010483],[14.9187523,58.801037],[14.9187497,58.8012945],[14.9182213,58.8011045],[14.9172891,58.8008021],[14.9164975,58.800497],[14.9160718,58.8001175],[14.9157381,58.7998388],[14.9157356,58.7991326]]],[[[14.9158259,58.7721896],[14.9165467,58.771729],[14.9167395,58.7717681],[14.916597,58.7719333],[14.9167059,58.7720549],[14.9165551,58.7722157],[14.9161192,58.772207],[14.9160103,58.7722983],[14.9158259,58.7721896]]],[[[14.916349,58.6222965],[14.9163544,58.6221206],[14.9164456,58.6220898],[14.9165422,58.6221178],[14.9171054,58.6221541],[14.9173951,58.6221569],[14.9175668,58.6220842],[14.9177384,58.6217993],[14.9178511,58.621777],[14.9180442,58.6218384],[14.918071,58.6220675],[14.9180335,58.6221233],[14.9179423,58.6221541],[14.9176204,58.6222127],[14.9174058,58.6222099],[14.9169767,58.6222407],[14.9168801,58.6222742],[14.9168479,58.62233],[14.9167728,58.6223691],[14.9165475,58.6223552],[14.916349,58.6222965]]],[[[14.9175589,58.6661274],[14.9175911,58.6659907],[14.9177359,58.665907],[14.9177895,58.6657843],[14.9178861,58.6657229],[14.9180095,58.6656922],[14.9181865,58.6657285],[14.9183153,58.6657982],[14.9183743,58.6659823],[14.9183153,58.6660577],[14.9182348,58.6661413],[14.9181329,58.6662362],[14.9179558,58.6662836],[14.9177627,58.6663031],[14.9176071,58.6662529],[14.9175589,58.6661274]]],[[[14.917675,58.6864339],[14.9177168,58.6864402],[14.9177647,58.6864652],[14.9177886,58.6864652],[14.9177946,58.6864558],[14.9177767,58.6864247],[14.9177947,58.6863966],[14.9177052,58.6863218],[14.9177291,58.6863062],[14.917801,58.6862938],[14.9178429,58.6862783],[14.917837,58.6862471],[14.9177773,58.6861972],[14.9177833,58.6861941],[14.9178551,58.6862035],[14.9179268,58.6862409],[14.9179986,58.6862503],[14.9182141,58.6862224],[14.918256,58.6862224],[14.9183636,58.6862505],[14.9184055,58.6862724],[14.9184413,58.6863036],[14.9184352,58.6863409],[14.9186086,58.6864361],[14.91874,58.6865359],[14.9188745,58.6865983],[14.918955,58.6867152],[14.9192061,58.6868634],[14.9193075,58.6869912],[14.9193012,58.6871267],[14.919349,58.6871766],[14.9198078,58.6873919],[14.9198908,58.6874247],[14.9199648,58.6874637],[14.9200782,58.6875604],[14.9200781,58.6876383],[14.920084,58.6876445],[14.9201677,58.6876788],[14.9201916,58.6877193],[14.9201317,58.6877598],[14.9201196,58.6878128],[14.9200537,58.6878408],[14.9200118,58.6878408],[14.919952,58.6878251],[14.9199101,58.6878002],[14.9198863,58.6877378],[14.9197429,58.687663],[14.9196471,58.6876536],[14.9195873,58.6876286],[14.9195514,58.6876317],[14.9195334,58.6876504],[14.9195693,58.687666],[14.9195932,58.687666],[14.919647,58.6876941],[14.9197427,58.6877191],[14.9197367,58.6877378],[14.9197008,58.6877533],[14.9196768,58.6877502],[14.9196171,58.6877096],[14.9195214,58.6876815],[14.9193361,58.6875599],[14.9193003,58.6875069],[14.9192106,58.6874819],[14.9191509,58.6874445],[14.9191329,58.6874414],[14.919085,58.6874476],[14.9190133,58.6874163],[14.9190103,58.6873969],[14.9190388,58.6873895],[14.9190776,58.6874043],[14.9191076,58.6874],[14.919136,58.6873899],[14.9191652,58.6873939],[14.9191988,58.6874281],[14.9192429,58.6874434],[14.9192825,58.6874446],[14.9193185,58.6874134],[14.9193186,58.6873605],[14.9190082,58.68703],[14.9186405,58.6868537],[14.9184521,58.6868068],[14.9183415,58.6867413],[14.9180575,58.6866617],[14.917938,58.6865775],[14.9178184,58.6865119],[14.9178005,58.6865088],[14.9177645,58.6865181],[14.9177287,58.6865025],[14.9177287,58.6864994],[14.917675,58.6864339]]],[[[14.9179633,58.8048973],[14.9181836,58.8048432],[14.9182068,58.8048943],[14.9183111,58.8049273],[14.9183285,58.8050204],[14.9180387,58.8050324],[14.9179633,58.8048973]]],[[[14.9196203,58.7851936],[14.9198498,58.7852191],[14.9198662,58.7849855],[14.919981,58.7850025],[14.919981,58.7848538],[14.9201531,58.7848283],[14.9204646,58.7850067],[14.9208171,58.7851766],[14.9209318,58.7853678],[14.9210466,58.785525],[14.9212843,58.7856694],[14.9212679,58.7859583],[14.921022,58.7861282],[14.921063,58.7865275],[14.9210384,58.7866507],[14.9208499,58.7866677],[14.9206122,58.7865658],[14.9206122,58.7863916],[14.9200383,58.7859328],[14.9197596,58.7856142],[14.9196203,58.7851936]]],[[[14.9204291,58.6700362],[14.9204505,58.6699219],[14.9205364,58.669788],[14.9206383,58.6696541],[14.9206812,58.6696234],[14.9207778,58.6696234],[14.9209173,58.6696708],[14.9210245,58.6697099],[14.9211587,58.6697154],[14.9212391,58.6696764],[14.9212981,58.6696206],[14.9214698,58.6696792],[14.9216254,58.6697573],[14.9216951,58.6698912],[14.9218077,58.6699721],[14.9218292,58.6701338],[14.9216951,58.6702092],[14.9218185,58.670343],[14.921856,58.6704909],[14.9218989,58.670622],[14.9219258,58.6707865],[14.9218882,58.6709288],[14.9218077,58.670979],[14.9216361,58.6709818],[14.9213303,58.6709539],[14.9212552,58.670926],[14.9212606,58.6708367],[14.9213357,58.6707698],[14.921341,58.6706499],[14.9212981,58.6705299],[14.9212069,58.6704295],[14.9210782,58.6703458],[14.9209065,58.6702705],[14.9206919,58.6702231],[14.9205364,58.6701478],[14.9204291,58.6700362]]],[[[14.9208391,58.6316076],[14.9211287,58.6314177],[14.9211502,58.6312948],[14.9214184,58.6310882],[14.9214935,58.6309765],[14.9214291,58.6307363],[14.921354,58.6306637],[14.9215686,58.6306582],[14.9219763,58.6307363],[14.92203,58.631077],[14.9219227,58.6318812],[14.921633,58.6320544],[14.9214291,58.6320711],[14.9212897,58.6319873],[14.9211931,58.631764],[14.9208391,58.6316076]]],[[[14.9211355,58.6858222],[14.9211715,58.6858036],[14.9212732,58.6857943],[14.9213212,58.6857694],[14.9213213,58.6857133],[14.9213812,58.6856822],[14.921495,58.6856417],[14.9215012,58.685567],[14.9216991,58.6853739],[14.921747,58.685349],[14.9218488,58.6853148],[14.9219206,58.6853117],[14.9219685,58.685318],[14.9220881,58.6853741],[14.9221597,58.6854427],[14.9223153,58.6854428],[14.922477,58.6854211],[14.9225249,58.6853931],[14.922597,58.6852467],[14.922621,58.6852311],[14.9226929,58.6852156],[14.9227527,58.6852156],[14.9227647,58.6852218],[14.9228065,58.6852374],[14.9227973,58.6853558],[14.9227582,58.6854384],[14.9228444,58.6857002],[14.9228292,58.6857952],[14.9228052,58.6858388],[14.9226553,58.6859447],[14.9224517,58.6860318],[14.9224336,58.686063],[14.9226309,58.6861924],[14.9230344,58.6863983],[14.9233931,58.6865465],[14.9236204,58.6866043],[14.9238505,58.6867556],[14.9240716,58.6868866],[14.9241612,58.687005],[14.9241249,58.6871639],[14.9239689,58.6873508],[14.923915,58.6873851],[14.9238312,58.687385],[14.9237116,58.6873382],[14.9230809,58.6870122],[14.9228656,58.6869388],[14.922773,58.6868547],[14.9227493,58.6867393],[14.9227016,58.6866708],[14.9222294,58.6864181],[14.9219423,58.6863431],[14.9217687,58.6863306],[14.9217628,58.6863274],[14.9213802,58.686134],[14.9211472,58.6859625],[14.9211355,58.6858222]]],[[[14.9216273,58.8043824],[14.921906,58.8041956],[14.9224388,58.8039918],[14.9225863,58.8040427],[14.9227995,58.8038432],[14.9231929,58.8037583],[14.9232093,58.8039706],[14.9235454,58.8040894],[14.9236438,58.8041913],[14.923988,58.8043484],[14.9241274,58.8048367],[14.9240782,58.805257],[14.9237339,58.8055925],[14.9235454,58.8058302],[14.9232913,58.8058514],[14.9230044,58.8057665],[14.9225781,58.8054906],[14.9222093,58.8053802],[14.922242,58.8052528],[14.9217338,58.8048282],[14.9217912,58.8045013],[14.9216273,58.8043824]]],[[[14.9218375,58.6850296],[14.9219124,58.6849845],[14.9219693,58.6849799],[14.9221427,58.6850205],[14.9222085,58.6850517],[14.9222353,58.6851047],[14.9222352,58.6851623],[14.9222112,58.6851903],[14.9221633,58.6852059],[14.9220855,58.6851981],[14.921975,58.6850998],[14.9219122,58.6850889],[14.9218494,58.6850624],[14.9218375,58.6850296]]],[[[14.9222071,58.6633307],[14.9222393,58.6631968],[14.9223895,58.6631717],[14.9224807,58.6632554],[14.922647,58.6633363],[14.9226846,58.6634227],[14.9226738,58.663473],[14.9225666,58.663512],[14.9224217,58.6634925],[14.9222769,58.6633865],[14.9222071,58.6633307]]],[[[14.9222744,58.6703263],[14.9223066,58.6702412],[14.9223683,58.6701827],[14.9223603,58.6701157],[14.9223576,58.6700362],[14.9223844,58.6700397],[14.922426,58.6701138],[14.9224354,58.6701433],[14.9225413,58.6701616],[14.9226292,58.6701944],[14.92262,58.6702459],[14.9226377,58.6702724],[14.9227267,58.6702973],[14.922717,58.6703472],[14.9226365,58.6704407],[14.9224568,58.6704379],[14.9223281,58.6703932],[14.9222744,58.6703263]]],[[[14.9229419,58.6371528],[14.9229956,58.6366782],[14.9232101,58.6364772],[14.9232316,58.6363655],[14.9231672,58.6362538],[14.9230385,58.6361589],[14.9230277,58.636131],[14.923253,58.6361477],[14.9234784,58.636103],[14.9238539,58.635969],[14.9240792,58.6359634],[14.9245191,58.6360472],[14.9246585,58.6361365],[14.9247765,58.6363599],[14.9247765,58.6364772],[14.9249804,58.6366949],[14.9250662,58.63703],[14.9251842,58.6371249],[14.9252593,58.6372422],[14.9248838,58.6375158],[14.92468,58.6374879],[14.9243259,58.6373483],[14.9241114,58.6373148],[14.9232316,58.6372868],[14.9230063,58.6372589],[14.9229419,58.6371528]]],[[[14.9237032,58.6857069],[14.9238291,58.6856073],[14.9238351,58.6855715],[14.9239101,58.6854921],[14.9239401,58.6854749],[14.9240448,58.6854828],[14.9240687,58.6854735],[14.9240839,58.685394],[14.9241318,58.6853488],[14.9241887,58.6853349],[14.9242396,58.6853333],[14.9242725,58.6853411],[14.9242994,58.6853661],[14.9243293,58.6853739],[14.9243772,58.6853755],[14.924431,58.6853662],[14.9245178,58.6853802],[14.9245298,58.6853693],[14.924512,58.6852758],[14.9246315,58.6853756],[14.9247182,58.6854162],[14.924745,58.6854692],[14.9248705,58.6855658],[14.9249093,58.6855877],[14.9249482,58.6855971],[14.9250439,58.6856033],[14.9250738,58.6856143],[14.9250738,58.6856205],[14.9250169,58.6856376],[14.9249809,58.6856999],[14.9250076,58.6858246],[14.9252047,58.6860038],[14.9252047,58.686007],[14.9251747,58.686035],[14.9251537,58.6860365],[14.925085,58.6859835],[14.9250222,58.6859913],[14.9249112,58.6860863],[14.9246507,58.6861967],[14.9244951,58.6862044],[14.9243156,58.6861841],[14.9239208,58.6860685],[14.9238162,58.6860015],[14.9237447,58.6858815],[14.9237032,58.6857069]]],[[[14.9240553,58.8175399],[14.9248553,58.8167706],[14.925068,58.8163726],[14.9261969,58.8159302],[14.9263039,58.8155175],[14.9257111,58.8146994],[14.925551,58.8140872],[14.9252812,58.8134863],[14.9256582,58.8134608],[14.9256619,58.8130123],[14.9271016,58.812955],[14.9277731,58.8131722],[14.9285688,58.8132128],[14.9288223,58.8130363],[14.9306282,58.8135683],[14.9313471,58.814505],[14.9321794,58.8147673],[14.9328568,58.8173287],[14.9324904,58.8195993],[14.9326177,58.8212058],[14.9347991,58.823226],[14.9352162,58.8238334],[14.9366533,58.8241025],[14.9386516,58.8244854],[14.9420417,58.8240197],[14.942988,58.8240917],[14.9459895,58.8224123],[14.945508,58.8218509],[14.9442719,58.8211093],[14.9442842,58.8205883],[14.944863,58.8205024],[14.9462332,58.8211005],[14.9463751,58.8214319],[14.9469218,58.8216861],[14.9479218,58.8218728],[14.9485563,58.8221842],[14.9482333,58.8226282],[14.9515159,58.8240473],[14.9528237,58.8239607],[14.9535123,58.8245463],[14.9543246,58.8247371],[14.9529279,58.8260125],[14.9526231,58.8269295],[14.9499875,58.8282802],[14.9496557,58.829272],[14.9499158,58.8300941],[14.9498836,58.8311784],[14.9490224,58.8325728],[14.9483336,58.8348332],[14.9472874,58.8355409],[14.9471951,58.8367102],[14.9474105,58.8374179],[14.9484875,58.8375102],[14.9492875,58.8371718],[14.9510107,58.8380026],[14.9526108,58.8389565],[14.9539647,58.840095],[14.9544263,58.8409258],[14.954057,58.8415412],[14.95258,58.8422798],[14.9504535,58.8434984],[14.9471336,58.8445876],[14.944795,58.8457261],[14.9431026,58.8463415],[14.9423167,58.8466179],[14.941164,58.8470185],[14.9408174,58.8471992],[14.9404128,58.8467946],[14.9408174,58.8460258],[14.9402509,58.8451357],[14.9392976,58.8444093],[14.9374641,58.8436289],[14.936536,58.8431071],[14.9345482,58.8420951],[14.9323019,58.8409874],[14.9312865,58.840095],[14.9279632,58.835264],[14.9268862,58.8332638],[14.9246092,58.8302483],[14.9243322,58.8292328],[14.9247015,58.8284328],[14.9257477,58.8267096],[14.9259723,58.8257766],[14.9261477,58.825048],[14.9257477,58.8241249],[14.9253333,58.8233788],[14.9257748,58.8229214],[14.9263552,58.8225316],[14.9272863,58.8223709],[14.9273786,58.8216016],[14.9265088,58.8211929],[14.9256862,58.8206477],[14.9248553,58.8197246],[14.9241784,58.8185245],[14.9240553,58.8175399]]],[[[14.9249858,58.6291725],[14.9251413,58.6288877],[14.9253398,58.6286643],[14.9258816,58.6283962],[14.925946,58.6283487],[14.9260211,58.6282342],[14.9261069,58.6281895],[14.9262303,58.6281867],[14.9263161,58.6282258],[14.9261874,58.6284465],[14.926123,58.6284967],[14.9259245,58.6285498],[14.9259406,58.6287062],[14.9258816,58.6287536],[14.9255758,58.6288095],[14.9255115,58.6289212],[14.9255222,58.6290971],[14.9251467,58.6293792],[14.9250233,58.629287],[14.9249858,58.6291725]]],[[[14.9262142,58.6304878],[14.9262303,58.6303677],[14.9263698,58.6301974],[14.9264556,58.6301695],[14.9267453,58.6302588],[14.9267775,58.6303705],[14.9267721,58.6304822],[14.9267024,58.6305297],[14.9263805,58.6305493],[14.9262732,58.6305353],[14.9262142,58.6304878]]],[[[14.9267131,58.6277846],[14.9267185,58.6277259],[14.9268472,58.6275556],[14.9273515,58.6273015],[14.9273997,58.6272596],[14.9274051,58.6272009],[14.9274909,58.627159],[14.9276197,58.6270641],[14.927904,58.6269384],[14.9279737,58.6268798],[14.9281722,58.6268071],[14.9283493,58.6266535],[14.9284458,58.6266228],[14.9285638,58.6266116],[14.9287087,58.6268853],[14.9287999,58.6269161],[14.9289179,58.6269272],[14.9290037,58.6269663],[14.929052,58.6270166],[14.929347,58.6271088],[14.9294275,58.6271506],[14.9294221,58.6272149],[14.9293148,58.6272177],[14.9287999,58.6271116],[14.9286818,58.6271088],[14.9284565,58.6271423],[14.9283385,58.6271451],[14.9282473,58.627173],[14.9281615,58.6272791],[14.9279684,58.6273378],[14.927904,58.6273797],[14.9277967,58.6275444],[14.9272978,58.6278712],[14.9272495,58.6279242],[14.9271852,58.6280387],[14.9270832,58.6280443],[14.9270189,58.6279968],[14.9269974,58.6278768],[14.9267936,58.6278265],[14.9267131,58.6277846]]],[[[14.9269246,58.8074885],[14.9271869,58.8072593],[14.9274164,58.8068008],[14.9277443,58.8067753],[14.9279083,58.8069366],[14.9280558,58.8071998],[14.927941,58.8076668],[14.9275476,58.8077602],[14.9270066,58.8077348],[14.9269246,58.8074885]]],[[[14.9283653,58.6192742],[14.9283707,58.6190843],[14.9285209,58.6187993],[14.928596,58.6187463],[14.9290037,58.6185982],[14.9290842,58.6186345],[14.9290091,58.6188049],[14.9288642,58.6189586],[14.9283653,58.6192742]]],[[[14.9284726,58.6313702],[14.9285048,58.6313144],[14.9288374,58.6313228],[14.9289393,58.6313507],[14.9291593,58.6313674],[14.9293846,58.6314121],[14.9294972,58.6314009],[14.9295402,58.6313423],[14.9296045,58.6312892],[14.9297172,58.6313116],[14.9297333,58.6313674],[14.9298513,58.631468],[14.9298406,58.6315266],[14.9296904,58.6316076],[14.9295348,58.6317556],[14.9294436,58.6319008],[14.9295187,58.6322387],[14.9294543,58.6322861],[14.9293524,58.6323085],[14.9292505,58.632314],[14.9291485,58.6323029],[14.9290681,58.6322638],[14.9290091,58.6322107],[14.9289876,58.6320962],[14.9290037,58.6319762],[14.9290895,58.631736],[14.9291915,58.6316271],[14.9292773,58.6315852],[14.9293309,58.6315266],[14.9291217,58.6314959],[14.9288911,58.6314847],[14.9287891,58.6315098],[14.9287033,58.6315545],[14.9286014,58.6315406],[14.9284726,58.6314428],[14.9284726,58.6313702]]],[[[14.9306035,58.8102148],[14.9308002,58.810028],[14.9308166,58.8098413],[14.9310215,58.8097903],[14.9316199,58.81072],[14.9315461,58.810911],[14.9310543,58.8108686],[14.9307756,58.8107158],[14.9306035,58.8102148]]],[[[14.9313412,58.8113737],[14.9319642,58.811344],[14.9320052,58.8112167],[14.9323249,58.8114799],[14.9323659,58.8119086],[14.9320298,58.8121166],[14.9317757,58.8121208],[14.9314724,58.8118874],[14.9314396,58.8117091],[14.9313412,58.8116539],[14.9313412,58.8113737]]],[[[14.9459553,58.7145024],[14.9459982,58.7143687],[14.9462664,58.714313],[14.9461806,58.714118],[14.9464381,58.7141459],[14.9466741,58.7140511],[14.9466956,58.713962],[14.9465454,58.7138506],[14.9465346,58.7136946],[14.9466634,58.7137001],[14.9466741,58.7135776],[14.9480903,58.7140456],[14.9487448,58.7145804],[14.9487662,58.7147587],[14.9489486,58.7149537],[14.9487662,58.7150874],[14.9484551,58.7151877],[14.9480259,58.7152212],[14.9478006,58.7153047],[14.9474788,58.715288],[14.9473929,58.7152546],[14.9471784,58.7152769],[14.9468672,58.7152267],[14.9466848,58.7151487],[14.9465024,58.7150039],[14.9463415,58.7146083],[14.9459553,58.7145024]]],[[[14.9468136,58.7127975],[14.946996,58.7127474],[14.9471784,58.7125579],[14.947629,58.7126359],[14.948144,58.7128867],[14.9480796,58.7129981],[14.9477577,58.7130817],[14.9470925,58.7129591],[14.9468136,58.7128644],[14.9468136,58.7127975]]],[[[14.9468364,58.7114373],[14.9469759,58.7112785],[14.9471261,58.711206],[14.947228,58.7112144],[14.9473084,58.7112506],[14.9473353,58.7113955],[14.9471046,58.7115348],[14.9468471,58.7114819],[14.9468364,58.7114373]]],[[[14.9481399,58.7121895],[14.9484993,58.711961],[14.9485262,58.7117967],[14.9486442,58.7115571],[14.9487783,58.7114986],[14.9488802,58.7114874],[14.9493362,58.7117437],[14.9495454,58.7118022],[14.9497224,58.7118134],[14.9500979,58.7117772],[14.950393,58.711922],[14.9504359,58.7119666],[14.9503876,58.7120168],[14.950393,58.712131],[14.950334,58.7121978],[14.950216,58.7122424],[14.949775,58.712249],[14.949443,58.712375],[14.949045,58.712376],[14.9481399,58.7121895]]],[[[14.9514139,58.5163591],[14.9514242,58.5162934],[14.9515422,58.5162318],[14.9517139,58.5162493],[14.951778,58.5162225],[14.9518805,58.5162373],[14.9519804,58.5162695],[14.9520803,58.5162896],[14.9522212,58.5163205],[14.9523288,58.5163434],[14.9525465,58.5163837],[14.9526874,58.5164186],[14.9526463,58.5165017],[14.952554,58.5165379],[14.9525129,58.5166062],[14.9525231,58.5166652],[14.9525076,58.5167336],[14.9524409,58.5167912],[14.9523717,58.5168502],[14.9522281,58.5168823],[14.9520923,58.5168568],[14.9518745,58.5168353],[14.9517848,58.5168124],[14.951644,58.5167534],[14.951562,58.5167051],[14.9514878,58.5166622],[14.951475,58.5166179],[14.9515007,58.5165629],[14.9514496,58.5164784],[14.9514139,58.5163591]]],[[[14.9652897,58.7630161],[14.9654091,58.7629288],[14.9654465,58.7628666],[14.9655257,58.7628434],[14.9655985,58.7628087],[14.9656433,58.7628171],[14.9656809,58.7628433],[14.9656939,58.762878],[14.9658384,58.762884],[14.9661057,58.7629143],[14.9662294,58.7630043],[14.9662903,58.7630717],[14.9662596,58.763134],[14.9661283,58.7632527],[14.9659394,58.7633637],[14.9658447,58.7633671],[14.9657717,58.7633569],[14.9656991,58.7634056],[14.9656116,58.7634115],[14.9655031,58.7633997],[14.9653997,58.7633671],[14.9653364,58.7633066],[14.9652981,58.763208],[14.9652897,58.7631032],[14.9652897,58.7630161]]],[[[14.9688597,58.8493059],[14.9696722,58.8489382],[14.9700053,58.8483835],[14.9702668,58.8485523],[14.9707372,58.848427],[14.9710364,58.8480362],[14.9722155,58.8483502],[14.9723775,58.8490717],[14.9723827,58.849538],[14.9728465,58.8497098],[14.9736548,58.8491219],[14.9738784,58.849138],[14.9743612,58.8495213],[14.9742776,58.8498654],[14.9737926,58.8500374],[14.9735591,58.8502038],[14.973364,58.8502813],[14.9732669,58.8504758],[14.9734058,58.8506476],[14.9737159,58.8508378],[14.9739745,58.8511915],[14.9740201,58.8516479],[14.9738801,58.8520797],[14.9732927,58.8523716],[14.972039,58.8525589],[14.9709296,58.8524465],[14.9700815,58.8521132],[14.9698535,58.8518699],[14.96954,58.8518478],[14.9695542,58.8516045],[14.9698237,58.8516395],[14.9708209,58.8509747],[14.9707885,58.8505924],[14.9700933,58.8502463],[14.9694544,58.8500637],[14.9689414,58.8497762],[14.9688597,58.8493059]]],[[[14.9722978,58.7507519],[14.9723118,58.7506559],[14.9724068,58.7505164],[14.972506,58.7504924],[14.9727086,58.7505472],[14.9727755,58.7505798],[14.972873,58.7506695],[14.9728747,58.7507506],[14.9728089,58.750784],[14.9727779,58.7508457],[14.9727841,58.7509134],[14.9727026,58.75096],[14.9726306,58.7509685],[14.9725337,58.7509633],[14.9724533,58.750929],[14.9723424,58.7508343],[14.9722978,58.7507519]]],[[[14.9752527,58.5365646],[14.975321,58.5363791],[14.9754622,58.5361973],[14.9755783,58.5360677],[14.9757787,58.5359167],[14.9761099,58.5357516],[14.9764118,58.5356968],[14.9766965,58.5356909],[14.9769334,58.5356956],[14.9770928,58.5357289],[14.9770746,58.5358181],[14.9771133,58.5358335],[14.9771975,58.535843],[14.977275,58.5358311],[14.9773547,58.5358347],[14.9773934,58.5358692],[14.9774025,58.5359845],[14.9773957,58.536013],[14.9773729,58.5360641],[14.9773319,58.5361473],[14.9772522,58.5362626],[14.9771406,58.5363601],[14.97707,58.5364588],[14.9769379,58.5365883],[14.9768673,58.5366917],[14.9767307,58.5368058],[14.9766897,58.5368415],[14.976635,58.5369116],[14.976569,58.5369639],[14.9764893,58.5370127],[14.9763504,58.5370662],[14.9761978,58.5370709],[14.9760999,58.5370495],[14.9759632,58.5370234],[14.9758106,58.5369948],[14.9756057,58.5369235],[14.9755487,58.5368688],[14.9754804,58.5367547],[14.9754144,58.5367024],[14.9753256,58.5366715],[14.9752527,58.5365646]]],[[[14.9770456,58.7496353],[14.9770858,58.7495935],[14.9773808,58.7495518],[14.9776866,58.7495977],[14.9777698,58.7496436],[14.9779173,58.7496464],[14.9780192,58.7496743],[14.9781855,58.7496882],[14.9782982,58.7497313],[14.9782821,58.7497703],[14.9783572,58.7497911],[14.9783572,58.7498134],[14.978384,58.7498343],[14.9783303,58.7498593],[14.9785449,58.7499219],[14.9785181,58.7499442],[14.9785583,58.7499567],[14.9785369,58.7499727],[14.9784805,58.7499679],[14.9785409,58.7500012],[14.9785543,58.7500012],[14.9785785,58.7500242],[14.9785583,58.7500437],[14.978506,58.7500305],[14.9785476,58.7500506],[14.9785463,58.7500653],[14.9785194,58.7500653],[14.9784752,58.7500715],[14.9784282,58.7500666],[14.9783867,58.7500548],[14.9783531,58.7500479],[14.9783505,58.7500778],[14.9783853,58.7500882],[14.9783934,58.7501084],[14.9784108,58.7501251],[14.9784309,58.75013],[14.9784189,58.7501494],[14.978384,58.7501564],[14.9783625,58.7501446],[14.9783411,58.7501369],[14.9783642,58.7501711],[14.9783131,58.7501831],[14.9782845,58.7501554],[14.9782569,58.7501638],[14.9782463,58.7501832],[14.9782201,58.7502],[14.9781874,58.7501994],[14.9781448,58.7502256],[14.9781038,58.7502647],[14.9779838,58.750292],[14.9778127,58.7503004],[14.9774908,58.7502656],[14.9773379,58.7501807],[14.9772655,58.7500861],[14.9772387,58.7500527],[14.9771448,58.7500305],[14.9771126,58.7499943],[14.9771716,58.7499623],[14.9772199,58.7499011],[14.9772065,58.7498134],[14.977118,58.7497619],[14.9770456,58.7496353]]],[[[14.9781916,58.7507916],[14.9781928,58.7507578],[14.9782374,58.7507489],[14.9783438,58.7507635],[14.978514,58.7508596],[14.9786467,58.7508993],[14.9787568,58.7508951],[14.9788047,58.7509003],[14.9788358,58.7509289],[14.9787899,58.7509513],[14.9785708,58.7509574],[14.9784267,58.7509416],[14.9782617,58.7508624],[14.9781916,58.7507916]]]]}}]}
